value_id,event_id,event_code,currency,country,event,importance,unit,time_utc,period,actual,forecast,previous,revised_previous,impact
319791,276010016,retail-sales-mm,EUR,DE,Einzelhandelsumsatz m/m,Medium,percent,2026-08-03 06:00,2026-06-01,-1.1,,1.1,1.2,
319793,276010017,retail-sales-yy,EUR,DE,Einzelhandelsumsatz y/y,Low,percent,2026-08-03 06:00,2026-06-01,-0.2,,1.8,2.1,
270612,756020001,cpi-mm,CHF,CH,CPI m/m,Medium,percent,2026-08-03 06:30,2026-07-01,-0.1,0.0,0.0,,negative
270618,756020002,cpi-yy,CHF,CH,CPI y/y,Low,percent,2026-08-03 06:30,2026-07-01,0.4,0.4,0.5,,
309984,724500001,markit-manufacturing-pmi,EUR,ES,S&P Global PMI der Hersteller,Medium,none,2026-08-03 07:15,2026-07-01,50.2,51.5,49.7,,negative
309578,756060001,procurech-manufacturing-pmi,CHF,CH,procure.ch PMI der Hersteller,Medium,none,2026-08-03 07:30,2026-07-01,50.0,48.6,54.3,,positive
309980,380500001,markit-manufacturing-pmi,EUR,IT,S&P Global PMI der Hersteller,Medium,none,2026-08-03 07:45,2026-07-01,51.3,53.1,52.2,,negative
309977,250500001,markit-manufacturing-pmi,EUR,FR,S&P Global PMI der Hersteller,Medium,none,2026-08-03 07:50,2026-07-01,49.8,50.0,50.0,,negative
309978,276500001,markit-manufacturing-pmi,EUR,DE,S&P Global PMI der Hersteller,Medium,none,2026-08-03 07:55,2026-07-01,52.2,52.2,52.2,,
309987,999500001,markit-manufacturing-pmi,EUR,EU,S&P Global PMI der Hersteller,Medium,none,2026-08-03 08:00,2026-07-01,51.9,52.0,52.0,,negative
309985,826500001,markit-manufacturing-pmi,GBP,GB,S&P Global/CIPS PMI der Hersteller,Medium,none,2026-08-03 08:30,2026-07-01,51.9,52.8,52.8,,negative
309986,840500001,markit-manufacturing-pmi,USD,US,S&P Global PMI der Hersteller,High,none,2026-08-03 13:45,2026-07-01,53.9,54.5,55.7,,negative
270174,840020002,construction-spending-mm,USD,US,Bauinvestitionen m/m,Medium,percent,2026-08-03 14:00,2026-06-01,-0.1,0.1,0.1,0.0,negative
283015,840040001,ism-manufacturing-pmi,USD,US,ISM Einkaufsmanagerindex Hersteller PMI,High,none,2026-08-03 14:00,2026-07-01,55.6,53.0,53.3,,positive
283021,840040002,ism-prices-paid,USD,US,ISM bezahlte Herstellerpreise,High,none,2026-08-03 14:00,2026-07-01,71.1,65.7,73.0,,positive
283033,840040004,ism-manufacturing-employment,USD,US,ISM Verarbeitendes Gewerbe Beschäftigung,Medium,none,2026-08-03 14:00,2026-07-01,52.8,48.6,49.7,,positive
309448,392070009,10-year-jgb-auction,JPY,JP,10-jährige JGB Auktion,Medium,percent,2026-08-04 03:35,1970-01-01,2.84,,2.729,,
286726,724050001,unemployment-change,EUR,ES,Änderung der Arbeitslosigkeit,Medium,people,2026-08-04 07:00,2026-07-01,19.517,-50.784,-28.739,,negative
281545,380010014,retail-sales-mm,EUR,IT,Einzelhandelsumsatz m/m,Low,percent,2026-08-04 08:00,2026-06-01,-0.1,-0.5,0.2,,positive
281556,380010015,retail-sales-yy,EUR,IT,Einzelhandelsumsatz y/y,Low,percent,2026-08-04 08:00,2026-06-01,3.1,0.6,2.2,,positive
270162,840020001,trade-balance,USD,US,Handelsbilanz,Medium,currency,2026-08-04 12:30,2026-06-01,-73.261,-67.134,-77.585,-77.647,negative
270450,840020023,exports,USD,US,Exporte,Medium,currency,2026-08-04 12:30,2026-06-01,314.728,,317.677,317.633,
270462,840020024,imports,USD,US,Importe,Medium,currency,2026-08-04 12:30,2026-06-01,387.989,,395.263,395.28,
278152,124010018,trade-balance,CAD,CA,Handelsbilanz,Medium,currency,2026-08-04 12:30,2026-06-01,3.855,5.728,4.243,3.697,negative
270186,840020003,factory-orders,USD,US,Auftragseingänge der Hersteller m/m,Medium,percent,2026-08-04 14:00,2026-06-01,-0.3,0.1,-1.3,-1.1,negative
289568,840030021,jolts-job-openings,USD,US,JOLTS Stellenangebote,High,job,2026-08-04 14:00,2026-06-01,7.359,6.948,7.594,7.537,positive
309558,554010014,unemployment-rate,NZD,NZ,Arbeitslosenrate,Low,percent,2026-08-04 22:45,2026-04-01,5.6,5.4,5.3,5.4,negative
309560,554010016,employment-change-qq,NZD,NZ,Beschäftigungsentwicklung q/q,High,percent,2026-08-04 22:45,2026-04-01,0.5,0.2,0.2,,positive
289307,36020004,ai-group-industry-index,AUD,AU,Ai Group Herstellerindex,Medium,none,2026-08-04 23:00,2026-07-01,-29.9,,-30.0,,
310179,36500002,commonwealth-bank-services-pmi,AUD,AU,S&P Global PMI der Dienstleister,Medium,none,2026-08-04 23:00,2026-07-01,53.6,58.9,50.5,,negative
310180,36500003,commonwealth-bank-composite-pmi,AUD,AU,S&P Global zusammengesetzter Einkaufsmanagerindex (PMI),Medium,none,2026-08-04 23:00,2026-07-01,53.2,,50.4,,
264447,392060019,boj-monetary-policy-meeting-minutes,JPY,JP,BoJ Protokoll der geldpolitischen Sitzung,Medium,none,2026-08-04 23:50,1970-01-01,,,,,
310194,392500002,nikkei-services-pmi,JPY,JP,au Jibun Bank Japan Einkaufsmanagerindex (PMI) Dienstleistungen,Medium,none,2026-08-05 00:30,2026-07-01,51.2,52.6,51.9,,negative
310198,724500002,markit-services-pmi,EUR,ES,S&P Global PMI der Dienstleister,Medium,none,2026-08-05 07:15,2026-07-01,58.3,52.2,54.2,,positive
310199,724500003,markit-composite-pmi,EUR,ES,S&P Global zusammengesetzter Einkaufsmanagerindex (PMI),Medium,none,2026-08-05 07:15,2026-07-01,56.5,,53.3,,
310192,380500002,markit-services-pmi,EUR,IT,S&P Global PMI der Dienstleister,Medium,none,2026-08-05 07:45,2026-07-01,52.5,50.8,50.2,,positive
310185,250500002,markit-services-pmi,EUR,FR,S&P Global PMI der Dienstleister,Medium,none,2026-08-05 07:50,2026-07-01,49.6,49.8,49.8,,negative
310187,276500002,markit-services-pmi,EUR,DE,S&P Global PMI der Dienstleister,Medium,none,2026-08-05 07:55,2026-07-01,49.8,49.6,49.6,,positive
310204,999500002,markit-services-pmi,EUR,EU,S&P Global PMI der Dienstleister,Medium,none,2026-08-05 08:00,2026-07-01,51.7,51.6,51.6,,positive
310205,999500003,markit-composite-pmi,EUR,EU,S&P Global zusammengesetzter Einkaufsmanagerindex (PMI),Medium,none,2026-08-05 08:00,2026-07-01,52.0,51.9,51.9,,positive
310200,826500002,markit-services-pmi,GBP,GB,S&P Global/CIPS PMI der Dienstleister,Medium,none,2026-08-05 08:30,2026-07-01,52.1,51.8,51.8,,positive
310201,826500005,markit-composite-pmi,GBP,GB,S&P Global/CIPS Zusammengesetzter PMI,Medium,none,2026-08-05 08:30,2026-07-01,52.2,,52.1,,
313317,276020003,10-year-bond-auction,EUR,DE,Auktion 10-jähriger Schuldverschreibungen,Medium,percent,2026-08-05 09:40,1970-01-01,3.01,,3.13,,
274876,840190001,adp-nonfarm-employment-change,USD,US,ADP Änderung der außerlandwirtschaftliche Beschäftigung,High,none,2026-08-05 12:15,2026-07-01,44.0,-12.0,98.0,,positive
310202,840500002,markit-services-pmi,USD,US,S&P Global PMI der Dienstleister,High,none,2026-08-05 13:45,2026-07-01,54.6,52.7,51.2,,positive
310203,840500003,markit-composite-pmi,USD,US,S&P Global zusammengesetzter Einkaufsmanagerindex (PMI),Medium,none,2026-08-05 13:45,2026-07-01,53.6,53.0,52.2,,positive
237162,840040003,ism-non-manufacturing-pmi,USD,US,ISM Dienstleistungen PMI,High,none,2026-08-05 14:00,2026-07-01,54.1,54.3,54.0,,negative
237189,840040005,ism-non-manufacturing-employment,USD,US,ISM Nicht-verarbeitendes Gewerbe Beschäftigung,Medium,none,2026-08-05 14:00,2026-07-01,47.4,51.9,51.2,,negative
237229,840040008,ism-non-manufacturing-prices,USD,US,ISM Nicht-verarbeitendes Gewerbe bezahlte Preise,High,none,2026-08-05 14:00,2026-07-01,70.3,62.0,67.7,,positive
305757,840200001,eia-crude-oil-stocks-change,USD,US,EIA Rohöl Änderung der Speichermenge,High,barrel,2026-08-05 14:30,2026-07-31,2.479,-1.257,-7.167,,negative
305758,840200002,eia-cushing-crude-oil-stocks-change,USD,US,EIA Rohöl Änderung der Speichermengen in Cushing Oklahoma,Medium,barrel,2026-08-05 14:30,2026-07-31,2.356,0.417,-0.771,,negative
313249,840050029,fed-governor-cook-speech,USD,US,Fed Gouverneur Cook spricht,Medium,none,2026-08-05 20:05,1970-01-01,,,,,
302080,36010011,trade-balance,AUD,AU,Handelsbilanz,Medium,currency,2026-08-06 01:30,2026-06-01,1.929,0.932,-3.018,-2.367,positive
279539,756040003,unemployment-rate,CHF,CH,Arbeitslosenrate,Low,percent,2026-08-06 05:45,2026-07-01,3.1,3.1,3.1,,
319779,276010018,factory-orders-mm,EUR,DE,Auftragseingänge der Hersteller m/m,Medium,percent,2026-08-06 06:00,2026-06-01,3.1,,1.9,0.3,
319781,276010019,factory-orders-yy,EUR,DE,Auftragseingänge y/y,Medium,percent,2026-08-06 06:00,2026-06-01,6.5,,6.2,4.5,
310284,999500004,markit-construction-pmi,EUR,EU,S&P Global PMI des Baugewerbes,Medium,none,2026-08-06 07:30,2026-07-01,44.3,,42.8,,
308867,999010008,ecb-economic-bulletin,EUR,EU,ECB Wirtschatsbericht,Medium,none,2026-08-06 08:00,1970-01-01,,,,,
310283,826500003,markit-construction-pmi,GBP,GB,S&P Global/CIPS Einkaufsmanagerindex (PMI) des Baugewerbes,Medium,none,2026-08-06 08:30,2026-07-01,44.7,39.0,38.4,,positive
309991,999030003,retail-sales-mm,EUR,EU,Einzelhandelsumsatz m/m,Low,percent,2026-08-06 09:00,2026-06-01,-0.3,0.1,0.2,0.4,negative
309992,999030004,retail-sales-yy,EUR,EU,Einzelhandelsumsatz y/y,Low,percent,2026-08-06 09:00,2026-06-01,0.7,0.8,1.6,1.9,negative
277727,840030028,nonfarm-productivity-qq,USD,US,Außerlandwirtschaftliche Produktivität q/q,Medium,percent,2026-08-06 12:30,2026-04-01,1.4,1.4,0.3,0.8,
277735,840030029,unit-labor-costs-qq,USD,US,Lohnstückkosten q/q,Medium,percent,2026-08-06 12:30,2026-04-01,1.3,0.4,1.8,1.3,positive
309701,840140001,initial-jobless-claims,USD,US,Erstanträge auf Arbeitslosenhilfe,High,none,2026-08-06 12:30,2026-08-01,199.0,196.0,197.0,198.0,negative
309705,840140002,continuing-jobless-claims,USD,US,Folgeanträge auf Arbeitslosenhilfe,Medium,none,2026-08-06 12:30,2026-07-25,1.801,1.772,1.782,1.777,negative
286747,392030008,household-spending-yy,JPY,JP,Ausgaben der Privathaushalte y/y,Medium,percent,2026-08-06 23:30,2026-06-01,-3.3,-1.8,-0.4,,negative
286759,392030009,household-spending-mm,JPY,JP,Haushalte Ausgaben m/m,Medium,percent,2026-08-06 23:30,2026-06-01,-6.4,0.9,3.7,,negative
300595,250010014,unemployment-rate,EUR,FR,Arbeitslosenrate,Low,percent,2026-08-07 05:30,2026-04-01,8.3,8.3,8.1,,
319775,276010007,trade-balance,EUR,DE,Handelsbilanz,Medium,currency,2026-08-07 06:00,2026-06-01,15.4,,19.1,19.3,
319783,276010010,industrial-production-mm,EUR,DE,Industrieproduktion m/m,Medium,percent,2026-08-07 06:00,2026-06-01,0.2,,0.9,0.7,
277610,840030015,unemployment-rate,USD,US,Arbeitslosenrate,High,percent,2026-08-07 12:30,2026-07-01,4.1,4.2,4.2,,positive
277622,840030016,nonfarm-payrolls,USD,US,Beschäftigung außerhalb der Landwirtschaft,High,job,2026-08-07 12:30,2026-07-01,-23.0,41.0,57.0,20.0,negative
277634,840030017,labor-force-participation-rate,USD,US,Erwerbsquote,Medium,percent,2026-08-07 12:30,2026-07-01,61.4,61.7,61.5,,negative
277646,840030018,average-hourly-earnings-mm,USD,US,Durchschnittliche Stundenlöhne m/m,High,percent,2026-08-07 12:30,2026-07-01,0.1,0.3,0.3,,negative
277658,840030019,average-hourly-earnings-yy,USD,US,Durchschnittlicher Wochenverdienst y/y,Medium,percent,2026-08-07 12:30,2026-07-01,3.2,3.5,3.5,,negative
277694,840030023,private-nonfarm-payrolls,USD,US,Beschäftigung außerhalb der Landwirtschaft,Medium,job,2026-08-07 12:30,2026-07-01,30.0,40.0,49.0,30.0,negative
277706,840030024,u6-unemployment-rate,USD,US,U6 Arbeitslosenrate,Medium,percent,2026-08-07 12:30,2026-07-01,7.9,7.9,7.9,,
278062,124010011,employment-change,CAD,CA,Beschäftigungsentwicklung,Medium,job,2026-08-07 12:30,2026-07-01,75.1,7.1,18.2,,positive
278098,124010014,unemployment-rate,CAD,CA,Arbeitslosenrate,Medium,percent,2026-08-07 12:30,2026-07-01,6.4,6.6,6.5,,positive
315178,124020001,ivey-pmi,CAD,CA,Ivey PMI,Medium,none,2026-08-07 14:00,2026-07-01,55.1,51.3,48.4,56.2,positive
315183,124020002,ivey-pmi-nsa,CAD,CA,Ivey PMI n.s.a.,Medium,none,2026-08-07 14:00,2026-07-01,54.1,,44.5,59.7,
308218,840100001,baker-hughes-us-oil-rig-count,USD,US,Baker Hughes Ölplattformzählung,Medium,rig,2026-08-07 17:00,2026-08-07,454.0,,451.0,,
308219,840100002,baker-hughes-us-total-rig-count,USD,US,Baker Hughes US Gesamtzahl der Ölförderanlagen,Medium,rig,2026-08-07 17:00,2026-08-07,588.0,,588.0,,
280491,840050013,consumer-credit-mm,USD,US,Fed Verbraucherkredite,Medium,currency,2026-08-07 19:00,2026-06-01,14.17,11.44,-0.18,-1.08,positive
287360,36520001,cftc-aud-non-commercial-net-positions,AUD,AU,CFTC AUD nichtkommerzielle Nettopositionen,Medium,position,2026-08-07 19:30,2026-08-04,-33.2,,-40.0,,
287501,392520001,cftc-jpy-non-commercial-net-positions,JPY,JP,CFTC JPY nichtkommerzielle Nettopositionen,Medium,position,2026-08-07 19:30,2026-08-04,-45.5,,-163.4,,
287736,826520001,cftc-gbp-non-commercial-net-positions,GBP,GB,CFTC GBP nichtkommerzielle Nettopositionen,Medium,position,2026-08-07 19:30,2026-08-04,-57.8,,-64.8,,
287877,840520003,cftc-gold-non-commercial-net-positions,USD,US,CFTC Gold nichtkommerzielle Nettopositionen,Medium,position,2026-08-07 19:30,2026-08-04,197.6,,182.1,,
287924,840520004,cftc-crude-oil-non-commercial-net-positions,USD,US,CFTC Rohöl nichtkommerzielle Nettopositionen,Medium,position,2026-08-07 19:30,2026-08-04,112.4,,120.1,,
287971,840520005,cftc-sp-500-non-commercial-net-positions,USD,US,CFTC Gold nichtkommerzielle Nettopositionen,Medium,position,2026-08-07 19:30,2026-08-04,-27.3,,-17.2,,
288253,840520011,cftc-nasdaq-100-non-commercial-net-positions,USD,US,CFTC Nasdaq 100 Nichtkommerzielle Nettopositionen,Medium,position,2026-08-07 19:30,2026-08-04,-14.6,,4.9,,
288300,999520001,cftc-eur-non-commercial-net-positions,EUR,EU,CFTC EUR nichtkommerzielle Nettopositionen,Medium,position,2026-08-07 19:30,2026-08-04,-58.1,,-72.4,,
313349,840050025,fed-governor-bowman-speech,USD,US,Fed Governor Bowman spricht,Medium,none,2026-08-08 16:45,1970-01-01,,,,,
264455,392060021,boj-summary-of-opinions,JPY,JP,BoJ Zusammenfassung der Meinungen,Medium,none,2026-08-09 23:50,1970-01-01,,,,,
292071,392070005,current-account-nsa,JPY,JP,Leistungsbilanz n.s.a.,Medium,currency,2026-08-09 23:50,2026-06-01,-92.3,2290.8,3968.3,,negative
292073,392070008,adjusted-current-account,JPY,JP,Bereinigte Leistungsbilanz,Medium,currency,2026-08-09 23:50,2026-06-01,1396.9,3421.0,3064.5,,negative
258537,36030008,rba-interest-rate-decision,AUD,AU,RBA Zinsentscheid,High,percent,2026-08-11 01:30,1970-01-01,4.35,,4.35,,
258510,36030003,rba-monetary-policy-statement,AUD,AU,RBA geldpolitischen Erklärung,Medium,none,2026-08-11 04:30,1970-01-01,,,,,
258523,36030005,rba-rate-statement,AUD,AU,RBA Zinserklärung,Medium,none,2026-08-11 04:30,1970-01-01,,,,,
287285,840120001,existing-home-sales,USD,US,Tatsächliche Hausverkäufe,High,none,2026-08-11 14:00,2026-07-01,4.06,4.0,4.09,4.13,positive
287296,840120002,existing-home-sales-mm,USD,US,Tatsächliche Hausverkäufe m/m,Medium,percent,2026-08-11 14:00,2026-07-01,-1.7,-0.6,-2.4,-1.4,negative
248267,840200012,eia-short-term-energy-outlook,USD,US,EIA Kurzfristiger Energie-Ausblick,Medium,none,2026-08-11 16:00,2026-08-01,,,,,
301589,840220011,3-year-note-auction,USD,US,3-jährige Schatzanweisung Auktion,Medium,percent,2026-08-11 17:00,1970-01-01,,,4.179,,
281030,392060040,boj-l-money-stock-yy,JPY,JP,BoJ L Geldmenge y/y,High,percent,2026-08-11 23:50,2026-07-01,4.4,5.1,4.5,,negative
319757,276010020,cpi-mm,EUR,DE,CPI m/m,Medium,percent,2026-08-12 06:00,2026-07-01,0.8,,0.8,,
319761,276010021,cpi-yy,EUR,DE,CPI y/y,Medium,percent,2026-08-12 06:00,2026-07-01,2.8,,2.8,,
281403,380010002,cpi-yy,EUR,IT,CPI y/y,Low,percent,2026-08-12 08:00,2026-07-01,2.9,2.8,2.8,,positive
314340,276020003,10-year-bond-auction,EUR,DE,Auktion 10-jähriger Schuldverschreibungen,Medium,percent,2026-08-12 09:51,1970-01-01,3.29,,3.01,,
277490,840030005,consumer-price-index-mm,USD,US,CPI m/m,High,percent,2026-08-12 12:30,2026-07-01,0.1,0.2,-0.4,,negative
277502,840030006,consumer-price-index-ex-food-energy-mm,USD,US,Kern-CPI m/m,High,percent,2026-08-12 12:30,2026-07-01,0.2,0.2,0.0,,
277514,840030007,consumer-price-index-yy,USD,US,CPI y/y,High,percent,2026-08-12 12:30,2026-07-01,3.4,2.7,3.5,,positive
277526,840030008,consumer-price-index-ex-food-energy-yy,USD,US,Kern CPI y/y,Medium,percent,2026-08-12 12:30,2026-07-01,2.5,2.6,2.6,,negative
277794,840030034,consumer-price-index-ex-food-energy-nsa-mm,USD,US,Kern-VPI n.s.b. m/m,High,percent,2026-08-12 12:30,2026-07-01,0.1,,0.0,,
277806,840030035,consumer-price-index,USD,US,CPI,High,none,2026-08-12 12:30,2026-07-01,332.813,332.398,332.568,,positive
277966,124010001,building-permits-mm,CAD,CA,Baugenehmigungen m/m,Medium,percent,2026-08-12 12:30,2026-06-01,18.5,4.0,-1.7,-3.0,positive
306448,840200001,eia-crude-oil-stocks-change,USD,US,EIA Rohöl Änderung der Speichermenge,High,barrel,2026-08-12 14:30,2026-08-07,17.423,6.059,2.479,,negative
306449,840200002,eia-cushing-crude-oil-stocks-change,USD,US,EIA Rohöl Änderung der Speichermengen in Cushing Oklahoma,Medium,barrel,2026-08-12 14:30,2026-08-07,1.611,0.744,2.356,,negative
293058,840320001,wasde-report,USD,US,WASDE Bericht,Medium,none,2026-08-12 16:00,1970-01-01,,,,,
301598,840220014,10-year-note-auction,USD,US,10-jährige Schatzanweisung Auktion,High,percent,2026-08-12 17:00,1970-01-01,,,4.58,,
272952,840150001,federal-budget-balance,USD,US,Staatshaushalt,Medium,currency,2026-08-12 18:00,2026-07-01,432.3,-310.4,-120.3,,positive
302833,554020010,rbnz-2-year-inflation-expectations,NZD,NZ,RBNZ 2-Jahres Inflationserwartungen,Medium,percent,2026-08-13 03:00,2026-07-01,,,2.53,,
315015,826010025,industrial-production-mm,GBP,GB,Industrieproduktion m/m,Medium,percent,2026-08-13 06:00,2026-06-01,-0.2,-1.7,0.0,-0.7,positive
315021,826010027,manufacturing-production-mm,GBP,GB,Industrieproduktion m/m,Medium,percent,2026-08-13 06:00,2026-06-01,-0.5,-0.2,0.4,-0.2,negative
315027,826010029,trade-balance,GBP,GB,Handelsbilanz,Medium,currency,2026-08-13 06:00,2026-06-01,-23.007,-28.734,-26.046,-21.083,positive
315030,826010030,trade-balance-non-eu,GBP,GB,Handelsbilanz Non-EU,Medium,currency,2026-08-13 06:00,2026-06-01,-10.448,-8.781,-13.05,-9.583,negative
315038,826010034,business-investment-qq,GBP,GB,Investitionen der gewerblichen Wirtschaft q/q,Medium,percent,2026-08-13 06:00,2026-04-01,1.7,2.6,0.7,0.9,negative
315045,826010037,gdp-qq,GBP,GB,Bruttoinlandsprodukt q/q,High,percent,2026-08-13 06:00,2026-04-01,0.4,0.3,0.6,,positive
315048,826010038,gdp-yy,GBP,GB,Bruttoinlandsprodukt y/y,High,percent,2026-08-13 06:00,2026-04-01,1.2,1.1,1.1,0.9,positive
315051,826010039,gdp-mm,GBP,GB,BIP m/m,High,percent,2026-08-13 06:00,2026-06-01,0.3,0.0,-0.1,0.0,positive
315054,826010040,gdp-3m3m,GBP,GB,BIP 3m/3m,Medium,percent,2026-08-13 06:00,2026-06-01,0.4,,0.7,0.6,
282174,724010002,cpi-yy,EUR,ES,CPI y/y,Medium,percent,2026-08-13 07:00,2026-07-01,,3.5,3.5,,
282220,724010004,hicp-yy,EUR,ES,HVPI y/y,Medium,percent,2026-08-13 07:00,2026-07-01,,3.8,3.8,,
310712,999030007,industrial-production-mm,EUR,EU,Industrieproduktion m/m,Medium,percent,2026-08-13 09:00,2026-06-01,0.0,-0.1,-0.2,0.3,positive
277442,840030001,producer-price-index-mm,USD,US,PPI m/m,High,percent,2026-08-13 12:30,2026-07-01,0.0,0.5,-0.3,-0.1,negative
277454,840030002,producer-price-index-ex-food-energy-mm,USD,US,Kern PPI m/m,Medium,percent,2026-08-13 12:30,2026-07-01,0.2,0.2,0.2,0.4,
309702,840140001,initial-jobless-claims,USD,US,Erstanträge auf Arbeitslosenhilfe,High,none,2026-08-13 12:30,2026-08-08,209.0,213.0,199.0,200.0,positive
309706,840140002,continuing-jobless-claims,USD,US,Folgeanträge auf Arbeitslosenhilfe,Medium,none,2026-08-13 12:30,2026-08-01,1.777,1.777,1.801,1.799,
301601,840220015,30-year-bond-auction,USD,US,30-jährige Schuldverschreibung Auktion,High,percent,2026-08-13 17:00,1970-01-01,5.216,,5.058,,
305430,554060001,businessnz-manufacturing-index,NZD,NZ,BusinessNZ Herstellerindex,Medium,none,2026-08-13 22:30,2026-07-01,54.3,56.5,59.7,60.1,negative
300579,250010001,cpi-mm,EUR,FR,CPI m/m,Medium,percent,2026-08-14 06:45,2026-07-01,0.6,0.6,0.6,,
300581,250010002,cpi-yy,EUR,FR,CPI y/y,Low,percent,2026-08-14 06:45,2026-07-01,2.1,2.1,2.1,,
300583,250010003,hicp-mm,EUR,FR,HVPI m/m,Medium,percent,2026-08-14 06:45,2026-07-01,0.6,0.6,0.6,,
310714,999030016,gross-domestic-product-qq,EUR,EU,Bruttoinlandsprodukt q/q,Medium,percent,2026-08-14 09:00,2026-04-01,0.4,0.4,0.4,0.0,
310715,999030017,gross-domestic-product-yy,EUR,EU,Bruttoinlandsprodukt y/y,Medium,percent,2026-08-14 09:00,2026-04-01,1.0,1.0,1.0,0.5,
310716,999030018,trade-balance,EUR,EU,Handelsbilanz,Medium,currency,2026-08-14 09:00,2026-06-01,1.8,6.9,-5.0,-6.1,negative
310717,999030019,trade-balance-nsa,EUR,EU,Handelsbilanz n.s.a.,Medium,currency,2026-08-14 09:00,2026-06-01,8.6,3.9,-7.8,-9.0,positive
310718,999030028,employment-level,EUR,EU,Beschäftigungsniveau,Medium,people,2026-08-14 09:00,2026-04-01,176.577,,176.308,176.382,
270282,840020010,retail-sales-mm,USD,US,Einzelhandelsumsatz m/m,High,percent,2026-08-14 12:30,2026-07-01,-0.6,0.0,0.2,,negative
270294,840020011,retail-sales-ex-autos-mm,USD,US,Kern Verbraucherpreise m/m,High,percent,2026-08-14 12:30,2026-07-01,-0.3,0.1,-0.2,,negative
270306,840020012,retail-control-mm,USD,US,Einzelhandelsumsätze m/m,Medium,percent,2026-08-14 12:30,2026-07-01,-0.4,-0.1,0.5,0.4,negative
270474,840020025,retail-sales-yy,USD,US,Einzelhandelsumsatz y/y,Low,percent,2026-08-14 12:30,2026-07-01,5.0,6.5,6.7,6.8,negative
278261,124010031,wholesale-trade-mm,CAD,CA,Großhandel m/m,Medium,percent,2026-08-14 12:30,2026-06-01,2.8,0.3,0.0,-0.3,positive
268711,840210001,michigan-consumer-sentiment,USD,US,Michigan Konsumklima,Medium,none,2026-08-14 14:00,2026-08-01,51.0,56.4,55.2,,negative
268735,840210002,michigan-consumer-expectations,USD,US,Michigan Konsumentenerwartungen,Medium,none,2026-08-14 14:00,2026-08-01,50.6,56.5,55.4,,negative
268783,840210004,michigan-inflation-expectations,USD,US,Michigan Inflationserwartungen,Medium,percent,2026-08-14 14:00,2026-08-01,4.3,3.7,4.2,,positive
268807,840210005,michigan-5-year-inflation-expectations,USD,US,Michigan 5-jährige Inflationserwartungen,Medium,percent,2026-08-14 14:00,2026-08-01,3.3,3.4,3.3,,negative
270246,840020007,business-inventories-mm,USD,US,Lagerbestände der Hersteller Einzel- und Großhändler m/m,Medium,percent,2026-08-14 14:00,2026-06-01,0.0,0.4,0.3,0.4,positive
270505,840020027,retail-inventories-mm,USD,US,Lagerbestände der Einzelhändler m/m,Medium,percent,2026-08-14 14:00,2026-06-01,-0.2,0.0,0.0,,positive
270529,840020028,retail-inventories-ex-autos-mm,USD,US,Lagerbestände der Einzelhändler exkl. Autos m/m,Medium,percent,2026-08-14 14:00,2026-06-01,-0.4,,-0.2,,
308976,840100001,baker-hughes-us-oil-rig-count,USD,US,Baker Hughes Ölplattformzählung,Medium,rig,2026-08-14 17:00,2026-08-14,455.0,,454.0,,
308977,840100002,baker-hughes-us-total-rig-count,USD,US,Baker Hughes US Gesamtzahl der Ölförderanlagen,Medium,rig,2026-08-14 17:00,2026-08-14,593.0,,588.0,,
287361,36520001,cftc-aud-non-commercial-net-positions,AUD,AU,CFTC AUD nichtkommerzielle Nettopositionen,Medium,position,2026-08-14 19:30,2026-08-11,-39.2,,-33.2,,
287502,392520001,cftc-jpy-non-commercial-net-positions,JPY,JP,CFTC JPY nichtkommerzielle Nettopositionen,Medium,position,2026-08-14 19:30,2026-08-11,-42.1,,-45.5,,
287737,826520001,cftc-gbp-non-commercial-net-positions,GBP,GB,CFTC GBP nichtkommerzielle Nettopositionen,Medium,position,2026-08-14 19:30,2026-08-11,-56.2,,-57.8,,
287878,840520003,cftc-gold-non-commercial-net-positions,USD,US,CFTC Gold nichtkommerzielle Nettopositionen,Medium,position,2026-08-14 19:30,2026-08-11,217.9,,197.6,,
287925,840520004,cftc-crude-oil-non-commercial-net-positions,USD,US,CFTC Rohöl nichtkommerzielle Nettopositionen,Medium,position,2026-08-14 19:30,2026-08-11,99.2,,112.4,,
287972,840520005,cftc-sp-500-non-commercial-net-positions,USD,US,CFTC Gold nichtkommerzielle Nettopositionen,Medium,position,2026-08-14 19:30,2026-08-11,11.3,,-27.3,,
288254,840520011,cftc-nasdaq-100-non-commercial-net-positions,USD,US,CFTC Nasdaq 100 Nichtkommerzielle Nettopositionen,Medium,position,2026-08-14 19:30,2026-08-11,-39.3,,-14.6,,
288301,999520001,cftc-eur-non-commercial-net-positions,EUR,EU,CFTC EUR nichtkommerzielle Nettopositionen,Medium,position,2026-08-14 19:30,2026-08-11,-60.0,,-58.1,,
309547,554010001,electronic-card-retail-sales-mm,NZD,NZ,Electronic Card Einzelhandelsumsatz m/m,Medium,percent,2026-08-16 22:45,2026-07-01,1.3,-0.3,-1.4,-1.3,positive
288951,392010001,gross-domestic-product-qq,JPY,JP,Bruttoinlandsprodukt q/q,High,percent,2026-08-16 23:50,2026-04-01,0.3,0.1,0.5,,positive
288959,392010002,gross-domestic-product-price-index-yy,JPY,JP,BIP Preisindex y/y,Medium,percent,2026-08-16 23:50,2026-04-01,2.6,3.2,3.2,,negative
288967,392010003,gross-domestic-product-yy,JPY,JP,Bruttoinlandsprodukt y/y,Medium,percent,2026-08-16 23:50,2026-04-01,1.1,0.5,1.8,1.9,positive
288991,392010015,net-exports-contribution-to-gdp-qq,JPY,JP,Nettoexportbeitrag zum BIP q/q,Medium,percent,2026-08-16 23:50,2026-04-01,0.5,0.4,0.3,,positive
289145,392020006,industrial-production-mm,JPY,JP,Industrieproduktion m/m,Medium,percent,2026-08-17 04:30,2026-06-01,1.9,1.3,1.3,,positive
293278,392020005,tertiary-industry-activity-index-mm,JPY,JP,Index der Aktivitäten im Dienstleistungssektor m/m,Medium,percent,2026-08-17 04:30,2026-06-01,-0.2,0.6,1.1,,negative
315320,999010020,ecb-executive-board-member-lane-speech,EUR,EU,ECB Vorstandsmitglied Lane spricht,Medium,none,2026-08-17 09:30,1970-01-01,,,,,
277982,124010003,cpi-mm,CAD,CA,CPI m/m,Medium,percent,2026-08-17 12:30,2026-07-01,0.5,0.0,-0.4,,positive
277994,124010004,cpi-yy,CAD,CA,CPI y/y,Low,percent,2026-08-17 12:30,2026-07-01,3.0,2.7,2.8,,positive
278006,124010005,core-cpi-mm,CAD,CA,Kern-CPI m/m,Medium,percent,2026-08-17 12:30,2026-07-01,0.2,0.0,0.1,,positive
278018,124010006,core-cpi-yy,CAD,CA,Kern CPI y/y,Medium,percent,2026-08-17 12:30,2026-07-01,2.3,2.1,2.1,,positive
278164,124010019,foreign-securities-purchases,CAD,CA,Ausländische Wertpapierkäufe,Medium,currency,2026-08-17 12:30,2026-06-01,40.828,,7.897,8.799,
312898,840230001,ny-empire-state-manufacturing-index,USD,US,NY Empire-State-Index des verarbeitenden Gewerbes,Medium,none,2026-08-17 12:30,2026-08-01,20.6,8.4,15.6,,positive
276708,840220001,tic-net-long-term-transactions,USD,US,TIC Langfristige Nettotransaktionen,Medium,currency,2026-08-17 20:00,2026-06-01,172.7,90.5,232.7,231.2,positive
315674,826010047,labour-productivity-qq,GBP,GB,Arbeitsproduktivität q/q,Medium,percent,2026-08-18 08:30,2026-02-01,1.1,,0.9,-0.3,
315675,826010048,labour-productivity-yy,GBP,GB,Arbeitsproduktivität y/y,Medium,percent,2026-08-18 08:30,2026-02-01,0.5,,0.4,-0.7,
319002,999050001,zew-indicator-of-economic-sentiment,EUR,EU,ZEW Konjunkturerwartungen,Medium,none,2026-08-18 09:00,2026-08-01,31.4,,23.4,,
319746,276070001,zew-economic-sentiment-indicator,EUR,DE,ZEW Konjunkturerwartungen,Medium,none,2026-08-18 09:05,2026-08-01,34.2,,26.3,,
319753,276070002,zew-economic-situation,EUR,DE,ZEW Konjunktursituation,Medium,none,2026-08-18 09:05,2026-08-01,-61.1,,-77.6,,
315321,999010020,ecb-executive-board-member-lane-speech,EUR,EU,ECB Vorstandsmitglied Lane spricht,Medium,none,2026-08-18 11:45,1970-01-01,,,,,
280253,124030001,cmhc-housing-starts,CAD,CA,CMHC Baubeginne,Medium,building,2026-08-18 12:15,2026-07-01,229.074,259.535,238.971,240.773,negative
270198,840020004,housing-starts,USD,US,Baubeginne,Medium,none,2026-08-18 12:30,2026-07-01,1.239,1.365,1.427,1.415,negative
270210,840020005,building-permits,USD,US,Baugenehmigungen,Medium,none,2026-08-18 12:30,2026-07-01,1.443,1.352,1.367,1.374,positive
270342,840020015,housing-starts-mm,USD,US,Baubeginne m/m,Medium,percent,2026-08-18 12:30,2026-07-01,-12.4,8.8,19.0,19.7,negative
277562,840030011,import-price-index-mm,USD,US,Import Preisindex m/m,Medium,percent,2026-08-18 12:30,2026-07-01,-0.4,-0.1,0.3,-0.3,positive
277586,840030013,export-price-index-mm,USD,US,Export Preisindex m/m,Medium,percent,2026-08-18 12:30,2026-07-01,-1.3,-1.4,-0.6,-0.7,positive
280467,840050011,industrial-production-mm,USD,US,Fed Industrieproduktion m/m,Medium,percent,2026-08-18 13:15,2026-07-01,0.2,0.1,0.1,0.3,positive
280515,840050026,industrial-production-yy,USD,US,Fed Industrieproduktion y/y,Medium,percent,2026-08-18 13:15,2026-07-01,1.1,0.7,1.1,,positive
287307,840120003,pending-home-sales-mm,USD,US,Schwebende Hausverkäufe m/m,Medium,percent,2026-08-18 14:00,2026-07-01,-2.3,-1.1,-5.4,-4.8,negative
309566,554010022,ppi-input-qq,NZD,NZ,EPI Input q/q,Medium,percent,2026-08-18 22:45,2026-04-01,2.9,1.1,1.4,,positive
302084,36010031,wage-price-index-qq,AUD,AU,Lohn-Preis-Index q/q,Medium,percent,2026-08-19 01:30,2026-04-01,0.8,0.8,0.8,,
315322,999010029,ecb-president-lagarde-speech,EUR,EU,EZB Präsident Lagarde spricht,High,none,2026-08-19 07:10,1970-01-01,,,,,
311606,999030011,consumer-price-index-mm,EUR,EU,CPI m/m,Medium,percent,2026-08-19 09:00,2026-07-01,0.2,2.8,2.8,,negative
311607,999030012,consumer-price-index-ex-food-energy-yy,EUR,EU,Kern CPI y/y,Medium,percent,2026-08-19 09:00,2026-07-01,2.5,2.5,2.5,,
311608,999030013,consumer-price-index-yy,EUR,EU,CPI y/y,High,percent,2026-08-19 09:00,2026-07-01,2.9,3.2,3.2,,negative
311616,999030027,core-consumer-price-index,EUR,EU,Kern VPI,Medium,none,2026-08-19 09:00,2026-07-01,102.84,,102.84,,
280406,276020003,10-year-bond-auction,EUR,DE,Auktion 10-jähriger Schuldverschreibungen,Medium,percent,2026-08-19 09:41,1970-01-01,3.26,,3.29,,
315705,999010029,ecb-president-lagarde-speech,EUR,EU,EZB Präsident Lagarde spricht,High,none,2026-08-19 10:15,1970-01-01,,,,,
307859,840200001,eia-crude-oil-stocks-change,USD,US,EIA Rohöl Änderung der Speichermenge,High,barrel,2026-08-19 14:30,2026-08-14,4.405,6.913,17.423,,positive
307860,840200002,eia-cushing-crude-oil-stocks-change,USD,US,EIA Rohöl Änderung der Speichermengen in Cushing Oklahoma,Medium,barrel,2026-08-19 14:30,2026-08-14,-1.314,0.919,1.611,,positive
301607,840220019,20-year-bond-auction,USD,US,Auktion für 20-Jahres-Anleihen,Medium,percent,2026-08-19 17:00,1970-01-01,5.204,,5.163,,
237376,840050004,fomc-minutes,USD,US,FOMC Protokoll,Medium,none,2026-08-19 18:00,1970-01-01,,,,,
284588,392040001,adjusted-trade-balance,JPY,JP,Bereinigte Handelsbilanz,Medium,currency,2026-08-19 23:50,2026-07-01,-686.0,-361.6,-881.9,-927.1,negative
284600,392040002,trade-balance,JPY,JP,Handelsbilanz,Medium,currency,2026-08-19 23:50,2026-07-01,-634.5,287.1,-406.9,-409.9,negative
284624,392040004,exports-yy,JPY,JP,Exporte y/y,Medium,percent,2026-08-19 23:50,2026-07-01,23.2,22.3,19.3,,positive
302072,36010003,employment-change,AUD,AU,Beschäftigungsentwicklung,Medium,job,2026-08-20 01:30,2026-07-01,-15.8,31.6,76.3,80.2,negative
302073,36010004,full-employment-change,AUD,AU,Beschäftigungsentwicklung Vollzeit,Medium,job,2026-08-20 01:30,2026-07-01,16.3,,29.3,48.9,
302075,36010006,unemployment-rate,AUD,AU,Arbeitslosenrate,Medium,percent,2026-08-20 01:30,2026-07-01,4.5,4.3,4.4,,negative
319436,276010014,ppi-mm,EUR,DE,PPI m/m,Medium,percent,2026-08-20 06:00,2026-07-01,1.1,,-0.3,,
278221,124010026,rmpi-mm,CAD,CA,RMPI m/m,Medium,percent,2026-08-20 12:30,2026-07-01,-2.2,-2.4,-6.9,-6.7,positive
287214,840070001,philadelphia-fed-manufacturing-index,USD,US,Philadelphia Fed Index der Unternehmer,High,none,2026-08-20 12:30,2026-08-01,47.4,13.7,41.4,,positive
287226,840070002,philadelphia-fed-employment,USD,US,Philadelphia Fed Beschäftigung,Medium,none,2026-08-20 12:30,2026-08-01,27.9,1.2,10.0,,positive
309703,840140001,initial-jobless-claims,USD,US,Erstanträge auf Arbeitslosenhilfe,High,none,2026-08-20 12:30,2026-08-15,206.0,206.0,209.0,212.0,
309707,840140002,continuing-jobless-claims,USD,US,Folgeanträge auf Arbeitslosenhilfe,Medium,none,2026-08-20 12:30,2026-08-08,1.799,1.777,1.777,1.781,negative
314852,124010030,new-housing-price-index-mm,CAD,CA,Neuer Immobilienpreisindex m/m,Medium,percent,2026-08-20 12:30,2026-07-01,-0.1,-0.2,-0.1,,positive
284694,840180001,leading-economic-index,USD,US,CB wirtschaftlicher Frühindikator m/m,Medium,percent,2026-08-20 14:00,2026-07-01,0.2,-0.1,-0.2,,positive
301606,840220018,30-year-tips-auction,USD,US,30-jährige TIPS-Auktion,Medium,percent,2026-08-20 17:00,1970-01-01,2.973,,2.473,,
309554,554010010,trade-balance-12-months,NZD,NZ,12-monatige Handelsbilanz,Medium,currency,2026-08-20 22:45,2026-07-01,-5.236,-2.979,-3.746,-4.049,negative
284977,392030001,national-consumer-price-index-yy,JPY,JP,VPI y/y,Low,percent,2026-08-20 23:30,2026-07-01,1.9,1.7,1.6,1.6,positive
284989,392030002,national-consumer-price-index-ex-food-energy-yy,JPY,JP,VPI ex Nahrungsmittel und Energie y/y,Medium,percent,2026-08-20 23:30,2026-07-01,1.9,1.6,1.7,1.7,positive
285001,392030003,national-consumer-price-index-ex-fresh-food-yy,JPY,JP,Kern VPI y/y,Medium,percent,2026-08-20 23:30,2026-07-01,1.8,2.1,1.6,,negative
321028,392500002,nikkei-services-pmi,JPY,JP,au Jibun Bank Japan Einkaufsmanagerindex (PMI) Dienstleistungen,Medium,none,2026-08-21 00:30,2026-08-01,52.3,,51.2,51.2,
312008,250500001,markit-manufacturing-pmi,EUR,FR,S&P Global PMI der Hersteller,Medium,none,2026-08-21 07:15,2026-08-01,51.5,50.1,49.8,,positive
312009,250500002,markit-services-pmi,EUR,FR,S&P Global PMI der Dienstleister,Medium,none,2026-08-21 07:15,2026-08-01,48.4,49.6,49.6,,negative
312011,276500001,markit-manufacturing-pmi,EUR,DE,S&P Global PMI der Hersteller,Medium,none,2026-08-21 07:30,2026-08-01,54.1,53.6,52.2,,positive
312012,276500002,markit-services-pmi,EUR,DE,S&P Global PMI der Dienstleister,Medium,none,2026-08-21 07:30,2026-08-01,48.5,51.2,49.8,,negative
312017,999500001,markit-manufacturing-pmi,EUR,EU,S&P Global PMI der Hersteller,Medium,none,2026-08-21 08:00,2026-08-01,52.8,52.4,51.9,,positive
312018,999500002,markit-services-pmi,EUR,EU,S&P Global PMI der Dienstleister,Medium,none,2026-08-21 08:00,2026-08-01,51.7,53.7,51.7,,negative
312019,999500003,markit-composite-pmi,EUR,EU,S&P Global zusammengesetzter Einkaufsmanagerindex (PMI),Medium,none,2026-08-21 08:00,2026-08-01,52.1,52.0,52.0,,positive
312014,826500001,markit-manufacturing-pmi,GBP,GB,S&P Global/CIPS PMI der Hersteller,Medium,none,2026-08-21 08:30,2026-08-01,51.5,50.9,51.9,,positive
312015,826500002,markit-services-pmi,GBP,GB,S&P Global/CIPS PMI der Dienstleister,Medium,none,2026-08-21 08:30,2026-08-01,52.8,51.8,52.1,,positive
312016,826500005,markit-composite-pmi,GBP,GB,S&P Global/CIPS Zusammengesetzter PMI,Medium,none,2026-08-21 08:30,2026-08-01,52.5,,52.2,,
278030,124010007,retail-sales-mm,CAD,CA,Einzelhandelsumsatz m/m,Medium,percent,2026-08-21 12:30,2026-06-01,0.6,-0.1,1.0,1.1,positive
278042,124010008,core-retail-sales-mm,CAD,CA,Kern Verbraucherpreise m/m,Medium,percent,2026-08-21 12:30,2026-06-01,0.5,-0.3,1.2,,positive
309972,840100001,baker-hughes-us-oil-rig-count,USD,US,Baker Hughes Ölplattformzählung,Medium,rig,2026-08-21 17:00,2026-08-21,452.0,,455.0,,
309973,840100002,baker-hughes-us-total-rig-count,USD,US,Baker Hughes US Gesamtzahl der Ölförderanlagen,Medium,rig,2026-08-21 17:00,2026-08-21,588.0,,593.0,,
287362,36520001,cftc-aud-non-commercial-net-positions,AUD,AU,CFTC AUD nichtkommerzielle Nettopositionen,Medium,position,2026-08-21 19:30,2026-08-18,-44.2,,-39.2,,
287503,392520001,cftc-jpy-non-commercial-net-positions,JPY,JP,CFTC JPY nichtkommerzielle Nettopositionen,Medium,position,2026-08-21 19:30,2026-08-18,-52.9,,-42.1,,
287738,826520001,cftc-gbp-non-commercial-net-positions,GBP,GB,CFTC GBP nichtkommerzielle Nettopositionen,Medium,position,2026-08-21 19:30,2026-08-18,-54.6,,-56.2,,
287879,840520003,cftc-gold-non-commercial-net-positions,USD,US,CFTC Gold nichtkommerzielle Nettopositionen,Medium,position,2026-08-21 19:30,2026-08-18,222.2,,217.9,,
287926,840520004,cftc-crude-oil-non-commercial-net-positions,USD,US,CFTC Rohöl nichtkommerzielle Nettopositionen,Medium,position,2026-08-21 19:30,2026-08-18,122.1,,99.2,,
287973,840520005,cftc-sp-500-non-commercial-net-positions,USD,US,CFTC Gold nichtkommerzielle Nettopositionen,Medium,position,2026-08-21 19:30,2026-08-18,-10.6,,11.3,,
288255,840520011,cftc-nasdaq-100-non-commercial-net-positions,USD,US,CFTC Nasdaq 100 Nichtkommerzielle Nettopositionen,Medium,position,2026-08-21 19:30,2026-08-18,-10.4,,-39.3,,
288302,999520001,cftc-eur-non-commercial-net-positions,EUR,EU,CFTC EUR nichtkommerzielle Nettopositionen,Medium,position,2026-08-21 19:30,2026-08-18,-59.1,,-60.0,,
309563,554010019,retail-sales-qq,NZD,NZ,Einzelhandelsumsätze q/q,Medium,percent,2026-08-23 22:45,2026-04-01,-0.5,0.3,0.9,1.0,negative
309564,554010020,core-retail-sales-qq,NZD,NZ,Kern-Einzelhandelsumsätze q/q,Medium,percent,2026-08-23 22:45,2026-04-01,0.7,0.3,1.0,1.1,positive
309565,554010021,retail-sales-yy,NZD,NZ,Einzelhandelsumsatz y/y,Medium,percent,2026-08-23 22:45,2026-04-01,3.3,4.5,4.5,,negative
291144,392060037,boj-trimmed-mean-core-cpi-yy,JPY,JP,BoJ Getrimmter mittlerer Kern-VPI y/y,Medium,percent,2026-08-25 05:00,2026-07-01,2.0,3.1,1.8,1.8,negative
291145,392060038,boj-weighted-median-core-cpi-yy,JPY,JP,BoJ Gewichteter Median des Kern-VPI y/y,Medium,percent,2026-08-25 05:00,2026-07-01,1.1,1.3,1.1,1.1,negative
319414,276010008,gdp-qq,EUR,DE,Bruttoinlandsprodukt q/q,High,percent,2026-08-25 06:00,2026-04-01,0.3,,0.2,0.4,
319416,276010009,gdp-yy,EUR,DE,Bruttoinlandsprodukt y/y,Medium,percent,2026-08-25 06:00,2026-04-01,1.0,,0.9,0.8,
312992,276030001,ifo-business-expectations,EUR,DE,Ifo Konjunkturperspektiven,Medium,none,2026-08-25 08:30,2026-08-01,89.1,83.6,86.7,86.8,positive
312997,276030002,ifo-current-business-situation,EUR,DE,Ifo aktuelles Geschäftsklima,Medium,none,2026-08-25 08:30,2026-08-01,88.5,86.0,86.5,86.5,positive
313002,276030003,ifo-business-climate-indicator,EUR,DE,Ifo Geschäftsklima,Medium,none,2026-08-25 08:30,2026-08-01,88.8,84.7,86.6,86.7,positive
309602,840170001,sp-case-shiller-home-price-index-composite-20-yy,USD,US,S&P/CS Home Preisindex Composite-20 y/y,Medium,percent,2026-08-25 13:00,2026-06-01,2.1,1.7,1.6,,positive
309603,840170002,sp-case-shiller-home-price-index-composite-20-nsa-mm,USD,US,S&P/CS Hauspreis-Index Composite-20 n.s.a. m/m,Medium,percent,2026-08-25 13:00,2026-06-01,0.43,0.6,0.9,0.89,negative
270258,840020008,new-home-sales,USD,US,Verkäufe von Neubauten,High,none,2026-08-25 14:00,2026-07-01,0.607,0.64,0.628,0.678,negative
270270,840020009,new-home-sales-mm,USD,US,Verkäufe von Neubauten m/m,Medium,percent,2026-08-25 14:00,2026-07-01,-10.5,5.6,1.6,7.6,negative
279669,840180002,consumer-confidence-index,USD,US,CB Verbrauchervertrauensindex,High,none,2026-08-25 14:00,2026-08-01,89.4,91.8,90.8,90.2,negative
301586,840220010,2-year-note-auction,USD,US,2-jährige Schatzanweisung Auktion,Medium,percent,2026-08-25 17:00,1970-01-01,,,4.315,,
302089,36010039,construction-work-done-qq,AUD,AU,Bautätigkeiten fertiggestellt q/q,Medium,percent,2026-08-26 01:30,2026-04-01,-2.1,0.2,3.4,4.3,negative
270318,840020013,durable-goods-orders,USD,US,Auftragseingänge für langlebige Güter m/m,High,percent,2026-08-26 12:30,2026-07-01,1.1,0.8,0.3,0.5,positive
270330,840020014,durable-goods-orders-ex-transportation,USD,US,Kern Auftragseingänge langlebiger Güter m/m,Medium,percent,2026-08-26 12:30,2026-07-01,0.4,1.0,0.6,1.1,negative
282559,840010001,core-pce-price-index-mm,USD,US,Kern PCE Preisindex m/m,High,percent,2026-08-26 12:30,2026-07-01,0.2,0.2,0.1,,
282571,840010002,core-pce-price-index-yy,USD,US,Kern PCE Preisindex y/y,High,percent,2026-08-26 12:30,2026-07-01,3.3,3.3,3.3,,
282583,840010003,pce-price-index-mm,USD,US,PCE Preisindex m/m,Medium,percent,2026-08-26 12:30,2026-07-01,0.2,0.0,-0.1,,positive
282595,840010004,pce-price-index-yy,USD,US,PCE Preisindex y/y,Medium,percent,2026-08-26 12:30,2026-07-01,3.7,3.0,3.7,,positive
282607,840010005,personal-spending-mm,USD,US,Privater Konsum m/m,Medium,percent,2026-08-26 12:30,2026-07-01,0.2,0.5,0.3,,negative
287131,840010007,gross-domestic-product-qq,USD,US,Bruttoinlandsprodukt q/q,High,percent,2026-08-26 12:30,2026-04-01,1.5,1.5,1.5,,
287183,840010016,real-pce-qq,USD,US,Reale PCE q/q,Medium,percent,2026-08-26 12:30,2026-04-01,3.4,3.2,3.2,,positive
287202,840010018,gdp-sales-qq,USD,US,BIP Umsatz q/q,High,percent,2026-08-26 12:30,2026-04-01,2.2,2.2,2.2,,
308722,840200001,eia-crude-oil-stocks-change,USD,US,EIA Rohöl Änderung der Speichermenge,High,barrel,2026-08-26 14:30,2026-08-21,0.095,5.39,4.405,,positive
308723,840200002,eia-cushing-crude-oil-stocks-change,USD,US,EIA Rohöl Änderung der Speichermengen in Cushing Oklahoma,Medium,barrel,2026-08-26 14:30,2026-08-21,1.176,-1.447,-1.314,,negative
316001,276050006,bbk-vice-president-balz-speech,EUR,DE,Vorstandsmitglied Balz der BBk spricht,Medium,none,2026-08-26 14:30,1970-01-01,,,,,
301592,840220012,5-year-note-auction,USD,US,5-jährige Schatzanweisung Auktion,Medium,percent,2026-08-26 17:00,1970-01-01,,,4.408,,
291472,250040001,jobseekers-total,EUR,FR,Arbeitssuchende Insgesamt,Medium,job,2026-08-26 22:00,2026-07-27,3143.0,3177.0,3121.5,,positive
265854,36030001,rba-bulletin,AUD,AU,RBA Bulletin,Medium,none,2026-08-27 01:30,1970-01-01,,,,,
302086,36010033,private-new-capital-expenditure-qq,AUD,AU,Private neue Investitionen q/q,Medium,percent,2026-08-27 01:30,2026-04-01,-3.6,0.7,6.5,6.9,negative
302130,276040001,gfk-consumer-climate,EUR,DE,GfK Konsumentenklima,Medium,none,2026-08-27 06:00,2026-09-01,-26.6,-29.5,-29.6,-29.4,positive
284181,756020008,employment-level,CHF,CH,Beschäftigungsniveau,Medium,people,2026-08-27 06:30,2026-04-01,5.698,5.54,5.537,5.65,positive
278381,999010019,ecb-households-loans-yy,EUR,EU,EZB Kredite an private Haushalte y/y,Medium,percent,2026-08-27 08:00,2026-07-01,3.1,2.9,3.0,,positive
310621,999010002,ecb-monetary-policy-meeting-accounts,EUR,EU,ECB Geldpolitische Sitzung,Medium,none,2026-08-27 11:30,1970-01-01,,,,,
270390,840020019,goods-trade-balance,USD,US,Warenhandelsbilanz,Medium,currency,2026-08-27 12:30,2026-07-01,-118.806,-104.172,-101.461,-101.407,negative
270506,840020027,retail-inventories-mm,USD,US,Lagerbestände der Einzelhändler m/m,Medium,percent,2026-08-27 12:30,2026-07-01,0.7,-0.1,-0.2,,negative
270530,840020028,retail-inventories-ex-autos-mm,USD,US,Lagerbestände der Einzelhändler exkl. Autos m/m,Medium,percent,2026-08-27 12:30,2026-07-01,0.7,,-0.4,-0.5,
278053,124010010,current-account,CAD,CA,Leistungsbilanz,Medium,currency,2026-08-27 12:30,2026-04-01,8.836,-4.065,-7.184,-8.31,positive
309704,840140001,initial-jobless-claims,USD,US,Erstanträge auf Arbeitslosenhilfe,High,none,2026-08-27 12:30,2026-08-22,203.0,216.0,206.0,207.0,positive
309708,840140002,continuing-jobless-claims,USD,US,Folgeanträge auf Arbeitslosenhilfe,Medium,none,2026-08-27 12:30,2026-08-15,1.778,1.79,1.799,1.796,positive
301595,840220013,7-year-note-auction,USD,US,7-jährige Schatzanweisung Auktion,Medium,percent,2026-08-27 17:00,1970-01-01,,,4.473,,
285025,392030005,tokyo-consumer-price-index-ex-food-energy-yy,JPY,JP,Tokyo VPI ex Nahrungsmittel und Energie y/y,High,percent,2026-08-27 23:30,2026-08-01,2.0,2.0,2.0,1.8,
285037,392030006,tokyo-consumer-price-index-ex-fresh-food-yy,JPY,JP,Tokyo Kern VPI y/y,Medium,percent,2026-08-27 23:30,2026-08-01,1.8,2.2,1.9,1.7,negative
285738,392030007,unemployment-rate,JPY,JP,Arbeitslosenrate,Low,percent,2026-08-27 23:30,2026-07-01,2.4,2.5,2.5,,positive
285753,392050002,jobs-to-applicants-ratio,JPY,JP,Verhältnis von offenen Stellen zu Bewerbern,Low,none,2026-08-27 23:30,2026-07-01,1.18,1.17,1.18,,positive
300580,250010001,cpi-mm,EUR,FR,CPI m/m,Medium,percent,2026-08-28 06:45,2026-08-01,0.7,0.3,0.6,,positive
300582,250010002,cpi-yy,EUR,FR,CPI y/y,Low,percent,2026-08-28 06:45,2026-08-01,2.4,2.3,2.1,,positive
300584,250010003,hicp-mm,EUR,FR,HVPI m/m,Medium,percent,2026-08-28 06:45,2026-08-01,0.8,0.2,0.6,,positive
300587,250010005,gdp-qq,EUR,FR,Bruttoinlandsprodukt q/q,Medium,percent,2026-08-28 06:45,2026-04-01,0.0,0.2,0.2,,negative
300588,250010006,gdp-yy,EUR,FR,Bruttoinlandsprodukt y/y,Medium,percent,2026-08-28 06:45,2026-04-01,0.5,0.7,0.7,,negative
300590,250010008,consumer-spending-mm,EUR,FR,Konsumausgaben m/m,Medium,percent,2026-08-28 06:45,2026-07-01,0.5,0.0,0.4,0.6,positive
274264,756050001,kof-economic-barometer,CHF,CH,KOF Konjunkturbarometer,Medium,none,2026-08-28 07:00,2026-08-01,,100.5,103.5,,
282175,724010002,cpi-yy,EUR,ES,CPI y/y,Medium,percent,2026-08-28 07:00,2026-08-01,4.3,,,,
282221,724010004,hicp-yy,EUR,ES,HVPI y/y,Medium,percent,2026-08-28 07:00,2026-08-01,4.5,,,,
282269,724010009,retail-sales-yy,EUR,ES,Einzelhandelsumsatz y/y,Low,percent,2026-08-28 07:00,2026-07-01,-0.3,0.9,0.5,,negative
229135,276060001,unemployment-change,EUR,DE,Änderung der Arbeitslosigkeit,Medium,people,2026-08-28 07:55,2026-08-01,4.0,1.0,6.0,,negative
229159,276060002,unemployment-rate,EUR,DE,Arbeitslosenrate,Medium,percent,2026-08-28 07:55,2026-08-01,6.4,6.3,6.4,,negative
229207,276060004,unemployment,EUR,DE,Arbeitslosenzahl,Medium,job,2026-08-28 07:55,2026-08-01,2.996,2.991,2.993,,negative
283322,999040005,economic-sentiment-indicator,EUR,EU,Indikator der wirtschaftlichen Einschätzung,Medium,none,2026-08-28 09:00,2026-08-01,98.4,96.9,96.9,97.1,positive
283358,999040007,consumer-price-expectations,EUR,EU,Verbraucherpreiserwartung,High,none,2026-08-28 09:00,2026-08-01,33.0,24.4,30.3,30.4,positive
278184,124010022,gdp-qq,CAD,CA,Bruttoinlandsprodukt q/q,Medium,percent,2026-08-28 12:30,2026-04-01,0.8,0.0,0.0,0.1,positive
278305,124010036,gdp-annualized-qq,CAD,CA,BIP Annualisiert q/q,Medium,percent,2026-08-28 12:30,2026-04-01,3.3,0.7,-0.1,0.3,positive
306660,124010021,gdp-mm,CAD,CA,BIP m/m,Medium,percent,2026-08-28 12:30,2026-06-01,0.3,0.1,0.3,,positive
306667,124010035,gdp-yy,CAD,CA,Bruttoinlandsprodukt y/y,Medium,percent,2026-08-28 12:30,2026-06-01,2.0,1.2,1.7,1.6,positive
268712,840210001,michigan-consumer-sentiment,USD,US,Michigan Konsumklima,Medium,none,2026-08-28 14:00,2026-08-01,51.7,51.0,51.0,,positive
268736,840210002,michigan-consumer-expectations,USD,US,Michigan Konsumentenerwartungen,Medium,none,2026-08-28 14:00,2026-08-01,51.5,50.6,50.6,,positive
268784,840210004,michigan-inflation-expectations,USD,US,Michigan Inflationserwartungen,Medium,percent,2026-08-28 14:00,2026-08-01,4.0,4.3,4.3,,negative
268808,840210005,michigan-5-year-inflation-expectations,USD,US,Michigan 5-jährige Inflationserwartungen,Medium,percent,2026-08-28 14:00,2026-08-01,3.3,3.3,3.3,,
316682,999010033,ecb-executive-board-member-schnabel-speech,EUR,EU,Das EZB-Direktoriumsmitglied Schnabel spricht,Medium,none,2026-08-28 16:00,1970-01-01,,,,,
310705,840100001,baker-hughes-us-oil-rig-count,USD,US,Baker Hughes Ölplattformzählung,Medium,rig,2026-08-28 17:00,2026-08-28,447.0,,452.0,,
310706,840100002,baker-hughes-us-total-rig-count,USD,US,Baker Hughes US Gesamtzahl der Ölförderanlagen,Medium,rig,2026-08-28 17:00,2026-08-28,588.0,,588.0,,
287363,36520001,cftc-aud-non-commercial-net-positions,AUD,AU,CFTC AUD nichtkommerzielle Nettopositionen,Medium,position,2026-08-28 19:30,2026-08-25,-44.5,,-44.2,,
287504,392520001,cftc-jpy-non-commercial-net-positions,JPY,JP,CFTC JPY nichtkommerzielle Nettopositionen,Medium,position,2026-08-28 19:30,2026-08-25,-63.3,,-52.9,,
287739,826520001,cftc-gbp-non-commercial-net-positions,GBP,GB,CFTC GBP nichtkommerzielle Nettopositionen,Medium,position,2026-08-28 19:30,2026-08-25,-44.5,,-54.6,,
287880,840520003,cftc-gold-non-commercial-net-positions,USD,US,CFTC Gold nichtkommerzielle Nettopositionen,Medium,position,2026-08-28 19:30,2026-08-25,243.3,,222.2,,
287927,840520004,cftc-crude-oil-non-commercial-net-positions,USD,US,CFTC Rohöl nichtkommerzielle Nettopositionen,Medium,position,2026-08-28 19:30,2026-08-25,123.4,,122.1,,
287974,840520005,cftc-sp-500-non-commercial-net-positions,USD,US,CFTC Gold nichtkommerzielle Nettopositionen,Medium,position,2026-08-28 19:30,2026-08-25,-68.0,,-10.6,,
288256,840520011,cftc-nasdaq-100-non-commercial-net-positions,USD,US,CFTC Nasdaq 100 Nichtkommerzielle Nettopositionen,Medium,position,2026-08-28 19:30,2026-08-25,10.0,,-10.4,,
288303,999520001,cftc-eur-non-commercial-net-positions,EUR,EU,CFTC EUR nichtkommerzielle Nettopositionen,Medium,position,2026-08-28 19:30,2026-08-25,-36.4,,-59.1,,
289105,392020002,retail-sales-mm,JPY,JP,Einzelhandelsumsatz m/m,High,percent,2026-08-30 23:50,2026-07-01,2.4,-0.6,-4.1,-3.9,positive
289117,392020003,retail-sales-yy,JPY,JP,Einzelhandelsumsatz y/y,Low,percent,2026-08-30 23:50,2026-07-01,4.0,3.6,0.5,0.6,positive
289129,392020004,large-retailers-sales-yy,JPY,JP,Umsatz großer Einzelhändler y/y,Medium,percent,2026-08-30 23:50,2026-07-01,1.4,1.4,-1.0,,
289146,392020006,industrial-production-mm,JPY,JP,Industrieproduktion m/m,Medium,percent,2026-08-30 23:50,2026-07-01,0.1,1.1,1.9,,negative
302082,36010025,company-gross-operating-profits-qq,AUD,AU,Unternehmen Brutto-Betriebsgewinne q/q,Medium,percent,2026-08-31 01:30,2026-04-01,1.8,-2.7,-1.3,-1.5,positive
317194,276010020,cpi-mm,EUR,DE,CPI m/m,Medium,percent,2026-08-31 12:00,2026-08-01,0.2,-0.2,0.8,,positive
317196,276010021,cpi-yy,EUR,DE,CPI y/y,Medium,percent,2026-08-31 12:00,2026-08-01,2.9,2.2,2.8,,positive
309605,840510001,chicago-pmi,USD,US,MNI Chicago Geschäftsklima,High,none,2026-08-31 13:45,2026-08-01,,58.9,57.6,,
259222,392070002,capital-spending-yy,JPY,JP,Investitionstätigkeit y/y,Medium,percent,2026-08-31 23:50,2026-04-01,1.6,1.0,0.0,,positive
302090,36010001,building-approvals-mm,AUD,AU,Baugenehmigungen m/m,Medium,percent,2026-09-01 01:30,2026-07-01,-3.6,-2.9,7.2,6.9,negative
313409,392070009,10-year-jgb-auction,JPY,JP,10-jährige JGB Auktion,Medium,percent,2026-09-01 03:35,1970-01-01,2.995,,2.84,,
316755,826110001,nationwide-hpi-mm,GBP,GB,Landesweiter HPI m/m,Medium,percent,2026-09-01 06:00,2026-08-01,0.2,0.2,0.1,-0.1,
316756,826110002,nationwide-hpi-yy,GBP,GB,Landesweiter HPI y/y,Medium,percent,2026-09-01 06:00,2026-08-01,1.6,1.8,1.8,1.4,negative
317190,276010016,retail-sales-mm,EUR,DE,Einzelhandelsumsatz m/m,Medium,percent,2026-09-01 06:00,2026-07-01,-3.4,-0.4,-1.1,0.0,negative
317191,276010017,retail-sales-yy,EUR,DE,Einzelhandelsumsatz y/y,Low,percent,2026-09-01 06:00,2026-07-01,-2.5,0.7,-0.2,0.6,negative
314062,756020007,retail-sales-yy,CHF,CH,Einzelhandelsumsatz y/y,Low,percent,2026-09-01 06:30,2026-07-01,2.3,0.5,1.5,1.9,positive
316732,276050007,bbk-vice-president-mauderer-speech,EUR,DE,Vorstandsmitglied Mauderer der BBk spricht,Medium,none,2026-09-01 06:30,1970-01-01,,,,,
313669,724500001,markit-manufacturing-pmi,EUR,ES,S&P Global PMI der Hersteller,Medium,none,2026-09-01 07:15,2026-08-01,49.5,49.7,50.2,,negative
309579,756060001,procurech-manufacturing-pmi,CHF,CH,procure.ch PMI der Hersteller,Medium,none,2026-09-01 07:30,2026-08-01,57.1,49.9,50.0,53.2,positive
313665,380500001,markit-manufacturing-pmi,EUR,IT,S&P Global PMI der Hersteller,Medium,none,2026-09-01 07:45,2026-08-01,49.6,51.9,51.3,,negative
313662,250500001,markit-manufacturing-pmi,EUR,FR,S&P Global PMI der Hersteller,Medium,none,2026-09-01 07:50,2026-08-01,51.1,51.5,51.5,,negative
313663,276500001,markit-manufacturing-pmi,EUR,DE,S&P Global PMI der Hersteller,Medium,none,2026-09-01 07:55,2026-08-01,54.3,54.1,54.1,,positive
281620,380010021,gdp-yy,EUR,IT,Bruttoinlandsprodukt y/y,Low,percent,2026-09-01 08:00,2026-04-01,1.0,1.0,1.0,,
313672,999500001,markit-manufacturing-pmi,EUR,EU,S&P Global PMI der Hersteller,Medium,none,2026-09-01 08:00,2026-08-01,52.7,52.8,52.8,,negative
281628,380010022,unemployment-rate,EUR,IT,Arbeitslosenrate,Low,percent,2026-09-01 08:30,2026-07-01,5.8,6.2,5.7,5.8,positive
313670,826500001,markit-manufacturing-pmi,GBP,GB,S&P Global/CIPS PMI der Hersteller,Medium,none,2026-09-01 08:30,2026-08-01,51.7,51.5,51.5,,positive
281404,380010002,cpi-yy,EUR,IT,CPI y/y,Low,percent,2026-09-01 09:00,2026-08-01,3.3,2.4,2.9,,positive
313357,999030011,consumer-price-index-mm,EUR,EU,CPI m/m,Medium,percent,2026-09-01 09:00,2026-08-01,2.9,1.2,0.2,,positive
313358,999030012,consumer-price-index-ex-food-energy-yy,EUR,EU,Kern CPI y/y,Medium,percent,2026-09-01 09:00,2026-08-01,2.4,2.4,2.5,,
313359,999030013,consumer-price-index-yy,EUR,EU,CPI y/y,High,percent,2026-09-01 09:00,2026-08-01,2.8,3.1,2.9,,negative
313360,999030020,unemployment-rate,EUR,EU,Arbeitslosenrate,Medium,percent,2026-09-01 09:00,2026-07-01,6.4,6.4,6.3,6.4,
313364,999030027,core-consumer-price-index,EUR,EU,Kern VPI,Medium,none,2026-09-01 09:00,2026-08-01,103.07,,102.84,,
316679,840050032,fed-vice-chair-for-supervision-barr-speech,USD,US,Rede des Vizevorsitzenden für Aufsicht der Fed Barr,Medium,none,2026-09-01 13:05,1970-01-01,,,,,
313671,840500001,markit-manufacturing-pmi,USD,US,S&P Global PMI der Hersteller,High,none,2026-09-01 13:45,2026-08-01,53.9,55.5,53.9,,negative
270175,840020002,construction-spending-mm,USD,US,Bauinvestitionen m/m,Medium,percent,2026-09-01 14:00,2026-07-01,-0.5,-0.2,-0.1,0.0,negative
283016,840040001,ism-manufacturing-pmi,USD,US,ISM Einkaufsmanagerindex Hersteller PMI,High,none,2026-09-01 14:00,2026-08-01,54.6,55.2,55.6,,negative
283022,840040002,ism-prices-paid,USD,US,ISM bezahlte Herstellerpreise,High,none,2026-09-01 14:00,2026-08-01,71.1,63.5,71.1,,positive
283034,840040004,ism-manufacturing-employment,USD,US,ISM Verarbeitendes Gewerbe Beschäftigung,Medium,none,2026-09-01 14:00,2026-08-01,51.2,55.3,52.8,,negative
289569,840030021,jolts-job-openings,USD,US,JOLTS Stellenangebote,High,job,2026-09-01 14:00,2026-07-01,7.271,7.496,7.359,7.182,negative
289308,36020004,ai-group-industry-index,AUD,AU,Ai Group Herstellerindex,Medium,none,2026-09-01 23:00,2026-08-01,-3.5,,-29.9,,
302101,36010019,gdp-qq,AUD,AU,Bruttoinlandsprodukt q/q,Medium,percent,2026-09-02 01:30,2026-04-01,0.4,0.5,0.3,,negative
302102,36010020,gdp-yy,AUD,AU,Bruttoinlandsprodukt y/y,Medium,percent,2026-09-02 01:30,2026-04-01,2.1,-21.5,2.5,,positive
314375,392060046,boj-board-member-takata-speech,JPY,JP,Rede von BoJ-Vorstandsmitglied Takata,Medium,none,2026-09-02 01:30,1970-01-01,,,,,
310469,554020005,rbnz-rate-statement,NZD,NZ,RBNZ Erklärung zum Zinssatz,Medium,none,2026-09-02 02:00,1970-01-01,,,,,
310470,554020009,rbnz-interest-rate-decision,NZD,NZ,RBNZ Zinsentscheid,High,percent,2026-09-02 02:00,1970-01-01,2.75,,2.5,,
286727,724050001,unemployment-change,EUR,ES,Änderung der Arbeitslosigkeit,Medium,people,2026-09-02 07:00,2026-08-01,44.419,-9.221,19.517,,negative
274877,840190001,adp-nonfarm-employment-change,USD,US,ADP Änderung der außerlandwirtschaftliche Beschäftigung,High,none,2026-09-02 12:15,2026-08-01,38.0,14.0,44.0,,positive
265239,124040006,boc-interest-rate-decision,CAD,CA,BoC Zinsentscheid,High,percent,2026-09-02 13:45,1970-01-01,2.25,,2.25,,
265247,124040007,boc-rate-statement,CAD,CA,Bericht über den Zinssatz der BoC,Medium,none,2026-09-02 13:45,1970-01-01,,,,,
270187,840020003,factory-orders,USD,US,Auftragseingänge der Hersteller m/m,Medium,percent,2026-09-02 14:00,2026-07-01,0.9,-0.1,-0.3,-0.2,positive
309713,840200001,eia-crude-oil-stocks-change,USD,US,EIA Rohöl Änderung der Speichermenge,High,barrel,2026-09-02 14:30,2026-08-28,-4.45,5.822,0.095,,positive
309714,840200002,eia-cushing-crude-oil-stocks-change,USD,US,EIA Rohöl Änderung der Speichermengen in Cushing Oklahoma,Medium,barrel,2026-09-02 14:30,2026-08-28,0.08,-1.042,1.176,,negative
280291,840050001,fed-beige-book,USD,US,Fed Beige Book,Medium,none,2026-09-02 18:00,1970-01-01,,,,,
313875,36500002,commonwealth-bank-services-pmi,AUD,AU,S&P Global PMI der Dienstleister,Medium,none,2026-09-02 23:00,2026-08-01,53.2,50.6,53.6,,positive
313876,36500003,commonwealth-bank-composite-pmi,AUD,AU,S&P Global zusammengesetzter Einkaufsmanagerindex (PMI),Medium,none,2026-09-02 23:00,2026-08-01,52.7,,53.2,,
313890,392500002,nikkei-services-pmi,JPY,JP,au Jibun Bank Japan Einkaufsmanagerindex (PMI) Dienstleistungen,Medium,none,2026-09-03 00:30,2026-08-01,52.5,51.3,52.3,,positive
302100,36010011,trade-balance,AUD,AU,Handelsbilanz,Medium,currency,2026-09-03 01:30,2026-07-01,1.923,0.336,1.929,2.341,positive
270613,756020001,cpi-mm,CHF,CH,CPI m/m,Medium,percent,2026-09-03 06:30,2026-08-01,0.4,0.0,-0.1,,positive
270619,756020002,cpi-yy,CHF,CH,CPI y/y,Low,percent,2026-09-03 06:30,2026-08-01,0.8,0.2,0.4,,positive
312986,756040001,gdp-qq,CHF,CH,Bruttoinlandsprodukt q/q,Medium,percent,2026-09-03 07:00,2026-04-01,1.9,0.1,0.7,0.6,positive
312988,756040002,gdp-yy,CHF,CH,Bruttoinlandsprodukt y/y,Medium,percent,2026-09-03 07:00,2026-04-01,2.8,0.6,0.5,,positive
313894,724500002,markit-services-pmi,EUR,ES,S&P Global PMI der Dienstleister,Medium,none,2026-09-03 07:15,2026-08-01,57.8,55.5,58.3,,positive
313895,724500003,markit-composite-pmi,EUR,ES,S&P Global zusammengesetzter Einkaufsmanagerindex (PMI),Medium,none,2026-09-03 07:15,2026-08-01,55.8,,56.5,,
313888,380500002,markit-services-pmi,EUR,IT,S&P Global PMI der Dienstleister,Medium,none,2026-09-03 07:45,2026-08-01,55.2,52.5,52.5,,positive
313881,250500002,markit-services-pmi,EUR,FR,S&P Global PMI der Dienstleister,Medium,none,2026-09-03 07:50,2026-08-01,48.0,48.4,48.4,,negative
313883,276500002,markit-services-pmi,EUR,DE,S&P Global PMI der Dienstleister,Medium,none,2026-09-03 07:55,2026-08-01,49.7,48.5,48.5,,positive
313900,999500002,markit-services-pmi,EUR,EU,S&P Global PMI der Dienstleister,Medium,none,2026-09-03 08:00,2026-08-01,51.6,51.7,51.7,,negative
313901,999500003,markit-composite-pmi,EUR,EU,S&P Global zusammengesetzter Einkaufsmanagerindex (PMI),Medium,none,2026-09-03 08:00,2026-08-01,52.0,52.1,52.1,,negative
313896,826500002,markit-services-pmi,GBP,GB,S&P Global/CIPS PMI der Dienstleister,Medium,none,2026-09-03 08:30,2026-08-01,52.5,52.8,52.8,,negative
313897,826500005,markit-composite-pmi,GBP,GB,S&P Global/CIPS Zusammengesetzter PMI,Medium,none,2026-09-03 08:30,2026-08-01,52.5,,52.5,,
270163,840020001,trade-balance,USD,US,Handelsbilanz,Medium,currency,2026-09-03 12:30,2026-07-01,-88.576,-75.77,-73.261,-71.182,negative
270451,840020023,exports,USD,US,Exporte,Medium,currency,2026-09-03 12:30,2026-07-01,310.723,,314.728,317.335,
270463,840020024,imports,USD,US,Importe,Medium,currency,2026-09-03 12:30,2026-07-01,399.299,,387.989,388.517,
277728,840030028,nonfarm-productivity-qq,USD,US,Außerlandwirtschaftliche Produktivität q/q,Medium,percent,2026-09-03 12:30,2026-04-01,1.4,1.4,1.4,,
277736,840030029,unit-labor-costs-qq,USD,US,Lohnstückkosten q/q,Medium,percent,2026-09-03 12:30,2026-04-01,1.2,1.3,1.3,,negative
278153,124010018,trade-balance,CAD,CA,Handelsbilanz,Medium,currency,2026-09-03 12:30,2026-07-01,0.769,3.831,3.855,4.201,negative
278240,124010028,labor-productivity-qq,CAD,CA,Arbeitsproduktivität q/q,Medium,percent,2026-09-03 12:30,2026-04-01,1.0,-0.2,-0.5,-0.4,positive
313646,840140001,initial-jobless-claims,USD,US,Erstanträge auf Arbeitslosenhilfe,High,none,2026-09-03 12:30,2026-08-29,206.0,213.0,203.0,204.0,positive
313650,840140002,continuing-jobless-claims,USD,US,Folgeanträge auf Arbeitslosenhilfe,Medium,none,2026-09-03 12:30,2026-08-22,1.779,1.787,1.778,1.771,positive
316678,840050028,fed-governor-waller-speech,USD,US,Fed Präsident Waller spricht,Medium,none,2026-09-03 12:30,1970-01-01,,,,,
313898,840500002,markit-services-pmi,USD,US,S&P Global PMI der Dienstleister,High,none,2026-09-03 13:45,2026-08-01,56.5,55.4,54.6,,positive
313899,840500003,markit-composite-pmi,USD,US,S&P Global zusammengesetzter Einkaufsmanagerindex (PMI),Medium,none,2026-09-03 13:45,2026-08-01,56.0,54.1,53.6,,positive
283027,840040003,ism-non-manufacturing-pmi,USD,US,ISM Dienstleistungen PMI,High,none,2026-09-03 14:00,2026-08-01,55.4,53.8,54.1,,positive
283039,840040005,ism-non-manufacturing-employment,USD,US,ISM Nicht-verarbeitendes Gewerbe Beschäftigung,Medium,none,2026-09-03 14:00,2026-08-01,47.8,48.4,47.4,,negative
283057,840040008,ism-non-manufacturing-prices,USD,US,ISM Nicht-verarbeitendes Gewerbe bezahlte Preise,High,none,2026-09-03 14:00,2026-08-01,72.6,68.2,70.3,,positive
318043,826020034,boe-mpc-member-pill-speech,GBP,GB,BoE MPC Mitglied Pill spricht,Medium,none,2026-09-03 15:00,1970-01-01,,,,,
318044,826020034,boe-mpc-member-pill-speech,GBP,GB,BoE MPC Mitglied Pill spricht,Medium,none,2026-09-03 17:15,1970-01-01,,,,,
286748,392030008,household-spending-yy,JPY,JP,Ausgaben der Privathaushalte y/y,Medium,percent,2026-09-03 23:30,2026-07-01,-3.6,-1.8,-3.3,,negative
286760,392030009,household-spending-mm,JPY,JP,Haushalte Ausgaben m/m,Medium,percent,2026-09-03 23:30,2026-07-01,0.5,-3.9,-6.4,-6.3,positive
317192,276010018,factory-orders-mm,EUR,DE,Auftragseingänge der Hersteller m/m,Medium,percent,2026-09-04 06:00,2026-07-01,2.5,2.9,3.1,3.7,negative
317193,276010019,factory-orders-yy,EUR,DE,Auftragseingänge y/y,Medium,percent,2026-09-04 06:00,2026-07-01,13.1,-2.7,6.5,7.2,positive
313990,999500004,markit-construction-pmi,EUR,EU,S&P Global PMI des Baugewerbes,Medium,none,2026-09-04 07:30,2026-08-01,43.0,,44.3,,
281546,380010014,retail-sales-mm,EUR,IT,Einzelhandelsumsatz m/m,Low,percent,2026-09-04 08:00,2026-07-01,-0.4,-1.7,-0.1,-0.2,positive
281557,380010015,retail-sales-yy,EUR,IT,Einzelhandelsumsatz y/y,Low,percent,2026-09-04 08:00,2026-07-01,0.8,2.7,3.1,,negative
313989,826500003,markit-construction-pmi,GBP,GB,S&P Global/CIPS Einkaufsmanagerindex (PMI) des Baugewerbes,Medium,none,2026-09-04 08:30,2026-08-01,44.3,39.2,44.7,,positive
316081,826020032,boe-governor-bailey-speech,GBP,GB,BoE Gouverneur Bailey spricht,High,none,2026-09-04 08:50,1970-01-01,,,,,
313352,999030003,retail-sales-mm,EUR,EU,Einzelhandelsumsatz m/m,Low,percent,2026-09-04 09:00,2026-07-01,-0.6,-0.2,-0.3,0.2,negative
313353,999030004,retail-sales-yy,EUR,EU,Einzelhandelsumsatz y/y,Low,percent,2026-09-04 09:00,2026-07-01,0.6,1.2,0.7,1.4,negative
318161,999010020,ecb-executive-board-member-lane-speech,EUR,EU,ECB Vorstandsmitglied Lane spricht,Medium,none,2026-09-04 09:10,1970-01-01,,,,,
277611,840030015,unemployment-rate,USD,US,Arbeitslosenrate,High,percent,2026-09-04 12:30,2026-08-01,4.1,4.1,4.1,,
277623,840030016,nonfarm-payrolls,USD,US,Beschäftigung außerhalb der Landwirtschaft,High,job,2026-09-04 12:30,2026-08-01,162.0,41.0,-23.0,21.0,positive
277635,840030017,labor-force-participation-rate,USD,US,Erwerbsquote,Medium,percent,2026-09-04 12:30,2026-08-01,61.6,61.4,61.4,,positive
277647,840030018,average-hourly-earnings-mm,USD,US,Durchschnittliche Stundenlöhne m/m,High,percent,2026-09-04 12:30,2026-08-01,0.3,0.2,0.1,0.2,positive
277659,840030019,average-hourly-earnings-yy,USD,US,Durchschnittlicher Wochenverdienst y/y,Medium,percent,2026-09-04 12:30,2026-08-01,3.1,3.4,3.2,,negative
277695,840030023,private-nonfarm-payrolls,USD,US,Beschäftigung außerhalb der Landwirtschaft,Medium,job,2026-09-04 12:30,2026-08-01,127.0,48.0,30.0,71.0,positive
277707,840030024,u6-unemployment-rate,USD,US,U6 Arbeitslosenrate,Medium,percent,2026-09-04 12:30,2026-08-01,7.7,7.6,7.9,,negative
278063,124010011,employment-change,CAD,CA,Beschäftigungsentwicklung,Medium,job,2026-09-04 12:30,2026-08-01,-41.7,-30.6,75.1,,negative
278099,124010014,unemployment-rate,CAD,CA,Arbeitslosenrate,Medium,percent,2026-09-04 12:30,2026-08-01,6.4,6.4,6.4,,
315179,124020001,ivey-pmi,CAD,CA,Ivey PMI,Medium,none,2026-09-04 14:00,2026-08-01,64.3,51.5,55.1,,positive
315184,124020002,ivey-pmi-nsa,CAD,CA,Ivey PMI n.s.a.,Medium,none,2026-09-04 14:00,2026-08-01,62.7,,54.1,,
311602,840100001,baker-hughes-us-oil-rig-count,USD,US,Baker Hughes Ölplattformzählung,Medium,rig,2026-09-04 17:00,2026-09-04,449.0,,447.0,,
311603,840100002,baker-hughes-us-total-rig-count,USD,US,Baker Hughes US Gesamtzahl der Ölförderanlagen,Medium,rig,2026-09-04 17:00,2026-09-04,588.0,,588.0,,
287364,36520001,cftc-aud-non-commercial-net-positions,AUD,AU,CFTC AUD nichtkommerzielle Nettopositionen,Medium,position,2026-09-04 19:30,2026-09-01,-39.4,,-44.5,,
287505,392520001,cftc-jpy-non-commercial-net-positions,JPY,JP,CFTC JPY nichtkommerzielle Nettopositionen,Medium,position,2026-09-04 19:30,2026-09-01,-92.2,,-63.3,,
287740,826520001,cftc-gbp-non-commercial-net-positions,GBP,GB,CFTC GBP nichtkommerzielle Nettopositionen,Medium,position,2026-09-04 19:30,2026-09-01,-49.6,,-44.5,,
287881,840520003,cftc-gold-non-commercial-net-positions,USD,US,CFTC Gold nichtkommerzielle Nettopositionen,Medium,position,2026-09-04 19:30,2026-09-01,228.1,,243.3,,
287928,840520004,cftc-crude-oil-non-commercial-net-positions,USD,US,CFTC Rohöl nichtkommerzielle Nettopositionen,Medium,position,2026-09-04 19:30,2026-09-01,129.9,,123.4,,
287975,840520005,cftc-sp-500-non-commercial-net-positions,USD,US,CFTC Gold nichtkommerzielle Nettopositionen,Medium,position,2026-09-04 19:30,2026-09-01,-75.9,,-68.0,,
288257,840520011,cftc-nasdaq-100-non-commercial-net-positions,USD,US,CFTC Nasdaq 100 Nichtkommerzielle Nettopositionen,Medium,position,2026-09-04 19:30,2026-09-01,25.9,,10.0,,
288304,999520001,cftc-eur-non-commercial-net-positions,EUR,EU,CFTC EUR nichtkommerzielle Nettopositionen,Medium,position,2026-09-04 19:30,2026-09-01,-24.9,,-36.4,,
279540,756040003,unemployment-rate,CHF,CH,Arbeitslosenrate,Low,percent,2026-09-07 05:45,2026-08-01,3.1,3.1,3.1,,
317188,276010010,industrial-production-mm,EUR,DE,Industrieproduktion m/m,Medium,percent,2026-09-07 06:00,2026-07-01,-1.1,-0.4,0.2,0.0,negative
318966,999030016,gross-domestic-product-qq,EUR,EU,Bruttoinlandsprodukt q/q,Medium,percent,2026-09-07 09:00,2026-04-01,0.6,0.4,0.4,0.0,positive
318973,999030017,gross-domestic-product-yy,EUR,EU,Bruttoinlandsprodukt y/y,Medium,percent,2026-09-07 09:00,2026-04-01,1.2,1.0,1.0,0.6,positive
318995,999030028,employment-level,EUR,EU,Beschäftigungsniveau,Medium,people,2026-09-07 09:00,2026-04-01,176.4482,,176.577,,
288952,392010001,gross-domestic-product-qq,JPY,JP,Bruttoinlandsprodukt q/q,High,percent,2026-09-07 23:50,2026-04-01,0.4,0.3,0.3,,positive
288960,392010002,gross-domestic-product-price-index-yy,JPY,JP,BIP Preisindex y/y,Medium,percent,2026-09-07 23:50,2026-04-01,2.6,2.6,2.6,,
288968,392010003,gross-domestic-product-yy,JPY,JP,Bruttoinlandsprodukt y/y,Medium,percent,2026-09-07 23:50,2026-04-01,1.4,1.1,1.1,,positive
288992,392010015,net-exports-contribution-to-gdp-qq,JPY,JP,Nettoexportbeitrag zum BIP q/q,Medium,percent,2026-09-07 23:50,2026-04-01,0.5,0.5,0.5,,
296465,392070005,current-account-nsa,JPY,JP,Leistungsbilanz n.s.a.,Medium,currency,2026-09-07 23:50,2026-07-01,2988.9,1001.2,-92.3,,positive
296467,392070008,adjusted-current-account,JPY,JP,Bereinigte Leistungsbilanz,Medium,currency,2026-09-07 23:50,2026-07-01,2523.1,2981.2,1396.9,,negative
317167,36040001,nab-business-confidence,AUD,AU,NAB Geschäftsvertrauen,Medium,none,2026-09-08 01:30,2026-08-01,-8.0,,,,
317187,276010007,trade-balance,EUR,DE,Handelsbilanz,Medium,currency,2026-09-08 06:00,2026-07-01,21.3,16.3,15.4,15.4,positive
318216,826020025,boe-deputy-governor-markets-and-banking-ramsden-speech,GBP,GB,Rede des stellvertretenden Gouverneurs für Märkte und Banken der BoE Ramsden,Medium,none,2026-09-08 13:15,1970-01-01,,,,,
318217,826020032,boe-governor-bailey-speech,GBP,GB,BoE Gouverneur Bailey spricht,High,none,2026-09-08 13:15,1970-01-01,,,,,
318166,999010035,ecb-executive-board-member-elderson-speech,EUR,EU,EZB Direktoriumsmitglied Elderson spricht,Medium,none,2026-09-08 15:00,1970-01-01,,,,,
301590,840220011,3-year-note-auction,USD,US,3-jährige Schatzanweisung Auktion,Medium,percent,2026-09-08 17:00,1970-01-01,4.474,,,,
280492,840050013,consumer-credit-mm,USD,US,Fed Verbraucherkredite,Medium,currency,2026-09-08 19:00,2026-07-01,18.06,11.28,14.17,14.56,positive
281031,392060040,boj-l-money-stock-yy,JPY,JP,BoJ L Geldmenge y/y,High,percent,2026-09-08 23:50,2026-08-01,4.4,4.5,4.4,4.5,negative
280407,276020003,10-year-bond-auction,EUR,DE,Auktion 10-jähriger Schuldverschreibungen,Medium,percent,2026-09-09 09:41,1970-01-01,3.39,,3.26,,
248268,840200012,eia-short-term-energy-outlook,USD,US,EIA Kurzfristiger Energie-Ausblick,Medium,none,2026-09-09 16:00,2026-09-01,,,,,
301599,840220014,10-year-note-auction,USD,US,10-jährige Schatzanweisung Auktion,High,percent,2026-09-09 17:00,1970-01-01,4.834,,,,
318163,999010029,ecb-president-lagarde-speech,EUR,EU,EZB Präsident Lagarde spricht,High,none,2026-09-09 17:00,1970-01-01,,,,,
317195,276010020,cpi-mm,EUR,DE,CPI m/m,Medium,percent,2026-09-10 06:00,2026-08-01,0.2,0.2,0.2,,
317197,276010021,cpi-yy,EUR,DE,CPI y/y,Medium,percent,2026-09-10 06:00,2026-08-01,2.9,2.9,2.9,,
204752,999010006,ecb-deposit-rate-decision,EUR,EU,ECB Einlagenzinsentscheid,High,percent,2026-09-10 12:15,1970-01-01,2.5,,2.25,,
204768,999010007,ecb-interest-rate-decision,EUR,EU,ECB Zinsentscheid,High,percent,2026-09-10 12:15,1970-01-01,2.65,,2.4,,
204784,999010015,ecb-marginal-lending-facility-rate-decision,EUR,EU,EZB Entscheid zur Spitzenrefinanzierungsfazilität,Medium,percent,2026-09-10 12:15,1970-01-01,2.9,,2.65,,
204800,999010024,ecb-monetary-policy-statement,EUR,EU,EZB Geldpolitische Stellungnahme,Medium,none,2026-09-10 12:15,1970-01-01,,,,,
277443,840030001,producer-price-index-mm,USD,US,PPI m/m,High,percent,2026-09-10 12:30,2026-08-01,0.4,-0.3,0.0,0.1,positive
277455,840030002,producer-price-index-ex-food-energy-mm,USD,US,Kern PPI m/m,Medium,percent,2026-09-10 12:30,2026-08-01,0.2,0.6,0.2,0.3,negative
313647,840140001,initial-jobless-claims,USD,US,Erstanträge auf Arbeitslosenhilfe,High,none,2026-09-10 12:30,2026-09-05,206.0,211.0,206.0,207.0,positive
313651,840140002,continuing-jobless-claims,USD,US,Folgeanträge auf Arbeitslosenhilfe,Medium,none,2026-09-10 12:30,2026-08-29,1.774,1.774,1.779,1.775,
204736,999010003,ecb-monetary-policy-press-conference,EUR,EU,ECB Geldpolitische Pressekonferenz,High,none,2026-09-10 12:45,1970-01-01,,,,,
287286,840120001,existing-home-sales,USD,US,Tatsächliche Hausverkäufe,High,none,2026-09-10 14:00,2026-08-01,3.98,4.01,4.06,,negative
287297,840120002,existing-home-sales-mm,USD,US,Tatsächliche Hausverkäufe m/m,Medium,percent,2026-09-10 14:00,2026-08-01,-2.0,0.1,-1.7,,negative
318578,999010029,ecb-president-lagarde-speech,EUR,EU,EZB Präsident Lagarde spricht,High,none,2026-09-10 14:15,1970-01-01,,,,,
310488,840200001,eia-crude-oil-stocks-change,USD,US,EIA Rohöl Änderung der Speichermenge,High,barrel,2026-09-10 16:00,2026-09-04,-0.391,7.559,-4.45,,positive
310489,840200002,eia-cushing-crude-oil-stocks-change,USD,US,EIA Rohöl Änderung der Speichermengen in Cushing Oklahoma,Medium,barrel,2026-09-10 16:00,2026-09-04,-0.684,0.823,0.08,,positive
301602,840220015,30-year-bond-auction,USD,US,30-jährige Schuldverschreibung Auktion,High,percent,2026-09-10 17:00,1970-01-01,5.308,,5.216,,
309606,554060001,businessnz-manufacturing-index,NZD,NZ,BusinessNZ Herstellerindex,Medium,none,2026-09-10 22:30,2026-08-01,,54.8,54.3,,
279577,392070001,bsi-large-manufacturing-conditions,JPY,JP,BSI große Verarbeitungsunternehmen,Medium,none,2026-09-10 23:50,2026-07-01,7.6,2.0,-1.8,,positive
277491,840030005,consumer-price-index-mm,USD,US,CPI m/m,High,percent,2026-09-11 12:30,2026-08-01,0.4,0.0,0.1,,positive
277503,840030006,consumer-price-index-ex-food-energy-mm,USD,US,Kern-CPI m/m,High,percent,2026-09-11 12:30,2026-08-01,0.3,0.2,0.2,,positive
277515,840030007,consumer-price-index-yy,USD,US,CPI y/y,High,percent,2026-09-11 12:30,2026-08-01,3.4,2.7,3.4,,positive
277527,840030008,consumer-price-index-ex-food-energy-yy,USD,US,Kern CPI y/y,Medium,percent,2026-09-11 12:30,2026-08-01,2.4,2.3,2.5,,positive
277795,840030034,consumer-price-index-ex-food-energy-nsa-mm,USD,US,Kern-VPI n.s.b. m/m,High,percent,2026-09-11 12:30,2026-08-01,0.3,,0.1,,
277807,840030035,consumer-price-index,USD,US,CPI,High,none,2026-09-11 12:30,2026-08-01,334.131,331.699,332.813,,positive
268713,840210001,michigan-consumer-sentiment,USD,US,Michigan Konsumklima,Medium,none,2026-09-11 14:00,2026-09-01,47.8,49.8,51.7,,negative
268737,840210002,michigan-consumer-expectations,USD,US,Michigan Konsumentenerwartungen,Medium,none,2026-09-11 14:00,2026-09-01,45.8,51.2,51.5,,negative
268785,840210004,michigan-inflation-expectations,USD,US,Michigan Inflationserwartungen,Medium,percent,2026-09-11 14:00,2026-09-01,4.6,4.1,4.0,,positive
268809,840210005,michigan-5-year-inflation-expectations,USD,US,Michigan 5-jährige Inflationserwartungen,Medium,percent,2026-09-11 14:00,2026-09-01,3.4,3.2,3.3,,positive
318164,999010029,ecb-president-lagarde-speech,EUR,EU,EZB Präsident Lagarde spricht,High,none,2026-09-11 14:00,1970-01-01,,,,,
293059,840320001,wasde-report,USD,US,WASDE Bericht,Medium,none,2026-09-11 16:00,1970-01-01,,,,,
312496,840100001,baker-hughes-us-oil-rig-count,USD,US,Baker Hughes Ölplattformzählung,Medium,rig,2026-09-11 17:00,2026-09-11,450.0,,449.0,,
312497,840100002,baker-hughes-us-total-rig-count,USD,US,Baker Hughes US Gesamtzahl der Ölförderanlagen,Medium,rig,2026-09-11 17:00,2026-09-11,591.0,,588.0,,
318162,999010020,ecb-executive-board-member-lane-speech,EUR,EU,ECB Vorstandsmitglied Lane spricht,Medium,none,2026-09-11 17:00,1970-01-01,,,,,
272953,840150001,federal-budget-balance,USD,US,Staatshaushalt,Medium,currency,2026-09-11 18:00,2026-08-01,-166.8,176.7,432.3,-432.3,negative
287365,36520001,cftc-aud-non-commercial-net-positions,AUD,AU,CFTC AUD nichtkommerzielle Nettopositionen,Medium,position,2026-09-11 19:30,2026-09-08,-34.9,,-39.4,,
287506,392520001,cftc-jpy-non-commercial-net-positions,JPY,JP,CFTC JPY nichtkommerzielle Nettopositionen,Medium,position,2026-09-11 19:30,2026-09-08,10.8,,-92.2,,
287741,826520001,cftc-gbp-non-commercial-net-positions,GBP,GB,CFTC GBP nichtkommerzielle Nettopositionen,Medium,position,2026-09-11 19:30,2026-09-08,-58.8,,-49.6,,
287882,840520003,cftc-gold-non-commercial-net-positions,USD,US,CFTC Gold nichtkommerzielle Nettopositionen,Medium,position,2026-09-11 19:30,2026-09-08,232.0,,228.1,,
287929,840520004,cftc-crude-oil-non-commercial-net-positions,USD,US,CFTC Rohöl nichtkommerzielle Nettopositionen,Medium,position,2026-09-11 19:30,2026-09-08,136.6,,129.9,,
287976,840520005,cftc-sp-500-non-commercial-net-positions,USD,US,CFTC Gold nichtkommerzielle Nettopositionen,Medium,position,2026-09-11 19:30,2026-09-08,-76.0,,-75.9,,
288258,840520011,cftc-nasdaq-100-non-commercial-net-positions,USD,US,CFTC Nasdaq 100 Nichtkommerzielle Nettopositionen,Medium,position,2026-09-11 19:30,2026-09-08,20.9,,25.9,,
288305,999520001,cftc-eur-non-commercial-net-positions,EUR,EU,CFTC EUR nichtkommerzielle Nettopositionen,Medium,position,2026-09-11 19:30,2026-09-08,-42.6,,-24.9,,
318739,999010029,ecb-president-lagarde-speech,EUR,EU,EZB Präsident Lagarde spricht,High,none,2026-09-12 10:15,1970-01-01,,,,,
289147,392020006,industrial-production-mm,JPY,JP,Industrieproduktion m/m,Medium,percent,2026-09-14 04:30,2026-07-01,-0.2,0.1,0.1,,negative
319011,999010033,ecb-executive-board-member-schnabel-speech,EUR,EU,Das EZB-Direktoriumsmitglied Schnabel spricht,Medium,none,2026-09-14 09:15,1970-01-01,,,,,
277983,124010003,cpi-mm,CAD,CA,CPI m/m,Medium,percent,2026-09-14 12:30,2026-08-01,-0.1,0.0,0.5,,negative
277995,124010004,cpi-yy,CAD,CA,CPI y/y,Low,percent,2026-09-14 12:30,2026-08-01,3.0,2.7,3.0,,positive
278007,124010005,core-cpi-mm,CAD,CA,Kern-CPI m/m,Medium,percent,2026-09-14 12:30,2026-08-01,0.1,0.1,0.2,,
278019,124010006,core-cpi-yy,CAD,CA,Kern CPI y/y,Medium,percent,2026-09-14 12:30,2026-08-01,2.4,2.5,2.3,,negative
319007,999010029,ecb-president-lagarde-speech,EUR,EU,EZB Präsident Lagarde spricht,High,none,2026-09-14 15:15,1970-01-01,,,,,
319008,999010029,ecb-president-lagarde-speech,EUR,EU,EZB Präsident Lagarde spricht,High,none,2026-09-14 15:35,1970-01-01,,,,,
313503,554010001,electronic-card-retail-sales-mm,NZD,NZ,Electronic Card Einzelhandelsumsatz m/m,Medium,percent,2026-09-14 22:45,2026-08-01,-0.9,-0.7,1.3,1.2,negative
293279,392020005,tertiary-industry-activity-index-mm,JPY,JP,Index der Aktivitäten im Dienstleistungssektor m/m,Medium,percent,2026-09-15 04:30,2026-07-01,0.4,0.6,-0.2,,negative
309891,250010001,cpi-mm,EUR,FR,CPI m/m,Medium,percent,2026-09-15 06:45,2026-08-01,0.7,0.7,0.7,,
309895,250010002,cpi-yy,EUR,FR,CPI y/y,Low,percent,2026-09-15 06:45,2026-08-01,2.4,2.4,2.4,,
309899,250010003,hicp-mm,EUR,FR,HVPI m/m,Medium,percent,2026-09-15 06:45,2026-08-01,0.7,0.8,0.8,,negative
282176,724010002,cpi-yy,EUR,ES,CPI y/y,Medium,percent,2026-09-15 07:00,2026-08-01,4.3,4.3,4.3,,
282222,724010004,hicp-yy,EUR,ES,HVPI y/y,Medium,percent,2026-09-15 07:00,2026-08-01,4.6,4.5,4.5,,positive
315332,999030018,trade-balance,EUR,EU,Handelsbilanz,Medium,currency,2026-09-15 09:00,2026-07-01,5.0,1.6,1.8,1.0,positive
315333,999030019,trade-balance-nsa,EUR,EU,Handelsbilanz n.s.a.,Medium,currency,2026-09-15 09:00,2026-07-01,14.2,2.5,8.6,7.2,positive
316473,276070001,zew-economic-sentiment-indicator,EUR,DE,ZEW Konjunkturerwartungen,Medium,none,2026-09-15 09:05,2026-09-01,34.7,-5.8,34.2,,positive
316477,276070002,zew-economic-situation,EUR,DE,ZEW Konjunktursituation,Medium,none,2026-09-15 09:05,2026-09-01,-47.1,-70.1,-61.1,,positive
316481,999050001,zew-indicator-of-economic-sentiment,EUR,EU,ZEW Konjunkturerwartungen,Medium,none,2026-09-15 09:05,2026-09-01,,23.8,31.4,,
278262,124010031,wholesale-trade-mm,CAD,CA,Großhandel m/m,Medium,percent,2026-09-15 12:30,2026-07-01,0.3,-0.6,2.8,,positive
313644,840230001,ny-empire-state-manufacturing-index,USD,US,NY Empire-State-Index des verarbeitenden Gewerbes,Medium,none,2026-09-15 12:30,2026-09-01,7.6,13.5,20.6,,negative
301608,840220019,20-year-bond-auction,USD,US,Auktion für 20-Jahres-Anleihen,Medium,percent,2026-09-15 17:00,1970-01-01,5.42,,5.204,,
319012,999010033,ecb-executive-board-member-schnabel-speech,EUR,EU,Das EZB-Direktoriumsmitglied Schnabel spricht,Medium,none,2026-09-15 17:00,1970-01-01,,,,,
313518,554010028,current-account-12-months,NZD,NZ,12-monatige Leistungsbilanz,Medium,currency,2026-09-15 22:45,2026-04-01,-14.583,-16.004,-16.3,-13.692,positive
284589,392040001,adjusted-trade-balance,JPY,JP,Bereinigte Handelsbilanz,Medium,currency,2026-09-15 23:50,2026-08-01,-840.6,-1214.3,-686.0,-681.2,positive
284601,392040002,trade-balance,JPY,JP,Handelsbilanz,Medium,currency,2026-09-15 23:50,2026-08-01,-1105.6,71.2,-634.5,-638.3,negative
284625,392040004,exports-yy,JPY,JP,Exporte y/y,Medium,percent,2026-09-15 23:50,2026-08-01,19.3,21.2,23.2,,negative
319812,826010005,ppi-input-mm,GBP,GB,PPI Input m/m,Medium,percent,2026-09-16 06:00,2026-08-01,0.3,-1.3,-2.0,-0.8,positive
319830,826010011,cpi-mm,GBP,GB,CPI m/m,Medium,percent,2026-09-16 06:00,2026-08-01,0.5,0.5,0.1,0.3,
319833,826010012,cpi-yy,GBP,GB,CPI y/y,High,percent,2026-09-16 06:00,2026-08-01,3.1,2.5,2.6,2.9,positive
319879,826010041,cpih-yy,GBP,GB,CPIH y/y,Medium,percent,2026-09-16 06:00,2026-08-01,3.3,2.6,2.8,3.1,positive
319882,826010042,cpih-mm,GBP,GB,CPIH m/m,Medium,percent,2026-09-16 06:00,2026-08-01,0.5,0.1,0.2,0.3,positive
281405,380010002,cpi-yy,EUR,IT,CPI y/y,Low,percent,2026-09-16 08:00,2026-08-01,3.3,3.3,3.3,,
315323,999030007,industrial-production-mm,EUR,EU,Industrieproduktion m/m,Medium,percent,2026-09-16 09:00,2026-07-01,-0.1,0.1,0.0,-0.1,negative
315336,999030023,wage-costs-yy,EUR,EU,Lohnkosten y/y,Medium,percent,2026-09-16 09:00,2026-04-01,3.0,2.7,3.4,,positive
318055,124030001,cmhc-housing-starts,CAD,CA,CMHC Baubeginne,Medium,building,2026-09-16 12:15,2026-08-01,,259.628,229.074,,
270283,840020010,retail-sales-mm,USD,US,Einzelhandelsumsatz m/m,High,percent,2026-09-16 12:30,2026-08-01,1.2,0.3,-0.6,-0.5,positive
270295,840020011,retail-sales-ex-autos-mm,USD,US,Kern Verbraucherpreise m/m,High,percent,2026-09-16 12:30,2026-08-01,1.4,0.5,-0.3,-0.2,positive
270307,840020012,retail-control-mm,USD,US,Einzelhandelsumsätze m/m,Medium,percent,2026-09-16 12:30,2026-08-01,1.4,0.9,-0.4,,positive
270475,840020025,retail-sales-yy,USD,US,Einzelhandelsumsatz y/y,Low,percent,2026-09-16 12:30,2026-08-01,6.0,3.5,5.0,,positive
277563,840030011,import-price-index-mm,USD,US,Import Preisindex m/m,Medium,percent,2026-09-16 12:30,2026-08-01,0.7,-0.5,-0.4,-0.3,negative
277587,840030013,export-price-index-mm,USD,US,Export Preisindex m/m,Medium,percent,2026-09-16 12:30,2026-08-01,0.6,-1.2,-1.3,-1.4,positive
277967,124010001,building-permits-mm,CAD,CA,Baugenehmigungen m/m,Medium,percent,2026-09-16 12:30,2026-07-01,-17.3,11.6,18.5,18.2,negative
319013,999010035,ecb-executive-board-member-elderson-speech,EUR,EU,EZB Direktoriumsmitglied Elderson spricht,Medium,none,2026-09-16 13:00,1970-01-01,,,,,
270247,840020007,business-inventories-mm,USD,US,Lagerbestände der Hersteller Einzel- und Großhändler m/m,Medium,percent,2026-09-16 14:00,2026-07-01,0.8,-0.5,0.0,0.1,negative
270507,840020027,retail-inventories-mm,USD,US,Lagerbestände der Einzelhändler m/m,Medium,percent,2026-09-16 14:00,2026-07-01,0.8,0.7,0.7,,negative
270531,840020028,retail-inventories-ex-autos-mm,USD,US,Lagerbestände der Einzelhändler exkl. Autos m/m,Medium,percent,2026-09-16 14:00,2026-07-01,0.8,,0.7,,
311272,840200001,eia-crude-oil-stocks-change,USD,US,EIA Rohöl Änderung der Speichermenge,High,barrel,2026-09-16 14:30,2026-09-11,-0.64,6.729,-0.391,,positive
311273,840200002,eia-cushing-crude-oil-stocks-change,USD,US,EIA Rohöl Änderung der Speichermengen in Cushing Oklahoma,Medium,barrel,2026-09-16 14:30,2026-09-11,-0.342,2.165,-0.684,,positive
319536,276050008,bbk-president-nagel-speech,EUR,DE,BBk Präsident Nagel spricht,Medium,none,2026-09-16 16:00,1970-01-01,,,,,
319009,999010029,ecb-president-lagarde-speech,EUR,EU,EZB Präsident Lagarde spricht,High,none,2026-09-16 17:00,1970-01-01,,,,,
237365,840050002,fomc-meeting-statement,USD,US,FOMC-Kommuniqué,Medium,none,2026-09-16 18:00,1970-01-01,,,,,
237370,840050003,fomc-economic-projections,USD,US,FOMC wirtschaftlicher Ausblick,Medium,none,2026-09-16 18:00,1970-01-01,,,,,
237385,840050014,fed-interest-rate-decision,USD,US,Fed Zinsentscheid,High,percent,2026-09-16 18:00,1970-01-01,4.0,,3.75,,
237393,840050018,fomc-press-conference,USD,US,FOMC Pressekonferenz,High,none,2026-09-16 18:30,1970-01-01,,,,,
276709,840220001,tic-net-long-term-transactions,USD,US,TIC Langfristige Nettotransaktionen,Medium,currency,2026-09-16 20:00,2026-07-01,-27.9,118.2,172.7,174.4,negative
313514,554010024,gdp-qq,NZD,NZ,Bruttoinlandsprodukt q/q,Medium,percent,2026-09-16 22:45,2026-04-01,0.2,0.1,0.8,0.9,positive
313515,554010025,gdp-yy,NZD,NZ,Bruttoinlandsprodukt y/y,Low,percent,2026-09-16 22:45,2026-04-01,2.6,1.4,1.5,1.7,positive
313525,554010035,gdp-annual-change,NZD,NZ,Veränderung des BIP auf Jahresbasis,Medium,percent,2026-09-16 22:45,2026-04-01,1.7,0.9,0.8,,positive
319006,999010020,ecb-executive-board-member-lane-speech,EUR,EU,ECB Vorstandsmitglied Lane spricht,Medium,none,2026-09-17 07:00,1970-01-01,,,,,
315327,999030011,consumer-price-index-mm,EUR,EU,CPI m/m,Medium,percent,2026-09-17 09:00,2026-08-01,0.4,2.9,2.9,,negative
315328,999030012,consumer-price-index-ex-food-energy-yy,EUR,EU,Kern CPI y/y,Medium,percent,2026-09-17 09:00,2026-08-01,2.4,2.4,2.4,,
315329,999030013,consumer-price-index-yy,EUR,EU,CPI y/y,High,percent,2026-09-17 09:00,2026-08-01,3.2,2.8,2.8,,positive
315340,999030027,core-consumer-price-index,EUR,EU,Kern VPI,Medium,none,2026-09-17 09:00,2026-08-01,103.06,,103.07,,
269629,826020008,boe-mpc-meeting-minutes,GBP,GB,BoE Protokoll der Sitzung des geldpolitischen Komitees,Medium,none,2026-09-17 11:00,1970-01-01,,,,,
269637,826020009,boe-interest-rate-decision,GBP,GB,Bank von England (BoE) Zinsentscheid,High,percent,2026-09-17 11:00,1970-01-01,4.0,,3.75,,
269645,826020010,boe-mpc-vote-cut,GBP,GB,Geldpolitisches Komitee der BoE Stimmen für Zinssenkung,Medium,vote,2026-09-17 11:00,1970-01-01,0.0,,0.0,,
269653,826020011,boe-mpc-vote-hike,GBP,GB,BoE Abstimmung des geldpolitisches Komitees über Zinserhöhung,Medium,vote,2026-09-17 11:00,1970-01-01,3.0,,3.0,,
269661,826020012,boe-mpc-vote-unchanged,GBP,GB,Geldpolitisches Komitee der Bank von England (BoE) Stimmen für unveränderten Zinssatz,Medium,vote,2026-09-17 11:00,1970-01-01,6.0,,6.0,,
270199,840020004,housing-starts,USD,US,Baubeginne,Medium,none,2026-09-17 12:30,2026-08-01,1.275,1.305,1.239,1.309,negative
270211,840020005,building-permits,USD,US,Baugenehmigungen,Medium,none,2026-09-17 12:30,2026-08-01,1.394,1.424,1.443,1.433,negative
270343,840020015,housing-starts-mm,USD,US,Baubeginne m/m,Medium,percent,2026-09-17 12:30,2026-08-01,-2.6,-14.7,-12.4,-9.0,positive
278165,124010019,foreign-securities-purchases,CAD,CA,Ausländische Wertpapierkäufe,Medium,currency,2026-09-17 12:30,2026-07-01,20.653,,40.828,41.249,
278222,124010026,rmpi-mm,CAD,CA,RMPI m/m,Medium,percent,2026-09-17 12:30,2026-08-01,3.1,-0.5,-2.2,-2.1,positive
287215,840070001,philadelphia-fed-manufacturing-index,USD,US,Philadelphia Fed Index der Unternehmer,High,none,2026-09-17 12:30,2026-09-01,37.8,19.5,47.4,,positive
287227,840070002,philadelphia-fed-employment,USD,US,Philadelphia Fed Beschäftigung,Medium,none,2026-09-17 12:30,2026-09-01,11.8,14.0,27.9,,negative
313648,840140001,initial-jobless-claims,USD,US,Erstanträge auf Arbeitslosenhilfe,High,none,2026-09-17 12:30,2026-09-12,196.0,199.0,206.0,,positive
313652,840140002,continuing-jobless-claims,USD,US,Folgeanträge auf Arbeitslosenhilfe,Medium,none,2026-09-17 12:30,2026-09-05,1.73,1.772,1.774,1.769,positive
315999,124010030,new-housing-price-index-mm,CAD,CA,Neuer Immobilienpreisindex m/m,Medium,percent,2026-09-17 12:30,2026-08-01,-0.1,-0.1,-0.1,,
287308,840120003,pending-home-sales-mm,USD,US,Schwebende Hausverkäufe m/m,Medium,percent,2026-09-17 14:00,2026-08-01,0.3,0.8,-2.3,-2.6,negative
301605,840220017,10-year-tips-auction,USD,US,10-jährige TIPS Auktion,Medium,percent,2026-09-17 17:00,1970-01-01,2.653,,2.438,,
313510,554010010,trade-balance-12-months,NZD,NZ,12-monatige Handelsbilanz,Medium,currency,2026-09-17 22:45,2026-08-01,-5.442,-5.123,-5.236,-5.406,negative
284978,392030001,national-consumer-price-index-yy,JPY,JP,VPI y/y,Low,percent,2026-09-17 23:30,2026-08-01,1.9,2.1,1.9,1.9,negative
284990,392030002,national-consumer-price-index-ex-food-energy-yy,JPY,JP,VPI ex Nahrungsmittel und Energie y/y,Medium,percent,2026-09-17 23:30,2026-08-01,1.9,1.6,1.9,1.9,positive
285002,392030003,national-consumer-price-index-ex-fresh-food-yy,JPY,JP,Kern VPI y/y,Medium,percent,2026-09-17 23:30,2026-08-01,1.7,2.2,1.8,1.8,negative
264428,392060018,boj-monetary-policy-statement,JPY,JP,BoJ geldpolitischen Erklärung,Medium,none,2026-09-18 02:54,1970-01-01,,,,,
264440,392060022,boj-interest-rate-decision,JPY,JP,BoJ Zinsentscheid,High,percent,2026-09-18 02:54,1970-01-01,1.25,,1.0,,
318490,276010014,ppi-mm,EUR,DE,PPI m/m,Medium,percent,2026-09-18 06:00,2026-08-01,1.6,1.9,1.1,4.3,negative
264420,392060017,boj-press-conference,JPY,JP,BoJ Pressekonferenz,High,none,2026-09-18 06:30,1970-01-01,,,,,
319010,999010029,ecb-president-lagarde-speech,EUR,EU,EZB Präsident Lagarde spricht,High,none,2026-09-18 10:30,1970-01-01,,,,,
280468,840050011,industrial-production-mm,USD,US,Fed Industrieproduktion m/m,Medium,percent,2026-09-18 13:15,2026-08-01,0.0,0.0,0.2,,
280516,840050026,industrial-production-yy,USD,US,Fed Industrieproduktion y/y,Medium,percent,2026-09-18 13:15,2026-08-01,1.4,0.9,1.1,,positive
318738,840050025,fed-governor-bowman-speech,USD,US,Fed Governor Bowman spricht,Medium,none,2026-09-18 13:30,1970-01-01,,,,,
284695,840180001,leading-economic-index,USD,US,CB wirtschaftlicher Frühindikator m/m,Medium,percent,2026-09-18 14:00,2026-08-01,-0.1,-0.1,0.2,,
313350,840100001,baker-hughes-us-oil-rig-count,USD,US,Baker Hughes Ölplattformzählung,Medium,rig,2026-09-18 17:00,2026-09-18,452.0,,450.0,,
313351,840100002,baker-hughes-us-total-rig-count,USD,US,Baker Hughes US Gesamtzahl der Ölförderanlagen,Medium,rig,2026-09-18 17:00,2026-09-18,595.0,,591.0,,
287366,36520001,cftc-aud-non-commercial-net-positions,AUD,AU,CFTC AUD nichtkommerzielle Nettopositionen,Medium,position,2026-09-18 19:30,2026-09-15,-38.9,,-34.9,,
287507,392520001,cftc-jpy-non-commercial-net-positions,JPY,JP,CFTC JPY nichtkommerzielle Nettopositionen,Medium,position,2026-09-18 19:30,2026-09-15,120.4,,10.8,,
287742,826520001,cftc-gbp-non-commercial-net-positions,GBP,GB,CFTC GBP nichtkommerzielle Nettopositionen,Medium,position,2026-09-18 19:30,2026-09-15,-58.7,,-58.8,,
287883,840520003,cftc-gold-non-commercial-net-positions,USD,US,CFTC Gold nichtkommerzielle Nettopositionen,Medium,position,2026-09-18 19:30,2026-09-15,230.3,,232.0,,
287930,840520004,cftc-crude-oil-non-commercial-net-positions,USD,US,CFTC Rohöl nichtkommerzielle Nettopositionen,Medium,position,2026-09-18 19:30,2026-09-15,135.9,,136.6,,
287977,840520005,cftc-sp-500-non-commercial-net-positions,USD,US,CFTC Gold nichtkommerzielle Nettopositionen,Medium,position,2026-09-18 19:30,2026-09-15,-100.5,,-76.0,,
288259,840520011,cftc-nasdaq-100-non-commercial-net-positions,USD,US,CFTC Nasdaq 100 Nichtkommerzielle Nettopositionen,Medium,position,2026-09-18 19:30,2026-09-15,33.7,,20.9,,
288306,999520001,cftc-eur-non-commercial-net-positions,EUR,EU,CFTC EUR nichtkommerzielle Nettopositionen,Medium,position,2026-09-18 19:30,2026-09-15,-27.0,,-42.6,,
318832,276050008,bbk-president-nagel-speech,EUR,DE,BBk Präsident Nagel spricht,Medium,none,2026-09-20 08:30,1970-01-01,,,,,
320188,999010029,ecb-president-lagarde-speech,EUR,EU,EZB Präsident Lagarde spricht,High,none,2026-09-21 15:00,1970-01-01,,,,,
295334,554070001,westpac-mcdermott-miller-consumer-confidence,NZD,NZ,Westpac McDermott Miller Verbrauchervertrauen,Medium,none,2026-09-21 21:00,2026-07-01,89.5,84.8,80.4,,positive
320097,276050006,bbk-vice-president-balz-speech,EUR,DE,Vorstandsmitglied Balz der BBk spricht,Medium,none,2026-09-22 08:30,1970-01-01,,,,,
320189,999010029,ecb-president-lagarde-speech,EUR,EU,EZB Präsident Lagarde spricht,High,none,2026-09-22 11:00,1970-01-01,,,,,
320101,840050030,fed-governor-jefferson-speech,USD,US,Fed Gouverneur Jefferson spricht,Medium,none,2026-09-22 14:20,1970-01-01,,,,,
301587,840220010,2-year-note-auction,USD,US,2-jährige Schatzanweisung Auktion,Medium,percent,2026-09-22 17:00,1970-01-01,4.787,,,,
316208,250500001,markit-manufacturing-pmi,EUR,FR,S&P Global PMI der Hersteller,Medium,none,2026-09-23 07:15,2026-09-01,,50.9,51.1,,
316209,250500002,markit-services-pmi,EUR,FR,S&P Global PMI der Dienstleister,Medium,none,2026-09-23 07:15,2026-09-01,,49.1,48.0,,
316211,276500001,markit-manufacturing-pmi,EUR,DE,S&P Global PMI der Hersteller,Medium,none,2026-09-23 07:30,2026-09-01,,54.5,54.3,,
316212,276500002,markit-services-pmi,EUR,DE,S&P Global PMI der Dienstleister,Medium,none,2026-09-23 07:30,2026-09-01,,50.6,49.7,,
316217,999500001,markit-manufacturing-pmi,EUR,EU,S&P Global PMI der Hersteller,Medium,none,2026-09-23 08:00,2026-09-01,,53.0,52.7,,
316218,999500002,markit-services-pmi,EUR,EU,S&P Global PMI der Dienstleister,Medium,none,2026-09-23 08:00,2026-09-01,,51.1,51.6,,
316219,999500003,markit-composite-pmi,EUR,EU,S&P Global zusammengesetzter Einkaufsmanagerindex (PMI),Medium,none,2026-09-23 08:00,2026-09-01,,51.1,52.0,,
316214,826500001,markit-manufacturing-pmi,GBP,GB,S&P Global/CIPS PMI der Hersteller,Medium,none,2026-09-23 08:30,2026-09-01,,52.1,51.7,,
316215,826500002,markit-services-pmi,GBP,GB,S&P Global/CIPS PMI der Dienstleister,Medium,none,2026-09-23 08:30,2026-09-01,,53.2,52.5,,
316216,826500005,markit-composite-pmi,GBP,GB,S&P Global/CIPS Zusammengesetzter PMI,Medium,none,2026-09-23 08:30,2026-09-01,,,52.5,,
320191,999010036,ecb-supervisory-board-member-tuominen-speech,EUR,EU,Das EZB-Aufsichtsratsmitglied Tuominen spricht,Medium,none,2026-09-23 09:20,1970-01-01,,,,,
320102,840050032,fed-vice-chair-for-supervision-barr-speech,USD,US,Rede des Vizevorsitzenden für Aufsicht der Fed Barr,Medium,none,2026-09-23 14:05,1970-01-01,,,,,
312146,840200001,eia-crude-oil-stocks-change,USD,US,EIA Rohöl Änderung der Speichermenge,High,barrel,2026-09-23 14:30,2026-09-18,2.969,0.895,-0.64,,negative
312147,840200002,eia-cushing-crude-oil-stocks-change,USD,US,EIA Rohöl Änderung der Speichermengen in Cushing Oklahoma,Medium,barrel,2026-09-23 14:30,2026-09-18,2.266,-0.018,-0.342,,negative
320098,276050007,bbk-vice-president-mauderer-speech,EUR,DE,Vorstandsmitglied Mauderer der BBk spricht,Medium,none,2026-09-23 15:45,1970-01-01,,,,,
320186,999010020,ecb-executive-board-member-lane-speech,EUR,EU,ECB Vorstandsmitglied Lane spricht,Medium,none,2026-09-23 16:30,1970-01-01,,,,,
301593,840220012,5-year-note-auction,USD,US,5-jährige Schatzanweisung Auktion,Medium,percent,2026-09-23 17:00,1970-01-01,5.033,,,,
321029,392500002,nikkei-services-pmi,JPY,JP,au Jibun Bank Japan Einkaufsmanagerindex (PMI) Dienstleistungen,Medium,none,2026-09-24 00:30,2026-09-01,51.6,51.7,52.5,52.5,negative
302094,36010003,employment-change,AUD,AU,Beschäftigungsentwicklung,Medium,job,2026-09-24 01:30,2026-08-01,39.5,29.2,-15.8,-15.9,positive
302095,36010004,full-employment-change,AUD,AU,Beschäftigungsentwicklung Vollzeit,Medium,job,2026-09-24 01:30,2026-08-01,-6.3,,16.3,14.9,
302097,36010006,unemployment-rate,AUD,AU,Arbeitslosenrate,Medium,percent,2026-09-24 01:30,2026-08-01,4.6,4.5,4.5,,negative
320190,999010033,ecb-executive-board-member-schnabel-speech,EUR,EU,Das EZB-Direktoriumsmitglied Schnabel spricht,Medium,none,2026-09-24 07:15,1970-01-01,,,,,
284158,756010001,snb-interest-rate-decision,CHF,CH,SNB Zinsentscheid,High,percent,2026-09-24 07:30,1970-01-01,0.0,,0.0,,
284166,756010002,snb-monetary-policy-assessment,CHF,CH,SNB Geldpolitischer Bericht,Medium,none,2026-09-24 07:30,1970-01-01,,,,,
284159,756010001,snb-interest-rate-decision,CHF,CH,SNB Zinsentscheid,High,percent,2026-09-24 08:00,1970-01-01,0.0,,0.0,,
284167,756010002,snb-monetary-policy-assessment,CHF,CH,SNB Geldpolitischer Bericht,Medium,none,2026-09-24 08:00,1970-01-01,,,,,
314268,999010008,ecb-economic-bulletin,EUR,EU,ECB Wirtschatsbericht,Medium,none,2026-09-24 08:00,1970-01-01,,,,,
284176,756010009,snb-news-conference,CHF,CH,SNB Pressekonferenz,High,none,2026-09-24 08:30,1970-01-01,,,,,
312993,276030001,ifo-business-expectations,EUR,DE,Ifo Konjunkturperspektiven,Medium,none,2026-09-24 08:30,2026-09-01,90.4,91.2,89.1,89.0,negative
312998,276030002,ifo-current-business-situation,EUR,DE,Ifo aktuelles Geschäftsklima,Medium,none,2026-09-24 08:30,2026-09-01,89.5,88.3,88.5,,positive
313003,276030003,ifo-business-climate-indicator,EUR,DE,Ifo Geschäftsklima,Medium,none,2026-09-24 08:30,2026-09-01,89.9,88.6,88.8,,positive
320187,999010020,ecb-executive-board-member-lane-speech,EUR,EU,ECB Vorstandsmitglied Lane spricht,Medium,none,2026-09-24 09:00,1970-01-01,,,,,
319065,826020035,boe-mpc-member-dhingra-speech,GBP,GB,Rede des MPC-Mitglieds der BoE Dhingra,Medium,none,2026-09-24 09:30,1970-01-01,,,,,
278031,124010007,retail-sales-mm,CAD,CA,Einzelhandelsumsatz m/m,Medium,percent,2026-09-24 12:30,2026-07-01,-0.7,0.0,0.6,,negative
278043,124010008,core-retail-sales-mm,CAD,CA,Kern Verbraucherpreise m/m,Medium,percent,2026-09-24 12:30,2026-07-01,-0.7,0.0,0.5,,negative
287174,840010015,current-account,USD,US,Leistungsbilanz,Medium,currency,2026-09-24 12:30,2026-04-01,-246.023,-290.928,-226.828,-212.597,positive
313649,840140001,initial-jobless-claims,USD,US,Erstanträge auf Arbeitslosenhilfe,High,none,2026-09-24 12:30,2026-09-19,197.0,189.0,196.0,198.0,negative
313653,840140002,continuing-jobless-claims,USD,US,Folgeanträge auf Arbeitslosenhilfe,Medium,none,2026-09-24 12:30,2026-09-12,1.719,1.724,1.73,1.717,positive
270259,840020008,new-home-sales,USD,US,Verkäufe von Neubauten,High,none,2026-09-24 14:00,2026-08-01,0.684,0.584,0.607,0.643,positive
270271,840020009,new-home-sales-mm,USD,US,Verkäufe von Neubauten m/m,Medium,percent,2026-09-24 14:00,2026-08-01,6.4,-2.2,-10.5,-4.3,positive
301596,840220013,7-year-note-auction,USD,US,7-jährige Schatzanweisung Auktion,Medium,percent,2026-09-24 17:00,1970-01-01,5.085,,,,
300497,392060037,boj-trimmed-mean-core-cpi-yy,JPY,JP,BoJ Getrimmter mittlerer Kern-VPI y/y,Medium,percent,2026-09-25 05:00,2026-08-01,2.2,2.2,2.0,2.0,
300498,392060038,boj-weighted-median-core-cpi-yy,JPY,JP,BoJ Gewichteter Median des Kern-VPI y/y,Medium,percent,2026-09-25 05:00,2026-08-01,1.5,1.6,1.1,1.1,negative
302131,276040001,gfk-consumer-climate,EUR,DE,GfK Konsumentenklima,Medium,none,2026-09-25 06:00,2026-10-01,-30.6,-28.4,-26.6,-26.8,negative
314654,724010005,gdp-qq,EUR,ES,Bruttoinlandsprodukt q/q,Medium,percent,2026-09-25 07:00,2026-04-01,0.7,0.7,0.7,,
314656,724010006,gdp-yy,EUR,ES,Bruttoinlandsprodukt y/y,Low,percent,2026-09-25 07:00,2026-04-01,2.6,2.7,2.7,,negative
278382,999010019,ecb-households-loans-yy,EUR,EU,EZB Kredite an private Haushalte y/y,Medium,percent,2026-09-25 08:00,2026-08-01,3.1,3.0,3.1,,positive
320867,826020032,boe-governor-bailey-speech,GBP,GB,BoE Gouverneur Bailey spricht,High,none,2026-09-25 09:15,1970-01-01,,,,,
270319,840020013,durable-goods-orders,USD,US,Auftragseingänge für langlebige Güter m/m,High,percent,2026-09-25 12:30,2026-08-01,0.0,-3.4,1.1,0.9,positive
270331,840020014,durable-goods-orders-ex-transportation,USD,US,Kern Auftragseingänge langlebiger Güter m/m,Medium,percent,2026-09-25 12:30,2026-08-01,0.3,0.9,0.4,0.7,negative
268714,840210001,michigan-consumer-sentiment,USD,US,Michigan Konsumklima,Medium,none,2026-09-25 14:00,2026-09-01,48.1,47.8,47.8,,positive
268738,840210002,michigan-consumer-expectations,USD,US,Michigan Konsumentenerwartungen,Medium,none,2026-09-25 14:00,2026-09-01,46.3,45.8,45.8,,positive
268786,840210004,michigan-inflation-expectations,USD,US,Michigan Inflationserwartungen,Medium,percent,2026-09-25 14:00,2026-09-01,4.6,4.6,4.6,,
268810,840210005,michigan-5-year-inflation-expectations,USD,US,Michigan 5-jährige Inflationserwartungen,Medium,percent,2026-09-25 14:00,2026-09-01,3.4,3.4,3.4,,
314373,840100001,baker-hughes-us-oil-rig-count,USD,US,Baker Hughes Ölplattformzählung,Medium,rig,2026-09-25 17:00,2026-09-25,455.0,,452.0,,
314374,840100002,baker-hughes-us-total-rig-count,USD,US,Baker Hughes US Gesamtzahl der Ölförderanlagen,Medium,rig,2026-09-25 17:00,2026-09-25,599.0,,595.0,,
287367,36520001,cftc-aud-non-commercial-net-positions,AUD,AU,CFTC AUD nichtkommerzielle Nettopositionen,Medium,position,2026-09-25 19:30,2026-09-22,-46.8,,-38.9,,
287508,392520001,cftc-jpy-non-commercial-net-positions,JPY,JP,CFTC JPY nichtkommerzielle Nettopositionen,Medium,position,2026-09-25 19:30,2026-09-22,72.0,,120.4,,
287743,826520001,cftc-gbp-non-commercial-net-positions,GBP,GB,CFTC GBP nichtkommerzielle Nettopositionen,Medium,position,2026-09-25 19:30,2026-09-22,-82.6,,-58.7,,
287884,840520003,cftc-gold-non-commercial-net-positions,USD,US,CFTC Gold nichtkommerzielle Nettopositionen,Medium,position,2026-09-25 19:30,2026-09-22,225.9,,230.3,,
287931,840520004,cftc-crude-oil-non-commercial-net-positions,USD,US,CFTC Rohöl nichtkommerzielle Nettopositionen,Medium,position,2026-09-25 19:30,2026-09-22,141.1,,135.9,,
287978,840520005,cftc-sp-500-non-commercial-net-positions,USD,US,CFTC Gold nichtkommerzielle Nettopositionen,Medium,position,2026-09-25 19:30,2026-09-22,-133.2,,-100.5,,
288260,840520011,cftc-nasdaq-100-non-commercial-net-positions,USD,US,CFTC Nasdaq 100 Nichtkommerzielle Nettopositionen,Medium,position,2026-09-25 19:30,2026-09-22,56.2,,33.7,,
288307,999520001,cftc-eur-non-commercial-net-positions,EUR,EU,CFTC EUR nichtkommerzielle Nettopositionen,Medium,position,2026-09-25 19:30,2026-09-22,-52.3,,-27.0,,
264448,392060019,boj-monetary-policy-meeting-minutes,JPY,JP,BoJ Protokoll der geldpolitischen Sitzung,Medium,none,2026-09-27 23:50,1970-01-01,,,,,
321073,999010035,ecb-executive-board-member-elderson-speech,EUR,EU,EZB Direktoriumsmitglied Elderson spricht,Medium,none,2026-09-28 09:30,1970-01-01,,,,,
320549,826020025,boe-deputy-governor-markets-and-banking-ramsden-speech,GBP,GB,Rede des stellvertretenden Gouverneurs für Märkte und Banken der BoE Ramsden,Medium,none,2026-09-28 09:40,1970-01-01,,,,,
320275,826020025,boe-deputy-governor-markets-and-banking-ramsden-speech,GBP,GB,Rede des stellvertretenden Gouverneurs für Märkte und Banken der BoE Ramsden,Medium,none,2026-09-28 10:00,1970-01-01,,,,,
321279,840050025,fed-governor-bowman-speech,USD,US,Fed Governor Bowman spricht,Medium,none,2026-09-28 12:15,1970-01-01,,,,,
321278,999010029,ecb-president-lagarde-speech,EUR,EU,EZB Präsident Lagarde spricht,High,none,2026-09-28 13:30,1970-01-01,,,,,
321284,840050029,fed-governor-cook-speech,USD,US,Fed Gouverneur Cook spricht,Medium,none,2026-09-28 17:25,1970-01-01,,,,,
297500,250040001,jobseekers-total,EUR,FR,Arbeitssuchende Insgesamt,Medium,job,2026-09-28 22:00,2026-08-29,3081.7,3131.9,3143.0,,positive
258538,36030008,rba-interest-rate-decision,AUD,AU,RBA Zinsentscheid,High,percent,2026-09-29 01:30,1970-01-01,4.6,,4.35,,
258524,36030005,rba-rate-statement,AUD,AU,RBA Zinserklärung,Medium,none,2026-09-29 04:30,1970-01-01,,,,,
274265,756050001,kof-economic-barometer,CHF,CH,KOF Konjunkturbarometer,Medium,none,2026-09-29 07:00,2026-09-01,,,,,
282177,724010002,cpi-yy,EUR,ES,CPI y/y,Medium,percent,2026-09-29 07:00,2026-09-01,4.9,4.7,4.3,,positive
282223,724010004,hicp-yy,EUR,ES,HVPI y/y,Medium,percent,2026-09-29 07:00,2026-09-01,5.0,4.9,4.6,,positive
282270,724010009,retail-sales-yy,EUR,ES,Einzelhandelsumsatz y/y,Low,percent,2026-09-29 07:00,2026-08-01,-0.4,0.9,-0.3,,negative
283323,999040005,economic-sentiment-indicator,EUR,EU,Indikator der wirtschaftlichen Einschätzung,Medium,none,2026-09-29 09:00,2026-09-01,97.9,98.4,98.4,,negative
283359,999040007,consumer-price-expectations,EUR,EU,Verbraucherpreiserwartung,High,none,2026-09-29 09:00,2026-09-01,35.2,32.0,33.0,,positive
320954,276050007,bbk-vice-president-mauderer-speech,EUR,DE,Vorstandsmitglied Mauderer der BBk spricht,Medium,none,2026-09-29 10:00,1970-01-01,,,,,
321068,999010029,ecb-president-lagarde-speech,EUR,EU,EZB Präsident Lagarde spricht,High,none,2026-09-29 11:00,1970-01-01,,,,,
306661,124010021,gdp-mm,CAD,CA,BIP m/m,Medium,percent,2026-09-29 12:30,2026-07-01,0.0,0.0,0.3,0.4,
306668,124010035,gdp-yy,CAD,CA,Bruttoinlandsprodukt y/y,Medium,percent,2026-09-29 12:30,2026-07-01,1.4,1.3,2.0,2.1,positive
313114,840170001,sp-case-shiller-home-price-index-composite-20-yy,USD,US,S&P/CS Home Preisindex Composite-20 y/y,Medium,percent,2026-09-29 13:00,2026-07-01,,2.3,2.1,,
313115,840170002,sp-case-shiller-home-price-index-composite-20-nsa-mm,USD,US,S&P/CS Hauspreis-Index Composite-20 n.s.a. m/m,Medium,percent,2026-09-29 13:00,2026-07-01,,0.2,0.43,,
279670,840180002,consumer-confidence-index,USD,US,CB Verbrauchervertrauensindex,High,none,2026-09-29 14:00,2026-09-01,81.9,89.4,89.4,88.6,negative
289570,840030021,jolts-job-openings,USD,US,JOLTS Stellenangebote,High,job,2026-09-29 14:00,2026-08-01,7.079,7.106,7.271,7.335,negative
320868,826020033,boe-mpc-member-mann-speech,GBP,GB,BoE MPC Mitglied Mann spricht,Medium,none,2026-09-29 15:00,1970-01-01,,,,,
321280,840050025,fed-governor-bowman-speech,USD,US,Fed Governor Bowman spricht,Medium,none,2026-09-29 15:00,1970-01-01,,,,,
321288,840050032,fed-vice-chair-for-supervision-barr-speech,USD,US,Rede des Vizevorsitzenden für Aufsicht der Fed Barr,Medium,none,2026-09-29 16:40,1970-01-01,,,,,
321066,999010020,ecb-executive-board-member-lane-speech,EUR,EU,ECB Vorstandsmitglied Lane spricht,Medium,none,2026-09-29 18:00,1970-01-01,,,,,
321282,840050028,fed-governor-waller-speech,USD,US,Fed Präsident Waller spricht,Medium,none,2026-09-29 19:00,1970-01-01,,,,,
289106,392020002,retail-sales-mm,JPY,JP,Einzelhandelsumsatz m/m,High,percent,2026-09-29 23:50,2026-08-01,,0.8,2.4,,
289118,392020003,retail-sales-yy,JPY,JP,Einzelhandelsumsatz y/y,Low,percent,2026-09-29 23:50,2026-08-01,,1.0,4.0,,
289130,392020004,large-retailers-sales-yy,JPY,JP,Umsatz großer Einzelhändler y/y,Medium,percent,2026-09-29 23:50,2026-08-01,,0.4,1.4,,
289148,392020006,industrial-production-mm,JPY,JP,Industrieproduktion m/m,Medium,percent,2026-09-29 23:50,2026-08-01,,-0.5,-0.2,,
302091,36010001,building-approvals-mm,AUD,AU,Baugenehmigungen m/m,Medium,percent,2026-09-30 01:30,2026-08-01,,3.6,-3.6,,
321074,999010035,ecb-executive-board-member-elderson-speech,EUR,EU,EZB Direktoriumsmitglied Elderson spricht,Medium,none,2026-09-30 02:20,1970-01-01,,,,,
319537,276010016,retail-sales-mm,EUR,DE,Einzelhandelsumsatz m/m,Medium,percent,2026-09-30 06:00,2026-08-01,,-0.7,-3.4,,
319538,276010017,retail-sales-yy,EUR,DE,Einzelhandelsumsatz y/y,Low,percent,2026-09-30 06:00,2026-08-01,,-1.3,-2.5,,
321609,826110001,nationwide-hpi-mm,GBP,GB,Landesweiter HPI m/m,Medium,percent,2026-09-30 06:00,2026-09-01,,0.1,0.2,,
321610,826110002,nationwide-hpi-yy,GBP,GB,Landesweiter HPI y/y,Medium,percent,2026-09-30 06:00,2026-09-01,,2.1,1.6,,
309892,250010001,cpi-mm,EUR,FR,CPI m/m,Medium,percent,2026-09-30 06:45,2026-09-01,,0.4,0.7,,
309896,250010002,cpi-yy,EUR,FR,CPI y/y,Low,percent,2026-09-30 06:45,2026-09-01,,2.6,2.4,,
309900,250010003,hicp-mm,EUR,FR,HVPI m/m,Medium,percent,2026-09-30 06:45,2026-09-01,,0.5,0.7,,
309911,250010008,consumer-spending-mm,EUR,FR,Konsumausgaben m/m,Medium,percent,2026-09-30 06:45,2026-08-01,,0.0,0.5,,
204721,999010001,ecb-non-monetary-policy-meeting,EUR,EU,ECB Nicht-geldpolitische Sitzung,Medium,none,2026-09-30 07:00,1970-01-01,,,,,
229136,276060001,unemployment-change,EUR,DE,Änderung der Arbeitslosigkeit,Medium,people,2026-09-30 07:55,2026-09-01,,0.0,4.0,,
229160,276060002,unemployment-rate,EUR,DE,Arbeitslosenrate,Medium,percent,2026-09-30 07:55,2026-09-01,,6.4,6.4,,
229208,276060004,unemployment,EUR,DE,Arbeitslosenzahl,Medium,job,2026-09-30 07:55,2026-09-01,,2.992,2.996,,
281406,380010002,cpi-yy,EUR,IT,CPI y/y,Low,percent,2026-09-30 09:00,2026-09-01,,3.3,3.3,,
280408,276020003,10-year-bond-auction,EUR,DE,Auktion 10-jähriger Schuldverschreibungen,Medium,percent,2026-09-30 09:30,1970-01-01,,,3.39,,
319687,276010020,cpi-mm,EUR,DE,CPI m/m,Medium,percent,2026-09-30 12:00,2026-09-01,,0.5,0.2,,
319695,276010021,cpi-yy,EUR,DE,CPI y/y,Medium,percent,2026-09-30 12:00,2026-09-01,,2.7,2.9,,
274878,840190001,adp-nonfarm-employment-change,USD,US,ADP Änderung der außerlandwirtschaftliche Beschäftigung,High,none,2026-09-30 12:15,2026-09-01,,41.0,38.0,,
270391,840020019,goods-trade-balance,USD,US,Warenhandelsbilanz,Medium,currency,2026-09-30 12:30,2026-08-01,,-111.11,-118.806,,
270508,840020027,retail-inventories-mm,USD,US,Lagerbestände der Einzelhändler m/m,Medium,percent,2026-09-30 12:30,2026-08-01,,0.8,0.8,,
270532,840020028,retail-inventories-ex-autos-mm,USD,US,Lagerbestände der Einzelhändler exkl. Autos m/m,Medium,percent,2026-09-30 12:30,2026-08-01,,,0.8,,
282560,840010001,core-pce-price-index-mm,USD,US,Kern PCE Preisindex m/m,High,percent,2026-09-30 12:30,2026-08-01,,0.2,0.2,,
282572,840010002,core-pce-price-index-yy,USD,US,Kern PCE Preisindex y/y,High,percent,2026-09-30 12:30,2026-08-01,,3.3,3.3,,
282584,840010003,pce-price-index-mm,USD,US,PCE Preisindex m/m,Medium,percent,2026-09-30 12:30,2026-08-01,,0.0,0.2,,
282596,840010004,pce-price-index-yy,USD,US,PCE Preisindex y/y,Medium,percent,2026-09-30 12:30,2026-08-01,,4.2,3.7,,
282608,840010005,personal-spending-mm,USD,US,Privater Konsum m/m,Medium,percent,2026-09-30 12:30,2026-08-01,,0.3,0.2,,
287132,840010007,gross-domestic-product-qq,USD,US,Bruttoinlandsprodukt q/q,High,percent,2026-09-30 12:30,2026-04-01,,1.5,1.5,,
287184,840010016,real-pce-qq,USD,US,Reale PCE q/q,Medium,percent,2026-09-30 12:30,2026-04-01,,3.4,3.4,,
287203,840010018,gdp-sales-qq,USD,US,BIP Umsatz q/q,High,percent,2026-09-30 12:30,2026-04-01,,2.2,2.2,,
284172,756010003,snb-quarterly-bulletin,CHF,CH,SNB Vierteljahresbulletin,Medium,none,2026-09-30 13:00,2026-07-01,,,,,
313561,840510001,chicago-pmi,USD,US,MNI Chicago Geschäftsklima,High,none,2026-09-30 13:45,2026-09-01,,,,,
313134,840200001,eia-crude-oil-stocks-change,USD,US,EIA Rohöl Änderung der Speichermenge,High,barrel,2026-09-30 14:30,2026-09-25,,-0.701,2.969,,
313135,840200002,eia-cushing-crude-oil-stocks-change,USD,US,EIA Rohöl Änderung der Speichermengen in Cushing Oklahoma,Medium,barrel,2026-09-30 14:30,2026-09-25,,0.917,2.266,,
321071,999010033,ecb-executive-board-member-schnabel-speech,EUR,EU,Das EZB-Direktoriumsmitglied Schnabel spricht,Medium,none,2026-09-30 15:45,1970-01-01,,,,,
321285,840050029,fed-governor-cook-speech,USD,US,Fed Gouverneur Cook spricht,Medium,none,2026-09-30 19:25,1970-01-01,,,,,
264456,392060021,boj-summary-of-opinions,JPY,JP,BoJ Zusammenfassung der Meinungen,Medium,none,2026-09-30 23:50,1970-01-01,,,,,
280958,392060006,tankan-large-all-industry-capex,JPY,JP,BoJ Tankan Großindustrie Capex gesamt,Medium,percent,2026-09-30 23:50,2026-07-01,,13.8,11.5,,
280961,392060007,tankan-large-manufacturing-outlook,JPY,JP,BoJ Tankan Große Produktionsprognose,Medium,none,2026-09-30 23:50,2026-07-01,,16.0,17.0,,
280964,392060008,tankan-large-manufacturing-index,JPY,JP,BoJ Tankan Herstellungsindex großer Unternehmen,Medium,none,2026-09-30 23:50,2026-07-01,,26.0,22.0,,
280970,392060010,tankan-large-non-manufacturing-index,JPY,JP,BoJ Tankan Dienstleistungsindex großer Unternehmen,Medium,none,2026-09-30 23:50,2026-07-01,,38.0,37.0,,
265857,36030002,rba-financial-stability-review,AUD,AU,RBA Finanzstabilitätsbericht,Medium,none,2026-10-01 01:30,1970-01-01,,,,,
302114,36010011,trade-balance,AUD,AU,Handelsbilanz,Medium,currency,2026-10-01 01:30,2026-08-01,,-0.245,1.923,,
270614,756020001,cpi-mm,CHF,CH,CPI m/m,Medium,percent,2026-10-01 06:30,2026-09-01,,0.3,0.4,,
270620,756020002,cpi-yy,CHF,CH,CPI y/y,Low,percent,2026-10-01 06:30,2026-09-01,,1.0,0.8,,
318045,756020007,retail-sales-yy,CHF,CH,Einzelhandelsumsatz y/y,Low,percent,2026-10-01 06:30,2026-08-01,,1.6,2.3,,
317699,724500001,markit-manufacturing-pmi,EUR,ES,S&P Global PMI der Hersteller,Medium,none,2026-10-01 07:15,2026-09-01,,48.6,49.5,,
313538,756060001,procurech-manufacturing-pmi,CHF,CH,procure.ch PMI der Hersteller,Medium,none,2026-10-01 07:30,2026-09-01,,52.2,57.1,,
317695,380500001,markit-manufacturing-pmi,EUR,IT,S&P Global PMI der Hersteller,Medium,none,2026-10-01 07:45,2026-09-01,,51.1,49.6,,
317692,250500001,markit-manufacturing-pmi,EUR,FR,S&P Global PMI der Hersteller,Medium,none,2026-10-01 07:50,2026-09-01,,,,,
317693,276500001,markit-manufacturing-pmi,EUR,DE,S&P Global PMI der Hersteller,Medium,none,2026-10-01 07:55,2026-09-01,,,,,
281629,380010022,unemployment-rate,EUR,IT,Arbeitslosenrate,Low,percent,2026-10-01 08:00,2026-08-01,,6.0,5.8,,
317702,999500001,markit-manufacturing-pmi,EUR,EU,S&P Global PMI der Hersteller,Medium,none,2026-10-01 08:00,2026-09-01,,,,,
321355,826020032,boe-governor-bailey-speech,GBP,GB,BoE Gouverneur Bailey spricht,High,none,2026-10-01 08:00,1970-01-01,,,,,
317700,826500001,markit-manufacturing-pmi,GBP,GB,S&P Global/CIPS PMI der Hersteller,Medium,none,2026-10-01 08:30,2026-09-01,,,,,
316795,999030020,unemployment-rate,EUR,EU,Arbeitslosenrate,Medium,percent,2026-10-01 09:00,2026-08-01,,6.5,6.4,,
320276,826020033,boe-mpc-member-mann-speech,GBP,GB,BoE MPC Mitglied Mann spricht,Medium,none,2026-10-01 12:00,1970-01-01,,,,,
317674,840140001,initial-jobless-claims,USD,US,Erstanträge auf Arbeitslosenhilfe,High,none,2026-10-01 12:30,2026-09-26,,192.0,197.0,,
317679,840140002,continuing-jobless-claims,USD,US,Folgeanträge auf Arbeitslosenhilfe,Medium,none,2026-10-01 12:30,2026-09-19,,1.709,1.719,,
321357,826020034,boe-mpc-member-pill-speech,GBP,GB,BoE MPC Mitglied Pill spricht,Medium,none,2026-10-01 12:30,1970-01-01,,,,,
321069,999010029,ecb-president-lagarde-speech,EUR,EU,EZB Präsident Lagarde spricht,High,none,2026-10-01 13:30,1970-01-01,,,,,
317701,840500001,markit-manufacturing-pmi,USD,US,S&P Global PMI der Hersteller,High,none,2026-10-01 13:45,2026-09-01,,52.6,53.9,,
321070,999010029,ecb-president-lagarde-speech,EUR,EU,EZB Präsident Lagarde spricht,High,none,2026-10-01 13:45,1970-01-01,,,,,
237137,840040001,ism-manufacturing-pmi,USD,US,ISM Einkaufsmanagerindex Hersteller PMI,High,none,2026-10-01 14:00,2026-09-01,,56.0,54.6,,
237151,840040002,ism-prices-paid,USD,US,ISM bezahlte Herstellerpreise,High,none,2026-10-01 14:00,2026-09-01,,76.3,71.1,,
237178,840040004,ism-manufacturing-employment,USD,US,ISM Verarbeitendes Gewerbe Beschäftigung,Medium,none,2026-10-01 14:00,2026-09-01,,52.0,51.2,,
270176,840020002,construction-spending-mm,USD,US,Bauinvestitionen m/m,Medium,percent,2026-10-01 14:00,2026-08-01,,-0.3,-0.5,,
321283,840050028,fed-governor-waller-speech,USD,US,Fed Präsident Waller spricht,Medium,none,2026-10-01 14:00,1970-01-01,,,,,
321072,999010033,ecb-executive-board-member-schnabel-speech,EUR,EU,Das EZB-Direktoriumsmitglied Schnabel spricht,Medium,none,2026-10-01 15:30,1970-01-01,,,,,
321287,840050030,fed-governor-jefferson-speech,USD,US,Fed Gouverneur Jefferson spricht,Medium,none,2026-10-01 17:30,1970-01-01,,,,,
321281,840050025,fed-governor-bowman-speech,USD,US,Fed Governor Bowman spricht,Medium,none,2026-10-01 19:00,1970-01-01,,,,,
321286,840050029,fed-governor-cook-speech,USD,US,Fed Gouverneur Cook spricht,Medium,none,2026-10-01 19:30,1970-01-01,,,,,
285026,392030005,tokyo-consumer-price-index-ex-food-energy-yy,JPY,JP,Tokyo VPI ex Nahrungsmittel und Energie y/y,High,percent,2026-10-01 23:30,2026-09-01,,2.3,2.0,,
285038,392030006,tokyo-consumer-price-index-ex-fresh-food-yy,JPY,JP,Tokyo Kern VPI y/y,Medium,percent,2026-10-01 23:30,2026-09-01,,1.9,1.8,,
285739,392030007,unemployment-rate,JPY,JP,Arbeitslosenrate,Low,percent,2026-10-01 23:30,2026-08-01,,2.4,2.4,,
285754,392050002,jobs-to-applicants-ratio,JPY,JP,Verhältnis von offenen Stellen zu Bewerbern,Low,none,2026-10-01 23:30,2026-08-01,,1.19,1.18,,
286728,724050001,unemployment-change,EUR,ES,Änderung der Arbeitslosigkeit,Medium,people,2026-10-02 07:00,2026-09-01,,6.847,44.419,,
281547,380010014,retail-sales-mm,EUR,IT,Einzelhandelsumsatz m/m,Low,percent,2026-10-02 08:00,2026-08-01,,0.4,-0.4,,
281558,380010015,retail-sales-yy,EUR,IT,Einzelhandelsumsatz y/y,Low,percent,2026-10-02 08:00,2026-08-01,,1.9,0.8,,
316792,999030011,consumer-price-index-mm,EUR,EU,CPI m/m,Medium,percent,2026-10-02 09:00,2026-09-01,,4.2,0.4,,
316793,999030012,consumer-price-index-ex-food-energy-yy,EUR,EU,Kern CPI y/y,Medium,percent,2026-10-02 09:00,2026-09-01,,2.4,2.4,,
316794,999030013,consumer-price-index-yy,EUR,EU,CPI y/y,High,percent,2026-10-02 09:00,2026-09-01,,3.0,3.2,,
316799,999030027,core-consumer-price-index,EUR,EU,Kern VPI,Medium,none,2026-10-02 09:00,2026-09-01,,,103.06,,
277612,840030015,unemployment-rate,USD,US,Arbeitslosenrate,High,percent,2026-10-02 12:30,2026-09-01,,4.1,4.1,,
277624,840030016,nonfarm-payrolls,USD,US,Beschäftigung außerhalb der Landwirtschaft,High,job,2026-10-02 12:30,2026-09-01,,52.0,162.0,,
277636,840030017,labor-force-participation-rate,USD,US,Erwerbsquote,Medium,percent,2026-10-02 12:30,2026-09-01,,61.7,61.6,,
277648,840030018,average-hourly-earnings-mm,USD,US,Durchschnittliche Stundenlöhne m/m,High,percent,2026-10-02 12:30,2026-09-01,,0.3,0.3,,
277660,840030019,average-hourly-earnings-yy,USD,US,Durchschnittlicher Wochenverdienst y/y,Medium,percent,2026-10-02 12:30,2026-09-01,,3.3,3.1,,
277696,840030023,private-nonfarm-payrolls,USD,US,Beschäftigung außerhalb der Landwirtschaft,Medium,job,2026-10-02 12:30,2026-09-01,,49.0,127.0,,
277708,840030024,u6-unemployment-rate,USD,US,U6 Arbeitslosenrate,Medium,percent,2026-10-02 12:30,2026-09-01,,7.5,7.7,,
270188,840020003,factory-orders,USD,US,Auftragseingänge der Hersteller m/m,Medium,percent,2026-10-02 14:00,2026-08-01,,-0.2,0.9,,
315318,840100001,baker-hughes-us-oil-rig-count,USD,US,Baker Hughes Ölplattformzählung,Medium,rig,2026-10-02 17:00,2026-10-02,,,455.0,,
315319,840100002,baker-hughes-us-total-rig-count,USD,US,Baker Hughes US Gesamtzahl der Ölförderanlagen,Medium,rig,2026-10-02 17:00,2026-10-02,,,599.0,,
287368,36520001,cftc-aud-non-commercial-net-positions,AUD,AU,CFTC AUD nichtkommerzielle Nettopositionen,Medium,position,2026-10-02 19:30,2026-09-29,,,-46.8,,
287509,392520001,cftc-jpy-non-commercial-net-positions,JPY,JP,CFTC JPY nichtkommerzielle Nettopositionen,Medium,position,2026-10-02 19:30,2026-09-29,,,72.0,,
287744,826520001,cftc-gbp-non-commercial-net-positions,GBP,GB,CFTC GBP nichtkommerzielle Nettopositionen,Medium,position,2026-10-02 19:30,2026-09-29,,,-82.6,,
287885,840520003,cftc-gold-non-commercial-net-positions,USD,US,CFTC Gold nichtkommerzielle Nettopositionen,Medium,position,2026-10-02 19:30,2026-09-29,,,225.9,,
287932,840520004,cftc-crude-oil-non-commercial-net-positions,USD,US,CFTC Rohöl nichtkommerzielle Nettopositionen,Medium,position,2026-10-02 19:30,2026-09-29,,,141.1,,
287979,840520005,cftc-sp-500-non-commercial-net-positions,USD,US,CFTC Gold nichtkommerzielle Nettopositionen,Medium,position,2026-10-02 19:30,2026-09-29,,,-133.2,,
288261,840520011,cftc-nasdaq-100-non-commercial-net-positions,USD,US,CFTC Nasdaq 100 Nichtkommerzielle Nettopositionen,Medium,position,2026-10-02 19:30,2026-09-29,,,56.2,,
288308,999520001,cftc-eur-non-commercial-net-positions,EUR,EU,CFTC EUR nichtkommerzielle Nettopositionen,Medium,position,2026-10-02 19:30,2026-09-29,,,-52.3,,
318159,36500002,commonwealth-bank-services-pmi,AUD,AU,S&P Global PMI der Dienstleister,Medium,none,2026-10-04 22:00,2026-09-01,,51.9,53.2,,
318160,36500003,commonwealth-bank-composite-pmi,AUD,AU,S&P Global zusammengesetzter Einkaufsmanagerindex (PMI),Medium,none,2026-10-04 22:00,2026-09-01,,,52.7,,
318234,392500002,nikkei-services-pmi,JPY,JP,au Jibun Bank Japan Einkaufsmanagerindex (PMI) Dienstleistungen,Medium,none,2026-10-05 00:30,2026-09-01,,51.6,51.6,,
318238,724500002,markit-services-pmi,EUR,ES,S&P Global PMI der Dienstleister,Medium,none,2026-10-05 07:15,2026-09-01,,57.1,57.8,,
318239,724500003,markit-composite-pmi,EUR,ES,S&P Global zusammengesetzter Einkaufsmanagerindex (PMI),Medium,none,2026-10-05 07:15,2026-09-01,,,55.8,,
318232,380500002,markit-services-pmi,EUR,IT,S&P Global PMI der Dienstleister,Medium,none,2026-10-05 07:45,2026-09-01,,54.1,55.2,,
318228,250500002,markit-services-pmi,EUR,FR,S&P Global PMI der Dienstleister,Medium,none,2026-10-05 07:50,2026-09-01,,,,,
318230,276500002,markit-services-pmi,EUR,DE,S&P Global PMI der Dienstleister,Medium,none,2026-10-05 07:55,2026-09-01,,,,,
318244,999500002,markit-services-pmi,EUR,EU,S&P Global PMI der Dienstleister,Medium,none,2026-10-05 08:00,2026-09-01,,,,,
318245,999500003,markit-composite-pmi,EUR,EU,S&P Global zusammengesetzter Einkaufsmanagerindex (PMI),Medium,none,2026-10-05 08:00,2026-09-01,,,,,
318240,826500002,markit-services-pmi,GBP,GB,S&P Global/CIPS PMI der Dienstleister,Medium,none,2026-10-05 08:30,2026-09-01,,,,,
318241,826500005,markit-composite-pmi,GBP,GB,S&P Global/CIPS Zusammengesetzter PMI,Medium,none,2026-10-05 08:30,2026-09-01,,,,,
318242,840500002,markit-services-pmi,USD,US,S&P Global PMI der Dienstleister,High,none,2026-10-05 13:45,2026-09-01,,58.0,56.5,,
318243,840500003,markit-composite-pmi,USD,US,S&P Global zusammengesetzter Einkaufsmanagerindex (PMI),Medium,none,2026-10-05 13:45,2026-09-01,,56.8,56.0,,
283028,840040003,ism-non-manufacturing-pmi,USD,US,ISM Dienstleistungen PMI,High,none,2026-10-05 14:00,2026-09-01,,54.7,55.4,,
283040,840040005,ism-non-manufacturing-employment,USD,US,ISM Nicht-verarbeitendes Gewerbe Beschäftigung,Medium,none,2026-10-05 14:00,2026-09-01,,48.3,47.8,,
283058,840040008,ism-non-manufacturing-prices,USD,US,ISM Nicht-verarbeitendes Gewerbe bezahlte Preise,High,none,2026-10-05 14:00,2026-09-01,,76.9,72.6,,
317469,392070009,10-year-jgb-auction,JPY,JP,10-jährige JGB Auktion,Medium,percent,2026-10-06 03:35,1970-01-01,,,2.995,,
279541,756040003,unemployment-rate,CHF,CH,Arbeitslosenrate,Low,percent,2026-10-06 05:45,2026-09-01,,3.1,3.1,,
319677,276010018,factory-orders-mm,EUR,DE,Auftragseingänge der Hersteller m/m,Medium,percent,2026-10-06 06:00,2026-08-01,,3.7,2.5,,
319682,276010019,factory-orders-yy,EUR,DE,Auftragseingänge y/y,Medium,percent,2026-10-06 06:00,2026-08-01,,17.7,13.1,,
321356,826020033,boe-mpc-member-mann-speech,GBP,GB,BoE MPC Mitglied Mann spricht,Medium,none,2026-10-06 08:30,1970-01-01,,,,,
318246,999030003,retail-sales-mm,EUR,EU,Einzelhandelsumsatz m/m,Low,percent,2026-10-06 09:00,2026-08-01,,-0.1,-0.6,,
318247,999030004,retail-sales-yy,EUR,EU,Einzelhandelsumsatz y/y,Low,percent,2026-10-06 09:00,2026-08-01,,1.2,0.6,,
270164,840020001,trade-balance,USD,US,Handelsbilanz,Medium,currency,2026-10-06 12:30,2026-08-01,,-81.515,-88.576,,
270452,840020023,exports,USD,US,Exporte,Medium,currency,2026-10-06 12:30,2026-08-01,,,310.723,,
270464,840020024,imports,USD,US,Importe,Medium,currency,2026-10-06 12:30,2026-08-01,,,399.299,,
278154,124010018,trade-balance,CAD,CA,Handelsbilanz,Medium,currency,2026-10-06 12:30,2026-08-01,,-2.971,0.769,,
315180,124020001,ivey-pmi,CAD,CA,Ivey PMI,Medium,none,2026-10-06 14:00,2026-09-01,,56.2,64.3,,
315185,124020002,ivey-pmi-nsa,CAD,CA,Ivey PMI n.s.a.,Medium,none,2026-10-06 14:00,2026-09-01,,,62.7,,
248269,840200012,eia-short-term-energy-outlook,USD,US,EIA Kurzfristiger Energie-Ausblick,Medium,none,2026-10-06 16:00,2026-10-01,,,,,
301591,840220011,3-year-note-auction,USD,US,3-jährige Schatzanweisung Auktion,Medium,percent,2026-10-06 17:00,1970-01-01,,,4.474,,
289309,36020004,ai-group-industry-index,AUD,AU,Ai Group Herstellerindex,Medium,none,2026-10-06 22:00,2026-09-01,,,-3.5,,
319649,276010010,industrial-production-mm,EUR,DE,Industrieproduktion m/m,Medium,percent,2026-10-07 06:00,2026-08-01,,0.0,-1.1,,
314173,840200001,eia-crude-oil-stocks-change,USD,US,EIA Rohöl Änderung der Speichermenge,High,barrel,2026-10-07 14:30,2026-10-02,,,,,
314174,840200002,eia-cushing-crude-oil-stocks-change,USD,US,EIA Rohöl Änderung der Speichermengen in Cushing Oklahoma,Medium,barrel,2026-10-07 14:30,2026-10-02,,,,,
301600,840220014,10-year-note-auction,USD,US,10-jährige Schatzanweisung Auktion,High,percent,2026-10-07 17:00,1970-01-01,,,4.834,,
237377,840050004,fomc-minutes,USD,US,FOMC Protokoll,Medium,none,2026-10-07 18:00,1970-01-01,,,,,
280493,840050013,consumer-credit-mm,USD,US,Fed Verbraucherkredite,Medium,currency,2026-10-07 19:00,2026-08-01,,10.79,18.06,,
302734,392070005,current-account-nsa,JPY,JP,Leistungsbilanz n.s.a.,Medium,currency,2026-10-07 23:50,2026-08-01,,4482.2,2988.9,,
302736,392070008,adjusted-current-account,JPY,JP,Bereinigte Leistungsbilanz,Medium,currency,2026-10-07 23:50,2026-08-01,,3139.2,2523.1,,
319640,276010007,trade-balance,EUR,DE,Handelsbilanz,Medium,currency,2026-10-08 06:00,2026-08-01,,16.8,21.3,,
283827,826020023,boe-credit-conditions-survey,GBP,GB,BoE Umfrage zu den Kreditbedingungen,Medium,none,2026-10-08 08:30,1970-01-01,,,,,
283831,826020024,boe-bank-liabilities-survey,GBP,GB,BoE Umfrage zu den Bankverbindlichkeiten,Medium,none,2026-10-08 08:30,1970-01-01,,,,,
316681,999010002,ecb-monetary-policy-meeting-accounts,EUR,EU,ECB Geldpolitische Sitzung,Medium,none,2026-10-08 11:30,1970-01-01,,,,,
317675,840140001,initial-jobless-claims,USD,US,Erstanträge auf Arbeitslosenhilfe,High,none,2026-10-08 12:30,2026-10-03,,,,,
317680,840140002,continuing-jobless-claims,USD,US,Folgeanträge auf Arbeitslosenhilfe,Medium,none,2026-10-08 12:30,2026-09-26,,,,,
301603,840220015,30-year-bond-auction,USD,US,30-jährige Schuldverschreibung Auktion,High,percent,2026-10-08 17:00,1970-01-01,,,5.308,,
286749,392030008,household-spending-yy,JPY,JP,Ausgaben der Privathaushalte y/y,Medium,percent,2026-10-08 23:30,2026-08-01,,-2.1,-3.6,,
286761,392030009,household-spending-mm,JPY,JP,Haushalte Ausgaben m/m,Medium,percent,2026-10-08 23:30,2026-08-01,,4.6,0.5,,
278064,124010011,employment-change,CAD,CA,Beschäftigungsentwicklung,Medium,job,2026-10-09 12:30,2026-09-01,,-0.7,-41.7,,
278100,124010014,unemployment-rate,CAD,CA,Arbeitslosenrate,Medium,percent,2026-10-09 12:30,2026-09-01,,6.3,6.4,,
268715,840210001,michigan-consumer-sentiment,USD,US,Michigan Konsumklima,Medium,none,2026-10-09 14:00,2026-10-01,,44.7,48.1,,
268739,840210002,michigan-consumer-expectations,USD,US,Michigan Konsumentenerwartungen,Medium,none,2026-10-09 14:00,2026-10-01,,42.6,46.3,,
268787,840210004,michigan-inflation-expectations,USD,US,Michigan Inflationserwartungen,Medium,percent,2026-10-09 14:00,2026-10-01,,4.3,4.6,,
268811,840210005,michigan-5-year-inflation-expectations,USD,US,Michigan 5-jährige Inflationserwartungen,Medium,percent,2026-10-09 14:00,2026-10-01,,3.3,3.4,,
293060,840320001,wasde-report,USD,US,WASDE Bericht,Medium,none,2026-10-09 16:00,1970-01-01,,,,,
316029,840100001,baker-hughes-us-oil-rig-count,USD,US,Baker Hughes Ölplattformzählung,Medium,rig,2026-10-09 17:00,2026-10-09,,,,,
316030,840100002,baker-hughes-us-total-rig-count,USD,US,Baker Hughes US Gesamtzahl der Ölförderanlagen,Medium,rig,2026-10-09 17:00,2026-10-09,,,,,
287369,36520001,cftc-aud-non-commercial-net-positions,AUD,AU,CFTC AUD nichtkommerzielle Nettopositionen,Medium,position,2026-10-09 19:30,2026-10-06,,,,,
287510,392520001,cftc-jpy-non-commercial-net-positions,JPY,JP,CFTC JPY nichtkommerzielle Nettopositionen,Medium,position,2026-10-09 19:30,2026-10-06,,,,,
287745,826520001,cftc-gbp-non-commercial-net-positions,GBP,GB,CFTC GBP nichtkommerzielle Nettopositionen,Medium,position,2026-10-09 19:30,2026-10-06,,,,,
287886,840520003,cftc-gold-non-commercial-net-positions,USD,US,CFTC Gold nichtkommerzielle Nettopositionen,Medium,position,2026-10-09 19:30,2026-10-06,,,,,
287933,840520004,cftc-crude-oil-non-commercial-net-positions,USD,US,CFTC Rohöl nichtkommerzielle Nettopositionen,Medium,position,2026-10-09 19:30,2026-10-06,,,,,
287980,840520005,cftc-sp-500-non-commercial-net-positions,USD,US,CFTC Gold nichtkommerzielle Nettopositionen,Medium,position,2026-10-09 19:30,2026-10-06,,,,,
288262,840520011,cftc-nasdaq-100-non-commercial-net-positions,USD,US,CFTC Nasdaq 100 Nichtkommerzielle Nettopositionen,Medium,position,2026-10-09 19:30,2026-10-06,,,,,
288309,999520001,cftc-eur-non-commercial-net-positions,EUR,EU,CFTC EUR nichtkommerzielle Nettopositionen,Medium,position,2026-10-09 19:30,2026-10-06,,,,,
319688,276010020,cpi-mm,EUR,DE,CPI m/m,Medium,percent,2026-10-13 06:00,2026-09-01,,,,,
319696,276010021,cpi-yy,EUR,DE,CPI y/y,Medium,percent,2026-10-13 06:00,2026-09-01,,,,,
287287,840120001,existing-home-sales,USD,US,Tatsächliche Hausverkäufe,High,none,2026-10-13 14:00,2026-09-01,,4.02,3.98,,
287298,840120002,existing-home-sales-mm,USD,US,Tatsächliche Hausverkäufe m/m,Medium,percent,2026-10-13 14:00,2026-09-01,,-2.4,-2.0,,
272954,840150001,federal-budget-balance,USD,US,Staatshaushalt,Medium,currency,2026-10-13 18:00,2026-09-01,,386.1,-166.8,,
281032,392060040,boj-l-money-stock-yy,JPY,JP,BoJ L Geldmenge y/y,High,percent,2026-10-13 23:50,2026-09-01,,4.2,4.4,,
282178,724010002,cpi-yy,EUR,ES,CPI y/y,Medium,percent,2026-10-14 07:00,2026-09-01,,4.9,4.9,,
282224,724010004,hicp-yy,EUR,ES,HVPI y/y,Medium,percent,2026-10-14 07:00,2026-09-01,,5.0,5.0,,
277492,840030005,consumer-price-index-mm,USD,US,CPI m/m,High,percent,2026-10-14 12:30,2026-09-01,,0.6,0.4,,
277504,840030006,consumer-price-index-ex-food-energy-mm,USD,US,Kern-CPI m/m,High,percent,2026-10-14 12:30,2026-09-01,,0.2,0.3,,
277516,840030007,consumer-price-index-yy,USD,US,CPI y/y,High,percent,2026-10-14 12:30,2026-09-01,,3.5,3.4,,
277528,840030008,consumer-price-index-ex-food-energy-yy,USD,US,Kern CPI y/y,Medium,percent,2026-10-14 12:30,2026-09-01,,2.3,2.4,,
277796,840030034,consumer-price-index-ex-food-energy-nsa-mm,USD,US,Kern-VPI n.s.b. m/m,High,percent,2026-10-14 12:30,2026-09-01,,,0.3,,
277808,840030035,consumer-price-index,USD,US,CPI,High,none,2026-10-14 12:30,2026-09-01,,334.918,334.131,,
277968,124010001,building-permits-mm,CAD,CA,Baugenehmigungen m/m,Medium,percent,2026-10-14 12:30,2026-08-01,,-13.0,-17.3,,
280292,840050001,fed-beige-book,USD,US,Fed Beige Book,Medium,none,2026-10-14 18:00,1970-01-01,,,,,
302108,36010003,employment-change,AUD,AU,Beschäftigungsentwicklung,Medium,job,2026-10-15 00:30,2026-09-01,,14.0,39.5,,
302109,36010004,full-employment-change,AUD,AU,Beschäftigungsentwicklung Vollzeit,Medium,job,2026-10-15 00:30,2026-09-01,,,-6.3,,
302111,36010006,unemployment-rate,AUD,AU,Arbeitslosenrate,Medium,percent,2026-10-15 00:30,2026-09-01,,4.6,4.6,,
289149,392020006,industrial-production-mm,JPY,JP,Industrieproduktion m/m,Medium,percent,2026-10-15 04:30,2026-08-01,,,,,
321567,826010025,industrial-production-mm,GBP,GB,Industrieproduktion m/m,Medium,percent,2026-10-15 06:00,2026-08-01,,-0.1,-0.2,,
321569,826010027,manufacturing-production-mm,GBP,GB,Industrieproduktion m/m,Medium,percent,2026-10-15 06:00,2026-08-01,,-0.2,-0.5,,
321571,826010029,trade-balance,GBP,GB,Handelsbilanz,Medium,currency,2026-10-15 06:00,2026-08-01,,-22.037,-23.007,,
321572,826010030,trade-balance-non-eu,GBP,GB,Handelsbilanz Non-EU,Medium,currency,2026-10-15 06:00,2026-08-01,,-4.324,-10.448,,
321586,826010039,gdp-mm,GBP,GB,BIP m/m,High,percent,2026-10-15 06:00,2026-08-01,,0.0,0.3,,
321587,826010040,gdp-3m3m,GBP,GB,BIP 3m/3m,Medium,percent,2026-10-15 06:00,2026-08-01,,,0.4,,
309893,250010001,cpi-mm,EUR,FR,CPI m/m,Medium,percent,2026-10-15 06:45,2026-09-01,,,,,
309897,250010002,cpi-yy,EUR,FR,CPI y/y,Low,percent,2026-10-15 06:45,2026-09-01,,,,,
309901,250010003,hicp-mm,EUR,FR,HVPI m/m,Medium,percent,2026-10-15 06:45,2026-09-01,,,,,
319078,999030007,industrial-production-mm,EUR,EU,Industrieproduktion m/m,Medium,percent,2026-10-15 09:00,2026-08-01,,-0.3,-0.1,,
270284,840020010,retail-sales-mm,USD,US,Einzelhandelsumsatz m/m,High,percent,2026-10-15 12:30,2026-09-01,,1.2,1.2,,
270296,840020011,retail-sales-ex-autos-mm,USD,US,Kern Verbraucherpreise m/m,High,percent,2026-10-15 12:30,2026-09-01,,0.6,1.4,,
270308,840020012,retail-control-mm,USD,US,Einzelhandelsumsätze m/m,Medium,percent,2026-10-15 12:30,2026-09-01,,0.5,1.4,,
270476,840020025,retail-sales-yy,USD,US,Einzelhandelsumsatz y/y,Low,percent,2026-10-15 12:30,2026-09-01,,7.4,6.0,,
277444,840030001,producer-price-index-mm,USD,US,PPI m/m,High,percent,2026-10-15 12:30,2026-09-01,,0.0,0.4,,
277456,840030002,producer-price-index-ex-food-energy-mm,USD,US,Kern PPI m/m,Medium,percent,2026-10-15 12:30,2026-09-01,,0.4,0.2,,
278263,124010031,wholesale-trade-mm,CAD,CA,Großhandel m/m,Medium,percent,2026-10-15 12:30,2026-08-01,,0.3,0.3,,
287216,840070001,philadelphia-fed-manufacturing-index,USD,US,Philadelphia Fed Index der Unternehmer,High,none,2026-10-15 12:30,2026-10-01,,33.5,37.8,,
287228,840070002,philadelphia-fed-employment,USD,US,Philadelphia Fed Beschäftigung,Medium,none,2026-10-15 12:30,2026-10-01,,5.2,11.8,,
317604,840230001,ny-empire-state-manufacturing-index,USD,US,NY Empire-State-Index des verarbeitenden Gewerbes,Medium,none,2026-10-15 12:30,2026-10-01,,13.9,7.6,,
317676,840140001,initial-jobless-claims,USD,US,Erstanträge auf Arbeitslosenhilfe,High,none,2026-10-15 12:30,2026-10-10,,,,,
317681,840140002,continuing-jobless-claims,USD,US,Folgeanträge auf Arbeitslosenhilfe,Medium,none,2026-10-15 12:30,2026-10-03,,,,,
270248,840020007,business-inventories-mm,USD,US,Lagerbestände der Hersteller Einzel- und Großhändler m/m,Medium,percent,2026-10-15 14:00,2026-08-01,,1.1,0.8,,
270509,840020027,retail-inventories-mm,USD,US,Lagerbestände der Einzelhändler m/m,Medium,percent,2026-10-15 14:00,2026-08-01,,,,,
270533,840020028,retail-inventories-ex-autos-mm,USD,US,Lagerbestände der Einzelhändler exkl. Autos m/m,Medium,percent,2026-10-15 14:00,2026-08-01,,,,,
314973,840200001,eia-crude-oil-stocks-change,USD,US,EIA Rohöl Änderung der Speichermenge,High,barrel,2026-10-15 16:00,2026-10-09,,,,,
314974,840200002,eia-cushing-crude-oil-stocks-change,USD,US,EIA Rohöl Änderung der Speichermengen in Cushing Oklahoma,Medium,barrel,2026-10-15 16:00,2026-10-09,,,,,
313564,554060001,businessnz-manufacturing-index,NZD,NZ,BusinessNZ Herstellerindex,Medium,none,2026-10-15 21:30,2026-09-01,,,,,
317170,554010001,electronic-card-retail-sales-mm,NZD,NZ,Electronic Card Einzelhandelsumsatz m/m,Medium,percent,2026-10-15 21:45,2026-09-01,,1.3,-0.9,,
