date,open,high,low,close
2006-07-17,213.03,214.64,212.59,214.14
2006-07-18,214.11,215.36,213.86,215.26
2006-07-19,215.27,216.45,214.94,216.25
2006-07-20,216.29,216.33,214.94,216.08
2006-07-23,216.11,216.35,215.65,215.89
2006-07-24,215.92,216.2,215.44,215.64
2006-07-25,215.63,216.11,214.74,215.74
2006-07-26,215.76,215.77,214.92,215.06
2006-07-27,215.0,215.16,213.53,213.94
2006-07-30,213.75,214.37,212.95,213.9
2006-07-31,213.89,215.23,213.58,214.87
2006-08-01,214.88,215.37,214.34,215.13
2006-08-02,215.09,217.37,214.96,217.07
2006-08-03,217.08,219.02,216.88,218.82
2006-08-06,217.92,219.7,217.76,219.22
2006-08-07,219.15,220.01,219.0,219.59
2006-08-08,219.6,220.1,219.19,219.78
2006-08-09,219.87,219.91,218.04,218.12
2006-08-10,218.15,220.24,218.14,219.54
2006-08-13,219.91,220.5,219.83,220.16
2006-08-14,220.17,220.49,219.58,219.65
2006-08-15,219.65,220.23,219.26,219.69
2006-08-16,219.67,219.67,218.38,218.5
2006-08-17,218.5,218.86,217.46,217.84
2006-08-20,217.82,219.78,217.72,219.33
2006-08-21,219.35,220.3,219.2,220.02
2006-08-22,220.02,220.73,219.47,220.15
2006-08-23,220.12,220.45,219.7,219.77
2006-08-24,219.79,221.54,219.68,221.21
2006-08-27,221.32,222.33,221.16,222.0
2006-08-28,222.03,222.08,220.97,221.65
2006-08-29,221.68,223.19,221.53,222.9
2006-08-30,222.9,223.81,222.74,223.31
2006-08-31,223.29,223.56,222.32,222.97
2006-09-03,222.98,223.04,220.71,221.29
2006-09-04,221.3,221.31,219.37,220.09
2006-09-05,220.09,220.63,219.27,219.79
2006-09-06,219.79,220.31,217.64,218.35
2006-09-07,218.35,218.46,217.44,218.17
2006-09-10,218.23,219.5,217.58,219.32
2006-09-11,219.33,221.2,219.21,220.9
2006-09-12,220.94,221.05,220.22,220.51
2006-09-13,220.54,222.06,220.32,221.72
2006-09-14,221.69,222.08,220.39,221.01
2006-09-17,221.04,222.24,221.0,221.72
2006-09-18,221.69,222.17,220.8,221.28
2006-09-19,221.3,221.88,220.26,221.63
2006-09-20,221.61,221.98,221.07,221.33
2006-09-21,221.28,221.89,220.92,221.89
2006-09-24,221.55,222.06,221.07,221.34
2006-09-25,221.32,222.17,220.43,221.94
2006-09-26,221.96,222.0,221.04,221.87
2006-09-27,221.85,222.14,220.66,220.91
2006-09-28,220.87,221.27,219.93,220.9
2006-10-01,220.92,222.11,220.83,221.98
2006-10-02,221.98,222.85,221.63,222.63
2006-10-03,222.65,222.77,221.9,222.22
2006-10-04,222.23,222.32,220.44,221.34
2006-10-05,221.36,222.69,221.09,222.2
2006-10-08,222.39,223.07,222.0,222.19
2006-10-09,222.19,222.56,221.73,221.8
2006-10-10,221.79,222.14,221.53,222.09
2006-10-11,222.08,222.32,221.67,221.93
2006-10-12,221.9,222.37,221.62,221.87
2006-10-15,222.07,222.18,221.37,221.51
2006-10-16,221.52,222.53,221.29,221.94
2006-10-17,221.98,222.54,221.61,222.1
2006-10-18,222.09,222.26,221.46,221.99
2006-10-19,221.98,223.8,221.93,223.5
2006-10-22,223.35,223.64,223.02,223.44
2006-10-23,223.46,223.77,223.17,223.58
2006-10-24,223.63,223.75,223.29,223.48
2006-10-25,223.47,224.04,223.29,223.75
2006-10-26,223.74,224.3,222.68,223.2
2006-10-30,222.88,223.51,222.42,223.41
2006-10-31,223.37,223.97,222.61,222.86
2006-11-01,222.9,223.63,222.8,223.56
2006-11-02,223.56,223.73,222.72,223.41
2006-11-03,223.45,224.53,223.22,224.41
2006-11-06,224.24,224.65,224.17,224.31
2006-11-07,224.31,224.63,224.01,224.07
2006-11-08,224.06,224.56,224.0,224.42
2006-11-09,224.4,225.24,224.35,224.61
2006-11-10,224.57,225.0,224.22,224.43
2006-11-13,224.65,224.76,224.06,224.02
2006-11-14,223.98,224.3,222.66,223.04
2006-11-15,223.04,223.45,222.5,222.7
2006-11-16,222.68,223.37,222.56,223.24
2006-11-17,223.22,223.38,222.7,223.07
2006-11-20,223.21,224.18,223.12,223.97
2006-11-21,223.96,224.24,223.69,223.81
2006-11-22,223.83,223.94,223.01,223.52
2006-11-23,223.83,223.9,222.34,222.76
2006-11-24,222.74,224.17,222.67,223.87
2006-11-27,224.0,225.01,223.955,225.02
2006-11-28,225.01,226.93,224.75,226.67
2006-11-29,226.65,227.06,225.72,226.5
2006-11-30,226.51,227.79,226.22,227.46
2006-12-01,227.43,228.97,227.18,228.38
2006-12-04,228.22,228.94,228.0,228.5
2006-12-05,228.5,228.5,226.345,226.81
2006-12-06,226.825,226.84,225.73,226.74
2006-12-07,226.7,226.74,225.89,225.98
2006-12-08,226.04,227.72,225.97,227.2
2006-12-11,227.07,229.0,226.94,228.84
2006-12-12,228.83,230.28,228.79,230.03
2006-12-13,230.03,231.325,230.03,230.98
2006-12-14,230.96,231.33,230.7,231.065
2006-12-15,231.17,231.74,229.515,230.85
2006-12-18,230.48,230.85,229.45,229.94
2006-12-19,229.95,232.64,229.67,232.56
2006-12-20,232.595,233.21,232.4,232.53
2006-12-21,232.52,232.97,231.57,232.01
2006-12-22,232.0,232.93,231.99,232.68
2006-12-25,232.66,234.57,232.33,232.81
2006-12-26,232.8,233.07,232.53,232.92
2006-12-27,232.9,232.94,231.56,232.33
2006-12-28,232.38,233.59,232.18,233.26
2006-12-29,233.25,233.84,232.81,233.15
2007-01-01,233.15,233.63,232.3,233.45
2007-01-02,233.45,234.55,232.94,234.5
2007-01-03,234.47,234.78,232.66,232.95
2007-01-04,232.91,233.135,230.785,230.84
2007-01-05,230.82,230.86,228.7,229.14
2007-01-08,228.87,230.41,228.03,230.28
2007-01-09,230.28,231.87,230.28,231.27
2007-01-10,231.34,231.75,230.74,230.9
2007-01-11,230.91,234.79,230.87,233.94
2007-01-12,233.91,235.95,233.89,235.63
2007-01-15,235.64,236.94,235.0,236.55
2007-01-16,236.555,237.26,236.3,236.84
2007-01-17,236.86,237.87,236.63,237.64
2007-01-18,237.635,239.92,237.51,239.38
2007-01-19,239.395,239.8,239.0,239.51
2007-01-22,239.36,240.61,239.36,240.4
2007-01-23,240.425,241.43,240.39,241.19
2007-01-24,241.19,241.31,237.47,237.85
2007-01-25,237.86,238.97,236.41,238.96
2007-01-26,238.93,239.025,237.57,238.18
2007-01-29,238.24,239.065,238.08,238.71
2007-01-30,238.71,240.01,238.28,238.75
2007-01-31,238.73,238.81,236.7,237.085
2007-02-01,237.05,237.75,236.56,237.56
2007-02-02,237.57,238.69,237.3,237.93
2007-02-05,237.79,237.93,235.41,235.7
2007-02-06,235.62,237.21,235.36,236.58
2007-02-07,236.59,237.96,236.46,237.71
2007-02-08,237.7,238.79,236.88,237.24
2007-02-09,237.24,242.41,236.26,240.77
2007-02-12,238.02,238.49,236.65,237.07
2007-02-13,237.05,237.16,235.42,235.92
2007-02-14,235.92,237.13,235.64,236.31
2007-02-15,236.35,236.35,232.51,232.95
2007-02-16,232.96,233.44,232.17,232.55
2007-02-19,233.06,233.81,232.14,233.48
2007-02-20,233.44,235.12,233.39,234.78
2007-02-21,234.79,236.37,233.87,236.28
2007-02-22,236.275,237.97,235.72,237.64
2007-02-23,237.64,238.12,237.39,237.63
2007-02-26,237.57,237.58,236.28,236.9
2007-02-27,236.87,236.88,230.82,231.74
2007-02-28,231.75,233.32,230.96,233.15
2007-03-01,233.11,233.28,229.57,230.44
2007-03-02,230.41,230.56,226.27,227.61
2007-03-05,224.53,224.53,221.07,221.99
2007-03-06,221.95,226.2,221.95,225.94
2007-03-07,225.94,226.07,222.92,223.225
2007-03-08,223.34,226.7,223.0,226.02
2007-03-09,226.05,228.78,226.05,228.52
2007-03-12,229.0,229.59,225.96,227.18
2007-03-13,227.15,227.42,223.38,223.72
2007-03-14,223.785,227.48,222.65,227.3
2007-03-15,227.27,227.945,226.24,227.105
2007-03-16,227.06,227.73,224.65,226.72
2007-03-19,225.95,229.075,225.95,228.88
2007-03-20,228.92,230.66,228.68,229.91
2007-03-21,229.92,231.48,229.87,231.075
2007-03-22,231.06,232.21,230.68,232.01
2007-03-23,232.02,232.27,230.81,231.61
2007-03-25,231.33,232.75,230.866,232.71
2007-03-26,232.689,232.99,231.39,231.57
2007-03-27,231.55,231.9,228.82,229.29
2007-03-28,229.28,231.73,229.17,231.59
2007-03-29,231.59,232.19,230.65,231.8
2007-04-01,231.67,233.08,231.41,232.91
2007-04-02,232.88,235.08,232.865,234.41
2007-04-03,234.42,234.98,234.08,234.62
2007-04-04,234.63,234.81,233.53,233.89
2007-04-05,233.93,236.9,233.82,236.73
2007-04-08,234.43,234.52,233.72,233.88
2007-04-09,233.871,235.34,233.67,234.85
2007-04-10,234.84,236.24,234.77,235.7
2007-04-11,235.72,236.084,235.15,235.63
2007-04-12,235.64,236.99,234.78,236.46
2007-04-15,237.54,238.59,236.43,238.13
2007-04-16,238.19,239.4,237.24,238.75
2007-04-17,238.76,238.882,236.804,237.92
2007-04-18,237.955,238.08,235.32,236.92
2007-04-19,236.93,238.28,236.91,237.86
2007-04-22,238.08,238.27,236.42,237.226
2007-04-23,237.18,237.84,235.97,237.21
2007-04-24,237.25,237.88,236.94,237.56
2007-04-25,237.56,238.61,237.3,237.91
2007-04-26,237.96,239.31,237.33,238.72
2007-04-29,238.26,239.0,237.87,238.65
2007-04-30,238.65,239.77,238.65,239.352
2007-05-01,239.33,239.551,238.77,238.952
2007-05-02,238.93,239.52,238.91,239.25
2007-05-03,239.24,239.72,237.61,238.2
2007-05-06,239.27,239.572,239.12,239.277
2007-05-07,239.28,239.391,238.19,238.7
2007-05-08,238.7,239.5,238.09,239.41
2007-05-09,239.41,239.713,236.7,237.19
2007-05-10,237.23,238.37,236.53,238.15
2007-05-13,238.13,238.65,237.9,238.1
2007-05-14,238.13,238.96,237.74,238.69
2007-05-15,238.74,239.36,238.55,238.705
2007-05-16,238.71,239.592,238.58,239.48
2007-05-17,239.49,239.8,237.96,239.12
2007-05-20,239.23,239.56,239.03,239.44
2007-05-21,239.48,240.2,239.113,240.21
2007-05-22,240.16,241.83,240.09,241.34
2007-05-23,241.36,241.6,240.75,240.9
2007-05-24,240.868,241.7,239.71,241.43
2007-05-27,241.5,241.611,241.12,241.32
2007-05-28,241.35,241.52,240.51,240.71
2007-05-29,240.735,240.941,239.73,240.31
2007-05-30,240.33,241.18,239.92,241.027
2007-05-31,241.027,242.14,240.83,241.81
2007-06-03,241.9,242.58,241.63,242.4
2007-06-04,242.4,242.94,241.52,241.823
2007-06-05,241.848,242.25,240.94,241.07
2007-06-06,241.07,241.953,238.98,239.06
2007-06-07,239.071,240.08,237.81,239.48
2007-06-10,239.33,239.965,238.94,239.73
2007-06-11,239.741,240.825,239.58,240.15
2007-06-12,240.17,242.17,239.75,241.78
2007-06-13,241.78,242.345,241.7,242.12
2007-06-14,242.16,244.41,242.07,244.04
2007-06-17,244.11,245.412,243.88,245.32
2007-06-18,245.326,245.505,245.08,245.26
2007-06-19,245.24,246.57,244.729,245.9
2007-06-20,245.93,246.59,245.88,246.53
2007-06-21,246.58,248.01,246.48,247.98
2007-06-24,247.58,247.771,246.45,246.89
2007-06-25,246.91,247.02,245.32,245.89
2007-06-26,245.87,246.29,244.05,246.246
2007-06-27,246.285,246.726,245.34,246.57
2007-06-28,246.57,247.783,246.479,247.33
2007-07-01,247.21,247.57,246.04,246.61
2007-07-02,246.61,247.53,246.26,246.97
2007-07-03,247.0,247.44,246.54,247.29
2007-07-04,247.28,247.591,246.7,247.32
2007-07-05,247.32,248.18,247.06,247.98
2007-07-08,248.26,248.761,248.17,248.61
2007-07-09,248.601,248.65,245.19,245.9
2007-07-10,246.02,248.93,245.46,248.46
2007-07-11,248.48,248.73,247.68,248.31
2007-07-12,248.33,248.84,247.97,248.13
2007-07-15,248.27,248.62,247.88,248.055
2007-07-16,248.03,250.4,248.0,249.82
2007-07-17,249.82,250.485,249.58,250.287
2007-07-18,250.34,250.4,249.772,250.16
2007-07-19,250.12,251.076,248.63,249.36
2007-07-22,249.4,249.87,248.56,249.28
2007-07-23,249.26,249.39,247.31,247.716
2007-07-24,247.84,248.08,246.28,247.25
2007-07-25,247.27,247.682,241.54,242.55
2007-07-26,242.59,244.26,239.747,240.18
2007-07-29,239.36,241.721,239.05,241.64
2007-07-30,241.6,242.88,240.14,240.3
2007-07-31,240.26,242.12,237.694,241.75
2007-08-01,241.717,243.08,240.15,242.62
2007-08-02,242.67,242.9,240.33,241.03
2007-08-05,239.78,241.73,238.94,241.34
2007-08-06,241.31,241.43,238.78,240.23
2007-08-07,240.232,244.02,239.89,243.81
2007-08-08,243.809,244.0,238.95,239.269
2007-08-09,239.22,240.053,236.4,239.62
2007-08-12,239.4,239.617,236.54,237.85
2007-08-13,237.82,237.93,234.21,234.45
2007-08-14,234.46,234.68,230.84,231.1
2007-08-15,231.09,231.64,221.54,226.38
2007-08-16,226.46,228.78,219.74,226.32
2007-08-19,225.35,229.54,224.93,228.36
2007-08-20,228.32,228.91,225.6,226.02
2007-08-21,225.99,230.63,225.963,230.58
2007-08-22,230.69,234.79,230.45,232.38
2007-08-23,232.35,234.85,230.864,234.64
2007-08-26,235.18,235.49,231.75,232.12
2007-08-27,232.18,232.69,228.21,228.72
2007-08-28,228.7,234.52,227.45,233.61
2007-08-29,233.605,233.98,231.29,233.48
2007-08-30,233.53,235.41,232.85,233.58
2007-09-02,233.72,234.44,233.05,233.57
2007-09-03,233.58,234.39,231.98,234.09
2007-09-04,234.041,234.71,231.96,232.56
2007-09-05,232.54,233.94,231.89,233.64
2007-09-06,233.64,233.79,229.2,230.0
2007-09-10,230.18,232.5,229.68,232.27
2007-09-11,232.2,232.27,231.1,231.57
2007-09-12,231.56,234.762,231.09,231.13
2007-09-13,231.176,233.22,230.26,231.55
2007-09-16,231.01,231.655,228.94,229.3
2007-09-17,229.31,234.18,228.23,233.325
2007-09-18,233.32,233.78,231.2,232.04
2007-09-19,232.05,232.19,229.61,230.45
2007-09-20,230.497,233.61,230.41,233.12
2007-09-23,233.075,233.48,231.788,232.11
2007-09-24,232.07,232.26,229.79,231.5
2007-09-25,231.53,233.21,231.23,232.66
2007-09-26,232.67,234.45,232.45,234.13
2007-09-27,234.08,235.24,232.48,235.24
2007-09-30,234.9,236.98,234.72,236.68
2007-10-01,236.66,236.72,234.95,236.02
2007-10-02,236.0,237.84,235.9,236.92
2007-10-03,236.88,237.78,236.22,237.32
2007-10-04,237.36,239.06,236.72,238.48
2007-10-07,238.78,239.68,238.57,238.76
2007-10-08,238.802,239.07,237.09,238.75
2007-10-09,238.77,240.37,238.667,239.15
2007-10-10,239.18,239.8,237.79,238.76
2007-10-11,238.7,239.74,237.47,239.31
2007-10-14,239.21,240.66,238.95,239.65
2007-10-15,239.63,239.93,236.69,237.66
2007-10-16,237.67,238.66,235.948,237.59
2007-10-17,237.58,238.04,235.94,235.98
2007-10-18,236.003,236.91,234.83,235.05
2007-10-21,233.1,234.4,230.46,232.55
2007-10-22,232.6,235.751,232.4,235.46
2007-10-23,235.45,235.65,232.86,234.02
2007-10-24,234.03,235.073,233.09,233.72
2007-10-25,233.73,235.33,233.7,234.51
2007-10-29,234.5,236.69,234.37,236.38
2007-10-30,236.37,237.62,235.27,237.32
2007-10-31,237.32,240.12,237.04,239.96
2007-11-01,239.97,241.34,237.64,237.8
2007-11-02,237.95,240.29,237.72,239.72
2007-11-05,239.15,239.62,237.16,237.86
2007-11-06,237.88,239.57,237.83,239.4
2007-11-07,239.43,239.625,235.51,236.42
2007-11-08,236.42,238.74,236.13,237.56
2007-11-09,237.57,238.02,231.1,231.49
2007-11-12,230.68,231.02,224.302,225.16
2007-11-13,225.23,230.74,225.03,230.58
2007-11-14,230.6,232.316,227.883,228.42
2007-11-15,228.41,229.64,225.11,225.82
2007-11-16,225.826,228.27,224.082,227.51
2007-11-19,227.63,228.27,224.6,224.86
2007-11-20,224.85,228.134,224.39,226.65
2007-11-21,226.65,226.82,222.53,223.48
2007-11-22,223.44,225.43,223.22,223.73
2007-11-23,223.73,224.72,221.41,221.41
2007-11-27,222.19,225.74,222.1,224.94
2007-11-28,224.96,229.32,223.73,228.56
2007-11-29,228.585,229.07,225.81,226.41
2007-11-30,226.4,229.229,226.4,229.03
2007-12-03,228.23,228.38,226.62,227.91
2007-12-04,227.98,228.05,225.59,226.13
2007-12-05,226.13,227.26,223.72,224.81
2007-12-06,224.76,226.025,224.05,225.86
2007-12-07,225.88,226.992,224.87,226.46
2007-12-10,226.9,228.81,226.51,228.53
2007-12-11,228.54,229.79,224.81,225.67
2007-12-12,225.63,230.273,225.58,229.03
2007-12-13,229.01,229.7,227.54,229.39
2007-12-14,229.36,229.89,228.21,228.39
2007-12-17,228.53,229.04,227.45,228.09
2007-12-19,228.52,228.541,225.97,226.085
2007-12-20,226.103,226.433,223.57,224.49
2007-12-21,224.47,226.61,224.35,226.46
2007-12-24,226.26,226.416,225.68,225.77
2007-12-25,225.83,226.55,225.08,225.75
2007-12-26,225.74,226.85,225.5,226.6
2007-12-27,226.58,228.3,226.54,227.06
2007-12-28,227.05,227.51,223.63,223.65
2007-12-31,224.3,224.869,221.0,221.62
2008-01-01,221.62,222.74,221.12,222.17
2008-01-02,222.18,222.22,216.45,216.5
2008-01-03,216.48,217.577,213.65,216.13
2008-01-04,216.14,216.75,213.65,214.41
2008-01-07,214.04,216.14,214.04,214.82
2008-01-08,214.82,217.26,214.56,214.84
2008-01-09,214.85,216.38,213.83,215.02
2008-01-10,215.03,215.94,213.61,214.97
2008-01-11,215.02,215.08,212.13,213.71
2008-01-14,213.28,213.38,210.75,211.51
2008-01-15,211.5,211.99,208.77,208.947
2008-01-16,208.96,211.87,207.04,210.64
2008-01-17,210.66,212.35,209.57,209.59
2008-01-18,209.63,211.456,208.18,208.7
2008-01-22,208.38,209.98,204.82,209.89
2008-01-23,209.91,210.36,204.793,208.837
2008-01-24,208.86,211.96,207.12,211.93
2008-01-25,211.93,213.98,211.15,211.49
2008-01-28,212.0,212.61,209.44,212.28
2008-01-29,212.35,213.2,210.933,212.94
2008-01-30,212.95,213.62,210.49,210.7
2008-01-31,210.68,212.43,210.04,211.42
2008-02-01,211.55,212.26,208.98,209.41
2008-02-04,209.41,211.7,209.41,210.66
2008-02-05,210.67,212.02,209.0,209.28
2008-02-06,209.22,209.6,207.94,208.49
2008-02-07,208.53,209.32,205.94,208.42
2008-02-08,208.37,209.8,208.23,208.87
2008-02-11,209.14,209.26,206.84,208.25
2008-02-12,208.28,210.93,207.94,210.37
2008-02-13,210.38,212.73,209.39,212.42
2008-02-14,212.42,213.72,211.92,212.28
2008-02-15,212.24,213.24,210.52,211.18
2008-02-18,211.11,211.74,210.63,211.0
2008-02-19,210.94,211.04,208.83,210.22
2008-02-20,210.24,210.86,209.12,209.82
2008-02-21,209.85,211.84,209.71,210.88
2008-02-22,210.9,211.43,210.08,210.78
2008-02-25,211.29,212.78,210.58,212.41
2008-02-26,212.41,213.42,211.81,213.39
2008-02-27,213.31,213.31,210.65,210.94
2008-02-28,210.96,211.2,208.48,208.76
2008-02-29,208.7,208.79,205.94,206.4
2008-03-03,204.4,205.74,203.54,205.38
2008-03-04,205.35,205.65,203.76,205.22
2008-03-05,205.25,207.65,204.46,206.95
2008-03-06,206.9,207.57,205.86,206.32
2008-03-07,206.32,207.83,204.95,206.57
2008-03-10,206.47,206.78,203.67,203.71
2008-03-11,203.66,207.68,203.66,207.1
2008-03-12,207.16,207.89,205.02,205.67
2008-03-13,205.73,206.09,203.01,204.56
2008-03-14,204.58,205.1,199.11,199.23
2008-03-17,198.15,198.15,192.63,193.9
2008-03-18,193.8,201.72,193.56,200.43
2008-03-19,200.42,201.12,195.46,195.57
2008-03-20,195.62,198.26,195.07,197.15
2008-03-21,197.18,200.87,196.82,200.87
2008-03-24,197.09,200.34,197.09,200.23
2008-03-25,200.14,200.82,199.02,200.35
2008-03-26,200.32,200.88,197.58,199.04
2008-03-27,199.03,201.64,197.79,199.726
2008-03-28,199.76,200.42,197.09,197.09
2008-03-30,197.18,199.84,197.06,198.06
2008-04-01,201.04,203.98,200.87,203.28
2008-04-02,203.3,204.54,202.78,204.04
2008-04-03,204.01,204.971,202.1,202.19
2008-04-06,202.56,204.44,202.38,203.63
2008-04-07,203.63,204.01,201.19,202.1
2008-04-08,202.09,202.51,200.55,200.93
2008-04-09,200.94,201.27,198.1,201.2
2008-04-10,201.27,201.83,198.45,199.51
2008-04-13,199.18,200.69,198.2,199.87
2008-04-14,199.86,200.23,198.49,199.68
2008-04-15,199.69,200.9,199.21,200.67
2008-04-16,200.71,204.34,200.59,203.96
2008-04-17,203.92,208.91,203.57,206.01
2008-04-20,207.941,208.08,204.03,204.59
2008-04-21,204.57,206.07,203.43,205.349
2008-04-22,205.364,205.96,204.11,204.666
2008-04-23,204.67,206.11,204.169,205.6
2008-04-24,205.6,207.544,205.42,207.03
2008-04-27,207.01,208.54,206.8,207.465
2008-04-28,207.44,207.56,203.606,204.6
2008-04-29,204.6,207.63,203.72,206.54
2008-05-01,206.52,208.967,206.32,207.48
2008-05-04,207.7,208.28,206.46,206.956
2008-05-05,206.94,207.165,205.565,206.52
2008-05-06,206.61,206.8,204.29,204.56
2008-05-07,204.52,204.71,202.451,203.122
2008-05-08,203.13,203.23,199.88,200.85
2008-05-11,200.73,203.7,200.207,202.88
2008-05-12,202.88,204.15,201.56,203.61
2008-05-13,203.651,204.903,203.4,204.48
2008-05-14,204.46,204.79,203.17,204.056
2008-05-15,204.06,204.31,202.63,203.79
2008-05-18,203.64,204.05,202.95,203.48
2008-05-19,203.47,204.677,202.71,203.78
2008-05-20,203.79,203.96,202.64,203.08
2008-05-21,203.12,206.503,202.68,206.0
2008-05-22,205.98,206.21,204.2,204.48
2008-05-25,204.604,205.13,204.248,204.799
2008-05-26,204.77,206.141,204.65,205.82
2008-05-27,205.79,207.64,205.24,207.3
2008-05-28,207.29,208.907,206.87,208.392
2008-05-29,208.38,209.28,207.703,209.0
2008-06-01,208.11,208.24,204.71,205.322
2008-06-02,205.351,207.04,204.0,206.276
2008-06-03,206.25,206.541,204.53,205.581
2008-06-04,205.6,207.511,205.52,207.38
2008-06-05,207.36,208.015,206.33,206.72
2008-06-08,206.21,210.09,206.21,209.85
2008-06-09,209.82,210.68,208.63,209.65
2008-06-10,209.66,210.6,209.41,209.97
2008-06-11,210.0,210.26,209.54,209.9
2008-06-12,209.876,210.84,209.72,210.39
2008-06-15,210.91,212.745,210.79,212.423
2008-06-16,212.432,212.55,210.61,211.29
2008-06-17,211.29,211.49,210.517,211.175
2008-06-18,211.22,213.19,210.85,212.81
2008-06-19,212.81,213.07,211.736,212.86
2008-06-22,212.04,212.11,211.135,211.92
2008-06-23,211.9,212.84,211.685,212.324
2008-06-24,212.32,213.15,212.13,212.81
2008-06-25,212.81,213.857,211.91,212.52
2008-06-26,212.542,212.96,210.58,211.56
2008-06-29,211.95,212.29,209.51,211.496
2008-07-01,211.42,211.97,210.83,211.01
2008-07-02,211.06,211.9,210.65,211.635
2008-07-03,211.66,212.021,211.26,211.59
2008-07-06,211.59,212.38,211.14,211.749
2008-07-07,211.721,211.77,210.25,211.47
2008-07-08,211.448,212.29,211.04,211.78
2008-07-09,211.76,212.085,211.24,211.71
2008-07-10,211.71,212.098,210.238,211.22
2008-07-13,211.497,212.187,211.08,211.765
2008-07-14,211.767,211.889,209.05,209.97
2008-07-15,209.96,210.273,208.0,210.179
2008-07-16,210.171,213.49,209.68,212.17
2008-07-17,212.173,213.81,211.58,213.71
2008-07-20,213.2,213.73,212.205,213.13
2008-07-21,213.14,213.79,212.87,213.62
2008-07-22,213.63,215.801,213.45,215.48
2008-07-23,215.51,215.609,212.79,213.362
2008-07-24,213.371,215.15,211.64,214.14
2008-07-27,214.42,214.818,213.67,214.271
2008-07-28,214.28,214.78,213.73,214.049
2008-07-29,214.04,214.316,213.24,214.177
2008-07-30,214.15,214.51,213.39,213.777
2008-07-31,213.571,213.8,212.06,212.35
2008-08-03,212.395,212.847,212.06,212.18
2008-08-04,212.178,212.18,210.59,211.78
2008-08-05,211.794,213.87,211.58,213.2
2008-08-06,213.23,213.69,212.39,212.47
2008-08-07,212.432,212.64,210.71,211.21
2008-08-10,209.98,211.502,209.98,210.53
2008-08-11,210.503,210.54,206.89,207.1
2008-08-12,207.1,207.23,202.5,203.78
2008-08-13,203.87,205.81,203.538,204.84
2008-08-14,204.88,206.432,204.407,206.08
2008-08-17,205.758,206.15,205.03,205.32
2008-08-18,205.3,205.3,203.93,204.81
2008-08-19,204.803,205.11,204.12,204.34
2008-08-20,204.32,204.597,201.79,203.44
2008-08-21,203.403,204.537,202.788,204.11
2008-08-24,203.398,203.684,201.72,202.07
2008-08-25,202.05,202.13,200.894,201.55
2008-08-26,201.557,202.162,200.52,201.02
2008-08-27,201.03,201.07,199.83,200.18
2008-08-28,200.204,200.3,197.03,197.03
2008-08-31,196.29,196.81,192.8,193.499
2008-09-01,193.49,194.77,192.897,193.58
2008-09-02,193.55,194.05,191.96,192.07
2008-09-03,192.08,193.47,186.26,187.89
2008-09-04,187.89,190.43,186.395,190.25
2008-09-07,193.528,195.56,188.52,190.477
2008-09-08,190.46,190.908,187.55,189.021
2008-09-09,189.01,189.93,187.48,188.8
2008-09-10,188.8,188.92,185.95,187.74
2008-09-11,187.832,193.68,187.81,193.6
2008-09-14,191.05,191.938,187.323,187.13
2008-09-15,187.11,189.856,184.528,188.164
2008-09-16,188.44,191.79,186.92,189.332
2008-09-17,189.314,192.04,189.093,191.62
2008-09-18,191.481,197.014,191.39,196.17
2008-09-21,195.57,196.98,194.42,196.06
2008-09-22,196.07,196.54,194.96,196.16
2008-09-23,196.13,197.398,195.327,196.14
2008-09-24,196.13,197.11,195.32,195.648
2008-09-25,195.65,195.86,193.25,195.6
2008-09-28,194.76,195.412,186.63,187.026
2008-09-29,187.0,190.84,186.8,188.91
2008-09-30,189.02,189.633,186.035,187.512
2008-10-01,187.521,187.98,184.807,185.56
2008-10-02,185.489,188.38,184.74,186.31
2008-10-05,185.442,185.633,174.11,177.639
2008-10-06,177.691,181.82,176.21,177.096
2008-10-07,177.13,178.005,170.91,171.8
2008-10-08,171.795,176.32,169.779,170.01
2008-10-09,169.91,173.93,166.09,172.95
2008-10-12,172.54,178.19,168.74,178.36
2008-10-13,178.4,181.28,176.905,177.56
2008-10-14,177.43,178.67,170.44,171.362
2008-10-15,171.305,176.23,170.71,175.562
2008-10-16,175.611,176.5,173.92,175.62
2008-10-19,175.51,179.088,173.66,174.65
2008-10-20,174.67,175.52,166.9,167.255
2008-10-21,167.319,167.518,157.82,158.534
2008-10-22,158.47,160.427,154.54,158.097
2008-10-23,158.167,158.7,139.1,149.76
2008-10-27,148.68,149.57,141.11,144.78
2008-10-28,144.96,159.38,142.869,158.0
2008-10-29,158.032,160.74,153.34,159.628
2008-10-30,159.62,164.836,158.25,161.624
2008-10-31,161.69,161.69,155.74,157.79
2008-11-03,158.761,163.23,155.731,156.05
2008-11-04,156.072,161.72,153.741,158.93
2008-11-05,158.94,160.72,155.32,155.56
2008-11-06,155.571,157.54,151.443,151.51
2008-11-07,151.52,156.07,150.5,153.63
2008-11-10,156.207,157.45,152.1,153.12
2008-11-11,153.16,154.221,149.156,149.61
2008-11-12,149.732,151.66,140.29,141.206
2008-11-13,141.52,146.21,139.02,145.37
2008-11-14,145.39,145.93,141.06,143.15
2008-11-17,141.06,146.39,140.916,144.51
2008-11-18,144.52,146.47,143.68,144.66
2008-11-19,144.629,147.71,142.873,143.805
2008-11-20,143.771,143.78,137.69,138.597
2008-11-21,138.454,143.39,138.34,143.01
2008-11-24,143.15,147.826,141.1,146.7
2008-11-25,146.69,148.471,143.83,147.18
2008-11-26,147.218,147.218,144.76,146.56
2008-11-27,146.585,147.797,145.9,146.928
2008-11-28,146.903,147.5,145.6,146.91
2008-12-01,146.24,146.416,138.124,138.55
2008-12-02,138.54,140.786,137.29,138.74
2008-12-03,138.81,139.52,136.35,137.641
2008-12-04,137.56,137.948,134.34,135.71
2008-12-05,135.71,137.35,133.413,136.36
2008-12-08,136.35,140.68,136.33,138.17
2008-12-09,138.204,138.45,135.46,136.172
2008-12-10,136.17,138.18,136.16,137.36
2008-12-11,137.351,138.58,135.848,137.47
2008-12-12,137.41,138.08,133.337,136.04
2008-12-15,135.989,139.1,135.45,138.41
2008-12-16,138.39,139.0,136.948,138.15
2008-12-17,138.11,139.025,135.016,135.369
2008-12-18,135.4,137.64,133.67,134.726
2008-12-19,134.679,135.768,132.306,133.57
2008-12-22,133.974,134.66,132.1,133.638
2008-12-23,133.62,134.31,132.9,133.927
2008-12-24,133.941,134.056,132.7,133.23
2008-12-25,133.22,137.27,132.11,133.407
2008-12-26,133.429,133.79,132.21,132.72
2008-12-29,132.8,133.41,130.296,131.15
2008-12-30,131.18,131.783,129.88,130.565
2008-12-31,130.5,133.21,130.17,131.38
2009-01-01,131.38,134.563,131.32,133.502
2009-01-02,133.527,133.97,131.56,133.38
2009-01-05,133.64,137.53,132.92,137.14
2009-01-06,137.082,140.75,135.54,139.191
2009-01-07,139.194,141.38,138.01,139.719
2009-01-08,139.73,140.01,137.42,139.09
2009-01-09,139.099,139.6,136.55,136.9
2009-01-12,135.917,136.172,131.79,132.492
2009-01-13,132.497,132.497,128.84,129.706
2009-01-14,129.71,131.939,129.11,130.25
2009-01-15,130.252,131.99,129.17,131.92
2009-01-16,131.94,135.58,131.779,133.87
2009-01-19,135.68,135.73,130.12,130.71
2009-01-20,130.669,130.669,124.242,124.61
2009-01-21,124.633,126.067,119.51,123.572
2009-01-22,123.554,124.7,121.25,123.68
2009-01-23,123.67,123.694,119.18,122.19
2009-01-26,120.6,125.06,120.226,124.64
2009-01-27,124.658,127.555,124.271,126.671
2009-01-28,126.711,129.49,125.65,128.64
2009-01-29,128.63,129.2,126.508,128.35
2009-01-30,128.34,130.94,126.69,130.94
2009-02-02,128.99,129.53,125.3,126.941
2009-02-03,126.9,129.424,126.76,129.003
2009-02-04,129.0,130.615,127.42,129.246
2009-02-05,129.283,135.03,128.63,133.326
2009-02-06,133.25,136.696,132.57,135.93
2009-02-09,136.345,137.16,133.717,135.623
2009-02-10,135.641,136.181,130.39,131.659
2009-02-11,131.67,131.691,128.878,129.56
2009-02-12,129.46,129.9,127.17,129.581
2009-02-13,129.54,133.8,129.35,131.9
2009-02-16,130.172,131.318,129.662,131.09
2009-02-17,131.04,132.137,129.695,131.376
2009-02-18,131.401,133.676,130.42,133.37
2009-02-19,133.38,136.22,132.89,134.049
2009-02-20,134.03,135.25,132.74,134.7
2009-02-23,134.26,139.003,133.86,136.38
2009-02-24,136.41,140.621,136.259,140.24
2009-02-25,140.23,141.6,137.77,138.37
2009-02-26,138.406,141.619,138.33,140.556
2009-02-27,140.6,140.6,136.91,139.61
2009-03-02,138.292,139.4,135.601,136.229
2009-03-03,136.247,138.579,136.05,138.188
2009-03-04,138.091,140.788,137.43,140.307
2009-03-05,140.26,141.435,138.159,138.634
2009-03-06,138.58,140.05,137.305,138.19
2009-03-09,138.7,139.276,135.97,136.4
2009-03-10,136.43,136.98,135.2,136.239
2009-03-11,136.19,136.193,133.9,134.54
2009-03-12,134.56,136.461,131.529,135.51
2009-03-13,135.5,138.24,135.388,137.12
2009-03-16,136.924,139.925,136.9,138.2
2009-03-17,138.1,139.3,137.97,138.839
2009-03-18,138.81,138.85,136.19,137.69
2009-03-19,137.714,137.887,135.3,136.97
2009-03-20,136.92,138.92,136.58,138.68
2009-03-23,138.92,141.795,138.78,141.388
2009-03-24,141.35,144.943,141.27,144.54
2009-03-25,144.569,144.569,140.99,142.24
2009-03-26,142.253,143.49,142.003,142.72
2009-03-27,142.745,142.829,139.19,140.11
2009-03-29,140.241,140.428,135.753,138.78
2009-03-30,138.73,142.37,138.64,141.988
2009-03-31,141.96,142.75,140.57,142.64
2009-04-01,142.63,146.812,142.3,146.63
2009-04-02,146.62,148.87,145.655,148.79
2009-04-05,149.49,151.418,147.68,148.5
2009-04-06,148.544,148.817,145.99,148.38
2009-04-07,148.4,148.425,145.74,146.5
2009-04-08,146.51,147.89,146.27,147.33
2009-04-09,147.32,147.42,146.63,146.73
2009-04-12,147.08,148.768,146.42,148.48
2009-04-13,148.5,149.18,147.0,147.53
2009-04-14,147.51,149.21,145.872,148.824
2009-04-15,148.82,149.78,146.58,148.18
2009-04-16,148.23,148.73,145.99,145.99
2009-04-19,146.966,146.997,141.99,142.578
2009-04-20,142.55,145.12,141.579,144.61
2009-04-21,144.6,144.89,140.66,142.14
2009-04-22,142.15,144.41,141.1,144.071
2009-04-23,144.07,144.094,141.23,142.77
2009-04-26,141.69,142.012,140.12,141.05
2009-04-27,141.09,141.878,139.057,141.192
2009-04-28,141.18,144.46,141.08,143.916
2009-04-29,143.903,146.769,143.69,145.922
2009-04-30,145.938,148.315,145.69,147.83
2009-05-03,148.49,149.065,147.32,148.499
2009-05-04,148.48,149.8,147.8,149.08
2009-05-05,149.056,149.239,146.94,149.03
2009-05-06,149.104,150.817,148.055,148.99
2009-05-07,148.999,150.18,148.197,149.97
2009-05-10,149.9,150.37,146.73,147.588
2009-05-11,147.57,149.38,146.34,147.274
2009-05-12,147.24,148.03,144.054,144.465
2009-05-13,144.47,146.401,143.44,146.23
2009-05-14,146.238,146.35,143.527,144.28
2009-05-17,144.222,147.882,143.02,147.81
2009-05-18,147.843,149.6,147.07,148.748
2009-05-19,148.814,149.813,147.603,149.444
2009-05-20,149.43,150.052,146.833,149.195
2009-05-21,149.16,151.2,148.202,150.9
2009-05-24,150.772,151.463,149.79,150.846
2009-05-25,150.83,151.54,149.57,151.49
2009-05-26,151.479,153.0,151.46,152.203
2009-05-27,152.234,154.83,152.234,154.18
2009-05-28,154.216,155.77,153.32,154.75
2009-05-31,154.16,159.18,153.49,158.72
2009-06-01,158.68,159.13,156.88,158.45
2009-06-02,158.406,160.44,155.67,156.693
2009-06-03,156.693,158.55,155.21,155.68
2009-06-04,155.679,158.42,154.895,157.91
2009-06-07,157.5,158.42,155.55,157.9
2009-06-08,157.88,159.16,156.65,158.933
2009-06-09,158.908,161.245,158.46,160.52
2009-06-10,160.51,162.05,159.949,161.889
2009-06-11,161.901,162.55,160.48,161.63
2009-06-14,161.63,161.75,158.84,159.36
2009-06-15,159.33,160.34,156.511,158.171
2009-06-16,158.199,159.33,155.61,156.872
2009-06-17,156.87,158.432,155.022,158.02
2009-06-18,158.1,159.9,157.405,159.9
2009-06-21,158.31,158.63,156.414,156.66
2009-06-22,156.66,156.82,154.06,156.341
2009-06-23,156.33,158.21,156.14,157.42
2009-06-24,157.42,158.51,155.93,157.036
2009-06-25,157.016,158.17,156.675,157.39
2009-06-28,157.38,159.275,156.739,159.272
2009-06-29,159.23,160.23,158.214,158.56
2009-06-30,158.597,159.879,158.264,159.16
2009-07-01,159.16,159.298,156.68,156.79
2009-07-02,156.83,157.79,156.4,156.94
2009-07-05,156.25,156.44,153.05,154.83
2009-07-06,154.889,155.31,152.54,152.678
2009-07-07,152.69,152.761,146.859,148.885
2009-07-08,148.931,152.327,148.164,152.03
2009-07-09,152.02,152.13,148.55,150.04
2009-07-12,149.739,151.42,147.172,151.169
2009-07-13,151.12,152.95,150.696,152.43
2009-07-14,152.43,155.13,152.37,154.729
2009-07-15,154.72,154.99,153.05,153.914
2009-07-16,153.919,154.584,152.437,154.02
2009-07-19,155.63,155.751,155.51,155.54
2009-07-20,154.04,154.11,153.536,153.536
2009-07-21,154.01,154.06,153.8,153.89
2009-07-22,157.02,157.06,156.718,156.75
2009-07-23,155.76,155.76,155.76,155.76
2009-07-26,156.838,156.921,156.798,156.83
2009-07-27,154.79,155.014,154.704,154.88
2009-07-28,155.35,155.57,155.35,155.46
2009-07-29,157.56,157.8,157.4,157.73
2009-07-30,158.08,158.08,158.08,158.08
2009-08-02,161.29,161.38,161.16,161.165
2009-08-03,161.3,161.66,161.3,161.54
2009-08-04,161.36,161.39,161.055,161.055
2009-08-05,160.254,160.48,160.16,160.46
2009-08-06,162.52,162.52,162.52,162.52
2009-08-09,159.808,159.851,159.52,159.817
2009-08-10,158.3,158.41,158.11,158.11
2009-08-11,158.683,158.82,158.54,158.71
2009-08-12,157.94,158.01,157.81,157.81
2009-08-13,156.87,156.87,156.87,156.87
2009-08-16,154.16,154.37,154.07,154.37
2009-08-17,156.877,157.48,156.85,157.34
2009-08-18,155.46,155.873,155.36,155.788
2009-08-19,155.353,155.651,155.353,155.53
2009-08-20,155.62,155.62,155.62,155.62
2009-08-23,154.97,155.0,154.72,154.8
2009-08-24,153.92,153.95,153.1,153.21
2009-08-25,152.96,152.99,152.61,152.64
2009-08-26,152.19,152.665,152.15,152.506
2009-08-27,152.15,152.86,152.15,152.86
2009-08-30,151.32,151.565,151.26,151.28
2009-08-31,149.89,149.984,149.23,149.461
2009-09-01,149.83,150.117,149.81,150.051
2009-09-02,151.33,151.47,151.28,151.3
2009-09-03,152.41,152.41,152.41,152.41
2009-09-06,151.84,151.94,151.79,151.82
2009-09-07,152.338,152.52,152.33,152.48
2009-09-08,152.26,152.385,152.18,152.29
2009-09-09,152.75,152.752,152.54,152.706
2009-09-10,151.05,151.05,151.05,151.05
2009-09-13,150.61,150.94,150.61,150.88
2009-09-14,149.993,149.993,149.818,149.88
2009-09-15,149.64,150.03,149.64,149.94
2009-09-16,149.978,150.0,149.83,149.83
2009-09-17,148.51,148.51,148.51,148.51
2009-09-20,149.21,149.3,149.11,149.24
2009-09-21,149.06,149.137,148.269,148.61
2009-09-22,149.44,149.46,149.29,149.3
2009-09-23,146.36,146.43,144.5,144.838
2009-09-24,143.44,143.44,143.44,143.44
2009-09-27,142.388,142.81,142.369,142.74
2009-09-28,143.8,144.07,143.77,144.02
2009-09-29,143.8,143.94,143.77,143.794
2009-09-30,142.444,142.577,142.15,142.361
2009-10-01,143.11,143.11,142.28,142.29
2009-10-04,142.6,142.959,142.58,142.88
2009-10-05,141.22,141.43,141.16,141.35
2009-10-06,141.43,141.5,141.28,141.28
2009-10-07,142.157,142.471,142.08,142.471
2009-10-08,142.29,142.29,142.29,142.29
2009-10-11,141.77,141.918,141.73,141.85
2009-10-12,142.95,143.194,142.947,143.069
2009-10-13,143.01,143.13,143.01,143.05
2009-10-14,147.63,148.587,147.544,148.36
2009-10-15,148.7,148.7,148.7,148.7
2009-10-18,148.65,148.927,148.6,148.91
2009-10-19,148.54,148.88,148.48,148.713
2009-10-20,150.979,151.186,150.73,150.917
2009-10-21,151.73,151.969,151.73,151.93
2009-10-22,150.05,150.05,150.05,150.05
2009-10-26,149.8515,151.128,149.14,150.28
2009-10-27,150.21,151.096,149.92,150.21
2009-10-28,150.313,150.36,148.29,148.29
2009-10-29,148.45,151.6965,147.65,151.517
2009-10-30,151.484,151.5315,147.64,148.12
2009-11-02,147.287,148.843,146.9675,148.15
2009-11-03,148.18,148.56,146.3775,148.4655
2009-11-04,148.453,151.15,147.82,150.152
2009-11-05,150.069,150.553,148.605,150.444
2009-11-06,150.456,150.739,148.42,149.24
2009-11-09,149.372,151.59,149.205,150.71
2009-11-10,150.7255,150.98,149.03,150.137
2009-11-11,150.01,151.09,148.54,148.985
2009-11-12,149.02,149.999,148.24,149.71
2009-11-13,149.72,150.3715,149.02,149.47
2009-11-16,149.92,150.252,149.12,149.87
2009-11-17,149.87,150.19,149.346,150.09
2009-11-18,150.11,150.29,149.39,149.611
2009-11-19,149.6,149.65,147.29,148.02
2009-11-20,148.04,148.356,146.45,146.68
2009-11-23,146.7,148.18,146.67,147.619
2009-11-24,147.561,147.561,146.241,146.88
2009-11-25,146.88,147.624,145.63,145.8955
2009-11-26,145.84,146.1825,139.41,139.88
2009-11-27,139.86,143.4205,139.86,142.74
2009-11-30,142.86,143.87,141.03,141.91
2009-12-01,141.962,144.394,141.823,144.01
2009-12-02,144.007,145.896,143.795,145.82
2009-12-03,145.94,146.8355,145.84,146.1
2009-12-04,146.12,149.31,145.4255,149.16
2009-12-07,148.375,148.68,146.71,147.0
2009-12-08,147.04,147.078,143.32,143.531
2009-12-09,143.5845,144.32,141.99,143.38
2009-12-10,143.38,144.381,142.45,143.615
2009-12-11,143.657,145.601,143.64,144.86
2009-12-14,144.97,145.04,143.173,144.65
2009-12-15,144.616,146.031,144.35,145.599
2009-12-16,145.537,146.89,145.239,146.693
2009-12-17,146.692,146.84,144.553,144.85
2009-12-18,144.96,146.49,143.905,146.15
2009-12-21,145.82,146.442,145.48,146.143
2009-12-22,146.195,147.004,146.019,146.56
2009-12-23,146.629,146.66,145.76,146.26
2009-12-24,146.2,146.43,145.72,146.019
2009-12-25,145.97,146.36,145.06,145.73
2009-12-28,145.883,146.74,145.85,146.68
2009-12-29,146.71,147.11,145.97,146.24
2009-12-30,146.243,148.861,146.073,148.54
2009-12-31,148.575,150.66,148.24,150.21
2010-01-01,150.21,151.2,150.19,150.24
2010-01-04,149.732,150.648,148.616,148.99
2010-01-05,148.998,149.11,146.119,146.38
2010-01-06,146.41,148.42,145.989,147.93
2010-01-07,147.913,149.287,147.056,148.78
2010-01-08,148.909,149.439,148.079,148.86
2010-01-11,148.55,149.551,148.04,148.35
2010-01-12,148.385,148.593,146.653,147.075
2010-01-13,147.09,149.01,146.72,148.82
2010-01-14,148.73,149.95,148.38,149.04
2010-01-15,149.04,149.139,147.19,147.73
2010-01-18,147.943,148.879,147.51,148.29
2010-01-19,148.28,149.41,148.031,149.193
2010-01-20,149.135,149.21,147.61,148.6
2010-01-21,148.648,149.059,145.6,146.469
2010-01-22,146.453,147.185,144.63,144.75
2010-01-25,144.99,147.063,144.71,146.899
2010-01-26,146.873,147.239,144.09,144.671
2010-01-27,144.68,145.647,143.623,145.5
2010-01-28,145.48,147.15,144.56,144.94
2010-01-29,144.94,146.164,144.17,144.31
2010-02-01,144.111,144.88,143.036,144.759
2010-02-02,144.744,145.133,143.867,144.56
2010-02-03,144.584,145.223,144.224,144.58
2010-02-04,144.55,144.688,139.522,140.971
2010-02-05,140.906,141.411,138.307,139.54
2010-02-08,139.246,139.893,138.64,138.92
2010-02-09,138.88,141.279,138.88,140.869
2010-02-10,140.862,141.371,139.436,140.32
2010-02-11,140.349,140.979,139.62,140.88
2010-02-12,140.966,141.861,139.959,141.36
2010-02-15,141.176,141.356,140.7,141.069
2010-02-16,141.052,142.543,140.75,142.44
2010-02-17,142.439,143.569,142.09,142.78
2010-02-18,142.799,142.842,140.961,141.828
2010-02-19,141.815,142.13,140.945,141.69
2010-02-22,141.7,142.151,140.8,141.35
2010-02-23,141.425,141.64,138.72,139.237
2010-02-24,139.248,139.56,138.41,139.16
2010-02-25,139.154,139.209,134.938,136.01
2010-02-26,135.99,136.66,134.645,135.62
2010-03-01,134.874,135.459,132.353,133.421
2010-03-02,133.545,133.71,132.46,133.34
2010-03-03,133.264,133.922,132.879,133.708
2010-03-04,133.752,134.751,132.553,134.019
2010-03-05,133.995,137.03,133.99,136.93
2010-03-08,137.269,137.34,135.645,135.79
2010-03-09,135.828,135.828,133.919,135.098
2010-03-10,135.13,135.84,133.92,135.424
2010-03-11,135.399,136.799,134.89,136.569
2010-03-12,136.54,138.012,136.068,137.62
2010-03-15,137.81,137.931,135.8,135.94
2010-03-16,135.9,137.77,135.19,137.573
2010-03-17,137.558,139.303,137.09,138.438
2010-03-18,138.4,138.51,137.1,137.962
2010-03-19,137.96,138.068,135.61,135.94
2010-03-22,135.56,136.472,134.542,136.451
2010-03-23,136.474,136.474,135.29,135.702
2010-03-24,135.75,137.36,135.47,137.04
2010-03-25,137.04,138.028,136.639,137.35
2010-03-26,137.326,138.003,137.052,137.81
2010-03-28,137.9,139.072,137.66,138.52
2010-03-29,138.5,140.493,138.021,139.85
2010-03-30,139.83,142.041,139.82,142.041
2010-03-31,142.157,143.584,141.75,143.495
2010-04-01,143.48,143.92,142.94,143.83
2010-04-04,144.353,144.666,143.76,144.299
2010-04-05,144.32,144.411,142.085,143.194
2010-04-06,143.201,143.829,141.822,142.187
2010-04-07,142.11,142.78,140.93,142.752
2010-04-08,142.74,144.285,142.67,143.28
2010-04-11,143.595,144.465,143.06,143.2
2010-04-12,143.2,143.741,142.04,143.25
2010-04-13,143.37,144.577,143.29,144.346
2010-04-14,144.35,144.985,143.268,143.856
2010-04-15,143.851,143.957,141.357,141.55
2010-04-18,140.568,141.87,139.459,141.751
2010-04-19,141.74,143.49,141.535,143.107
2010-04-20,143.106,144.15,142.61,143.389
2010-04-21,143.392,144.145,142.459,143.535
2010-04-22,143.548,144.706,143.092,144.47
2010-04-25,144.716,145.904,144.476,145.209
2010-04-26,145.214,145.362,141.603,141.998
2010-04-27,142.01,143.44,141.743,142.79
2010-04-28,142.86,144.479,142.227,144.345
2010-04-29,144.3,145.202,143.22,143.42
2010-05-02,143.86,144.606,142.98,144.38
2010-05-03,144.34,144.86,142.593,143.23
2010-05-04,143.236,144.009,141.228,141.59
2010-05-05,141.559,142.248,129.968,135.0
2010-05-06,135.01,138.13,133.18,135.87
2010-05-09,136.09,140.49,135.92,138.46
2010-05-10,138.427,139.628,135.864,137.994
2010-05-11,138.057,139.805,137.44,138.198
2010-05-12,138.182,139.5,134.968,135.499
2010-05-13,135.53,136.02,133.3,134.36
2010-05-16,134.201,134.23,131.099,133.99
2010-05-17,133.96,134.718,131.276,131.34
2010-05-18,131.379,132.771,129.74,131.953
2010-05-19,131.886,132.422,126.74,128.252
2010-05-20,128.23,130.791,127.916,130.24
2010-05-23,130.33,131.295,129.131,129.973
2010-05-24,129.973,130.557,127.663,130.158
2010-05-25,130.167,130.506,129.07,129.393
2010-05-26,129.395,132.931,129.29,132.271
2010-05-27,132.29,133.18,130.88,131.57
2010-05-30,131.39,132.906,131.39,132.4
2010-05-31,132.377,134.41,130.794,133.582
2010-06-01,133.626,135.36,133.314,135.049
2010-06-02,135.02,136.346,134.56,135.513
2010-06-03,135.472,136.193,132.22,132.77
2010-06-06,131.97,133.816,131.1,132.433
2010-06-07,132.412,133.35,130.47,132.075
2010-06-08,132.038,133.729,131.407,132.87
2010-06-09,132.84,134.4,132.239,134.258
2010-06-10,134.29,135.043,132.67,133.39
2010-06-13,133.678,135.87,133.6,134.979
2010-06-14,134.97,135.642,133.94,135.35
2010-06-15,135.348,135.944,134.38,134.62
2010-06-16,134.66,135.455,133.579,134.572
2010-06-17,134.58,135.151,134.01,134.19
2010-06-20,134.165,135.989,133.97,134.259
2010-06-21,134.258,134.717,133.135,134.175
2010-06-22,134.17,134.92,133.73,134.57
2010-06-23,134.541,134.84,133.46,133.8
2010-06-24,133.73,134.576,133.114,134.22
2010-06-27,134.44,135.22,134.177,134.821
2010-06-28,134.796,135.125,132.853,133.4
2010-06-29,133.41,133.572,131.99,132.114
2010-06-30,132.128,132.46,131.323,132.79
2010-07-01,132.85,133.826,132.83,133.21
2010-07-04,133.27,133.62,132.358,132.5
2010-07-05,132.52,133.63,131.838,132.46
2010-07-06,132.475,133.32,131.25,133.04
2010-07-07,133.027,134.55,133.01,133.94
2010-07-08,133.96,134.588,133.21,133.67
2010-07-11,133.56,133.958,132.539,133.13
2010-07-12,133.119,134.792,132.475,134.792
2010-07-13,134.909,135.717,134.306,134.775
2010-07-14,134.77,135.51,133.991,134.85
2010-07-15,134.86,135.022,132.006,132.2
2010-07-18,132.36,133.426,131.795,132.05
2010-07-19,132.0,133.685,131.54,133.34
2010-07-20,133.357,133.675,131.585,131.859
2010-07-21,131.909,133.222,130.821,133.039
2010-07-22,133.086,134.91,132.429,134.85
2010-07-25,134.98,135.532,134.37,134.755
2010-07-26,134.75,137.188,134.45,136.848
2010-07-27,134.75,137.473,135.928,136.362
2010-07-28,136.39,136.794,134.951,135.297
2010-07-29,135.29,135.95,134.199,135.42
2010-08-01,135.612,137.61,135.56,137.568
2010-08-02,137.56,137.726,136.383,136.755
2010-08-03,136.73,137.076,135.819,136.744
2010-08-04,137.091,137.457,135.767,137.108
2010-08-05,136.349,137.044,135.496,136.37
2010-08-08,136.29,136.97,136.188,136.322
2010-08-09,136.588,136.655,135.02,136.599
2010-08-10,135.346,135.35,132.776,135.323
2010-08-11,133.187,134.67,132.98,133.133
2010-08-12,134.109,134.77,133.342,134.101
2010-08-15,134.4,134.4,133.15,134.357
2010-08-16,133.335,133.92,133.07,133.431
2010-08-17,133.284,133.7,132.43,133.295
2010-08-18,133.265,133.995,132.783,133.218
2010-08-19,132.86,133.31,131.98,132.904
2010-08-22,132.99,133.305,131.99,133.0
2010-08-23,131.966,132.0,128.828,131.919
2010-08-24,129.667,130.815,129.6,129.653
2010-08-25,130.98,131.989,130.925,130.958
2010-08-26,130.85,132.161,130.53,130.876
2010-08-29,132.773,133.585,130.834,132.76
2010-08-30,130.74,130.92,128.82,130.72
2010-08-31,129.13,130.867,128.833,129.14
2010-09-01,130.341,130.56,129.216,130.39
2010-09-02,129.729,131.6,129.68,129.737
2010-09-05,130.42,130.62,129.23,130.422
2010-09-06,129.47,129.59,127.905,129.46
2010-09-07,128.46,130.272,128.059,128.486
2010-09-08,129.89,129.94,128.549,129.892
2010-09-09,129.45,129.968,128.99,129.458
2010-09-12,129.572,130.055,128.984,129.54
2010-09-13,129.112,129.295,127.74,129.095
2010-09-14,128.99,133.89,128.55,129.004
2010-09-15,133.948,134.02,132.96,133.956
2010-09-16,134.103,134.99,133.67,134.112
2010-09-19,134.02,134.42,133.309,134.04
2010-09-20,133.25,133.382,132.41,133.215
2010-09-21,132.88,133.351,131.703,132.87
2010-09-22,132.15,132.721,131.847,132.13
2010-09-23,132.5,133.679,132.319,132.472
2010-09-26,133.425,133.613,132.944,133.43
2010-09-27,133.184,133.726,131.92,133.21
2010-09-28,132.51,132.91,131.851,132.55
2010-09-29,132.279,132.69,131.065,132.28
2010-09-30,131.281,131.986,131.11,131.29
2010-10-03,131.78,132.341,131.175,131.768
2010-10-04,132.141,132.933,131.857,132.12
2010-10-05,132.21,132.381,131.437,132.21
2010-10-06,131.57,131.857,130.792,131.56
2010-10-07,130.767,130.93,130.168,130.767
2010-10-10,130.44,130.973,130.381,130.47
2010-10-11,130.417,130.691,129.016,130.421
2010-10-12,129.295,130.125,128.995,129.29
2010-10-13,130.048,130.435,129.63,130.038
2010-10-14,130.37,130.698,129.999,130.395
2010-10-17,130.011,130.138,128.672,130.0
2010-10-18,129.01,129.358,128.276,129.027
2010-10-19,127.96,128.652,127.39,127.982
2010-10-20,128.38,129.147,127.493,128.4
2010-10-21,127.72,127.882,127.084,127.73
2010-10-24,127.445,127.73,126.449,127.43
2010-10-25,126.899,129.08,126.814,126.939
2010-10-26,128.905,129.54,128.61,128.902
2010-10-27,128.818,129.34,128.058,128.832
2010-10-28,128.818,129.34,127.97,128.832
2010-11-01,130.1,130.1,128.881,129.02
2010-11-02,129.337,129.632,128.958,129.34
2010-11-03,129.273,131.205,129.023,129.274
2010-11-04,130.538,131.465,130.1,130.52
2010-11-05,131.427,131.941,130.471,131.441
2010-11-08,131.51,131.53,130.54,131.473
2010-11-09,130.704,130.924,129.953,130.651
2010-11-10,130.464,132.693,130.464,130.512
2010-11-11,132.49,133.16,132.254,132.51
2010-11-12,132.709,133.06,131.008,132.694
2010-11-15,133.003,133.714,132.938,133.0
2010-11-16,133.379,133.711,132.41,133.371
2010-11-17,132.43,132.92,132.219,132.421
2010-11-18,132.369,133.792,132.205,132.3
2010-11-19,134.048,134.187,133.04,134.056
2010-11-22,133.574,134.173,133.05,133.585
2010-11-23,132.82,133.34,131.349,132.775
2010-11-24,131.52,131.973,130.836,131.545
2010-11-25,131.87,131.985,131.341,131.868
2010-11-26,131.76,132.09,130.96,131.766
2010-11-29,131.27,131.329,130.857,131.19
2010-11-30,130.988,131.1,129.343,131.001
2010-12-01,130.245,131.515,129.91,130.292
2010-12-02,131.263,131.7,130.462,131.31
2010-12-03,130.53,131.043,129.544,130.53
2010-12-06,130.483,130.592,129.551,130.48
2010-12-07,129.857,131.38,129.51,129.857
2010-12-08,131.487,132.979,131.324,131.488
2010-12-09,132.783,132.898,132.008,132.82
2010-12-10,132.222,132.562,131.91,132.224
2010-12-13,132.6,133.02,131.794,132.606
2010-12-14,132.32,132.58,131.299,132.318
2010-12-15,132.063,132.292,130.936,132.057
2010-12-16,131.12,131.528,130.837,131.12
2010-12-17,131.37,131.37,130.079,131.365
2010-12-20,130.32,130.45,129.55,130.28
2010-12-21,129.894,130.27,129.24,129.877
2010-12-22,129.55,129.71,128.373,129.569
2010-12-23,128.701,128.74,127.44,128.7
2010-12-24,128.18,128.389,127.811,128.19
2010-12-27,127.764,127.973,127.515,127.749
2010-12-28,127.79,127.985,126.11,127.787
2010-12-29,126.451,126.791,126.089,126.422
2010-12-30,126.492,126.654,125.475,126.493
2010-12-31,125.78,126.857,125.69,125.755
2011-01-03,126.33,126.54,125.786,126.27
2011-01-04,126.476,128.54,126.335,126.452
2011-01-05,127.928,128.92,127.43,127.96
2011-01-06,129.02,129.274,128.39,129.0
2011-01-07,128.682,129.411,128.63,128.7
2011-01-10,129.051,129.286,128.31,129.036
2011-01-11,128.93,129.93,128.841,128.9
2011-01-12,130.085,130.75,129.608,130.069
2011-01-13,130.825,131.375,130.465,130.81
2011-01-14,131.072,131.58,130.463,131.131
2011-01-17,131.583,131.67,130.97,131.6
2011-01-18,131.4,132.48,131.34,131.416
2011-01-19,131.816,132.136,131.033,131.809
2011-01-20,131.205,131.971,130.681,131.189
2011-01-21,131.937,132.29,131.492,131.901
2011-01-24,132.048,132.3,131.857,132.055
2011-01-25,131.92,131.973,129.78,131.904
2011-01-26,130.105,130.76,129.513,130.127
2011-01-27,130.798,132.635,130.55,130.862
2011-01-28,131.95,131.985,130.202,131.978
2011-01-31,129.953,131.325,129.935,129.903
2011-02-01,131.548,131.924,130.97,131.54
2011-02-02,131.315,132.275,131.28,131.3
2011-02-03,132.044,132.914,132.0,132.0
2011-02-04,131.735,131.9,131.225,131.71
2011-02-07,132.37,133.215,132.245,132.356
2011-02-08,132.7,132.881,131.545,132.678
2011-02-09,132.173,132.871,132.08,132.2
2011-02-10,132.627,133.757,132.56,132.659
2011-02-11,134.118,134.198,133.236,134.13
2011-02-14,133.489,133.739,133.157,133.499
2011-02-15,133.617,135.405,133.53,133.659
2011-02-16,135.01,135.4,134.193,135.061
2011-02-17,134.544,134.93,134.338,134.495
2011-02-18,134.68,135.4,134.447,134.72
2011-02-21,135.006,135.132,134.67,135.015
2011-02-22,134.78,134.799,133.628,134.76
2011-02-23,133.73,134.601,133.455,133.685
2011-02-24,133.807,133.807,131.6,133.801
2011-02-25,132.402,132.425,131.115,132.417
2011-02-28,131.38,133.193,131.266,131.377
2011-03-01,133.18,134.083,133.14,133.17
2011-03-02,133.127,133.73,132.79,133.127
2011-03-03,133.58,134.121,132.89,133.63
2011-03-04,134.055,134.94,133.764,134.03
2011-03-07,133.914,134.053,132.949,133.909
2011-03-08,133.25,133.77,133.08,133.245
2011-03-09,133.789,134.229,133.61,133.784
2011-03-10,134.184,134.319,133.235,134.183
2011-03-11,133.125,133.705,131.017,133.163
2011-03-14,130.601,132.327,130.601,130.59
2011-03-15,132.36,132.479,129.17,132.26
2011-03-16,130.215,130.47,128.659,130.253
2011-03-17,126.498,127.49,125.995,126.507
2011-03-18,128.15,132.446,128.15,128.33
2011-03-21,131.416,132.216,131.053,131.38
2011-03-22,132.41,132.933,131.758,132.422
2011-03-23,132.595,132.634,131.36,132.54
2011-03-24,131.381,131.677,130.578,131.359
2011-03-25,130.57,131.026,130.2,130.585
2011-03-27,130.32,131.02,130.274,130.32
2011-03-28,130.694,131.732,130.282,130.713
2011-03-29,131.89,133.597,131.86,131.908
2011-03-30,133.631,133.787,132.48,133.62
2011-03-31,133.641,135.64,133.495,133.65
2011-04-03,135.746,136.107,135.262,135.753
2011-04-04,135.68,137.77,135.664,135.68
2011-04-05,138.74,139.639,138.126,138.768
2011-04-06,139.232,139.555,137.87,139.24
2011-04-07,138.621,139.964,138.454,138.63
2011-04-10,139.22,139.531,138.027,139.233
2011-04-11,138.287,138.287,135.805,138.313
2011-04-12,135.845,137.163,135.687,135.884
2011-04-13,136.27,136.719,135.35,136.297
2011-04-17,135.639,135.834,133.048,135.641
2011-04-18,133.895,134.781,133.74,133.87
2011-04-19,134.773,135.76,134.77,134.765
2011-04-20,135.14,135.91,134.771,135.108
2011-04-21,135.225,135.726,134.774,135.215
2011-04-24,135.32,135.893,134.9,135.26
2011-04-25,135.073,135.089,134.22,135.05
2011-04-26,134.6,136.658,134.17,134.591
2011-04-27,136.686,137.032,135.52,136.68
2011-04-28,135.71,135.99,135.163,135.7
2011-05-01,135.601,136.087,135.3,135.57
2011-05-02,135.226,135.338,132.94,135.2
2011-05-03,133.54,134.22,133.03,133.548
2011-05-04,133.033,133.184,131.04,133.0
2011-05-05,131.716,132.68,131.374,131.732
2011-05-08,131.91,132.33,131.22,131.993
2011-05-09,131.675,132.445,131.439,131.672
2011-05-10,132.603,133.97,132.01,132.59
2011-05-11,132.608,133.124,131.2,132.567
2011-05-12,131.95,131.98,130.549,131.927
2011-05-15,130.711,131.442,130.403,130.714
2011-05-16,130.885,133.126,130.82,130.894
2011-05-17,132.329,132.48,130.76,132.305
2011-05-18,131.97,132.9,131.816,131.957
2011-05-19,132.58,132.902,132.114,132.6
2011-05-22,132.499,132.91,131.26,132.507
2011-05-23,131.98,133.069,131.402,131.976
2011-05-24,132.778,133.657,132.087,132.76
2011-05-25,133.49,133.756,132.6,133.497
2011-05-26,133.11,133.569,132.69,133.1
2011-05-29,133.43,133.45,132.989,133.4
2011-05-30,133.3,135.055,133.295,133.32
2011-05-31,134.074,134.317,132.27,134.07
2011-06-01,132.145,132.802,131.787,132.11
2011-06-02,132.492,132.53,130.657,132.446
2011-06-05,132.009,132.254,130.987,131.96
2011-06-06,131.093,132.029,130.846,131.03
2011-06-07,131.753,131.906,130.48,131.793
2011-06-08,131.065,131.913,130.89,131.065
2011-06-09,131.352,131.607,129.887,131.38
2011-06-12,130.29,131.33,130.29,130.321
2011-06-13,131.26,132.28,131.03,131.235
2011-06-14,131.869,131.994,130.673,131.867
2011-06-15,130.94,131.312,129.735,130.99
2011-06-16,130.198,130.337,129.389,130.19
2011-06-19,129.48,130.17,128.905,129.504
2011-06-20,130.033,130.267,129.64,130.0
2011-06-21,130.11,130.47,128.975,130.061
2011-06-22,129.04,129.235,128.45,129.02
2011-06-23,128.916,128.999,128.205,128.905
2011-06-26,128.4,129.505,128.326,128.4
2011-06-27,129.25,129.605,128.64,129.227
2011-06-28,129.609,130.024,129.084,129.6
2011-06-29,129.76,129.765,128.407,129.783
2011-06-30,129.33,130.017,129.039,129.29
2011-07-03,129.93,130.115,129.64,129.91
2011-07-04,129.935,130.821,129.735,129.915
2011-07-05,130.236,130.266,128.988,130.222
2011-07-06,129.55,130.047,129.105,129.554
2011-07-07,129.81,129.992,128.9,129.8
2011-07-10,129.221,129.41,127.678,129.207
2011-07-11,127.715,127.77,125.154,127.69
2011-07-12,126.257,127.315,126.1,126.19
2011-07-13,127.557,127.786,126.825,127.585
2011-07-14,127.822,128.0,127.155,127.82
2011-07-17,127.464,127.464,126.639,127.44
2011-07-18,126.949,127.637,126.862,126.919
2011-07-19,127.644,127.786,126.776,127.662
2011-07-20,127.254,128.136,126.996,127.267
2011-07-21,128.19,128.372,127.465,128.224
2011-07-24,127.78,127.985,127.08,127.83
2011-07-25,127.423,128.134,127.121,127.46
2011-07-26,127.991,128.071,127.205,127.995
2011-07-27,127.237,127.39,126.68,127.25
2011-07-28,127.209,127.34,126.08,127.216
2011-07-31,126.705,128.451,124.249,126.67
2011-08-01,126.262,126.658,125.37,126.325
2011-08-02,125.867,126.592,125.28,125.877
2011-08-03,126.707,130.8,126.51,126.719
2011-08-04,128.654,128.96,127.43,128.667
2011-08-07,128.395,128.76,126.53,128.475
2011-08-08,126.636,127.01,124.93,126.64
2011-08-09,125.649,125.782,123.29,125.668
2011-08-10,123.696,124.662,123.374,123.67
2011-08-11,124.677,125.045,123.949,124.704
2011-08-14,125.122,125.89,124.98,125.115
2011-08-15,125.89,126.151,125.291,125.937
2011-08-16,126.173,126.93,125.306,126.155
2011-08-17,126.57,126.77,125.682,126.6
2011-08-18,126.432,126.75,125.76,126.446
2011-08-21,126.484,127.23,126.158,126.49
2011-08-22,126.47,126.93,126.132,126.489
2011-08-23,126.425,126.729,125.6,126.426
2011-08-24,126.067,126.5,125.716,126.09
2011-08-25,126.06,126.13,124.5,126.06
2011-08-28,125.363,126.517,125.299,125.35
2011-08-29,126.31,126.31,124.65,126.245
2011-08-30,125.09,125.285,124.307,125.036
2011-08-31,124.64,125.27,124.2,124.666
2011-09-01,124.379,124.65,124.162,124.383
2011-09-04,124.328,124.351,123.523,124.337
2011-09-05,123.786,124.96,123.13,123.775
2011-09-06,123.783,123.819,123.172,123.79
2011-09-07,123.544,124.37,123.138,123.54
2011-09-08,123.78,124.207,122.388,123.777
2011-09-11,122.803,123.004,121.268,122.814
2011-09-12,122.39,122.414,121.348,122.381
2011-09-13,121.415,121.529,120.71,121.42
2011-09-14,120.88,121.92,120.67,120.893
2011-09-15,121.15,121.714,120.779,121.137
2011-09-18,120.901,120.98,119.46,120.9
2011-09-19,119.9,120.551,119.75,119.904
2011-09-20,120.245,120.301,119.08,120.258
2011-09-21,118.66,119.076,116.973,118.65
2011-09-22,117.17,118.109,117.15,117.18
2011-09-25,118.5,118.869,117.74,118.56
2011-09-26,118.69,120.345,118.51,118.689
2011-09-27,120.099,120.164,119.24,120.129
2011-09-28,119.18,120.821,118.76,119.182
2011-09-29,119.715,120.546,119.106,119.7
2011-10-02,120.32,120.32,118.414,120.305
2011-10-03,118.196,118.613,117.756,118.189
2011-10-04,118.707,118.85,118.11,118.72
2011-10-05,118.709,118.805,116.95,118.715
2011-10-06,118.28,119.96,118.24,118.273
2011-10-09,119.257,120.23,119.24,119.301
2011-10-10,119.97,120.11,119.41,120.0
2011-10-11,119.504,122.316,119.2,119.478
2011-10-12,121.579,121.642,120.35,121.582
2011-10-13,121.026,122.52,120.94,121.01
2011-10-16,122.207,122.593,120.881,122.195
2011-10-17,120.948,121.545,119.975,120.948
2011-10-18,120.592,121.631,120.42,120.558
2011-10-19,121.14,121.477,120.36,121.123
2011-10-20,121.38,122.013,120.782,121.372
2011-10-23,121.5,122.07,120.997,121.49
2011-10-24,121.761,121.998,120.992,121.756
2011-10-25,121.719,121.936,120.685,121.729
2011-10-26,121.566,121.952,121.1,121.55
2011-10-27,122.12,122.341,121.81,122.12
2011-10-31,122.03,127.198,121.876,122.13
2011-11-01,125.867,126.634,124.28,125.889
2011-11-02,124.783,125.31,124.577,124.79
2011-11-03,124.285,125.043,123.89,124.29
2011-11-04,125.122,125.3,124.647,125.15
2011-11-07,125.244,125.46,124.794,125.255
2011-11-08,125.3,125.58,124.971,125.4
2011-11-09,125.114,125.149,123.613,125.064
2011-11-10,123.712,124.05,123.106,123.73
2011-11-11,123.806,124.134,122.946,123.75
2011-11-14,124.027,124.066,122.324,124.027
2011-11-15,122.53,122.842,121.66,122.55
2011-11-16,121.813,121.847,121.141,121.804
2011-11-17,120.997,121.576,120.854,121.02
2011-11-18,121.175,121.738,121.033,121.194
2011-11-21,121.196,121.196,120.037,121.196
2011-11-22,120.29,120.87,120.117,120.296
2011-11-23,120.417,120.42,119.813,120.407
2011-11-24,119.901,120.119,119.38,119.91
2011-11-25,119.411,120.42,119.368,119.408
2011-11-28,120.261,121.631,120.045,120.263
2011-11-29,120.993,121.802,120.751,121.007
2011-11-30,121.576,122.491,121.034,121.57
2011-12-01,121.742,122.476,121.417,121.828
2011-12-02,121.929,122.579,121.707,121.92
2011-12-05,121.87,122.248,121.52,121.83
2011-12-06,121.669,121.736,121.19,121.69
2011-12-07,121.303,122.15,121.12,121.281
2011-12-08,121.913,122.02,120.948,121.917
2011-12-09,121.43,122.2,120.99,121.43
2011-12-12,121.46,121.755,120.687,121.46
2011-12-13,121.354,121.64,120.91,121.369
2011-12-14,120.663,121.08,120.401,120.64
2011-12-15,120.805,120.915,120.453,120.838
2011-12-16,120.775,121.11,120.642,120.816
2011-12-19,120.76,121.052,120.512,120.744
2011-12-20,120.942,122.137,120.88,120.96
2011-12-21,121.97,122.55,121.82,121.95
2011-12-22,122.3,122.751,122.209,122.3
2011-12-23,122.557,122.643,122.18,122.52
2011-12-26,121.76,122.01,121.59,121.76
2011-12-27,121.88,122.12,121.6,121.8
2011-12-28,121.937,121.98,120.407,121.95
2011-12-29,120.325,120.325,119.55,120.3
2011-12-30,119.703,120.02,119.3,119.65
2012-01-02,119.52,119.59,118.97,119.52
2012-01-03,119.39,119.91,119.24,119.37
2012-01-04,120.04,120.049,119.579,120.01
2012-01-05,119.719,119.917,119.162,119.703
2012-01-06,119.581,119.73,118.542,119.57
2012-01-09,118.586,118.85,118.475,118.572
2012-01-10,118.817,119.029,118.715,118.79
2012-01-11,118.89,119.08,118.095,118.89
2012-01-12,117.858,118.08,117.508,117.87
2012-01-13,117.77,118.132,117.316,117.78
2012-01-16,117.668,117.735,117.389,117.65
2012-01-17,117.68,118.256,117.626,117.68
2012-01-18,117.8,118.569,117.53,117.814
2012-01-19,118.485,119.335,118.3,118.457
2012-01-20,119.312,119.9,119.173,119.328
2012-01-23,119.62,120.193,119.456,119.61
2012-01-24,119.921,121.26,119.628,119.896
2012-01-25,121.357,122.026,121.237,121.347
2012-01-26,121.773,121.856,121.329,121.757
2012-01-27,121.415,121.45,120.03,121.437
2012-01-30,120.63,120.675,119.64,120.63
2012-01-31,119.94,120.6,119.76,119.91
2012-02-01,119.94,120.6,119.76,120.18
2012-02-02,120.69,120.73,120.273,120.715
2012-02-03,120.377,121.101,120.257,120.35
2012-02-06,120.94,121.142,120.461,120.939
2012-02-07,121.027,122.0,120.987,121.05
2012-02-08,122.01,122.8,121.578,121.989
2012-02-09,121.84,122.655,121.734,121.84
2012-02-10,122.786,123.131,122.19,122.724
2012-02-13,122.595,122.92,122.155,122.59
2012-02-14,121.84,123.031,121.812,121.85
2012-02-15,122.99,123.5,122.582,122.984
2012-02-16,123.112,124.207,122.793,123.116
2012-02-17,124.585,125.652,124.57,124.572
2012-02-20,126.575,126.575,125.766,126.582
2012-02-21,126.02,126.63,125.64,125.96
2012-02-22,126.046,126.536,125.575,126.04
2012-02-23,125.749,126.195,125.441,125.72
2012-02-24,125.827,128.18,125.827,125.83
2012-02-27,129.4,129.4,126.956,129.43
2012-02-28,127.37,128.2,126.708,127.377
2012-02-29,128.1,128.943,127.807,128.13
2012-03-01,129.38,129.542,128.773,129.388
2012-03-02,129.4,130.06,129.203,129.43
2012-03-05,129.154,129.38,128.201,129.209
2012-03-06,129.416,129.48,127.03,129.403
2012-03-07,126.74,127.338,126.63,126.79
2012-03-08,127.907,129.167,127.679,127.918
2012-03-09,129.08,129.7,128.65,129.09
2012-03-12,128.997,129.189,128.16,129.025
2012-03-13,128.884,130.152,128.261,128.87
2012-03-14,130.271,131.43,130.12,130.26
2012-03-15,131.189,131.67,130.197,131.2
2012-03-16,131.094,132.402,130.9,131.091
2012-03-19,132.153,132.497,131.44,132.13
2012-03-20,132.44,132.977,132.255,132.44
2012-03-21,132.7,133.456,132.48,132.683
2012-03-22,132.052,132.46,130.43,132.059
2012-03-23,130.545,131.5,130.08,130.558
2012-03-25,131.104,132.123,130.73,131.14
2012-03-26,132.48,133.335,132.03,132.44
2012-03-27,132.51,132.633,131.02,132.49
2012-03-28,131.619,131.712,130.19,131.6
2012-03-29,131.279,131.846,130.64,131.28
2012-04-01,132.65,133.193,131.22,132.66
2012-04-02,130.92,131.69,130.92,130.79
2012-04-03,131.74,131.79,130.266,131.735
2012-04-04,131.056,131.083,129.503,131.09
2012-04-05,130.1,130.855,129.156,130.12
2012-04-08,129.069,129.32,128.821,129.11
2012-04-09,129.884,130.225,127.95,129.856
2012-04-10,127.902,129.18,127.87,127.92
2012-04-11,128.98,129.334,128.71,128.95
2012-04-12,129.15,129.53,128.24,129.122
2012-04-15,128.13,128.29,127.193,128.1
2012-04-16,127.78,128.86,127.55,127.737
2012-04-17,129.19,130.41,129.08,129.2
2012-04-18,130.242,131.03,130.187,130.238
2012-04-19,131.09,131.78,130.835,131.075
2012-04-22,131.58,131.58,130.218,131.614
2012-04-23,130.689,131.21,130.316,130.68
2012-04-24,131.38,131.645,130.507,131.38
2012-04-25,131.52,131.557,130.577,131.505
2012-04-26,131.14,131.73,130.3,131.104
2012-04-29,130.809,130.809,129.365,130.81
2012-04-30,129.733,130.09,129.06,129.706
2012-05-01,130.1,130.698,129.47,130.092
2012-05-02,129.74,130.42,129.67,129.74
2012-05-03,129.86,129.94,128.84,129.85
2012-05-06,128.64,129.36,128.5,128.67
2012-05-07,129.385,129.544,128.62,129.384
2012-05-08,128.93,129.078,127.84,128.93
2012-05-09,128.61,129.374,128.11,128.625
2012-05-10,128.862,129.02,128.259,128.85
2012-05-13,128.582,128.84,128.02,128.643
2012-05-14,128.574,128.744,128.09,128.528
2012-05-15,128.34,128.467,127.71,128.35
2012-05-16,127.92,127.955,125.369,127.92
2012-05-17,125.326,125.62,124.65,125.32
2012-05-20,125.15,125.8,125.061,125.16
2012-05-21,125.671,126.419,125.41,125.68
2012-05-22,126.071,126.1,124.391,126.08
2012-05-23,124.56,124.944,124.17,124.52
2012-05-24,124.714,124.939,124.407,124.725
2012-05-27,124.78,124.865,124.38,124.78
2012-05-28,124.63,124.94,124.0,124.652
2012-05-29,124.27,124.36,122.46,124.27
2012-05-30,122.233,122.439,120.18,122.258
2012-05-31,120.918,121.006,118.8,120.888
2012-06-03,119.824,120.62,119.77,119.857
2012-06-04,120.6,121.2,119.75,120.58
2012-06-05,121.094,122.913,120.863,121.081
2012-06-06,122.7,124.306,122.33,122.698
2012-06-07,123.683,123.7,121.9,123.68
2012-06-10,123.585,124.038,123.043,123.6
2012-06-11,122.79,123.805,122.535,122.795
2012-06-12,123.79,124.241,123.266,123.8
2012-06-13,123.184,123.38,122.75,123.174
2012-06-14,123.488,123.59,122.117,123.503
2012-06-17,124.22,124.645,123.353,124.214
2012-06-18,123.913,124.462,123.22,123.91
2012-06-19,124.27,125.29,123.61,124.21
2012-06-20,124.727,125.813,124.6,124.72
2012-06-21,124.848,125.693,124.84,124.775
2012-06-24,125.509,125.509,123.57,125.5
2012-06-25,123.968,124.392,123.538,123.947
2012-06-26,124.2,124.534,123.852,124.2
2012-06-27,124.011,124.074,122.943,124.024
2012-06-28,123.036,125.414,122.93,123.067
2012-07-01,125.221,125.329,124.317,125.15
2012-07-02,124.655,125.44,124.6,124.63
2012-07-03,125.245,125.259,124.286,125.26
2012-07-04,124.58,124.85,123.837,124.55
2012-07-05,123.997,124.224,123.145,124.0
2012-07-08,123.019,123.646,123.019,123.015
2012-07-09,123.52,123.556,122.781,123.503
2012-07-10,123.087,123.961,122.92,123.122
2012-07-11,123.42,123.82,122.029,123.43
2012-07-12,122.32,123.22,122.17,122.35
2012-07-15,123.365,123.365,122.51,123.35
2012-07-16,123.185,123.764,122.96,123.165
2012-07-17,123.833,123.888,123.081,123.88
2012-07-18,123.275,123.54,122.9,123.27
2012-07-19,123.718,123.741,122.6,123.73
2012-07-22,122.455,122.455,121.126,122.45
2012-07-23,121.448,121.672,120.964,121.48
2012-07-24,121.065,121.62,120.91,121.02
2012-07-25,120.93,122.96,120.8,120.93
2012-07-26,122.79,123.67,122.467,122.8
2012-07-29,123.452,123.515,122.48,123.42
2012-07-30,122.725,123.031,122.22,122.725
2012-07-31,122.38,122.638,121.89,122.37
2012-08-01,121.8,122.54,121.17,121.8
2012-08-02,121.347,123.023,121.07,121.341
2012-08-05,123.03,123.03,121.718,123.0
2012-08-06,121.88,123.248,121.76,121.883
2012-08-07,122.686,122.84,121.89,122.72
2012-08-08,122.829,123.17,122.406,122.82
2012-08-09,122.8,122.881,121.788,122.865
2012-08-12,122.561,123.085,122.38,122.595
2012-08-13,122.772,123.862,122.76,122.77
2012-08-14,123.54,124.015,123.304,123.527
2012-08-15,123.84,124.79,123.824,123.832
2012-08-16,124.733,124.94,124.51,124.68
2012-08-19,124.73,124.99,124.565,124.735
2012-08-20,124.62,125.49,124.61,124.62
2012-08-21,125.01,125.49,124.85,124.99
2012-08-22,124.71,124.98,124.355,124.76
2012-08-23,124.586,124.815,124.116,124.631
2012-08-26,124.413,124.6,124.21,124.425
2012-08-27,124.35,124.35,123.7,124.33
2012-08-28,124.318,124.741,124.04,124.3
2012-08-29,124.57,124.786,124.04,124.596
2012-08-30,124.005,124.56,123.737,123.97
2012-09-02,124.208,124.52,123.95,124.21
2012-09-03,124.37,124.776,124.288,124.39
2012-09-04,124.47,124.899,124.012,124.49
2012-09-05,124.683,125.84,124.62,124.72
2012-09-06,125.648,126.185,125.02,125.66
2012-09-09,125.217,125.366,124.87,125.21
2012-09-10,125.09,125.366,124.69,125.08
2012-09-11,124.95,125.616,124.911,124.93
2012-09-12,125.344,125.38,124.62,125.31
2012-09-13,125.39,127.23,125.27,125.398
2012-09-16,127.06,128.192,126.81,127.073
2012-09-17,127.73,127.874,127.46,127.752
2012-09-18,127.941,128.8,126.937,127.91
2012-09-19,127.23,127.27,126.233,127.222
2012-09-20,126.825,127.57,126.81,126.839
2012-09-23,126.77,126.81,125.958,126.77
2012-09-24,126.301,126.661,126.034,126.317
2012-09-25,125.84,126.075,125.329,125.86
2012-09-26,125.61,126.07,125.579,125.64
2012-09-27,125.95,126.104,125.418,125.97
2012-09-30,125.664,126.274,125.474,125.668
2012-10-01,125.89,126.408,125.799,125.84
2012-10-02,126.119,126.43,125.77,126.129
2012-10-03,126.26,126.981,126.172,126.294
2012-10-04,127.085,127.8,126.7,127.054
2012-10-07,126.956,126.956,125.15,126.985
2012-10-08,125.511,125.812,124.92,125.494
2012-10-09,125.089,125.595,125.0,125.079
2012-10-10,124.95,126.088,124.729,124.945
2012-10-11,125.8,126.129,125.466,125.739
2012-10-14,125.942,126.62,125.54,125.978
2012-10-15,126.676,127.307,126.527,126.68
2012-10-16,127.151,127.414,126.735,127.168
2012-10-17,127.52,128.18,127.304,127.54
2012-10-18,127.34,127.49,126.76,127.32
2012-10-21,126.758,128.143,126.708,126.757
2012-10-22,128.089,128.102,126.956,128.111
2012-10-23,127.317,128.073,127.11,127.295
2012-10-24,127.98,129.63,127.933,127.99
2012-10-25,129.25,129.396,127.974,129.28
2012-10-29,128.126,128.284,127.54,128.1
2012-10-30,127.853,128.25,127.042,127.861
2012-10-31,128.04,128.805,127.85,128.062
2012-11-01,128.81,129.424,128.77,128.802
2012-11-02,129.409,129.5,128.958,129.4
2012-11-05,128.93,129.069,128.019,128.93
2012-11-06,128.11,128.362,127.848,128.12
2012-11-07,128.332,128.814,127.54,128.36
2012-11-08,127.76,127.813,127.212,127.772
2012-11-09,126.952,127.46,125.934,126.976
2012-11-12,126.27,126.525,125.96,126.27
2012-11-13,126.36,126.591,125.652,126.35
2012-11-14,126.132,127.495,126.0,126.12
2012-11-15,126.987,128.931,126.91,127.0
2012-11-16,128.692,128.91,128.267,128.67
2012-11-19,129.648,129.698,128.91,129.585
2012-11-20,129.289,130.055,129.012,129.293
2012-11-21,130.144,131.604,130.0,130.19
2012-11-22,131.81,132.312,131.059,131.849
2012-11-23,131.269,131.882,130.816,131.25
2012-11-26,132.31,132.426,131.11,132.276
2012-11-27,131.283,132.069,131.235,131.275
2012-11-28,131.498,131.66,130.497,131.487
2012-11-29,131.58,131.832,131.262,131.53
2012-11-30,131.731,132.788,131.57,131.75
2012-12-03,132.106,132.431,131.619,132.119
2012-12-05,131.729,132.655,131.697,131.71
2012-12-06,132.645,132.888,132.32,132.63
2012-12-07,132.28,132.592,131.657,132.274
2012-12-10,132.39,132.428,131.67,132.344
2012-12-11,132.38,132.825,132.34,132.368
2012-12-12,133.01,133.885,132.89,133.014
2012-12-13,134.263,135.065,134.211,134.261
2012-12-14,134.8,135.384,134.338,134.821
2012-12-17,136.038,136.095,135.43,136.108
2012-12-18,135.973,136.48,135.815,135.952
2012-12-19,137.042,137.804,136.93,137.05
2012-12-20,136.84,137.463,136.22,136.876
2012-12-21,137.38,137.396,136.059,137.377
2012-12-24,136.3,136.91,136.278,136.34
2012-12-25,136.78,136.919,136.563,136.81
2012-12-26,137.151,138.15,137.151,137.14
2012-12-27,138.148,139.146,138.1,138.15
2012-12-28,139.35,139.47,138.214,139.383
2012-12-31,138.918,140.585,138.731,138.9
2013-01-01,140.96,141.36,140.76,140.95
2013-01-02,140.675,142.72,140.531,140.671
2013-01-03,141.76,141.827,140.16,141.832
2013-01-04,140.977,141.76,140.547,141.02
2013-01-07,141.723,141.723,140.48,141.715
2013-01-08,140.668,141.385,139.558,140.624
2013-01-09,139.563,140.865,139.563,139.485
2013-01-10,141.1,142.17,140.865,141.139
2013-01-11,144.35,144.35,143.0,144.244
2013-01-14,144.277,144.78,142.827,144.34
2013-01-15,143.8,144.152,141.68,143.81
2013-01-16,142.64,142.696,140.496,142.67
2013-01-17,141.81,143.493,140.87,141.795
2013-01-18,143.501,144.045,142.587,143.463
2013-01-21,142.966,142.966,141.807,142.98
2013-01-22,141.92,142.62,139.921,141.879
2013-01-23,140.208,140.787,139.24,140.17
2013-01-24,140.19,142.1,139.876,140.2
2013-01-25,142.85,144.21,142.5,142.901
2013-01-28,143.821,143.821,142.292,143.824
2013-01-29,141.94,143.036,141.928,141.982
2013-01-30,142.892,144.177,142.892,142.943
2013-01-31,143.72,144.57,143.448,143.781
2013-02-01,145.51,146.47,144.879,145.496
2013-02-04,145.665,146.58,145.226,145.68
2013-02-05,145.2,147.204,144.897,145.21
2013-02-06,146.57,147.204,145.98,146.583
2013-02-07,146.33,147.869,145.97,146.31
2013-02-08,147.0,147.274,145.077,147.05
2013-02-11,146.18,146.76,145.95,146.2
2013-02-12,147.42,147.744,145.256,147.464
2013-02-13,146.25,146.401,144.966,146.217
2013-02-14,144.77,145.333,143.995,144.85
2013-02-15,143.9,145.52,142.771,143.96
2013-02-18,145.09,145.848,145.072,145.032
2013-02-19,144.85,145.228,144.405,144.921
2013-02-20,144.56,144.705,142.88,144.552
2013-02-21,142.6,142.927,141.314,142.6
2013-02-22,142.12,142.949,141.711,142.145
2013-02-25,142.262,142.785,141.667,142.23
2013-02-26,140.03,140.549,138.727,140.094
2013-02-27,139.33,139.511,138.2,139.33
2013-02-28,139.98,140.462,139.44,140.0
2013-03-01,140.37,140.711,139.117,140.347
2013-03-04,140.577,140.948,140.196,140.671
2013-03-05,141.31,141.425,140.57,141.28
2013-03-06,141.16,141.296,140.697,141.16
2013-03-07,140.81,142.5,140.63,140.81
2013-03-08,142.59,144.65,142.448,142.61
2013-03-11,143.341,143.603,142.8,143.35
2013-03-12,144.04,144.06,142.078,144.009
2013-03-13,142.8,143.784,142.673,142.79
2013-03-14,143.29,144.682,143.024,143.29
2013-03-15,144.74,145.852,143.878,144.799
2013-03-18,143.337,143.94,142.396,143.314
2013-03-19,143.92,144.609,143.25,143.91
2013-03-20,143.46,144.978,143.21,143.481
2013-03-21,144.78,145.215,143.911,144.835
2013-03-22,144.08,144.532,143.027,144.06
2013-03-25,144.57,144.731,143.2,144.528
2013-03-26,142.552,143.502,142.503,142.58
2013-03-27,143.44,143.78,142.059,143.44
2013-03-28,142.65,142.96,142.18,142.65
2013-03-29,143.137,143.252,142.72,143.101
2013-03-31,143.23,143.31,141.825,143.273
2013-04-01,141.835,141.92,141.01,141.82
2013-04-02,140.962,141.475,140.48,141.01
2013-04-03,140.559,146.315,140.414,140.602
2013-04-04,146.793,149.208,146.02,146.809
2013-04-07,151.6,151.711,150.618,151.521
2013-04-08,151.578,151.913,150.573,151.471
2013-04-09,151.65,152.65,151.494,151.584
2013-04-10,152.732,153.441,152.34,152.684
2013-04-11,153.382,153.48,151.626,153.34
2013-04-14,151.09,151.631,149.527,151.036
2013-04-15,148.07,150.232,147.628,148.046
2013-04-16,149.878,151.14,148.62,149.89
2013-04-17,149.494,150.455,148.75,149.405
2013-04-18,150.115,152.462,149.88,150.092
2013-04-21,151.975,152.195,151.0,151.89
2013-04-22,151.713,151.998,149.956,151.68
2013-04-23,151.73,152.278,151.145,151.798
2013-04-24,151.87,153.749,151.431,151.89
2013-04-25,153.272,153.382,151.12,153.306
2013-04-28,151.57,152.174,151.05,151.574
2013-04-29,151.6,151.945,150.784,151.6
2013-04-30,151.07,152.221,150.843,151.12
2013-05-01,151.201,153.192,150.932,151.21
2013-05-02,152.137,154.6,152.05,152.137
2013-05-05,154.359,154.77,154.13,154.368
2013-05-06,154.366,154.366,152.991,154.36
2013-05-07,152.849,154.044,152.849,152.888
2013-05-08,153.64,154.049,153.245,153.668
2013-05-09,155.69,156.62,155.601,155.606
2013-05-12,156.423,156.654,155.58,156.371
2013-05-13,155.59,155.875,155.017,155.6
2013-05-14,155.583,156.431,155.433,155.607
2013-05-15,155.743,156.476,155.387,155.805
2013-05-16,156.026,156.643,155.691,156.025
2013-05-19,155.87,156.19,155.588,155.895
2013-05-20,155.87,156.539,155.141,155.89
2013-05-21,155.26,156.008,155.096,155.27
2013-05-22,155.125,155.541,151.88,155.105
2013-05-23,154.533,154.745,152.519,154.559
2013-05-26,152.916,153.08,152.474,152.902
2013-05-27,152.732,154.507,152.732,152.754
2013-05-28,154.0,154.0,152.255,153.936
2013-05-29,152.739,153.902,152.33,152.659
2013-05-30,153.955,154.154,152.449,153.96
2013-06-02,152.769,153.217,151.9,152.795
2013-06-03,152.775,153.745,152.4,152.811
2013-06-04,153.435,153.664,152.418,153.4
2013-06-05,152.43,153.532,152.03,152.408
2013-06-06,151.867,151.99,148.36,151.834
2013-06-09,152.626,154.153,151.998,152.52
2013-06-10,153.92,153.977,150.269,153.948
2013-06-11,150.34,151.956,149.428,150.33
2013-06-12,150.4,150.4,147.091,150.42
2013-06-13,150.055,150.25,147.765,150.03
2013-06-16,148.198,149.404,148.078,148.154
2013-06-17,148.824,149.354,148.436,148.782
2013-06-18,149.31,149.474,148.256,149.33
2013-06-19,149.52,151.877,148.856,149.527
2013-06-20,150.72,151.852,149.773,150.723
2013-06-23,151.43,151.64,149.75,151.44
2013-06-24,150.631,151.442,149.7,150.619
2013-06-25,151.337,151.375,149.288,151.29
2013-06-26,149.85,150.563,149.54,149.81
2013-06-27,150.247,151.128,150.19,150.206
2013-06-30,151.16,152.043,150.84,151.095
2013-07-01,151.57,152.372,151.247,151.632
2013-07-02,152.657,152.745,151.226,152.61
2013-07-03,152.69,152.78,150.302,152.644
2013-07-04,150.755,151.099,149.5468,150.721
2013-07-07,150.833,151.033,150.1837,150.811
2013-07-08,150.748,151.568,149.79,150.76
2013-07-09,150.283,150.337,148.761,150.29
2013-07-10,149.583,150.421,148.9521,149.645
2013-07-11,150.29,150.634,149.433,150.313
2013-07-14,149.787,151.207,149.787,149.801
2013-07-15,150.88,151.101,149.803,150.893
2013-07-16,150.073,151.925,149.7531,150.087
2013-07-17,151.58,152.96,151.379,151.571
2013-07-18,152.967,153.366,152.149,152.998
2013-07-21,153.361,153.361,152.396,153.42
2013-07-22,152.589,153.604,152.428,152.594
2013-07-23,152.936,154.009,152.861,152.94
2013-07-24,153.7,153.761,152.305,153.756
2013-07-25,152.614,152.772,150.741,152.685
2013-07-28,150.76,151.106,150.16,150.74
2013-07-29,150.412,150.895,149.37,150.391
2013-07-30,149.34,149.423,148.3,149.36
2013-07-31,148.44,150.601,148.246,148.43
2013-08-01,150.32,151.385,150.196,150.286
2013-08-04,151.18,151.461,150.357,151.234
2013-08-05,150.859,151.419,149.96,150.824
2013-08-06,149.265,150.677,147.586,149.328
2013-08-07,149.629,150.1,148.914,149.653
2013-08-08,150.303,150.601,149.172,150.29
2013-08-11,148.987,149.891,148.94,149.0
2013-08-12,150.185,152.078,150.135,150.227
2013-08-13,151.57,152.519,151.173,151.64
2013-08-14,151.72,153.194,151.5,151.81
2013-08-15,151.79,152.738,151.79,151.815
2013-08-18,152.603,153.506,152.201,152.576
2013-08-19,152.727,153.092,151.759,152.679
2013-08-20,152.408,153.275,152.124,152.4
2013-08-21,152.69,153.783,152.677,152.72
2013-08-22,154.168,154.633,153.404,154.183
2013-08-25,153.785,153.941,153.267,153.754
2013-08-26,153.124,153.18,150.811,153.119
2013-08-27,150.588,151.853,150.46,150.615
2013-08-28,151.75,152.61,151.5,151.72
2013-08-29,152.415,152.63,151.75,152.39
2013-09-01,152.59,154.819,152.59,152.673
2013-09-02,154.76,155.341,154.431,154.795
2013-09-03,154.943,155.834,154.76,154.918
2013-09-04,155.77,156.395,155.469,155.77
2013-09-05,156.046,156.046,154.188,156.08
2013-09-08,156.328,156.566,155.499,156.302
2013-09-09,156.533,157.895,156.158,156.507
2013-09-10,157.781,158.39,157.506,157.786
2013-09-11,157.939,158.037,156.75,157.95
2013-09-12,157.321,157.92,157.254,157.368
2013-09-15,157.761,157.916,157.292,157.792
2013-09-16,157.56,158.115,157.472,157.52
2013-09-17,157.618,158.137,157.472,157.62
2013-09-18,158.455,159.938,158.174,158.414
2013-09-19,159.34,159.675,159.08,159.375
2013-09-22,159.01,159.01,158.185,159.012
2013-09-23,158.41,158.94,157.333,158.37
2013-09-24,157.898,158.786,157.38,157.91
2013-09-25,158.212,159.243,157.999,158.199
2013-09-26,158.589,158.931,158.26,158.622
2013-09-29,158.08,159.05,157.405,158.15
2013-09-30,159.272,159.845,158.585,159.255
2013-10-01,158.575,158.701,157.52,158.561
2013-10-02,158.039,158.79,156.892,157.988
2013-10-03,157.128,157.326,155.719,157.127
2013-10-06,155.97,156.175,155.413,156.01
2013-10-07,155.63,156.63,155.535,155.618
2013-10-08,156.22,156.548,154.745,156.193
2013-10-09,155.518,156.76,155.48,155.48
2013-10-10,156.914,157.515,156.657,156.849
2013-10-13,157.017,157.183,156.811,156.964
2013-10-14,157.54,157.55,156.84,157.54
2013-10-15,157.538,157.982,157.172,157.475
2013-10-16,157.785,158.202,157.12,157.71
2013-10-17,158.234,158.65,158.079,158.24
2013-10-20,158.384,158.751,158.192,158.358
2013-10-21,158.405,159.48,158.3,158.422
2013-10-22,159.25,159.33,156.858,159.282
2013-10-23,157.407,158.13,157.032,157.47
2013-10-24,157.715,157.877,157.12,157.747
2013-10-28,157.86,158.29,157.58,157.817
2013-10-29,157.561,157.581,156.751,157.562
2013-10-30,157.546,157.91,157.34,157.57
2013-10-31,157.78,157.919,157.259,157.835
2013-11-01,157.743,157.781,156.84,157.73
2013-11-04,157.16,157.669,157.088,157.144
2013-11-05,157.52,157.978,156.662,157.499
2013-11-06,157.968,158.96,157.908,157.97
2013-11-07,158.646,159.235,158.299,158.651
2013-11-08,157.919,158.426,157.543,157.946
2013-11-11,158.753,158.783,158.32,158.73
2013-11-12,158.501,159.194,158.02,158.458
2013-11-13,158.2,159.215,157.982,158.28
2013-11-14,159.161,160.87,159.16,159.248
2013-11-15,160.832,161.629,160.683,160.915
2013-11-18,161.658,161.658,160.95,161.7
2013-11-19,160.891,161.331,160.413,160.913
2013-11-20,161.56,161.646,161.03,161.627
2013-11-21,161.366,163.02,161.21,161.3
2013-11-22,163.87,164.093,163.51,163.934
2013-11-25,164.362,165.26,164.174,164.407
2013-11-26,163.917,164.343,163.65,163.857
2013-11-27,164.08,166.436,164.074,164.097
2013-11-28,166.39,167.31,165.988,166.389
2013-11-29,167.126,167.872,166.821,167.132
2013-12-02,167.847,168.753,167.757,167.79
2013-12-03,168.38,169.121,167.94,168.384
2013-12-04,167.717,168.349,167.375,167.73
2013-12-05,167.609,167.72,166.459,167.721
2013-12-06,166.135,168.224,166.108,166.14
2013-12-09,168.34,169.072,168.1,168.382
2013-12-10,169.555,170.038,168.66,169.572
2013-12-11,169.163,169.31,167.57,169.13
2013-12-12,167.84,168.89,167.61,167.834
2013-12-13,169.11,169.746,167.702,169.166
2013-12-16,168.31,168.394,167.363,168.32
2013-12-17,167.871,168.158,166.791,167.896
2013-12-18,167.049,169.339,167.021,167.032
2013-12-19,170.72,170.735,169.99,170.746
2013-12-20,170.65,171.007,170.346,170.609
2013-12-23,169.852,170.22,169.762,169.866
2013-12-24,170.279,170.781,170.125,170.303
2013-12-25,170.707,170.82,170.499,170.707
2013-12-26,170.898,172.163,170.898,170.917
2013-12-27,172.197,173.915,172.1,172.15
2013-12-30,173.518,173.835,173.079,173.553
2013-12-31,173.035,173.851,172.814,173.028
2014-01-01,174.3,174.33,174.3,174.3
2014-01-02,174.585,174.835,172.07,174.593
2014-01-03,172.428,172.49,171.096,172.403
2014-01-06,172.14,172.166,170.419,172.138
2014-01-07,171.054,171.678,170.82,171.056
2014-01-08,171.675,172.693,171.494,171.71
2014-01-09,172.39,173.078,172.27,172.43
2014-01-10,172.71,173.02,171.5,172.696
2014-01-13,171.41,171.505,168.557,171.427
2014-01-14,168.975,170.602,168.83,168.99
2014-01-15,171.156,171.565,170.45,171.18
2014-01-16,171.142,171.782,170.358,171.07
2014-01-17,170.5,171.831,170.18,170.49
2014-01-20,171.14,171.458,170.3,171.123
2014-01-21,171.227,172.32,171.2,171.168
2014-01-22,171.68,173.135,171.364,171.706
2014-01-23,173.313,173.56,171.87,173.305
2014-01-24,171.87,172.274,168.586,171.937
2014-01-27,168.313,170.49,168.313,168.279
2014-01-28,170.137,171.272,169.961,170.137
2014-01-29,171.026,171.402,168.87,171.049
2014-01-30,169.28,169.747,168.165,169.369
2014-01-31,169.39,169.69,167.66,169.5
2014-02-03,168.037,168.19,165.421,167.95
2014-02-04,164.954,165.766,163.882,164.939
2014-02-05,166.01,166.023,164.02,166.053
2014-02-06,165.606,166.548,165.05,165.6
2014-02-07,166.51,167.977,166.152,166.5
2014-02-10,168.131,168.208,167.171,168.223
2014-02-11,167.533,168.844,167.512,167.557
2014-02-12,168.579,169.993,168.342,168.6
2014-02-13,170.151,170.286,169.24,170.177
2014-02-14,170.168,170.573,169.107,170.173
2014-02-17,170.25,171.031,169.938,170.2
2014-02-18,170.602,171.846,170.208,170.634
2014-02-19,170.66,170.94,169.6,170.725
2014-02-20,170.58,170.74,169.287,170.603
2014-02-21,170.471,171.721,170.174,170.439
2014-02-24,170.496,170.739,169.845,170.495
2014-02-25,170.705,171.056,170.106,170.685
2014-02-26,170.333,170.923,169.963,170.312
2014-02-27,170.473,170.65,169.059,170.48
2014-02-28,170.426,171.195,169.403,170.418
2014-03-03,169.57,169.96,169.182,169.485
2014-03-04,168.993,170.35,168.993,169.02
2014-03-05,170.3,171.36,170.14,170.249
2014-03-06,171.052,172.454,171.052,171.063
2014-03-07,172.481,173.509,172.026,172.47
2014-03-10,172.6,172.85,171.531,172.6
2014-03-11,171.764,172.115,171.369,171.784
2014-03-12,170.908,171.438,170.18,170.896
2014-03-13,170.85,171.537,170.385,170.823
2014-03-14,169.142,169.24,167.96,169.163
2014-03-17,168.638,169.58,168.51,168.625
2014-03-18,169.537,169.577,167.82,169.484
2014-03-19,168.383,169.06,168.068,168.33
2014-03-20,169.346,169.68,168.7,169.393
2014-03-21,169.01,169.085,168.12,169.06
2014-03-24,168.677,169.397,168.299,168.611
2014-03-25,168.636,169.231,168.38,168.61
2014-03-26,169.1,169.663,168.896,169.07
2014-03-27,168.925,170.29,168.654,168.89
2014-03-28,169.663,171.248,169.55,169.638
2014-03-30,171.15,172.037,170.97,171.285
2014-03-31,171.97,172.369,171.73,172.0
2014-04-01,172.321,172.963,172.31,172.346
2014-04-02,172.684,173.115,172.13,172.688
2014-04-03,172.404,172.462,171.395,172.41
2014-04-06,171.286,171.553,170.68,171.262
2014-04-07,171.145,171.53,170.725,171.146
2014-04-08,170.686,171.025,170.462,170.736
2014-04-09,171.551,171.618,170.101,171.54
2014-04-10,169.99,170.891,169.504,170.06
2014-04-13,169.757,170.495,169.593,169.678
2014-04-14,170.44,170.616,169.764,170.462
2014-04-15,170.37,172.073,170.37,170.369
2014-04-16,171.689,171.99,171.493,171.7
2014-04-17,171.923,172.144,171.773,171.914
2014-04-20,172.161,172.481,172.099,172.114
2014-04-21,172.38,172.693,172.0,172.39
2014-04-22,172.624,172.765,171.35,172.635
2014-04-23,171.993,172.137,171.483,171.982
2014-04-24,171.924,172.234,171.378,171.958
2014-04-27,171.539,172.54,171.269,171.579
2014-04-28,172.287,172.89,172.255,172.31
2014-04-29,172.555,172.613,171.912,172.52
2014-04-30,172.538,172.923,172.38,172.494
2014-05-01,172.78,173.405,172.391,172.763
2014-05-04,172.498,172.526,171.764,172.48
2014-05-05,172.282,172.914,172.176,172.275
2014-05-06,172.67,172.94,172.147,172.639
2014-05-07,172.676,172.822,172.14,172.706
2014-05-08,172.04,172.245,171.226,172.02
2014-05-11,171.75,172.486,171.68,171.745
2014-05-12,172.385,172.71,171.927,172.382
2014-05-13,172.023,172.325,170.59,172.067
2014-05-14,170.656,171.003,170.195,170.705
2014-05-15,170.397,170.976,170.22,170.47
2014-05-18,170.803,170.963,170.04,170.808
2014-05-19,170.61,170.831,170.362,170.664
2014-05-20,170.501,171.455,169.839,170.491
2014-05-21,171.386,171.854,171.196,171.373
2014-05-22,171.661,171.79,171.29,171.639
2014-05-25,171.639,171.782,171.46,171.62
2014-05-26,171.642,171.963,171.297,171.587
2014-05-27,171.395,171.467,169.87,171.415
2014-05-28,170.041,170.179,169.513,170.01
2014-05-29,170.05,170.682,169.76,170.082
2014-06-01,170.675,171.434,170.58,170.695
2014-06-02,171.462,171.789,171.266,171.493
2014-06-03,171.684,172.058,171.344,171.653
2014-06-04,171.843,172.185,171.587,171.873
2014-06-05,172.134,172.394,171.82,172.14
2014-06-08,172.313,172.4,171.98,172.13
2014-06-09,172.193,172.226,171.339,172.19
2014-06-10,171.32,171.784,170.97,171.35
2014-06-11,171.26,171.88,171.221,171.265
2014-06-12,172.44,173.335,172.377,172.44
2014-06-15,173.102,173.14,172.708,173.09
2014-06-16,172.929,173.425,172.82,172.96
2014-06-17,173.247,173.75,172.88,173.28
2014-06-18,173.216,173.719,173.031,173.19
2014-06-19,173.59,174.069,173.52,173.663
2014-06-22,173.744,173.814,173.175,173.735
2014-06-23,173.408,173.697,172.949,173.431
2014-06-24,173.04,173.095,172.709,173.038
2014-06-25,172.88,173.424,172.607,172.918
2014-06-26,172.99,173.064,172.444,173.024
2014-06-29,172.767,173.318,172.375,172.759
2014-06-30,173.311,174.195,173.28,173.27
2014-07-01,174.12,174.735,173.98,174.121
2014-07-02,174.747,175.31,174.5,174.747
2014-07-03,175.244,175.328,174.8,175.273
2014-07-06,175.158,175.174,174.26,175.162
2014-07-07,174.42,174.526,173.724,174.41
2014-07-08,173.876,174.379,173.79,173.895
2014-07-09,174.196,174.305,172.975,174.211
2014-07-10,173.49,173.773,173.195,173.486
2014-07-13,173.544,173.964,173.34,173.53
2014-07-14,173.505,174.534,173.28,173.47
2014-07-15,174.305,174.4,174.053,174.282
2014-07-16,174.155,174.208,173.168,174.163
2014-07-17,172.96,173.577,172.666,173.003
2014-07-20,173.15,173.181,172.777,173.16
2014-07-21,173.142,173.458,172.974,173.125
2014-07-22,173.16,173.319,172.584,173.15
2014-07-23,172.984,173.04,172.63,172.964
2014-07-24,172.88,173.137,172.672,172.902
2014-07-27,172.765,173.06,172.74,172.789
2014-07-28,172.92,173.204,172.712,172.933
2014-07-29,172.95,173.958,172.887,172.98
2014-07-30,173.913,173.948,173.386,173.88
2014-07-31,173.585,173.826,172.368,173.591
2014-08-03,172.553,172.866,172.44,172.601
2014-08-04,172.952,173.486,172.76,172.93
2014-08-05,173.13,173.158,172.137,173.137
2014-08-06,172.133,172.59,171.887,172.098
2014-08-07,171.845,171.846,170.695,171.832
2014-08-10,171.35,171.49,171.206,171.368
2014-08-11,171.513,171.78,171.36,171.561
2014-08-12,171.82,172.429,170.86,171.858
2014-08-13,170.932,171.213,170.65,170.876
2014-08-14,171.034,171.422,170.408,171.022
2014-08-17,171.19,171.595,171.02,171.216
2014-08-18,171.589,171.618,170.692,171.575
2014-08-19,171.053,172.154,170.99,171.06
2014-08-20,172.129,172.383,171.878,172.108
2014-08-21,172.15,172.615,171.6,172.14
2014-08-24,172.4,172.68,172.293,172.403
2014-08-25,172.415,172.55,172.103,172.43
2014-08-26,172.226,172.53,172.04,172.229
2014-08-27,172.163,172.268,171.656,172.15
2014-08-28,172.017,172.546,171.93,171.999
2014-08-31,172.823,173.392,172.748,172.78
2014-09-01,173.31,173.926,173.25,173.348
2014-09-02,173.247,173.31,172.48,173.302
2014-09-03,172.638,172.753,171.959,172.6
2014-09-04,172.02,172.102,170.967,172.025
2014-09-07,170.509,170.626,169.35,170.529
2014-09-08,170.72,171.5,170.592,170.8
2014-09-09,171.07,172.367,171.07,171.06
2014-09-10,173.08,174.09,172.772,173.055
2014-09-11,173.973,174.332,173.838,174.04
2014-09-14,174.509,174.515,173.828,174.49
2014-09-15,173.846,174.181,173.06,173.858
2014-09-16,174.264,175.717,174.217,174.258
2014-09-17,176.48,178.349,176.21,176.551
2014-09-18,178.7,180.65,177.56,178.823
2014-09-21,177.675,178.31,177.675,177.777
2014-09-22,177.965,178.269,176.637,178.031
2014-09-23,177.947,178.395,177.622,177.877
2014-09-24,178.485,178.485,177.28,178.384
2014-09-25,177.34,178.087,177.152,177.359
2014-09-28,177.63,178.146,177.34,177.662
2014-09-29,177.675,178.072,177.366,177.631
2014-09-30,177.71,178.116,177.178,177.776
2014-10-01,176.412,176.612,174.418,176.51
2014-10-02,175.3,175.89,174.964,175.325
2014-10-05,175.229,175.303,174.551,175.257
2014-10-06,175.01,175.13,173.828,174.988
2014-10-07,173.88,174.268,173.438,173.857
2014-10-08,174.8,174.991,174.029,174.734
2014-10-09,173.83,173.967,172.727,173.78
2014-10-12,172.72,172.987,172.263,172.731
2014-10-13,172.023,172.462,169.934,171.98
2014-10-14,170.46,171.116,169.135,170.536
2014-10-15,169.46,170.446,168.56,169.44
2014-10-16,171.231,171.806,170.201,171.24
2014-10-19,172.365,172.958,172.267,172.42
2014-10-20,172.654,172.723,171.781,172.667
2014-10-21,172.395,172.6,171.097,172.42
2014-10-22,171.88,173.41,171.71,171.905
2014-10-23,173.243,173.98,172.956,173.312
2014-10-27,173.985,173.991,173.397,174.07
2014-10-28,173.882,174.714,173.69,173.85
2014-10-29,174.5,174.655,174.06,174.492
2014-10-30,174.169,174.585,173.987,174.179
2014-10-31,174.707,179.518,174.661,174.71
2014-11-03,180.172,182.448,179.64,180.239
2014-11-04,181.58,181.988,181.109,181.581
2014-11-05,181.666,183.32,181.613,181.607
2014-11-06,183.038,184.255,181.916,183.028
2014-11-07,182.429,182.716,181.48,182.436
2014-11-10,181.85,182.1,181.079,181.897
2014-11-11,181.912,183.952,181.771,181.909
2014-11-12,184.249,184.289,181.996,184.268
2014-11-13,182.33,182.742,181.662,182.249
2014-11-14,181.832,182.607,181.599,181.836
2014-11-17,183.017,183.017,181.106,183.179
2014-11-18,182.344,183.215,182.228,182.405
2014-11-19,182.62,184.537,182.537,182.64
2014-11-20,185.119,186.094,184.987,185.137
2014-11-21,185.536,185.536,183.996,185.55
2014-11-24,184.21,185.934,184.05,184.212
2014-11-25,185.9,185.9,184.569,185.931
2014-11-26,185.207,185.858,184.771,185.165
2014-11-27,185.66,185.82,185.0,185.681
2014-11-28,185.345,185.886,185.309,185.265
2014-12-01,185.607,186.279,185.087,185.544
2014-12-02,186.138,186.912,186.02,186.14
2014-12-03,186.459,188.044,186.27,186.515
2014-12-04,188.073,188.225,187.6,188.089
2014-12-05,187.806,189.665,187.28,187.81
2014-12-08,189.24,189.414,188.403,189.22
2014-12-09,188.812,189.199,185.28,188.832
2014-12-10,187.289,187.79,185.884,187.15
2014-12-11,185.29,187.359,184.988,185.325
2014-12-12,187.011,187.299,185.63,187.042
2014-12-15,185.745,186.945,184.527,185.791
2014-12-16,184.182,184.4,181.73,184.147
2014-12-17,183.487,184.67,183.21,183.583
2014-12-18,184.915,186.685,184.44,184.976
2014-12-19,186.25,187.196,186.061,186.323
2014-12-22,186.707,187.502,186.5,186.743
2014-12-23,187.14,187.465,186.491,187.158
2014-12-24,187.271,187.354,186.626,187.327
2014-12-25,187.27,187.42,186.465,187.025
2014-12-26,187.331,187.406,186.9,187.24
2014-12-29,187.27,187.748,187.12,187.25
2014-12-30,187.135,187.198,184.943,187.16
2014-12-31,185.934,186.929,185.68,185.96
2015-01-01,186.43,186.43,186.43,186.43
2015-01-02,186.74,187.295,184.822,186.765
2015-01-05,184.08,184.377,181.729,184.078
2015-01-06,182.161,182.331,180.1,182.205
2015-01-07,179.616,180.589,179.6,179.625
2015-01-08,180.202,180.91,179.98,180.163
2015-01-09,180.662,180.865,179.915,180.68
2015-01-12,179.572,180.521,179.04,179.543
2015-01-13,179.43,180.074,178.467,179.47
2015-01-14,178.63,178.856,176.905,178.684
2015-01-15,178.88,179.551,177.095,178.8
2015-01-16,176.256,178.031,175.892,176.26
2015-01-19,177.95,178.336,177.01,177.98
2015-01-20,177.64,180.26,177.606,177.582
2015-01-21,179.655,179.79,177.07,179.694
2015-01-22,178.453,179.224,177.46,178.47
2015-01-23,178.15,178.15,176.208,178.213
2015-01-26,175.976,178.26,175.976,175.94
2015-01-27,178.75,179.01,177.859,178.786
2015-01-28,178.921,179.344,178.592,178.83
2015-01-29,178.05,178.897,177.914,178.06
2015-01-30,178.295,178.325,176.17,178.283
2015-02-02,176.71,177.701,176.256,176.778
2015-02-03,176.68,177.769,175.49,176.675
2015-02-04,178.19,179.269,177.74,178.129
2015-02-05,178.02,179.8,177.729,177.98
2015-02-06,180.054,181.715,179.57,180.088
2015-02-09,181.218,181.585,180.155,181.24
2015-02-10,180.44,182.127,180.24,180.41
2015-02-11,182.115,183.804,181.995,182.135
2015-02-12,183.16,184.148,181.286,183.136
2015-02-13,182.92,183.32,182.538,183.016
2015-02-16,182.667,183.167,182.01,182.673
2015-02-17,181.965,183.06,181.58,181.89
2015-02-18,182.965,184.181,182.604,183.0
2015-02-19,183.217,183.992,183.052,183.17
2015-02-20,183.495,183.64,181.65,183.475
2015-02-23,183.214,183.698,182.603,183.22
2015-02-24,183.711,184.676,183.622,183.7
2015-02-25,183.64,184.526,183.51,183.73
2015-02-26,184.49,185.018,183.574,184.501
2015-02-27,184.038,184.749,183.56,184.026
2015-03-02,184.645,184.89,184.14,184.593
2015-03-03,184.59,184.59,183.707,184.619
2015-03-04,183.781,183.965,182.668,183.818
2015-03-05,182.583,183.619,182.39,182.61
2015-03-06,183.04,183.106,182.03,183.035
2015-03-09,181.716,183.013,181.636,181.792
2015-03-10,183.434,183.86,182.44,183.372
2015-03-11,182.5,183.12,181.3,182.48
2015-03-12,181.365,181.743,180.598,181.339
2015-03-13,180.635,180.74,178.5,180.63
2015-03-16,179.0,179.598,178.89,179.018
2015-03-17,179.928,180.095,178.568,179.916
2015-03-18,178.902,179.154,177.156,178.934
2015-03-19,179.574,179.883,178.0,179.591
2015-03-20,178.19,179.788,177.937,178.225
2015-03-23,179.262,179.325,178.14,179.329
2015-03-24,179.038,179.194,177.742,179.031
2015-03-25,177.652,178.354,177.65,177.698
2015-03-26,177.811,177.84,176.468,177.794
2015-03-27,177.041,177.88,176.702,177.03
2015-03-29,177.44,177.929,176.679,177.482
2015-03-30,177.682,178.308,177.101,177.7
2015-03-31,177.87,178.373,176.78,177.972
2015-04-01,177.335,177.729,176.753,177.387
2015-04-02,177.483,177.697,177.098,177.5
2015-04-05,177.363,178.272,177.245,177.38
2015-04-06,177.889,179.158,177.805,177.885
2015-04-07,178.273,179.263,177.634,178.287
2015-04-08,178.62,179.073,177.237,178.64
2015-04-09,177.4,177.5,175.685,177.37
2015-04-12,175.922,176.514,175.38,175.97
2015-04-13,176.091,176.563,174.868,176.095
2015-04-14,176.465,176.643,175.675,176.447
2015-04-15,176.617,177.92,176.593,176.664
2015-04-16,177.68,178.711,177.435,177.652
2015-04-19,177.778,178.179,177.196,177.797
2015-04-20,177.746,178.687,177.489,177.695
2015-04-21,178.616,180.338,178.468,178.619
2015-04-22,180.34,180.415,179.346,180.35
2015-04-23,179.934,180.98,179.657,179.93
2015-04-26,180.45,181.497,180.31,180.435
2015-04-27,181.319,182.195,180.695,181.34
2015-04-28,182.192,184.028,182.098,182.2
2015-04-29,183.506,184.118,182.605,183.52
2015-04-30,183.41,184.426,181.831,183.406
2015-05-03,181.993,182.111,181.467,181.931
2015-05-04,181.61,182.689,181.45,181.611
2015-05-05,181.9,182.497,181.459,181.917
2015-05-06,181.955,182.356,180.974,181.94
2015-05-07,184.315,186.025,184.15,184.342
2015-05-10,184.959,187.196,184.607,184.875
2015-05-11,187.126,188.32,186.724,187.101
2015-05-12,187.76,188.498,187.038,187.758
2015-05-13,187.567,188.513,187.373,187.537
2015-05-14,188.001,188.599,187.95,187.97
2015-05-17,187.83,188.26,187.333,187.843
2015-05-18,187.82,187.95,185.962,187.781
2015-05-19,187.173,188.582,187.139,187.18
2015-05-20,188.333,189.969,187.947,188.37
2015-05-21,189.541,189.632,188.006,189.548
2015-05-24,188.07,188.572,187.79,188.09
2015-05-25,188.186,189.62,187.87,188.08
2015-05-26,189.3,190.307,189.25,189.33
2015-05-27,189.872,190.67,189.58,189.91
2015-05-28,189.66,189.988,188.703,189.692
2015-05-31,189.916,189.96,188.52,189.848
2015-06-01,189.754,190.459,189.13,189.71
2015-06-02,190.248,190.784,189.688,190.249
2015-06-03,190.518,191.534,189.837,190.513
2015-06-04,191.049,191.672,190.788,191.07
2015-06-07,191.69,191.75,190.66,191.74
2015-06-08,191.13,191.255,189.53,191.116
2015-06-09,191.37,191.59,189.005,191.351
2015-06-10,190.506,191.86,190.38,190.413
2015-06-11,191.756,192.178,191.279,191.67
2015-06-14,191.91,192.109,191.4,191.843
2015-06-15,192.48,193.13,192.079,192.45
2015-06-16,193.048,195.27,192.94,192.997
2015-06-17,195.795,195.795,194.34,195.742
2015-06-18,195.33,195.453,194.74,195.27
2015-06-21,194.87,195.549,194.641,194.85
2015-06-22,195.313,195.477,194.78,195.275
2015-06-23,194.93,195.84,194.79,194.9
2015-06-24,194.51,194.741,193.47,194.51
2015-06-25,194.58,195.21,193.96,194.59
2015-06-28,192.179,193.501,192.179,192.39
2015-06-29,192.98,192.98,191.82,192.9
2015-06-30,191.991,192.785,191.917,191.956
2015-07-01,192.415,192.91,192.016,192.42
2015-07-02,192.05,192.383,190.9,192.07
2015-07-05,190.356,191.558,190.09,190.364
2015-07-06,191.31,191.47,188.24,191.245
2015-07-07,189.436,189.436,185.01,189.38
2015-07-08,185.76,187.328,185.24,185.72
2015-07-09,187.051,190.356,186.795,187.03
2015-07-12,190.034,192.313,189.782,190.027
2015-07-13,191.314,192.472,190.59,191.3
2015-07-14,192.81,193.629,192.66,192.795
2015-07-15,193.59,193.835,193.03,193.59
2015-07-16,193.81,194.344,192.941,193.79
2015-07-19,193.68,193.925,193.05,193.641
2015-07-20,193.515,193.862,192.54,193.517
2015-07-21,192.67,193.964,192.29,192.63
2015-07-22,193.697,193.887,192.34,193.709
2015-07-23,192.23,192.431,191.691,192.21
2015-07-26,192.08,192.17,191.034,192.07
2015-07-27,191.834,193.187,191.44,191.808
2015-07-28,192.92,194.145,192.56,192.85
2015-07-29,193.344,194.581,193.3,193.334
2015-07-30,193.591,193.95,193.16,193.56
2015-08-02,193.78,194.2,193.34,193.8
2015-08-03,193.216,193.673,193.04,193.224
2015-08-04,193.493,195.206,193.19,193.43
2015-08-05,194.7,195.21,193.11,194.63
2015-08-06,193.496,193.697,191.986,193.5
2015-08-09,192.555,193.62,192.48,192.52
2015-08-10,194.19,194.907,193.96,194.194
2015-08-11,194.9,195.021,193.49,194.86
2015-08-12,194.032,194.714,193.72,193.97
2015-08-13,194.196,194.505,193.84,194.17
2015-08-16,194.633,195.13,193.844,194.605
2015-08-17,193.87,195.244,193.52,193.908
2015-08-18,194.842,195.021,194.06,194.812
2015-08-19,194.31,194.535,193.26,194.28
2015-08-20,193.65,193.692,191.32,193.65
2015-08-23,190.814,191.04,183.847,190.819
2015-08-24,187.3,189.956,187.11,187.34
2015-08-25,186.278,188.07,184.203,186.031
2015-08-26,185.728,186.634,185.46,185.82
2015-08-27,186.434,186.97,185.378,186.467
2015-08-30,186.95,187.11,186.191,186.964
2015-08-31,186.03,186.162,183.255,186.056
2015-09-01,183.202,184.245,182.82,183.17
2015-09-02,184.609,184.697,182.766,184.54
2015-09-03,183.23,183.247,180.576,183.2
2015-09-06,181.03,182.517,180.421,181.09
2015-09-07,182.416,184.899,181.841,182.401
2015-09-08,184.875,186.406,184.8,184.89
2015-09-09,184.625,187.27,184.22,184.69
2015-09-10,186.28,186.832,185.715,186.231
2015-09-13,186.54,186.596,184.602,186.567
2015-09-14,185.59,186.082,184.21,185.642
2015-09-15,184.731,187.16,184.23,184.786
2015-09-16,187.01,187.937,186.72,187.044
2015-09-17,186.933,187.13,185.93,186.85
2015-09-20,186.24,187.32,186.01,186.325
2015-09-21,186.841,186.934,184.11,186.84
2015-09-22,184.363,184.643,182.94,184.345
2015-09-23,183.29,183.525,181.623,183.285
2015-09-24,183.167,184.387,182.64,183.098
2015-09-27,182.94,183.259,181.85,182.97
2015-09-28,181.666,182.44,180.98,181.69
2015-09-29,181.62,182.998,180.849,181.65
2015-09-30,181.252,181.999,181.06,181.247
2015-10-01,181.374,182.574,180.713,181.363
2015-10-04,182.23,183.199,182.2,182.248
2015-10-05,182.518,183.172,181.96,182.52
2015-10-06,183.09,184.01,182.586,183.079
2015-10-07,183.67,184.096,183.019,183.639
2015-10-08,184.077,184.833,184.0,184.082
2015-10-11,184.053,184.661,183.91,184.12
2015-10-12,184.06,184.327,181.851,184.058
2015-10-13,182.682,184.292,182.32,182.62
2015-10-14,183.898,184.33,182.75,183.923
2015-10-15,184.18,184.696,183.673,184.17
2015-10-18,184.04,185.088,183.836,184.127
2015-10-19,184.865,185.569,184.7,184.84
2015-10-20,185.0,185.548,184.813,185.01
2015-10-21,184.832,185.725,184.49,184.814
2015-10-22,185.974,186.172,185.237,185.89
2015-10-26,185.75,185.889,185.203,185.762
2015-10-27,185.706,185.706,183.94,185.734
2015-10-28,184.464,184.698,183.92,184.448
2015-10-29,184.565,185.332,184.08,184.54
2015-10-30,185.4,186.26,184.588,185.36
2015-11-02,186.06,186.957,185.56,186.033
2015-11-03,186.299,186.594,185.884,186.268
2015-11-04,186.669,187.25,186.49,186.689
2015-11-05,186.976,187.658,185.262,186.937
2015-11-06,185.06,185.697,184.3,185.05
2015-11-09,185.432,186.588,185.395,185.4
2015-11-10,186.031,186.47,185.88,186.072
2015-11-11,186.289,186.991,185.958,186.307
2015-11-12,186.848,187.476,186.555,186.841
2015-11-13,186.718,186.971,186.4,186.687
2015-11-16,186.113,187.169,186.113,186.17
2015-11-17,187.33,187.866,186.88,187.375
2015-11-18,187.818,187.936,187.28,187.834
2015-11-19,188.2,188.784,187.651,188.22
2015-11-20,187.861,188.06,186.87,187.868
2015-11-23,186.69,186.962,186.071,186.696
2015-11-24,185.94,185.98,184.4,185.917
2015-11-25,184.734,185.76,184.49,184.75
2015-11-26,185.49,185.57,184.7,185.519
2015-11-27,185.17,185.302,184.252,185.155
2015-11-30,184.67,185.48,184.32,184.66
2015-12-01,185.47,186.012,184.96,185.504
2015-12-02,185.31,185.616,184.469,185.28
2015-12-03,184.17,185.547,184.0,184.19
2015-12-04,185.598,186.23,185.12,185.598
2015-12-07,186.13,186.333,185.72,186.11
2015-12-08,185.548,185.586,183.771,185.531
2015-12-09,184.499,185.318,184.06,184.448
2015-12-10,184.714,184.937,183.39,184.7
2015-12-11,184.498,185.049,183.76,184.49
2015-12-14,183.682,184.361,182.468,183.68
2015-12-15,183.585,184.17,182.616,183.546
2015-12-16,183.04,183.575,182.626,183.024
2015-12-17,183.39,183.638,182.39,183.34
2015-12-18,182.8,183.664,180.71,182.76
2015-12-21,180.79,181.19,180.296,180.79
2015-12-22,180.48,180.577,179.13,180.539
2015-12-23,179.329,180.141,179.3,179.372
2015-12-24,179.871,179.914,178.94,179.858
2015-12-25,179.398,179.77,179.151,179.398
2015-12-28,179.42,180.034,179.066,179.459
2015-12-29,179.224,179.529,178.09,179.234
2015-12-30,178.609,179.024,178.25,178.654
2015-12-31,178.47,178.687,177.22,178.44
2016-01-01,177.275,177.275,177.1,177.275
2016-01-04,177.26,177.334,175.105,177.268
2016-01-05,175.765,176.141,174.184,175.74
2016-01-06,174.73,174.83,173.133,174.725
2016-01-07,173.486,173.72,170.74,173.48
2016-01-08,171.848,173.29,171.122,171.899
2016-01-11,170.01,172.233,169.826,170.01
2016-01-12,171.12,171.641,169.18,171.098
2016-01-13,170.092,171.262,169.896,170.09
2016-01-14,169.19,170.202,168.84,169.17
2016-01-15,170.508,170.548,167.26,170.47
2016-01-18,166.992,168.112,166.74,166.96
2016-01-19,167.299,169.065,166.372,167.26
2016-01-20,166.659,166.679,164.0,166.692
2016-01-21,166.408,166.748,164.46,166.298
2016-01-22,167.751,170.342,167.091,167.726
2016-01-25,168.95,169.991,168.317,169.018
2016-01-26,168.35,169.837,167.02,168.321
2016-01-27,169.77,170.019,168.563,169.76
2016-01-28,168.754,171.11,168.69,168.759
2016-01-29,170.74,174.14,170.09,170.74
2016-02-01,172.84,173.994,172.42,172.861
2016-02-02,174.316,174.548,172.77,174.322
2016-02-03,172.62,173.702,171.09,172.683
2016-02-04,172.333,172.448,170.58,172.27
2016-02-05,170.345,170.478,169.332,170.362
2016-02-08,169.67,170.628,166.08,169.669
2016-02-09,166.929,167.121,164.54,166.951
2016-02-10,166.55,167.621,165.328,166.612
2016-02-11,164.41,164.85,159.98,164.462
2016-02-12,162.84,164.03,161.806,162.865
2016-02-15,165.041,165.727,164.376,164.97
2016-02-16,165.272,166.073,162.56,165.188
2016-02-17,163.234,163.726,161.634,163.14
2016-02-18,163.19,163.951,162.248,163.199
2016-02-19,162.304,162.304,160.797,162.266
2016-02-22,160.485,161.541,159.22,160.437
2016-02-23,159.779,159.852,157.643,159.838
2016-02-24,156.7,157.258,154.902,156.758
2016-02-25,156.088,157.613,155.81,156.128
2016-02-26,158.01,158.518,157.221,157.931
2016-02-29,157.6,157.685,156.268,157.575
2016-03-01,156.564,158.723,156.241,156.56
2016-03-02,159.0,160.462,158.748,159.062
2016-03-03,159.772,161.0,159.7,159.748
2016-03-04,161.094,161.68,160.46,161.08
2016-03-07,161.739,161.739,160.38,161.744
2016-03-08,161.817,161.817,159.6,161.73
2016-03-09,160.05,160.971,159.49,159.99
2016-03-10,160.85,162.76,160.74,160.873
2016-03-11,161.181,163.332,161.15,161.24
2016-03-14,163.581,163.962,162.651,163.58
2016-03-15,162.538,162.633,159.572,162.529
2016-03-16,160.095,160.636,159.638,160.099
2016-03-17,160.72,161.544,159.06,160.698
2016-03-18,161.213,161.718,160.34,161.15
2016-03-21,161.153,161.196,160.147,161.192
2016-03-22,161.07,161.472,158.466,161.103
2016-03-23,159.61,159.973,158.8,159.642
2016-03-24,158.66,159.384,158.467,158.63
2016-03-25,159.454,160.063,159.4,159.412
2016-03-27,160.308,161.607,160.16,160.26
2016-03-28,161.61,162.376,161.34,161.63
2016-03-29,162.035,162.557,161.34,162.095
2016-03-30,161.448,162.004,160.89,161.491
2016-03-31,161.579,161.579,158.98,161.57
2016-04-03,158.86,159.552,158.202,158.87
2016-04-04,158.651,158.651,155.76,158.66
2016-04-05,156.228,156.63,154.64,156.235
2016-04-06,155.064,155.158,151.729,155.052
2016-04-07,152.472,154.169,152.37,152.36
2016-04-10,153.03,154.43,151.999,153.022
2016-04-11,153.61,155.516,153.56,153.624
2016-04-12,155.032,155.735,154.79,154.96
2016-04-13,155.245,155.304,153.9,155.25
2016-04-14,154.594,155.28,154.09,154.57
2016-04-17,153.29,155.432,152.524,153.104
2016-04-18,155.79,157.692,155.65,155.82
2016-04-19,157.068,157.452,156.21,157.16
2016-04-20,157.447,158.362,156.648,157.469
2016-04-21,156.78,160.822,156.51,156.728
2016-04-24,161.003,161.283,160.04,160.934
2016-04-25,160.94,162.521,160.476,160.97
2016-04-26,162.08,162.79,161.64,162.08
2016-04-27,162.133,162.509,157.06,162.14
2016-04-28,157.93,157.961,156.073,157.87
2016-05-01,155.441,156.58,155.157,155.421
2016-05-02,156.032,156.032,154.43,155.99
2016-05-03,155.204,155.95,154.42,155.191
2016-05-04,155.1,155.848,154.88,155.073
2016-05-05,155.534,155.608,153.64,155.43
2016-05-08,154.83,156.407,154.44,154.91
2016-05-09,156.18,157.87,156.12,156.142
2016-05-10,157.78,157.83,156.4,157.775
2016-05-11,156.529,158.449,156.26,156.504
2016-05-12,157.607,157.607,156.255,157.58
2016-05-15,155.922,156.92,155.87,155.87
2016-05-16,157.537,158.949,157.3,157.559
2016-05-17,157.597,160.273,157.064,157.46
2016-05-18,160.819,161.591,160.169,160.73
2016-05-19,160.443,161.031,160.26,160.387
2016-05-22,159.467,159.59,158.116,159.468
2016-05-23,158.305,160.928,158.11,158.365
2016-05-24,160.98,162.48,160.47,160.95
2016-05-25,161.796,162.146,160.898,161.829
2016-05-26,160.846,161.393,160.182,160.876
2016-05-29,161.963,162.887,161.74,161.97
2016-05-30,162.226,163.85,160.92,162.16
2016-05-31,160.241,160.58,157.242,160.271
2016-06-01,157.742,157.801,156.58,157.837
2016-06-02,156.906,157.264,154.897,156.822
2016-06-05,153.542,155.38,153.365,153.46
2016-06-06,155.285,157.502,154.99,155.354
2016-06-07,155.953,156.237,155.057,155.95
2016-06-08,155.007,155.137,153.666,154.97
2016-06-09,154.843,154.982,152.95,154.84
2016-06-12,151.082,152.358,149.48,151.107
2016-06-13,150.834,151.241,149.2,150.882
2016-06-14,149.755,151.15,149.52,149.811
2016-06-15,150.24,150.24,145.4,150.23
2016-06-16,149.652,149.652,148.26,149.67
2016-06-19,152.643,153.538,152.042,152.598
2016-06-20,152.28,154.354,151.953,152.335
2016-06-21,153.45,154.476,152.887,153.47
2016-06-22,154.676,157.963,153.733,154.72
2016-06-23,152.655,154.185,133.352,152.621
2016-06-26,137.334,137.666,133.44,137.294
2016-06-27,134.56,137.415,134.32,134.711
2016-06-28,137.056,138.97,135.879,137.071
2016-06-29,138.215,138.784,135.935,138.357
2016-06-30,137.416,137.57,135.956,137.342
2016-07-03,136.11,136.673,135.9,136.119
2016-07-04,136.133,136.134,132.184,136.13
2016-07-05,131.183,131.445,128.896,131.004
2016-07-06,130.561,131.911,129.996,130.704
2016-07-07,130.1,130.744,129.789,130.158
2016-07-10,130.287,133.533,130.2,130.324
2016-07-11,133.09,138.762,133.06,133.072
2016-07-12,138.943,139.438,136.979,139.084
2016-07-13,136.486,141.607,136.486,136.513
2016-07-14,140.447,143.21,139.309,140.466
2016-07-17,139.533,141.226,139.241,139.487
2016-07-18,140.799,140.83,139.296,140.8
2016-07-19,139.085,140.767,138.376,139.099
2016-07-20,141.903,142.237,139.129,142.119
2016-07-21,139.995,141.03,138.426,140.078
2016-07-24,139.446,140.087,138.845,139.577
2016-07-25,138.363,138.363,136.047,138.358
2016-07-26,137.833,139.866,137.755,137.871
2016-07-27,138.9,139.018,137.497,138.892
2016-07-28,137.916,138.261,135.185,137.828
2016-07-31,135.258,136.222,134.516,135.216
2016-08-01,134.91,135.506,133.952,134.927
2016-08-02,134.791,135.429,134.198,134.775
2016-08-03,135.044,135.245,132.597,135.021
2016-08-04,132.861,133.18,132.271,132.844
2016-08-07,133.393,133.985,133.221,133.645
2016-08-08,133.28,133.379,132.112,133.285
2016-08-09,132.605,132.804,131.581,132.541
2016-08-10,131.68,132.019,131.017,131.657
2016-08-11,131.883,132.52,130.362,131.853
2016-08-14,130.724,131.179,129.981,130.737
2016-08-15,130.41,130.689,129.282,130.41
2016-08-16,130.552,131.779,130.288,130.557
2016-08-17,130.281,132.139,130.13,130.27
2016-08-18,131.789,132.003,130.353,131.75
2016-08-21,131.334,132.136,131.183,131.266
2016-08-22,131.709,132.297,131.45,131.655
2016-08-23,132.423,133.25,131.979,132.349
2016-08-24,133.077,133.229,132.391,133.074
2016-08-25,132.655,133.419,132.38,132.64
2016-08-28,133.77,134.382,133.429,133.8
2016-08-29,133.423,134.769,133.34,133.428
2016-08-30,134.666,135.785,134.61,134.674
2016-08-31,135.673,137.961,135.397,135.652
2016-09-01,137.057,138.795,136.916,137.03
2016-09-04,138.197,138.341,137.347,138.17
2016-09-05,137.79,138.291,137.004,137.779
2016-09-06,136.216,136.362,135.47,136.236
2016-09-07,135.805,136.022,135.062,135.827
2016-09-08,136.128,137.106,135.752,136.125
2016-09-11,136.045,136.224,135.098,135.961
2016-09-12,135.706,136.061,134.502,135.709
2016-09-13,135.252,136.601,134.96,135.23
2016-09-14,135.94,136.099,134.753,135.98
2016-09-15,135.088,135.159,133.669,135.102
2016-09-18,133.152,133.45,132.796,133.121
2016-09-19,132.858,133.086,131.636,132.82
2016-09-20,131.906,133.226,130.425,131.832
2016-09-21,130.876,132.243,130.546,130.846
2016-09-22,131.841,132.193,130.47,131.927
2016-09-25,130.956,131.223,129.714,130.93
2016-09-26,130.149,131.181,129.68,130.12
2016-09-27,130.682,131.159,130.576,130.67
2016-09-28,131.601,132.411,131.577,131.605
2016-09-29,131.167,131.883,130.45,131.17
2016-10-02,131.276,131.388,130.118,131.312
2016-10-03,130.94,131.337,130.344,130.867
2016-10-04,130.885,132.098,130.521,130.95
2016-10-05,131.924,132.059,131.147,131.947
2016-10-06,128.605,129.58,126.83,128.579
2016-10-09,128.12,128.594,127.5,128.089
2016-10-10,128.072,128.357,126.092,127.94
2016-10-11,126.77,127.558,126.507,126.808
2016-10-12,127.14,127.422,125.957,127.107
2016-10-13,126.844,127.901,126.696,126.76
2016-10-16,126.727,126.966,126.317,126.702
2016-10-17,126.92,128.144,126.771,126.875
2016-10-18,127.771,127.88,126.779,127.785
2016-10-19,127.137,127.458,126.642,127.067
2016-10-20,127.626,127.626,126.135,127.595
2016-10-23,126.958,127.408,126.636,126.95
2016-10-24,127.513,127.928,126.628,127.439
2016-10-25,126.795,127.827,126.64,126.799
2016-10-26,127.943,128.41,127.448,127.925
2016-10-27,128.04,128.27,127.62,128.027
2016-10-31,127.609,128.243,127.51,127.696
2016-11-01,128.259,128.997,127.692,128.251
2016-11-02,127.359,127.485,126.806,127.37
2016-11-03,127.195,128.851,126.49,127.187
2016-11-04,128.442,129.423,128.316,128.464
2016-11-07,130.094,130.136,129.351,130.1
2016-11-08,129.492,130.007,129.281,129.481
2016-11-09,130.02,130.35,126.78,130.078
2016-11-10,131.435,133.42,130.309,131.44
2016-11-11,134.039,134.86,133.486,134.11
2016-11-14,134.39,135.399,134.214,134.353
2016-11-15,135.42,135.434,134.222,135.436
2016-11-16,135.72,136.731,135.654,135.777
2016-11-17,135.298,136.418,135.0,135.33
2016-11-18,136.785,137.561,135.453,136.8
2016-11-21,136.67,138.647,136.306,136.731
2016-11-22,138.241,138.802,137.659,138.221
2016-11-23,137.877,140.07,137.284,137.892
2016-11-24,139.82,141.279,139.779,139.933
2016-11-25,141.03,141.697,140.039,141.05
2016-11-28,140.582,140.67,139.104,140.577
2016-11-29,138.58,141.308,138.58,138.576
2016-11-30,140.507,142.325,139.988,140.461
2016-12-01,143.495,145.161,142.651,143.545
2016-12-02,143.402,144.188,142.938,143.384
2016-12-05,143.809,145.991,143.64,143.79
2016-12-06,144.914,145.599,144.486,144.884
2016-12-07,144.544,144.771,143.022,144.49
2016-12-08,143.66,144.424,143.133,143.586
2016-12-09,143.509,145.086,143.474,143.505
2016-12-12,145.36,146.322,144.926,145.373
2016-12-13,145.741,146.6766,145.552,145.758
2016-12-14,145.841,146.184,145.22,145.873
2016-12-15,146.937,148.437,146.827,146.928
2016-12-16,146.917,147.275,146.277,146.889
2016-12-19,147.134,147.166,144.52,147.11
2016-12-20,144.977,146.336,144.924,144.979
2016-12-21,145.666,145.82,144.899,145.745
2016-12-22,145.266,145.575,144.501,145.263
2016-12-23,144.365,144.389,143.533,144.357
2016-12-26,144.125,144.159,143.404,144.19
2016-12-27,143.844,144.182,143.608,143.84
2016-12-28,144.198,144.674,143.521,144.193
2016-12-29,143.044,143.1,142.303,143.118
2016-12-30,142.895,144.568,142.785,142.83
2017-01-02,144.065,144.932,144.06,144.063
2017-01-03,144.275,145.364,144.113,144.26
2017-01-04,144.072,144.891,143.707,144.028
2017-01-05,144.277,144.282,142.54,144.323
2017-01-06,143.229,144.015,143.198,143.173
2017-01-09,143.6,143.83,141.109,143.587
2017-01-10,141.154,141.423,140.185,141.166
2017-01-11,141.064,141.462,140.622,141.033
2017-01-12,140.476,140.627,139.22,140.557
2017-01-13,139.5,140.203,139.189,139.468
2017-01-16,137.519,138.064,136.503,137.498
2017-01-17,137.394,140.087,137.105,137.428
2017-01-18,139.877,139.966,139.148,139.825
2017-01-19,140.669,142.067,140.5,140.675
2017-01-20,141.762,142.038,141.206,141.844
2017-01-23,140.992,142.026,140.766,140.959
2017-01-24,141.203,141.9264,140.827,141.152
2017-01-25,142.72,143.296,141.837,142.663
2017-01-26,143.026,144.412,142.907,143.124
2017-01-27,144.118,144.774,144.022,144.146
2017-01-30,144.416,144.508,142.411,144.369
2017-01-31,142.122,142.454,140.456,142.054
2017-02-01,141.9,144.091,141.9,141.91
2017-02-02,143.38,143.413,140.762,143.408
2017-02-03,141.19,141.959,140.4,141.197
2017-02-06,140.616,140.74,139.602,140.604
2017-02-07,139.397,139.618,138.56,139.41
2017-02-08,140.449,140.64,139.82,140.429
2017-02-09,140.225,141.763,140.138,140.237
2017-02-10,141.718,142.363,141.152,141.76
2017-02-13,142.249,142.589,141.99,142.17
2017-02-14,142.348,142.644,141.13,142.376
2017-02-15,142.488,142.764,141.994,142.523
2017-02-16,142.26,142.333,141.539,142.281
2017-02-17,141.47,141.939,139.687,141.485
2017-02-20,140.326,141.248,140.117,140.378
2017-02-21,141.244,141.6932,140.861,141.274
2017-02-22,141.903,142.008,140.507,141.926
2017-02-23,141.182,141.356,140.707,141.222
2017-02-24,141.457,141.759,140.187,141.465
2017-02-27,139.095,139.762,139.015,139.087
2017-02-28,140.202,140.307,139.034,140.223
2017-03-01,139.912,140.713,139.819,139.952
2017-03-02,139.997,140.681,139.894,140.024
2017-03-03,140.313,140.47,139.637,140.337
2017-03-06,139.903,139.968,139.297,140.015
2017-03-07,139.409,139.618,138.763,139.428
2017-03-08,139.01,139.627,138.439,139.026
2017-03-09,139.26,139.983,139.093,139.26
2017-03-10,139.961,140.517,139.601,139.963
2017-03-13,139.66,140.348,139.62,139.623
2017-03-14,140.259,140.325,139.15,140.248
2017-03-15,139.396,140.385,139.393,139.382
2017-03-16,139.265,140.163,138.662,139.266
2017-03-17,139.986,140.446,139.151,139.978
2017-03-20,139.517,140.113,139.227,139.523
2017-03-21,139.202,140.395,138.966,139.216
2017-03-22,139.23,139.465,137.817,139.2
2017-03-23,138.834,139.251,138.316,138.92
2017-03-24,138.86,139.136,138.502,138.934
2017-03-26,138.299,139.094,138.05,138.319
2017-03-27,139.081,139.377,138.105,139.091
2017-03-28,138.102,138.306,137.517,138.146
2017-03-29,138.224,139.29,137.764,138.267
2017-03-30,139.37,140.078,138.983,139.459
2017-04-02,139.566,139.887,138.405,139.51
2017-04-03,138.255,138.354,137.093,138.276
2017-04-04,137.88,139.015,137.461,137.889
2017-04-05,137.839,138.693,137.743,137.834
2017-04-06,138.247,138.321,137.095,138.26
2017-04-09,137.62,138.249,137.62,137.63
2017-04-10,137.502,137.719,136.888,137.546
2017-04-11,136.85,137.247,136.51,136.884
2017-04-12,136.615,137.089,136.52,136.657
2017-04-13,136.421,136.607,135.993,136.395
2017-04-16,135.77,136.622,135.613,135.758
2017-04-17,137.049,138.802,136.151,137.007
2017-04-18,139.414,140.17,139.074,139.397
2017-04-19,139.098,140.28,139.066,139.098
2017-04-20,139.972,140.127,139.238,140.006
2017-04-23,141.075,141.395,140.286,141.043
2017-04-24,140.086,142.499,140.086,140.069
2017-04-25,142.503,143.478,142.363,142.482
2017-04-26,142.838,143.88,142.8,142.841
2017-04-27,143.384,144.33,143.31,143.387
2017-04-30,143.928,144.597,143.89,143.919
2017-05-01,144.204,145.089,144.204,144.212
2017-05-02,144.916,145.325,144.513,144.903
2017-05-03,145.197,145.717,144.661,145.167
2017-05-04,145.447,146.1125,144.816,145.44
2017-05-07,146.135,146.368,145.673,146.092
2017-05-08,146.502,147.785,146.445,146.51
2017-05-09,147.186,148.078,147.133,147.207
2017-05-10,147.75,147.862,146.17,147.824
2017-05-11,146.682,146.789,145.818,146.681
2017-05-14,145.929,146.982,145.924,145.933
2017-05-15,146.627,147.018,145.861,146.596
2017-05-16,145.585,145.888,144.08,145.49
2017-05-17,144.09,144.809,143.619,144.111
2017-05-18,144.28,145.318,143.831,144.356
2017-05-21,144.738,145.072,144.156,144.791
2017-05-22,144.132,145.089,143.781,144.092
2017-05-23,145.029,145.382,144.793,145.049
2017-05-24,144.73,145.381,144.65,144.726
2017-05-25,144.42,144.472,142.157,144.465
2017-05-28,142.566,143.072,142.48,142.552
2017-05-29,142.488,143.078,141.861,142.45
2017-05-30,142.013,142.841,141.505,141.974
2017-05-31,142.59,143.669,142.544,142.62
2017-06-01,143.612,143.927,142.007,143.594
2017-06-04,142.13,143.086,142.017,142.155
2017-06-05,142.443,142.552,140.76,142.464
2017-06-06,141.309,141.857,140.758,141.317
2017-06-07,142.487,142.756,141.759,142.431
2017-06-08,139.94,141.084,139.566,139.734
2017-06-11,140.566,140.774,138.727,140.483
2017-06-12,139.251,140.275,139.073,139.256
2017-06-13,140.299,140.883,139.151,140.27
2017-06-14,139.548,141.422,139.18,139.578
2017-06-15,141.696,142.279,141.485,141.536
2017-06-18,141.76,142.311,141.63,141.76
2017-06-19,142.238,142.517,140.71,142.14
2017-06-20,140.636,141.737,139.88,140.627
2017-06-21,141.111,141.117,140.48,141.082
2017-06-22,141.124,141.86,141.019,141.085
2017-06-25,141.772,142.324,141.708,141.73
2017-06-26,142.371,143.831,141.97,142.3
2017-06-27,143.722,145.469,143.313,143.735
2017-06-28,145.381,146.518,145.247,145.388
2017-06-29,145.62,146.044,145.136,145.722
2017-07-02,146.101,146.828,145.937,146.113
2017-07-03,146.751,146.765,146.028,146.81
2017-07-04,146.11,146.786,146.016,146.119
2017-07-05,146.376,147.107,146.06,146.357
2017-07-06,146.75,147.603,146.493,146.746
2017-07-09,146.866,147.438,146.777,146.934
2017-07-11,146.277,146.354,145.276,146.266
2017-07-12,146.065,146.806,145.566,146.123
2017-07-13,146.813,147.375,146.039,146.836
2017-07-16,147.375,147.58,146.734,147.347
2017-07-17,146.955,147.289,145.412,146.922
2017-07-18,145.963,146.311,145.283,146.011
2017-07-19,145.744,146.21,144.7124,145.782
2017-07-20,145.065,145.302,144.051,145.05
2017-07-23,144.278,144.947,144.043,144.266
2017-07-24,144.87,145.847,144.47,144.905
2017-07-25,145.91,146.376,145.532,145.876
2017-07-26,145.74,146.541,145.475,145.728
2017-07-27,145.263,145.76,145.049,145.269
2017-07-30,145.242,145.795,144.826,145.248
2017-07-31,145.626,146.141,145.408,145.602
2017-08-01,145.872,146.735,145.847,145.844
2017-08-02,146.506,146.746,144.479,146.493
2017-08-03,144.41,145.12,144.346,144.443
2017-08-06,144.559,144.697,144.19,144.528
2017-08-07,144.352,144.455,143.299,144.378
2017-08-08,142.967,143.317,142.283,142.971
2017-08-09,143.177,143.315,141.896,143.17
2017-08-10,141.558,141.84,141.262,141.57
2017-08-13,142.099,142.712,141.91,142.054
2017-08-14,142.542,143.173,141.9811,142.497
2017-08-15,142.268,143.066,142.263,142.294
2017-08-16,141.758,142.018,141.346,141.799
2017-08-17,140.652,141.072,139.8082,140.652
2017-08-20,140.68,140.791,140.115,140.724
2017-08-21,140.674,141.013,140.059,140.495
2017-08-22,140.743,140.773,139.498,140.719
2017-08-23,139.395,140.417,139.395,139.429
2017-08-24,140.152,140.84,140.14,140.19
2017-08-27,141.136,141.293,140.459,141.098
2017-08-28,140.54,141.075,140.448,140.537
2017-08-29,141.843,142.523,141.804,141.857
2017-08-30,142.717,142.882,141.628,142.69
2017-08-31,142.486,142.978,142.09,142.491
2017-09-03,142.307,142.462,141.6,142.329
2017-09-04,141.871,141.884,141.202,141.904
2017-09-05,141.615,142.471,141.394,141.621
2017-09-06,142.394,142.653,141.608,142.36
2017-09-07,141.908,142.493,141.346,141.874
2017-09-10,142.874,143.67,142.66,142.8
2017-09-11,144.087,146.149,143.987,144.053
2017-09-12,146.464,146.644,145.756,146.47
2017-09-13,145.914,148.264,145.61,145.94
2017-09-14,147.257,151.517,147.257,147.276
2017-09-17,150.908,151.466,150.272,150.92
2017-09-18,150.643,151.568,150.243,150.68
2017-09-19,150.78,151.435,150.512,150.8
2017-09-20,151.83,152.507,151.463,151.794
2017-09-21,152.686,152.731,151.02,152.691
2017-09-24,151.876,152.258,150.233,151.869
2017-09-25,150.589,150.908,149.987,150.611
2017-09-26,151.103,151.589,150.574,151.061
2017-09-27,151.17,151.558,150.521,151.21
2017-09-28,151.083,151.296,150.23,151.031
2017-10-01,150.906,151.296,149.276,150.83
2017-10-02,149.692,150.232,149.331,149.694
2017-10-03,149.422,149.766,149.027,149.415
2017-10-04,149.294,149.436,147.69,149.298
2017-10-05,147.845,147.935,147.036,147.85
2017-10-08,147.227,148.537,147.21,147.245
2017-10-09,148.066,148.41,147.76,148.041
2017-10-10,148.397,148.579,147.845,148.4
2017-10-11,148.796,149.001,147.319,148.848
2017-10-12,148.862,149.254,148.554,148.86
2017-10-15,148.664,148.921,148.233,148.65
2017-10-16,148.696,149.022,147.802,148.678
2017-10-17,148.027,148.948,147.94,148.018
2017-10-18,149.289,149.416,147.936,149.308
2017-10-19,148.169,149.711,148.09,148.168
2017-10-22,150.44,150.44,149.76,150.415
2017-10-23,149.6,150.069,149.44,149.661
2017-10-24,149.582,151.37,149.288,149.585
2017-10-25,150.678,150.878,149.811,150.717
2017-10-26,149.82,149.96,149.0,149.823
2017-10-30,149.308,150.002,149.17,149.373
2017-10-31,149.308,150.969,149.179,149.28
2017-11-01,151.05,151.891,151.003,151.06
2017-11-02,151.33,151.426,148.692,151.298
2017-11-03,148.826,149.517,148.69,148.819
2017-11-06,149.347,149.842,149.29,149.3
2017-11-07,149.876,150.307,149.676,149.83
2017-11-08,149.799,149.913,148.562,149.838
2017-11-09,149.399,149.681,148.456,149.364
2017-11-10,148.984,149.974,148.864,149.015
2017-11-13,149.135,149.252,148.09,149.146
2017-11-14,149.034,149.394,148.63,149.025
2017-11-15,149.217,149.309,148.173,149.178
2017-11-17,149.195,149.303,148.011,149.185
2017-11-20,147.852,149.096,147.648,147.907
2017-11-21,149.043,149.352,148.632,149.023
2017-11-22,148.801,148.86,148.0898,148.785
2017-11-23,148.14,148.458,147.8,148.223
2017-11-24,148.032,148.959,147.94,148.029
2017-11-27,148.765,148.765,147.906,148.76
2017-11-28,148.059,148.353,146.99,148.058
2017-11-29,149.166,150.387,148.86,149.19
2017-11-30,150.255,151.701,150.185,150.249
2017-12-01,152.277,152.459,150.618,152.279
2017-12-04,152.214,152.934,151.516,152.283
2017-12-05,151.567,151.799,150.56,151.57
2017-12-06,150.85,151.084,149.76,150.856
2017-12-07,150.407,151.359,150.189,150.353
2017-12-08,152.608,153.4,151.634,152.574
2017-12-11,152.034,152.313,151.323,152.035
2017-12-12,151.535,151.732,151.034,151.511
2017-12-13,151.175,151.499,150.83,151.211
2017-12-14,151.196,151.751,150.9959,151.18
2017-12-15,150.949,151.004,149.419,150.964
2017-12-18,150.108,150.992,150.049,150.097
2017-12-19,150.616,150.934,150.4038,150.609
2017-12-20,151.246,151.982,151.186,151.224
2017-12-21,151.383,151.899,151.28,151.408
2017-12-22,151.531,151.856,151.464,151.611
2017-12-25,151.42,151.67,151.25,151.249
2017-12-26,151.51,151.575,151.197,151.529
2017-12-27,151.362,152.079,151.347,151.37
2017-12-28,151.736,151.957,151.47,151.733
2017-12-29,151.721,152.443,151.547,151.694
2018-01-01,152.25,152.25,151.77,152.25
2018-01-02,152.341,152.517,151.893,152.349
2018-01-03,152.596,152.81,151.75,152.591
2018-01-04,152.11,152.951,152.11,152.136
2018-01-05,152.83,153.614,152.81,152.834
2018-01-08,153.57,153.663,152.883,153.605
2018-01-09,153.567,153.567,151.961,153.516
2018-01-10,152.584,152.584,150.544,152.57
2018-01-11,150.556,150.984,150.202,150.576
2018-01-12,150.684,152.597,150.597,150.697
2018-01-15,152.639,152.793,151.931,152.54
2018-01-16,152.582,153.093,152.049,152.571
2018-01-17,152.24,153.374,152.186,152.303
2018-01-18,153.922,154.563,153.6212,153.982
2018-01-19,154.191,154.336,153.106,154.235
2018-01-22,153.74,154.963,153.488,153.744
2018-01-23,155.18,155.362,153.736,155.162
2018-01-24,154.298,155.607,154.11,154.292
2018-01-25,155.447,156.063,155.037,155.447
2018-01-26,155.15,155.812,153.457,155.23
2018-01-29,153.718,154.007,152.843,153.705
2018-01-30,153.317,153.808,152.01,153.299
2018-01-31,153.912,155.289,153.595,153.907
2018-02-01,155.026,156.422,154.974,155.054
2018-02-02,156.056,156.596,155.73,156.077
2018-02-05,155.246,155.397,153.975,155.258
2018-02-06,151.942,152.853,151.224,152.111
2018-02-07,153.003,153.01,151.343,152.986
2018-02-08,151.457,154.006,151.457,151.538
2018-02-09,151.263,152.744,149.518,151.235
2018-02-12,150.399,150.794,149.68,150.4
2018-02-13,150.475,150.53,148.996,150.533
2018-02-14,149.612,149.837,147.986,149.6
2018-02-15,149.375,150.167,149.029,149.368
2018-02-16,149.592,149.943,148.823,149.653
2018-02-19,149.1,149.456,148.9,149.07
2018-02-20,149.325,150.35,149.106,149.299
2018-02-21,150.299,150.91,149.475,150.326
2018-02-22,149.705,149.774,148.536,149.596
2018-02-23,149.049,149.508,148.833,149.019
2018-02-26,149.532,149.998,148.996,149.556
2018-02-27,149.49,149.779,148.864,149.53
2018-02-28,149.394,149.507,146.953,149.387
2018-03-01,146.659,147.431,146.483,146.666
2018-03-02,146.248,146.429,145.018,146.237
2018-03-05,145.614,146.96,145.09,145.593
2018-03-06,147.159,147.993,146.551,147.14
2018-03-07,146.783,147.472,146.258,146.672
2018-03-08,147.612,147.633,146.522,147.633
2018-03-09,146.85,148.533,146.803,146.87
2018-03-12,148.096,148.202,147.419,148.098
2018-03-13,147.826,149.344,147.78,147.77
2018-03-14,148.861,149.137,147.783,148.74
2018-03-15,148.297,148.418,147.483,148.308
2018-03-16,148.177,148.177,147.262,148.163
2018-03-19,147.752,149.669,147.044,147.761
2018-03-20,148.698,149.757,148.645,148.653
2018-03-21,149.104,149.622,148.962,149.07
2018-03-22,149.78,149.97,148.313,149.822
2018-03-23,148.149,148.946,147.731,148.13
2018-03-25,148.318,149.605,148.24,148.339
2018-03-26,150.249,150.481,148.968,150.205
2018-03-27,149.567,150.384,149.14,149.494
2018-03-28,150.385,150.404,149.041,150.367
2018-03-29,149.304,149.355,148.843,149.33
2018-04-01,149.204,149.661,148.687,149.235
2018-04-02,148.61,149.86,148.494,148.597
2018-04-03,149.744,150.149,148.829,149.727
2018-04-04,150.422,150.68,150.037,150.419
2018-04-05,149.989,151.184,149.926,149.943
2018-04-08,150.684,151.478,150.598,150.72
2018-04-09,150.824,152.118,150.72,150.879
2018-04-10,151.886,152.237,151.26,151.89
2018-04-11,151.533,152.859,151.174,151.56
2018-04-12,152.748,153.84,152.7,152.646
2018-04-15,153.123,153.73,152.66,153.122
2018-04-16,153.457,153.746,153.08,153.51
2018-04-17,153.014,153.621,152.061,152.982
2018-04-18,152.473,152.933,152.052,152.42
2018-04-19,151.32,151.668,150.88,151.32
2018-04-22,151.02,151.5722,150.903,151.036
2018-04-23,151.57,152.548,151.402,151.577
2018-04-24,152.222,152.558,152.09,152.266
2018-04-25,152.399,152.705,151.98,152.417
2018-04-26,152.134,152.267,150.31,152.143
2018-04-29,150.219,150.809,149.871,150.233
2018-04-30,150.521,150.611,149.134,150.576
2018-05-01,149.515,150.103,149.151,149.549
2018-05-02,149.05,149.43,147.633,149.062
2018-05-03,148.086,148.25,147.126,148.06
2018-05-06,147.67,148.254,147.336,147.695
2018-05-07,147.809,148.049,147.032,147.818
2018-05-08,147.772,149.183,147.738,147.74
2018-05-09,148.74,149.29,147.49,148.74
2018-05-10,148.01,148.47,147.599,147.956
2018-05-13,148.128,149.047,148.05,148.153
2018-05-14,148.816,149.023,148.408,148.812
2018-05-15,148.891,149.037,148.195,148.885
2018-05-16,149.568,149.825,149.066,149.474
2018-05-17,149.77,149.997,149.116,149.73
2018-05-20,149.465,149.608,148.99,149.41
2018-05-21,149.078,149.702,148.75,149.05
2018-05-22,148.833,148.934,145.964,148.811
2018-05-23,146.947,147.23,145.729,146.891
2018-05-24,146.287,146.687,145.311,146.283
2018-05-27,145.888,146.153,145.321,145.884
2018-05-28,145.616,145.616,143.258,145.629
2018-05-29,143.743,145.042,143.634,143.646
2018-05-30,144.446,145.309,144.133,144.394
2018-05-31,144.529,146.244,144.5,144.518
2018-06-03,146.347,146.876,145.877,146.35
2018-06-04,146.447,146.939,146.08,146.415
2018-06-05,147.289,147.984,147.2,147.27
2018-06-06,147.798,148.107,147.066,147.796
2018-06-07,147.197,147.414,146.114,147.164
2018-06-10,146.858,147.838,146.7,146.779
2018-06-11,147.557,147.952,147.099,147.613
2018-06-12,147.726,147.887,147.267,147.698
2018-06-13,147.53,147.828,146.829,147.5
2018-06-14,146.667,147.063,146.294,146.659
2018-06-17,146.849,146.849,146.106,146.843
2018-06-18,146.02,146.147,144.41,146.009
2018-06-19,145.01,145.502,144.589,144.987
2018-06-20,145.34,146.177,144.613,145.34
2018-06-21,145.628,146.626,145.588,145.652
2018-06-24,145.79,145.79,144.67,145.787
2018-06-25,145.564,145.674,144.991,145.573
2018-06-26,145.577,145.626,144.807,145.555
2018-06-27,144.596,144.637,143.8,144.6
2018-06-28,144.414,146.309,144.347,144.447
2018-07-01,146.253,146.479,145.192,146.215
2018-07-02,145.702,146.372,145.316,145.703
2018-07-03,145.648,146.1217,145.574,145.668
2018-07-04,146.16,146.853,145.834,146.181
2018-07-05,146.176,146.656,146.13,146.196
2018-07-08,146.796,147.598,146.323,146.803
2018-07-09,147.046,147.758,146.91,147.051
2018-07-10,146.997,147.692,146.798,146.909
2018-07-11,147.871,148.876,147.871,147.85
2018-07-12,148.447,148.661,147.66,148.477
2018-07-15,148.677,149.291,148.553,148.65
2018-07-16,148.718,149.075,148.1,148.727
2018-07-17,148.116,148.218,146.87,148.099
2018-07-18,147.515,147.526,146.555,147.494
2018-07-19,146.322,146.646,145.986,146.318
2018-07-22,146.014,146.16,145.684,145.992
2018-07-23,146.027,146.2,145.475,146.034
2018-07-24,146.33,146.492,145.79,146.27
2018-07-25,146.33,146.395,145.821,146.294
2018-07-26,145.693,145.704,145.326,145.689
2018-07-29,145.41,145.918,145.4,145.448
2018-07-30,145.787,146.998,145.479,145.779
2018-07-31,146.658,147.13,146.537,146.65
2018-08-01,146.533,146.584,145.014,146.505
2018-08-02,145.383,145.499,144.518,145.38
2018-08-05,144.595,144.718,144.048,144.627
2018-08-06,144.079,144.426,143.8,144.091
2018-08-07,144.135,144.26,142.752,144.121
2018-08-08,142.8,143.473,142.367,142.8
2018-08-09,142.48,142.485,140.998,142.491
2018-08-12,141.165,141.812,140.273,141.143
2018-08-13,141.098,142.398,141.098,141.218
2018-08-14,141.47,141.748,139.91,141.472
2018-08-15,140.377,141.138,140.21,140.348
2018-08-16,141.096,141.152,140.26,141.08
2018-08-19,140.812,141.199,140.73,140.8
2018-08-20,140.74,142.159,140.667,140.772
2018-08-21,142.093,142.777,142.004,142.11
2018-08-22,142.65,142.995,142.444,142.691
2018-08-23,142.612,143.204,142.51,142.637
2018-08-26,143.078,143.208,142.53,143.1
2018-08-27,143.294,143.641,143.056,143.325
2018-08-28,143.054,145.476,142.835,143.025
2018-08-29,145.582,145.666,144.375,145.615
2018-08-30,144.418,144.64,143.52,144.408
2018-09-02,143.612,143.624,142.847,143.617
2018-09-03,142.898,143.235,142.594,142.947
2018-09-04,143.29,144.934,142.733,143.305
2018-09-05,143.88,144.214,143.26,143.915
2018-09-06,142.806,144.352,142.61,142.806
2018-09-09,143.38,145.015,143.072,143.38
2018-09-10,144.806,145.837,144.457,144.778
2018-09-11,145.251,145.366,144.698,145.249
2018-09-12,145.0,146.704,145.0,145.085
2018-09-13,146.895,146.984,146.35,146.857
2018-09-16,146.317,147.336,146.29,146.348
2018-09-17,146.792,147.906,146.792,146.825
2018-09-18,147.836,148.473,147.334,147.838
2018-09-19,147.589,149.13,147.356,147.594
2018-09-20,149.262,149.707,147.014,149.284
2018-09-23,147.165,148.275,146.961,147.171
2018-09-24,147.944,148.682,147.79,147.936
2018-09-25,148.894,149.048,148.34,148.87
2018-09-26,148.411,148.722,147.614,148.439
2018-09-27,148.26,148.605,147.556,148.211
2018-09-30,148.33,149.165,148.273,148.361
2018-10-01,148.636,148.681,147.194,148.615
2018-10-02,147.405,148.505,147.248,147.412
2018-10-03,148.13,148.598,147.71,148.143
2018-10-04,148.318,149.078,148.1,148.332
2018-10-07,149.231,149.492,147.523,149.265
2018-10-08,148.062,148.713,147.356,148.069
2018-10-09,148.644,149.291,148.54,148.657
2018-10-10,148.047,148.755,147.881,148.034
2018-10-11,148.32,148.975,147.324,148.322
2018-10-14,147.029,147.413,146.516,147.007
2018-10-15,147.125,148.392,147.08,147.111
2018-10-16,148.094,148.24,147.063,148.139
2018-10-17,147.539,147.714,146.425,147.555
2018-10-18,146.088,147.008,146.06,146.057
2018-10-21,146.921,147.57,146.061,146.951
2018-10-22,146.16,146.37,145.328,146.186
2018-10-23,145.949,146.295,144.99,145.939
2018-10-24,144.349,145.018,144.096,144.337
2018-10-25,144.001,144.125,142.77,144.073
2018-10-29,143.56,144.371,143.357,143.582
2018-10-30,143.76,144.375,143.532,143.792
2018-10-31,143.642,145.106,143.62,143.67
2018-11-01,144.04,146.32,144.031,144.097
2018-11-02,146.515,147.229,146.32,146.54
2018-11-05,147.117,147.501,146.876,147.136
2018-11-06,147.86,148.354,147.306,147.854
2018-11-07,148.642,149.22,148.359,148.639
2018-11-08,149.074,149.475,148.768,149.065
2018-11-09,148.887,148.96,147.614,148.884
2018-11-12,147.274,147.565,146.084,147.286
2018-11-13,146.103,148.638,146.0,146.158
2018-11-14,148.118,148.4,146.85,148.082
2018-11-15,147.45,147.898,144.44,147.463
2018-11-16,144.958,145.433,144.72,144.93
2018-11-19,144.67,145.267,144.412,144.652
2018-11-20,144.591,144.852,143.99,144.602
2018-11-21,144.136,144.884,144.08,144.148
2018-11-22,144.38,145.856,144.292,144.397
2018-11-23,145.45,145.517,144.376,145.45
2018-11-26,144.726,145.732,144.663,144.665
2018-11-27,145.441,145.504,144.604,145.425
2018-11-28,144.97,145.689,144.86,144.955
2018-11-29,145.603,145.66,144.55,145.604
2018-11-30,144.962,145.254,144.666,144.96
2018-12-03,145.01,145.503,144.192,145.04
2018-12-04,144.533,144.687,143.62,144.535
2018-12-05,143.333,144.458,143.272,143.341
2018-12-06,143.88,144.056,143.25,143.879
2018-12-07,144.059,144.189,143.462,143.99
2018-12-10,143.098,143.66,141.263,143.08
2018-12-11,142.167,142.836,141.812,142.14
2018-12-12,141.64,143.418,141.53,141.637
2018-12-13,143.005,143.894,142.99,143.051
2018-12-14,143.701,143.704,142.405,143.688
2018-12-17,142.692,143.207,142.261,142.692
2018-12-18,142.332,142.64,141.961,142.325
2018-12-19,142.342,142.512,141.643,142.37
2018-12-20,141.91,142.073,140.817,141.945
2018-12-21,140.835,141.156,140.247,140.82
2018-12-24,140.52,140.847,140.3,140.457
2018-12-25,140.24,140.92,139.54,140.17
2018-12-26,140.07,140.481,139.757,140.053
2018-12-27,140.702,140.766,139.83,140.696
2018-12-28,140.211,140.305,139.485,140.206
2018-12-31,140.004,140.86,139.655,140.027
2019-01-01,139.75,139.78,138.03,139.6
2019-01-02,139.849,139.849,137.446,139.858
2019-01-03,134.493,136.734,133.909,134.484
2019-01-04,136.201,137.95,135.832,136.141
2019-01-07,138.121,138.675,137.663,138.183
2019-01-08,138.9,139.387,138.123,138.856
2019-01-09,138.516,139.061,137.761,138.542
2019-01-10,138.428,138.475,137.419,138.463
2019-01-11,138.149,139.092,137.703,138.09
2019-01-14,139.365,139.99,138.609,139.358
2019-01-15,139.358,140.423,138.512,139.344
2019-01-16,139.856,140.319,138.991,139.839
2019-01-17,140.471,141.095,139.554,140.49
2019-01-18,141.691,142.067,141.223,141.708
2019-01-21,140.915,141.519,140.697,140.919
2019-01-22,141.367,141.869,140.649,141.345
2019-01-23,141.691,143.549,141.66,141.689
2019-01-24,143.218,143.533,142.732,143.231
2019-01-25,143.684,144.477,143.413,143.782
2019-01-28,144.467,144.498,143.61,144.488
2019-01-29,143.785,144.433,143.426,143.74
2019-01-30,143.105,143.574,142.821,143.06
2019-01-31,142.906,143.16,142.251,142.91
2019-02-01,142.679,143.452,142.098,142.682
2019-02-04,143.167,144.14,143.15,143.105
2019-02-05,143.309,143.48,142.053,143.29
2019-02-06,142.423,142.506,141.79,142.439
2019-02-07,142.231,142.61,141.115,142.218
2019-02-08,142.132,142.509,141.854,142.123
2019-02-11,142.057,142.499,141.875,142.01
2019-02-12,142.003,142.49,141.88,142.0
2019-02-13,142.448,143.299,142.426,142.47
2019-02-14,142.593,143.026,141.301,142.591
2019-02-15,141.451,142.16,141.023,141.455
2019-02-18,142.624,142.996,142.5,142.677
2019-02-19,142.88,144.28,142.477,142.9
2019-02-20,144.434,145.02,144.142,144.41
2019-02-21,144.486,144.914,144.112,144.488
2019-02-22,144.35,144.737,143.78,144.368
2019-02-25,144.697,145.067,144.45,144.714
2019-02-26,145.743,147.009,145.381,145.761
2019-02-27,146.578,148.024,146.158,146.561
2019-02-28,147.624,148.223,146.986,147.636
2019-03-01,147.718,148.563,147.69,147.704
2019-03-04,148.155,148.297,147.117,148.15
2019-03-05,147.268,147.721,146.617,147.297
2019-03-06,147.14,147.163,146.67,147.14
2019-03-07,147.134,147.274,146.025,147.127
2019-03-08,146.141,146.141,144.52,146.129
2019-03-11,144.21,145.663,143.723,144.259
2019-03-12,147.445,147.445,144.633,147.474
2019-03-13,145.425,147.167,145.418,145.405
2019-03-14,147.702,148.858,147.403,147.713
2019-03-15,148.16,148.266,147.446,148.156
2019-03-18,148.318,148.376,147.016,148.329
2019-03-19,147.725,148.019,147.519,147.697
2019-03-20,147.864,148.062,146.565,147.838
2019-03-21,146.109,146.383,144.87,146.12
2019-03-22,145.466,145.734,144.544,145.482
2019-03-25,145.413,145.786,144.67,145.365
2019-03-26,145.357,146.43,145.024,145.448
2019-03-27,145.99,146.377,145.53,146.02
2019-03-28,145.306,145.497,144.5,145.323
2019-03-29,144.44,145.384,143.879,144.421
2019-03-31,144.515,146.26,144.419,144.534
2019-04-01,145.603,145.645,144.944,145.633
2019-04-02,146.101,147.171,146.0,146.104
2019-04-03,146.755,146.946,145.741,146.763
2019-04-04,145.95,146.505,145.289,145.964
2019-04-07,145.608,145.622,145.105,145.631
2019-04-08,145.56,145.983,144.813,145.576
2019-04-09,144.96,145.641,144.959,145.058
2019-04-10,145.361,145.916,145.177,145.33
2019-04-11,145.723,146.966,145.69,145.72
2019-04-14,146.579,146.966,146.361,146.568
2019-04-15,146.637,146.739,146.0,146.61
2019-04-16,146.027,146.336,145.853,146.032
2019-04-17,146.058,146.058,145.409,146.02
2019-04-18,145.468,145.543,145.33,145.489
2019-04-21,145.39,145.498,145.2,145.392
2019-04-22,145.289,145.613,144.704,145.289
2019-04-23,144.713,144.882,144.4,144.737
2019-04-24,144.69,144.847,143.822,144.7
2019-04-25,143.865,144.414,143.74,143.888
2019-04-28,144.21,144.714,144.172,144.2
2019-04-29,144.42,145.354,144.047,144.465
2019-04-30,145.28,145.688,145.269,145.298
2019-05-01,145.469,145.852,145.112,145.477
2019-05-02,145.282,146.502,144.8,145.308
2019-05-05,145.434,145.541,144.99,145.479
2019-05-06,145.118,145.353,143.965,145.115
2019-05-07,144.042,144.065,143.059,144.06
2019-05-08,143.153,143.181,142.276,143.158
2019-05-09,142.908,143.218,142.49,142.839
2019-05-12,142.605,142.867,141.331,142.626
2019-05-13,141.521,142.164,141.36,141.483
2019-05-14,141.547,141.634,140.212,141.541
2019-05-15,140.579,140.791,140.204,140.636
2019-05-16,140.572,140.643,139.563,140.6
2019-05-19,140.214,140.507,139.745,140.236
2019-05-20,140.09,141.46,139.651,140.09
2019-05-21,140.451,140.681,139.343,140.493
2019-05-22,139.569,139.569,138.731,139.573
2019-05-23,138.717,139.477,138.531,138.722
2019-05-26,139.173,139.633,138.673,139.192
2019-05-27,138.844,138.996,138.26,138.86
2019-05-28,138.437,138.558,137.872,138.391
2019-05-29,138.337,138.719,138.186,138.335
2019-05-30,137.78,137.944,136.63,137.879
2019-06-02,136.798,137.111,136.616,136.761
2019-06-03,136.822,137.458,136.54,136.791
2019-06-04,137.479,137.758,137.2,137.49
2019-06-05,137.439,137.733,136.97,137.437
2019-06-06,137.69,138.165,137.493,137.689
2019-06-09,137.962,138.249,137.484,137.94
2019-06-10,137.528,138.312,137.48,137.508
2019-06-11,138.012,138.231,137.552,138.01
2019-06-12,137.723,137.772,137.132,137.697
2019-06-13,137.328,137.395,136.531,137.337
2019-06-16,136.713,136.926,136.353,136.738
2019-06-17,136.1,136.118,135.403,136.125
2019-06-18,136.433,136.974,135.804,136.427
2019-06-19,136.783,137.155,136.39,136.798
2019-06-20,136.316,136.752,135.93,136.322
2019-06-23,136.826,137.125,136.501,136.818
2019-06-24,136.749,136.829,135.814,136.715
2019-06-25,136.01,136.808,136.01,135.98
2019-06-26,136.759,137.3,136.466,136.755
2019-06-27,136.576,137.17,136.26,136.546
2019-06-30,137.543,137.543,136.74,137.57
2019-07-01,137.037,137.115,135.988,137.018
2019-07-02,135.818,135.818,135.174,135.78
2019-07-03,135.589,135.699,135.453,135.57
2019-07-04,135.654,135.836,135.47,135.637
2019-07-07,135.862,136.012,135.52,135.863
2019-07-08,136.05,136.267,135.407,136.05
2019-07-09,135.68,136.042,135.489,135.701
2019-07-10,135.478,136.038,135.077,135.505
2019-07-11,135.94,136.01,135.513,135.982
2019-07-14,135.52,135.828,135.067,135.56
2019-07-15,135.038,135.244,133.97,135.055
2019-07-16,134.262,134.484,133.971,134.28
2019-07-17,134.185,134.801,133.84,134.184
2019-07-18,134.725,134.989,134.566,134.693
2019-07-21,134.886,135.076,134.406,134.86
2019-07-22,134.53,134.96,134.331,134.57
2019-07-23,134.58,135.253,134.261,134.59
2019-07-24,135.055,135.641,134.712,135.063
2019-07-25,135.324,135.382,134.53,135.29
2019-07-28,134.43,134.45,132.939,134.441
2019-07-29,132.976,133.033,131.602,132.982
2019-07-30,131.969,132.961,131.84,132.018
2019-07-31,132.252,132.534,131.009,132.244
2019-08-01,130.231,130.399,129.09,130.24
2019-08-04,129.496,129.556,128.172,129.481
2019-08-05,128.382,130.054,128.382,128.367
2019-08-06,129.37,129.509,128.263,129.388
2019-08-07,128.841,129.317,128.34,128.84
2019-08-08,128.559,128.704,127.271,128.558
2019-08-11,126.695,127.477,126.655,126.666
2019-08-12,127.26,129.188,126.812,127.23
2019-08-13,128.554,128.634,127.567,128.58
2019-08-14,127.726,128.918,127.565,127.7
2019-08-15,128.278,129.544,128.14,128.258
2019-08-18,129.36,129.532,128.96,129.37
2019-08-19,129.252,129.392,128.27,129.254
2019-08-20,129.26,129.662,128.89,129.242
2019-08-21,129.307,130.631,128.758,129.314
2019-08-22,130.443,130.542,129.014,130.42
2019-08-25,128.572,130.017,128.572,128.554
2019-08-26,129.519,130.321,128.99,129.518
2019-08-27,129.868,130.062,128.536,129.875
2019-08-28,129.609,129.995,129.003,129.594
2019-08-29,129.73,129.794,129.183,129.692
2019-09-01,129.068,129.294,127.962,129.02
2019-09-02,128.11,128.23,126.72,128.118
2019-09-03,127.987,129.79,127.92,127.97
2019-09-04,130.211,132.092,129.969,130.198
2019-09-05,131.94,132.112,131.337,131.94
2019-09-08,131.34,132.516,130.824,131.356
2019-09-09,132.486,132.854,132.01,132.499
2019-09-10,132.88,133.354,132.7,132.915
2019-09-11,133.21,133.522,132.198,133.232
2019-09-12,133.375,134.753,133.302,133.366
2019-09-15,134.64,134.653,133.89,134.657
2019-09-16,134.382,135.171,133.985,134.398
2019-09-17,135.146,135.225,134.606,135.118
2019-09-18,135.204,135.218,134.28,135.198
2019-09-19,135.329,135.727,134.581,135.306
2019-09-22,134.213,134.53,133.35,134.24
2019-09-23,133.805,134.463,133.53,133.775
2019-09-24,133.806,133.976,132.859,133.783
2019-09-25,133.072,133.277,132.38,133.086
2019-09-26,132.829,133.266,132.32,132.846
2019-09-29,132.66,133.326,132.46,132.68
2019-09-30,132.78,133.32,131.791,132.79
2019-10-01,132.426,132.536,131.579,132.417
2019-10-02,131.839,132.526,131.48,131.842
2019-10-03,131.809,131.972,131.26,131.838
2019-10-06,131.68,131.934,131.306,131.672
2019-10-07,131.79,132.1,130.44,131.782
2019-10-08,130.688,131.705,130.659,130.687
2019-10-09,130.925,133.631,130.862,130.878
2019-10-10,134.07,137.809,134.07,134.11
2019-10-13,136.763,136.98,135.561,136.842
2019-10-14,136.62,139.206,136.511,136.667
2019-10-15,138.828,139.811,137.595,138.832
2019-10-16,139.289,141.344,138.689,139.334
2019-10-17,139.68,140.314,139.34,139.69
2019-10-20,139.848,141.307,139.777,139.836
2019-10-21,140.857,141.089,139.96,140.854
2019-10-22,139.747,140.037,139.08,139.743
2019-10-23,140.311,140.692,139.097,140.357
2019-10-24,139.45,139.744,139.01,139.42
2019-10-28,139.461,140.194,139.31,139.477
2019-10-29,140.085,140.515,139.475,140.083
2019-10-30,140.073,140.449,139.94,140.052
2019-10-31,140.359,140.656,139.75,140.342
2019-11-01,139.762,140.127,139.68,139.732
2019-11-04,139.982,140.213,139.91,139.997
2019-11-05,140.059,140.531,139.997,140.084
2019-11-06,140.538,140.574,140.06,140.575
2019-11-07,140.014,140.523,139.487,140.014
2019-11-08,140.08,140.198,139.488,140.081
2019-11-11,139.739,140.459,139.36,139.744
2019-11-12,140.136,140.572,139.948,140.134
2019-11-13,140.057,140.24,139.45,140.066
2019-11-14,139.795,139.846,139.39,139.83
2019-11-15,139.741,140.439,139.66,139.745
2019-11-18,140.424,141.529,140.39,140.43
2019-11-19,140.717,140.913,140.27,140.691
2019-11-20,140.246,140.439,139.728,140.198
2019-11-21,140.223,140.853,139.967,140.19
2019-11-22,140.26,140.444,139.334,140.25
2019-11-25,139.713,140.607,139.64,139.7
2019-11-26,140.565,140.853,139.99,140.555
2019-11-27,140.27,140.972,140.03,140.298
2019-11-28,141.417,141.744,141.23,141.37
2019-11-29,141.367,141.681,141.129,141.394
2019-12-02,141.403,141.799,140.972,141.424
2019-12-03,141.029,141.696,140.921,141.066
2019-12-04,141.212,142.763,140.82,141.2
2019-12-05,142.679,143.247,142.61,142.666
2019-12-06,143.082,143.13,142.39,143.074
2019-12-09,142.75,143.079,142.56,142.717
2019-12-10,142.749,143.27,142.637,142.704
2019-12-11,142.826,143.311,142.57,142.806
2019-12-12,143.276,143.6366,142.496,143.272
2019-12-13,147.432,147.932,145.467,147.419
2019-12-16,146.066,146.733,145.847,146.071
2019-12-17,145.386,145.713,143.508,145.423
2019-12-18,143.699,143.699,143.086,143.688
2019-12-19,143.317,143.821,142.036,143.3516
2019-12-20,142.381,143.025,142.18,142.36
2019-12-23,142.386,142.501,141.165,142.381
2019-12-24,141.541,141.783,141.329,141.5381
2019-12-25,141.41,142.42,140.635,141.4
2019-12-26,141.849,142.686,141.834,141.859
2019-12-27,142.416,143.655,142.023,142.463
2019-12-30,143.255,143.414,142.768,143.248
2019-12-31,142.758,144.334,142.428,142.764
2020-01-01,144.6678,145.3072,144.01,144.42
2020-01-02,144.029,144.169,142.276,144.048
2020-01-03,142.649,142.737,141.023,142.708
2020-01-06,141.261,142.729,141.12,141.201
2020-01-07,142.777,143.273,142.034,142.773
2020-01-08,141.56,142.947,141.135,141.639
2020-01-09,142.906,143.448,142.42,142.875
2020-01-10,143.102,143.488,142.87,143.11
2020-01-13,142.851,142.962,142.381,142.912
2020-01-14,142.853,143.247,142.45,142.847
2020-01-15,143.065,143.344,142.69,143.046
2020-01-16,143.272,144.107,143.27,143.287
2020-01-17,144.055,144.472,143.36,144.057
2020-01-20,143.309,143.342,142.814,143.31
2020-01-21,143.267,143.966,142.861,143.262
2020-01-22,143.41,144.568,143.339,143.3861
2020-01-23,144.231,144.287,143.211,144.215
2020-01-24,143.735,144.215,142.823,143.715
2020-01-27,142.115,142.734,142.115,142.103
2020-01-28,142.244,142.435,141.495,142.239
2020-01-29,142.121,142.2055,141.707,142.129
2020-01-30,141.922,142.678,141.264,141.911
2020-01-31,142.505,143.28,142.505,142.461
2020-02-03,142.837,143.097,141.132,142.8427
2020-02-04,141.14,142.542,140.97,141.152
2020-02-05,142.6143,143.333,142.24,142.61
2020-02-06,142.711,142.803,142.08,142.69
2020-02-07,142.157,142.355,141.615,142.1633
2020-02-10,141.2908,142.074,141.27,141.328
2020-02-11,141.7402,142.442,141.68,141.76
2020-02-12,142.28,142.876,142.227,142.305
2020-02-13,142.348,143.465,142.14,142.318
2020-02-14,143.205,143.394,142.778,143.16
2020-02-17,143.248,143.332,142.874,143.289
2020-02-18,142.8,143.215,142.332,142.83
2020-02-19,142.89,143.946,142.81,142.887
2020-02-20,143.734,144.575,143.612,143.74
2020-02-21,144.219,144.938,143.763,144.215
2020-02-24,144.478,144.6,142.812,144.494
2020-02-25,143.287,143.61,143.047,143.284
2020-02-26,143.375,143.699,142.591,143.394
2020-02-27,142.427,142.534,141.382,142.43
2020-02-28,141.319,141.328,137.602,141.328
2020-03-02,137.965,139.153,137.165,137.911
2020-03-03,138.433,138.466,137.21,138.493
2020-03-04,137.259,137.975,137.242,137.22
2020-03-05,138.559,138.559,137.781,138.601
2020-03-06,137.595,137.729,136.447,137.583
2020-03-09,136.15,136.293,132.682,136.118
2020-03-10,134.775,137.162,134.096,134.789
2020-03-11,135.586,136.52,134.337,135.565
2020-03-12,134.099,134.21,131.354,133.992
2020-03-13,131.588,134.293,131.236,131.4619
2020-03-16,132.136,132.494,128.893,132.254
2020-03-17,130.333,131.112,128.653,130.206
2020-03-18,130.032,130.266,127.067,130.13
2020-03-19,125.865,129.5,124.93,125.962
2020-03-20,127.881,131.949,127.506,127.863
2020-03-23,128.07,129.074,127.412,128.35
2020-03-24,128.531,131.386,128.019,128.463
2020-03-25,130.995,133.358,129.916,131.004
2020-03-26,131.279,132.866,130.627,131.365
2020-03-27,133.047,133.68,132.125,133.064
2020-03-29,133.768,134.372,132.751,133.726
2020-03-30,133.583,134.539,133.232,133.636
2020-03-31,133.321,133.547,132.615,133.353
2020-04-01,132.797,133.8352,132.564,132.788
2020-04-02,133.859,133.911,132.55,133.831
2020-04-05,132.775,134.482,132.775,132.778
2020-04-06,133.408,134.939,133.11,133.528
2020-04-07,134.015,134.996,133.725,134.037
2020-04-08,134.914,135.724,134.646,134.935
2020-04-09,135.17,135.386,134.98,135.13
2020-04-12,134.98,135.117,134.498,134.97
2020-04-13,134.74,135.393,134.569,134.762
2020-04-14,135.171,135.254,133.666,135.212
2020-04-15,134.717,134.845,133.719,134.718
2020-04-16,134.76,134.828,133.885,134.77
2020-04-19,134.462,134.691,133.86,134.429
2020-04-20,133.944,134.023,131.959,133.943
2020-04-21,132.51,133.278,132.048,132.472
2020-04-22,132.83,133.648,132.401,132.841
2020-04-23,132.964,133.103,132.38,132.966
2020-04-26,132.952,133.523,132.909,132.9258
2020-04-27,133.254,133.537,132.829,133.258
2020-04-28,132.716,132.993,131.94,132.733
2020-04-29,132.9,135.062,132.67,132.944
2020-04-30,134.982,135.04,133.448,134.949
2020-05-03,132.963,133.149,132.518,132.915
2020-05-04,132.782,133.098,132.544,132.763
2020-05-05,132.439,132.439,130.846,132.45
2020-05-06,130.906,131.967,130.77,130.849
2020-05-07,131.609,132.654,131.54,131.616
2020-05-10,132.723,133.168,131.884,132.73
2020-05-11,132.667,132.851,131.945,132.631
2020-05-12,131.303,131.905,130.661,131.273
2020-05-13,130.832,130.861,130.14,130.881
2020-05-14,131.325,131.404,129.986,131.32
2020-05-17,129.581,131.24,129.534,129.553
2020-05-18,130.98,132.368,130.778,130.97
2020-05-19,132.152,132.408,131.56,132.114
2020-05-20,131.611,131.934,131.213,131.63
2020-05-21,131.578,131.76,130.671,131.543
2020-05-24,131.284,131.402,130.998,131.27
2020-05-25,131.374,133.024,131.37,131.378
2020-05-26,132.556,132.935,131.667,132.551
2020-05-27,132.182,132.727,131.842,132.198
2020-05-28,132.572,133.412,131.809,132.614
2020-05-31,132.961,134.255,132.936,132.95
2020-06-01,134.295,136.493,134.281,134.28
2020-06-02,136.865,137.35,136.267,136.85
2020-06-03,137.012,137.625,135.952,137.04
2020-06-04,137.507,139.688,137.276,137.608
2020-06-07,139.309,139.357,137.601,139.49
2020-06-08,137.978,138.147,136.238,138.048
2020-06-09,137.035,137.383,136.63,137.001
2020-06-10,136.046,136.4,134.674,135.959
2020-06-11,134.312,136.026,133.788,134.29
2020-06-14,134.249,135.042,133.494,134.22
2020-06-15,135.797,136.32,134.825,135.77
2020-06-16,135.109,135.122,134.093,135.145
2020-06-17,134.11,134.318,132.467,134.162
2020-06-18,132.92,133.183,132.11,132.94
2020-06-21,131.853,133.082,131.78,131.899
2020-06-22,133.584,133.957,132.616,133.624
2020-06-23,133.294,133.597,132.697,133.288
2020-06-24,132.861,133.58,132.809,132.854
2020-06-25,133.112,133.242,132.048,133.1
2020-06-28,132.307,132.66,131.957,132.317
2020-06-29,132.455,133.554,132.046,132.431
2020-06-30,133.756,134.117,132.955,133.7855
2020-07-01,133.835,134.676,133.791,133.819
2020-07-02,134.014,134.185,133.696,133.991
2020-07-05,134.218,134.655,134.149,134.197
2020-07-06,134.121,135.376,134.09,134.135
2020-07-07,134.857,135.399,134.589,134.912
2020-07-08,135.26,135.913,135.184,135.29
2020-07-09,135.17,135.186,134.301,135.13
2020-07-12,134.984,135.469,134.802,134.988
2020-07-13,134.631,134.742,133.989,134.638
2020-07-14,134.806,135.076,134.468,134.784
2020-07-15,134.552,135.149,134.059,134.59
2020-07-16,134.741,134.89,134.1,134.719
2020-07-19,134.583,135.7,134.34,134.612
2020-07-20,135.707,136.421,135.707,135.71
2020-07-21,136.023,136.483,135.296,135.99
2020-07-22,136.417,136.61,135.842,136.415
2020-07-23,135.993,136.023,134.97,136.003
2020-07-26,135.591,135.808,135.154,135.607
2020-07-27,135.694,135.998,135.33,135.64
2020-07-28,135.862,136.443,135.67,135.828
2020-07-29,136.325,137.34,136.084,136.351
2020-07-30,137.278,139.183,136.789,137.3
2020-08-02,138.651,138.98,137.761,138.686
2020-08-03,138.674,138.855,137.81,138.64
2020-08-04,138.181,138.987,138.03,138.192
2020-08-05,138.539,139.206,138.43,138.541
2020-08-06,138.631,138.738,137.86,138.699
2020-08-09,138.15,138.619,138.097,138.146
2020-08-10,138.59,139.484,138.59,138.57
2020-08-11,138.949,139.604,138.892,139.002
2020-08-12,139.351,140.193,139.28,139.33
2020-08-13,139.784,139.989,139.345,139.823
2020-08-16,139.63,139.663,138.79,139.637
2020-08-17,138.912,139.497,138.59,138.923
2020-08-18,139.436,139.941,138.884,139.456
2020-08-19,139.043,139.584,138.57,139.03
2020-08-20,139.696,139.921,138.293,139.678
2020-08-23,138.643,138.989,138.298,138.62
2020-08-24,138.522,140.008,138.449,138.533
2020-08-25,139.922,140.285,139.61,139.89
2020-08-26,139.936,140.769,139.719,139.905
2020-08-27,140.762,141.589,140.023,140.705
2020-08-30,140.913,142.01,140.512,140.938
2020-08-31,141.643,142.697,141.32,141.659
2020-09-01,141.844,141.953,141.027,141.881
2020-09-02,141.73,141.7538,140.501,141.78
2020-09-03,140.737,141.417,140.134,140.671
2020-09-06,140.8,140.9731,139.605,140.803
2020-09-07,139.891,139.893,137.888,139.896
2020-09-08,137.393,138.291,136.746,137.401
2020-09-09,138.08,138.31,136.37,138.075
2020-09-10,135.946,136.519,135.579,135.934
2020-09-13,135.933,136.561,135.77,135.924
2020-09-14,135.8,136.412,135.444,135.828
2020-09-15,135.743,136.454,135.55,135.774
2020-09-16,136.139,136.139,134.583,136.143
2020-09-17,135.912,136.152,135.03,135.82
2020-09-20,135.196,135.319,133.55,135.178
2020-09-21,134.199,134.355,133.103,134.195
2020-09-22,133.881,134.5,133.149,133.838
2020-09-23,133.941,134.6,133.628,133.907
2020-09-24,134.456,134.81,133.852,134.457
2020-09-27,134.753,136.142,134.366,134.749
2020-09-28,135.715,136.176,135.44,135.705
2020-09-29,135.927,136.51,135.179,135.925
2020-09-30,136.205,136.992,135.379,136.199
2020-10-01,136.015,136.364,135.056,135.99
2020-10-04,136.429,137.149,136.228,136.42
2020-10-05,137.333,137.428,136.51,137.325
2020-10-06,136.092,136.947,135.967,136.095
2020-10-07,136.865,137.381,136.697,136.87
2020-10-08,137.174,137.548,136.88,137.183
2020-10-11,137.61,137.705,137.214,137.649
2020-10-12,137.632,137.755,136.841,137.61
2020-10-13,136.416,137.304,135.678,136.405
2020-10-14,136.808,137.141,135.774,136.746
2020-10-15,135.924,136.395,135.526,135.917
2020-10-18,136.29,137.19,136.233,136.279
2020-10-19,136.539,137.019,136.334,136.552
2020-10-20,136.65,137.501,136.546,136.613
2020-10-21,137.398,137.575,136.976,137.443
2020-10-22,137.185,137.2666,136.535,137.196
2020-10-26,136.663,137.038,136.3,136.626
2020-10-27,136.411,136.574,136.147,136.434
2020-10-28,136.218,136.218,134.898,136.21
2020-10-29,135.476,135.935,134.672,135.489
2020-10-30,135.196,135.784,134.411,135.192
2020-11-02,135.219,135.407,134.87,135.17
2020-11-03,135.315,136.669,135.161,135.325
2020-11-04,137.22,137.279,135.367,137.147
2020-11-05,135.323,136.25,135.06,135.398
2020-11-06,136.064,136.169,135.49,136.085
2020-11-09,136.076,138.763,136.029,136.079
2020-11-10,138.447,139.756,138.168,138.434
2020-11-11,139.578,140.168,139.3,139.571
2020-11-12,139.4,139.401,138.012,139.388
2020-11-13,137.889,138.496,137.52,137.891
2020-11-16,138.352,138.806,137.665,138.372
2020-11-17,138.155,138.341,137.814,138.193
2020-11-18,138.05,138.153,137.81,138.092
2020-11-19,137.604,137.956,137.187,137.711
2020-11-20,137.488,138.026,137.472,137.54
2020-11-23,138.101,139.019,138.08,138.112
2020-11-24,139.293,139.819,139.128,139.3208
2020-11-25,139.626,139.738,139.012,139.653
2020-11-26,139.692,139.77,138.921,139.724
2020-11-27,139.193,139.204,138.345,139.198
2020-11-30,138.758,139.443,138.422,138.746
2020-12-01,139.112,140.22,138.985,139.091
2020-12-02,139.961,140.416,138.906,139.99
2020-12-03,139.649,140.279,139.521,139.644
2020-12-04,139.67,140.689,139.513,139.68
2020-12-07,139.775,139.813,137.916,139.795
2020-12-08,138.901,139.266,138.424,138.899
2020-12-09,139.184,140.302,139.145,139.168
2020-12-10,139.368,139.643,138.481,139.356
2020-12-11,138.549,138.613,136.78,138.602
2020-12-14,138.44,139.407,138.284,138.407
2020-12-15,138.573,139.43,138.297,138.628
2020-12-16,139.357,140.036,139.137,139.304
2020-12-17,139.687,140.38,139.597,139.704
2020-12-18,139.95,140.297,139.338,139.939
2020-12-21,138.662,138.74,136.994,138.638
2020-12-22,138.948,139.065,138.021,138.97
2020-12-23,138.673,140.242,138.544,138.695
2020-12-24,139.829,141.206,139.829,139.821
2020-12-25,140.46,140.89,133.713,140.103
2020-12-28,140.503,140.561,139.506,140.495
2020-12-29,139.61,140.152,139.61,139.619
2020-12-30,139.73,140.534,139.7,139.79
2020-12-31,140.551,141.194,140.381,140.533
2021-01-01,141.13,141.16,138.74,141.14
2021-01-04,141.249,141.249,139.781,141.257
2021-01-05,139.981,140.135,139.508,139.933
2021-01-06,139.925,140.554,139.78,139.929
2021-01-07,140.332,140.98,140.116,140.34
2021-01-08,140.808,141.331,140.732,140.818
2021-01-11,140.697,140.837,140.334,140.672
2021-01-12,140.831,142.006,140.725,140.81
2021-01-13,141.78,142.228,141.57,141.802
2021-01-14,141.698,142.211,141.61,141.702
2021-01-15,142.065,142.098,140.964,142.05
2021-01-18,141.035,141.075,140.354,141.037
2021-01-19,140.833,141.71,140.833,140.827
2021-01-20,141.746,142.298,141.106,141.745
2021-01-21,141.482,142.206,141.408,141.521
2021-01-22,142.114,142.186,141.516,142.075
2021-01-25,142.04,142.31,141.664,142.0545
2021-01-26,141.877,142.439,141.287,141.911
2021-01-27,142.351,142.688,142.204,142.34
2021-01-28,142.372,143.23,142.191,142.34
2021-01-29,143.165,143.9443,142.997,143.119
2021-02-01,143.4,144.083,143.372,143.376
2021-02-02,143.41,143.746,143.136,143.446
2021-02-03,143.466,143.678,143.118,143.439
2021-02-04,143.305,144.2,142.842,143.272
2021-02-05,144.319,144.877,144.248,144.364
2021-02-08,144.786,144.916,144.39,144.783
2021-02-09,144.608,144.652,144.015,144.607
2021-02-10,144.48,145.048,144.39,144.44
2021-02-11,144.67,144.891,144.54,144.671
2021-02-12,144.658,145.404,144.48,144.652
2021-02-15,145.703,146.624,145.645,145.707
2021-02-16,146.608,147.296,146.519,146.61
2021-02-17,147.351,147.351,146.427,147.35
2021-02-18,146.734,147.76,146.54,146.769
2021-02-19,147.548,148.136,147.278,147.561
2021-02-22,148.036,148.27,147.545,148.035
2021-02-23,147.72,148.389,147.659,147.7
2021-02-24,148.654,149.952,148.629,148.6401
2021-02-25,149.85,150.435,149.7488,149.8829
2021-02-26,148.954,149.015,147.427,148.971
2021-03-01,148.796,149.281,148.347,148.792
2021-03-02,148.807,149.031,148.09,148.813
2021-03-03,148.947,149.653,148.883,148.937
2021-03-04,149.048,150.669,149.048,149.08
2021-03-05,149.971,150.357,149.373,149.974
2021-03-08,150.092,150.566,149.687,150.183
2021-03-09,150.567,151.262,150.49,150.572
2021-03-10,150.756,151.166,150.671,150.79
2021-03-11,151.039,151.669,150.9608,151.048
2021-03-12,151.839,152.22,151.248,151.852
2021-03-15,151.988,152.085,151.209,151.9781
2021-03-16,151.661,151.733,150.804,151.6623
2021-03-17,151.555,151.987,151.43,151.544
2021-03-18,152.163,152.529,151.676,152.158
2021-03-19,151.647,151.773,150.59,151.669
2021-03-22,150.627,150.887,150.336,150.578
2021-03-23,150.745,150.763,149.121,150.772
2021-03-24,149.054,149.434,148.539,148.985
2021-03-25,148.915,149.886,148.905,148.904
2021-03-26,150.085,151.526,150.036,150.09
2021-03-28,151.33,151.7942,150.57,151.398
2021-03-29,151.269,151.927,151.15,151.2875
2021-03-30,151.598,152.769,151.557,151.584
2021-03-31,152.671,153.065,152.315,152.652
2021-04-01,152.9998,153.194,152.69,153.004
2021-04-04,153.035,153.355,152.86,153.056
2021-04-05,153.28,153.39,151.895,153.293
2021-04-06,151.797,152.044,150.793,151.815
2021-04-07,150.964,151.074,149.887,150.922
2021-04-08,150.113,150.907,149.593,150.11
2021-04-11,150.391,150.566,149.74,150.399
2021-04-12,150.419,150.811,149.736,150.425
2021-04-13,149.85,150.45,149.56,149.851
2021-04-14,150.009,150.168,149.697,150.016
2021-04-15,149.762,150.441,149.4,149.798
2021-04-18,150.194,151.196,149.907,150.216
2021-04-19,151.244,151.934,150.598,151.22
2021-04-20,150.686,150.944,150.059,150.703
2021-04-21,150.49,150.63,149.421,150.503
2021-04-22,149.395,149.922,149.065,149.409
2021-04-25,149.593,150.253,149.55,149.543
2021-04-26,150.302,151.088,150.159,150.332
2021-04-27,151.13,151.4441,150.99,151.183
2021-04-28,151.39,152.384,151.3,151.399
2021-04-29,151.931,152.094,150.919,151.91
2021-05-02,151.018,151.925,151.018,151.009
2021-05-03,151.649,152.041,151.006,151.657
2021-05-04,151.81,152.21,151.76,151.812
2021-05-05,151.882,152.091,151.331,151.886
2021-05-06,151.467,152.021,151.3,151.512
2021-05-09,152.432,153.841,152.399,152.4
2021-05-10,153.769,153.941,153.176,153.798
2021-05-11,153.667,154.416,153.529,153.65
2021-05-12,154.243,154.297,153.572,154.194
2021-05-13,153.83,154.251,153.61,153.821
2021-05-16,154.254,154.264,153.72,154.279
2021-05-17,154.595,154.813,154.505,154.538
2021-05-18,154.424,154.785,153.565,154.442
2021-05-19,154.129,154.269,153.658,154.11
2021-05-20,154.382,154.653,154.035,154.403
2021-05-23,154.0,154.1425,153.773,154.01
2021-05-24,154.04,154.426,153.81,154.069
2021-05-25,153.89,154.326,153.769,153.847
2021-05-26,154.079,155.764,153.834,154.086
2021-05-27,155.993,156.038,155.592,155.946
2021-05-30,155.862,155.862,155.29,155.836
2021-05-31,155.736,155.92,154.978,155.764
2021-06-01,154.961,155.496,154.961,154.984
2021-06-02,155.29,155.798,155.29,155.296
2021-06-03,155.56,155.719,155.02,155.55
2021-06-06,155.244,155.244,154.54,155.23
2021-06-07,154.907,155.067,154.572,154.891
2021-06-08,154.897,155.302,154.498,154.883
2021-06-09,154.72,155.196,154.137,154.674
2021-06-10,155.0,155.194,154.83,155.012
2021-06-13,154.89,155.287,154.324,154.882
2021-06-14,155.25,155.472,154.548,155.254
2021-06-15,155.005,155.373,154.96,154.994
2021-06-16,154.876,155.0,153.403,154.93
2021-06-17,153.737,153.741,152.135,153.758
2021-06-20,152.233,153.408,151.31,152.251
2021-06-21,153.673,154.248,153.08,153.68
2021-06-22,154.377,155.133,154.23,154.344
2021-06-23,154.99,155.113,153.822,155.02
2021-06-24,154.35,154.509,153.61,154.35
2021-06-27,153.975,154.218,153.448,153.963
2021-06-28,153.489,153.492,152.629,153.48
2021-06-29,152.963,153.392,152.69,152.973
2021-06-30,153.628,153.946,153.334,153.668
2021-07-01,153.515,153.705,153.08,153.502
2021-07-04,153.683,153.71,153.45,153.714
2021-07-05,153.623,154.063,152.421,153.642
2021-07-06,152.583,153.162,152.31,152.662
2021-07-07,152.63,152.63,150.693,152.66
2021-07-08,151.402,152.797,151.16,151.4
2021-07-11,153.157,153.335,152.409,153.18
2021-07-12,153.219,153.47,152.436,153.17
2021-07-13,152.642,153.268,152.39,152.652
2021-07-14,152.382,152.775,151.62,152.369
2021-07-15,151.776,152.607,151.695,151.794
2021-07-18,151.237,151.289,149.319,151.2
2021-07-19,149.7,149.941,148.47,149.718
2021-07-20,149.861,150.996,149.292,149.859
2021-07-21,151.163,151.887,150.71,151.166
2021-07-22,151.65,152.145,151.554,151.694
2021-07-25,152.061,152.551,151.435,152.069
2021-07-26,152.5,152.525,151.59,152.493
2021-07-27,152.441,152.873,152.171,152.424
2021-07-28,152.799,153.416,152.519,152.798
2021-07-29,152.736,153.213,152.495,152.767
2021-08-01,152.419,152.833,151.648,152.42
2021-08-02,151.74,152.193,151.202,151.778
2021-08-03,151.65,152.498,151.51,151.674
2021-08-04,152.13,153.017,152.09,152.123
2021-08-05,152.838,153.226,152.67,152.846
2021-08-08,152.88,153.021,152.59,152.87
2021-08-09,152.726,153.293,152.624,152.725
2021-08-10,153.02,153.234,152.86,153.005
2021-08-11,153.044,153.183,152.55,153.017
2021-08-12,152.5,152.538,152.07,152.462
2021-08-15,151.95,151.95,150.954,151.9545
2021-08-16,151.274,151.281,150.504,151.26
2021-08-17,150.472,151.244,150.447,150.497
2021-08-18,150.963,151.202,149.637,150.947
2021-08-19,149.633,149.869,149.19,149.61
2021-08-22,149.713,150.741,149.7,149.61
2021-08-23,150.484,151.01,150.04,150.503
2021-08-24,150.628,151.205,150.42,150.588
2021-08-25,151.384,151.573,150.839,151.368
2021-08-26,150.686,151.494,150.457,150.761
2021-08-29,151.15,151.261,150.93,151.192
2021-08-30,151.246,151.574,151.069,151.262
2021-08-31,151.33,151.937,151.3,151.346
2021-09-01,151.641,152.154,151.371,151.59
2021-09-02,152.102,152.285,151.824,152.115
2021-09-05,152.12,152.226,151.78,152.112
2021-09-06,151.972,152.215,151.507,151.977
2021-09-07,151.964,152.074,151.465,151.97
2021-09-08,151.72,152.154,151.391,151.73
2021-09-09,151.892,152.621,151.76,151.91
2021-09-12,152.1,152.322,151.921,152.1
2021-09-13,152.224,152.821,151.775,152.197
2021-09-14,151.483,151.527,150.822,151.47
2021-09-15,151.455,151.541,150.905,151.466
2021-09-16,151.344,151.916,151.072,151.351
2021-09-19,150.958,151.034,149.415,150.979
2021-09-20,149.469,150.132,148.94,149.495
2021-09-21,149.05,149.805,148.9954,149.0535
2021-09-22,149.546,151.451,149.52,149.525
2021-09-23,151.363,151.713,151.011,151.366
2021-09-26,151.352,152.173,151.115,151.39
2021-09-27,151.998,152.566,150.543,152.018
2021-09-28,150.97,151.166,149.928,150.98
2021-09-29,150.244,150.926,150.093,150.28
2021-09-30,150.11,150.693,149.244,150.111
2021-10-03,150.55,151.511,150.21,150.548
2021-10-04,150.986,152.024,150.743,150.976
2021-10-05,151.935,152.109,150.826,151.903
2021-10-06,151.41,152.003,151.01,151.413
2021-10-07,152.079,152.926,152.004,152.06
2021-10-10,152.88,154.498,152.88,152.862
2021-10-11,154.137,154.807,153.707,154.1
2021-10-12,154.127,154.944,154.12,154.125
2021-10-13,154.851,155.723,154.813,154.859
2021-10-14,155.59,157.407,155.576,155.57
2021-10-17,157.273,157.282,156.616,157.321
2021-10-18,157.015,158.036,156.883,156.973
2021-10-19,157.985,158.202,157.02,157.96
2021-10-20,158.098,158.156,156.953,158.096
2021-10-21,156.99,157.632,156.056,157.001
2021-10-24,156.429,156.797,156.165,156.38
2021-10-25,156.579,157.748,156.49,156.57
2021-10-26,157.188,157.24,155.71,157.17
2021-10-27,156.21,156.561,155.91,156.222
2021-10-28,156.755,157.083,156.043,156.717
2021-11-01,156.308,156.468,155.816,156.296
2021-11-02,155.809,155.809,154.658,155.779
2021-11-03,155.163,155.892,154.962,155.158
2021-11-04,156.179,156.204,153.121,156.188
2021-11-05,153.732,153.732,152.819,153.759
2021-11-08,153.0417,153.612,152.713,153.077
2021-11-09,153.583,153.624,152.767,153.604
2021-11-10,153.1113,153.72,152.795,153.1
2021-11-11,152.77,152.994,152.487,152.735
2021-11-12,152.413,152.913,152.413,152.399
2021-11-15,152.924,153.267,152.642,152.911
2021-11-16,153.035,154.0,153.035,153.0
2021-11-17,154.249,154.65,153.975,154.244
2021-11-18,154.038,154.251,153.707,154.007
2021-11-19,154.293,154.442,152.52,154.26
2021-11-22,153.317,154.029,153.134,153.323
2021-11-23,153.789,154.201,153.285,153.775
2021-11-24,154.015,154.128,153.46,153.996
2021-11-25,153.844,154.046,153.425,153.823
2021-11-26,153.227,153.227,150.794,153.177
2021-11-29,151.66,151.833,150.753,151.699
2021-11-30,151.53,151.6,149.756,151.505
2021-12-01,150.577,151.417,150.063,150.627
2021-12-02,149.83,150.785,149.798,149.85
2021-12-03,150.316,150.726,149.3,150.302
2021-12-06,149.533,150.376,149.366,149.611
2021-12-07,150.47,151.112,150.178,150.465
2021-12-08,150.349,150.67,149.519,150.36
2021-12-09,150.19,150.29,149.47,150.149
2021-12-10,150.038,150.371,149.682,150.005
2021-12-13,150.475,150.741,150.03,150.452
2021-12-14,150.053,150.543,149.8,150.064
2021-12-15,150.472,150.992,150.282,150.466
2021-12-16,151.39,152.618,151.091,151.364
2021-12-17,151.451,151.697,150.42,151.423
2021-12-20,150.213,150.398,149.539,150.163
2021-12-21,150.115,151.262,149.906,150.132
2021-12-22,151.277,152.573,151.1,151.234
2021-12-23,152.35,153.695,152.282,152.333
2021-12-24,153.4,153.543,153.055,153.432
2021-12-27,153.235,154.362,153.154,153.237
2021-12-28,154.254,154.562,154.02,154.261
2021-12-29,154.161,155.038,154.032,154.15
2021-12-30,155.166,155.641,154.915,155.12
2021-12-31,155.27,155.987,155.006,155.294
2022-01-03,155.668,155.908,154.897,155.683
2022-01-04,155.461,157.407,155.3883,155.483
2022-01-05,157.15,157.374,156.576,157.163
2022-01-06,157.398,157.459,156.12,157.397
2022-01-07,156.799,157.09,156.751,156.79
2022-01-10,157.125,157.354,155.969,157.137
2022-01-11,156.536,157.2,156.417,156.528
2022-01-12,157.223,157.681,157.043,157.221
2022-01-13,157.155,157.449,156.511,157.135
2022-01-14,156.44,156.51,155.48,156.477
2022-01-17,156.282,156.708,156.194,156.282
2022-01-18,156.354,156.88,155.485,156.345
2022-01-19,155.789,156.222,155.403,155.787
2022-01-20,155.602,156.04,155.425,155.593
2022-01-21,154.945,154.96,153.917,154.977
2022-01-24,154.223,154.464,152.957,154.231
2022-01-25,153.771,153.878,153.12,153.775
2022-01-26,153.826,154.552,153.676,153.836
2022-01-27,154.484,154.709,153.824,154.482
2022-01-28,154.413,154.941,154.378,154.388
2022-01-31,154.429,155.325,154.386,154.476
2022-02-01,154.769,155.161,154.486,154.765
2022-02-02,155.124,155.281,154.81,155.154
2022-02-03,155.108,156.484,155.03,155.13
2022-02-04,156.313,156.491,155.599,156.304
2022-02-07,155.952,156.122,155.111,155.923
2022-02-08,155.767,156.706,155.767,155.748
2022-02-09,156.506,156.84,156.287,156.493
2022-02-10,156.431,158.039,156.25,156.426
2022-02-11,157.232,157.667,156.723,157.234
2022-02-14,156.799,156.799,155.33,156.828
2022-02-15,156.347,156.812,155.975,156.337
2022-02-16,156.574,157.069,156.371,156.551
2022-02-17,156.707,156.979,156.107,156.74
2022-02-18,156.365,157.173,156.212,156.4
2022-02-21,156.242,156.728,156.123,156.248
2022-02-22,155.764,156.495,155.594,155.772
2022-02-23,156.415,156.765,155.899,156.392
2022-02-24,155.643,155.854,153.399,155.613
2022-02-25,154.498,155.162,154.161,154.524
2022-02-28,154.519,154.97,154.098,154.552
2022-03-01,154.459,154.672,152.897,154.456
2022-03-02,153.069,154.525,152.82,153.127
2022-03-03,154.708,155.206,154.041,154.733
2022-03-04,154.132,154.189,151.473,154.156
2022-03-07,151.842,152.198,151.208,151.859
2022-03-08,151.272,151.864,151.004,151.27
2022-03-09,151.633,152.71,151.609,151.572
2022-03-10,152.843,152.982,152.08,152.816
2022-03-11,152.189,153.395,152.011,152.209
2022-03-14,153.325,154.182,153.19,153.365
2022-03-15,153.804,154.684,153.283,153.768
2022-03-16,154.305,155.349,154.239,154.303
2022-03-17,156.199,156.694,155.469,156.171
2022-03-18,155.917,156.998,155.916,155.889
2022-03-21,156.94,157.383,156.377,156.937
2022-03-22,157.459,160.15,157.459,157.477
2022-03-23,160.899,161.079,159.057,160.958
2022-03-24,159.957,160.998,159.594,159.938
2022-03-25,161.412,161.412,159.882,161.417
2022-03-27,161.06,164.588,160.777,161.06
2022-03-28,162.012,162.548,160.412,162.012
2022-03-29,161.198,161.095,159.049,161.198
2022-03-30,160.263,160.799,159.477,160.263
2022-03-31,160.058,161.144,160.003,160.058
2022-04-03,160.651,161.264,160.287,160.651
2022-04-04,161.01,161.943,160.545,161.01
2022-04-05,161.696,162.244,161.609,161.696
2022-04-06,161.689,162.246,161.449,161.689
2022-04-07,162.172,162.224,161.658,162.172
2022-04-10,162.086,163.841,161.921,162.086
2022-04-11,163.39,163.606,162.919,163.39
2022-04-12,163.057,164.2,163.005,163.057
2022-04-13,164.468,164.781,164.023,164.468
2022-04-14,164.847,165.3679,164.653,164.847
2022-04-17,165.317,165.36,164.63,165.317
2022-04-18,165.31,167.444,165.32,165.31
2022-04-19,168.284,168.388,166.46,168.284
2022-04-20,167.246,167.895,166.981,167.246
2022-04-21,167.233,167.55,164.821,167.233
2022-04-24,164.995,165.114,162.069,164.995
2022-04-25,162.731,163.57,160.452,162.731
2022-04-26,160.136,161.217,160.08,160.136
2022-04-27,161.017,164.221,160.875,161.017
2022-04-28,163.005,163.967,162.522,163.005
2022-05-01,163.446,163.798,162.754,163.446
2022-05-02,162.575,163.395,162.49,162.575
2022-05-03,162.636,162.842,162.234,162.636
2022-05-04,163.023,163.118,160.491,163.023
2022-05-05,161.101,161.574,160.34,161.101
2022-05-08,161.153,162.178,160.187,161.153
2022-05-09,160.842,161.484,160.059,160.842
2022-05-10,160.421,161.26,160.005,160.421
2022-05-11,158.816,159.034,155.674,158.816
2022-05-12,156.908,158.251,156.653,156.908
2022-05-15,158.643,159.217,157.483,158.643
2022-05-16,158.88,161.829,158.863,158.88
2022-05-17,161.59,161.697,158.938,161.59
2022-05-18,157.87,159.895,157.906,157.87
2022-05-19,159.279,160.178,158.729,159.279
2022-05-22,159.915,160.78,159.417,159.915
2022-05-23,160.64,160.835,158.052,160.64
2022-05-24,158.97,159.822,158.399,158.97
2022-05-25,160.008,160.772,159.0214,160.008
2022-05-26,160.269,160.594,159.81,160.269
2022-05-29,160.723,161.515,160.333,160.723
2022-05-30,161.595,162.33,160.973,161.595
2022-05-31,162.265,163.325,161.995,162.265
2022-06-01,162.395,163.126,162.106,162.395
2022-06-02,163.413,164.049,163.06,163.413
2022-06-05,163.268,165.037,162.935,163.268
2022-06-06,165.519,166.911,165.315,165.519
2022-06-07,167.202,168.487,166.97,167.202
2022-06-08,168.563,168.717,166.74,168.563
2022-06-09,167.899,167.868,165.177,167.899
2022-06-12,165.465,166.002,162.294,165.465
2022-06-13,162.98,164.248,161.356,162.98
2022-06-14,162.496,163.076,161.729,162.496
2022-06-15,163.24,163.751,160.156,163.24
2022-06-16,163.585,166.157,163.052,163.585
2022-06-19,165.401,165.625,164.503,165.401
2022-06-20,165.488,167.375,165.39,165.488
2022-06-21,167.102,167.303,165.801,167.102
2022-06-22,166.584,166.878,164.758,166.584
2022-06-23,165.284,166.293,164.858,165.284
2022-06-26,165.873,166.474,165.147,165.873
2022-06-27,166.12,166.9,165.721,166.12
2022-06-28,165.798,166.3,165.44,165.798
2022-06-29,165.663,165.807,164.805,165.663
2022-06-30,165.092,165.295,161.637,165.092
2022-07-03,163.422,164.729,163.012,163.422
2022-07-04,164.525,165.257,161.61,164.525
2022-07-05,161.9,162.558,160.406,161.9
2022-07-06,162.08,163.399,161.594,162.08
2022-07-07,163.442,163.894,161.849,163.442
2022-07-10,163.769,164.421,163.063,163.769
2022-07-11,163.49,163.504,161.852,163.49
2022-07-12,162.371,164.073,162.449,162.371
2022-07-13,163.242,165.163,163.144,163.242
2022-07-14,164.515,164.684,163.649,164.515
2022-07-17,164.415,166.054,164.14,164.415
2022-07-18,165.103,165.92,164.711,165.103
2022-07-19,165.859,166.207,165.173,165.859
2022-07-20,165.653,165.942,164.575,165.653
2022-07-21,164.448,165.122,163.407,164.448
2022-07-24,163.374,165.031,163.02,163.374
2022-07-25,164.449,164.943,163.512,164.449
2022-07-26,164.851,165.267,164.749,164.851
2022-07-27,165.523,165.675,162.88,165.523
2022-07-28,163.577,163.851,161.568,163.577
2022-07-31,162.28,162.2645,161.064,162.28
2022-08-01,161.178,161.773,159.464,161.178
2022-08-02,161.943,163.047,161.248,161.943
2022-08-03,162.59,163.648,161.132,162.59
2022-08-04,161.228,163.313,161.203,161.228
2022-08-07,162.859,163.829,162.841,162.859
2022-08-08,162.933,163.645,162.623,162.933
2022-08-09,163.1919,163.487,161.684,163.1919
2022-08-10,162.18,162.429,161.356,162.18
2022-08-11,162.145,162.779,161.826,162.145
2022-08-14,161.637,161.795,160.361,161.637
2022-08-15,160.513,162.721,160.08,160.513
2022-08-16,162.4465,163.53,162.191,162.4465
2022-08-17,162.509,163.229,161.91,162.509
2022-08-18,162.01,162.816,161.644,162.01
2022-08-21,161.941,162.478,161.197,161.941
2022-08-22,161.847,162.283,160.815,161.847
2022-08-23,161.744,161.84,160.85,161.744
2022-08-24,161.629,161.986,161.335,161.629
2022-08-25,161.45,162.633,161.292,161.45
2022-08-28,161.54,162.558,161.455,161.54
2022-08-29,162.451,162.564,161.51,162.451
2022-08-30,161.728,161.885,160.926,161.728
2022-08-31,161.53,161.696,160.982,161.53
2022-09-01,161.758,162.476,161.517,161.758
2022-09-04,161.188,161.911,160.654,161.188
2022-09-05,162.4,165.08,162.251,162.4
2022-09-06,164.777,165.989,164.22,164.777
2022-09-07,166.013,166.186,164.931,166.013
2022-09-08,165.69,166.213,164.301,165.69
2022-09-11,165.67,167.018,165.385,165.67
2022-09-12,166.66,167.134,166.131,166.66
2022-09-13,166.137,166.409,164.79,166.137
2022-09-14,164.966,165.715,164.638,164.966
2022-09-15,164.169,164.465,162.759,164.169
2022-09-18,163.207,163.636,162.948,163.207
2022-09-19,163.877,164.417,163.364,163.877
2022-09-20,163.412,163.911,162.31,163.412
2022-09-21,162.408,164.4,159.156,162.408
2022-09-22,160.266,160.35,156.104,160.266
2022-09-25,154.917,156.954,148.93,154.917
2022-09-26,155.581,156.337,155.186,155.581
2022-09-27,155.183,156.301,152.59,155.183
2022-09-28,156.435,159.865,155.618,156.435
2022-09-29,161.287,162.152,159.435,161.287
2022-10-02,161.29,163.471,160.676,161.29
2022-10-03,163.778,165.255,163.42,163.778
2022-10-04,164.625,165.682,162.608,164.625
2022-10-05,164.002,164.428,161.182,164.002
2022-10-06,161.866,162.561,161.055,161.866
2022-10-09,161.03,161.55,160.48,161.08
2022-10-10,161.326,162.603,160.321,161.326
2022-10-11,159.96,163.04,159.816,159.96
2022-10-12,162.915,167.006,162.333,162.915
2022-10-13,166.458,167.155,165.053,166.458
2022-10-16,167.098,170.071,166.642,167.098
2022-10-17,169.112,169.716,167.94,169.112
2022-10-18,169.241,169.277,167.978,169.241
2022-10-19,167.939,169.667,167.45,167.939
2022-10-20,168.494,169.523,165.029,168.494
2022-10-23,167.67,169.469,167.539,167.67
2022-10-24,168.34,169.888,167.842,168.34
2022-10-25,169.599,170.583,169.357,169.599
2022-10-26,170.052,170.031,168.76,170.052
2022-10-27,169.132,171.045,168.9,169.132
2022-10-31,171.376,172.101,170.74,171.376
2022-11-01,170.551,170.919,169.577,170.551
2022-11-02,169.926,170.039,168.521,169.926
2022-11-03,168.339,168.29,165.121,168.339
2022-11-04,165.743,166.34,165.24,165.743
2022-11-07,166.375,168.259,166.367,166.375
2022-11-08,168.838,169.049,167.317,168.838
2022-11-09,167.806,168.3,166.29,167.806
2022-11-10,166.15,167.109,165.264,166.15
2022-11-11,165.706,166.074,163.131,165.706
2022-11-14,164.64,165.701,163.69,164.64
2022-11-15,164.627,166.191,164.542,164.627
2022-11-16,165.068,166.362,164.971,165.068
2022-11-17,165.978,166.297,165.294,165.978
2022-11-18,166.508,167.303,166.142,166.508
2022-11-21,166.678,167.619,166.083,166.678
2022-11-22,168.029,168.26,167.363,168.029
2022-11-23,167.876,168.98,167.75,167.876
2022-11-24,168.111,168.26,167.174,168.111
2022-11-25,167.866,168.771,167.616,167.866
2022-11-28,167.986,168.039,166.31,167.986
2022-11-29,165.894,166.659,165.559,165.894
2022-11-30,165.744,167.361,165.517,165.744
2022-12-01,165.84,167.123,164.544,165.84
2022-12-02,165.662,165.948,164.041,165.662
2022-12-05,164.71,166.55,164.61,165.01
2022-12-06,166.591,167.471,166.185,166.591
2022-12-07,166.056,167.396,165.944,166.056
2022-12-08,166.518,167.141,166.319,166.518
2022-12-09,167.12,168.024,166.498,167.12
2022-12-12,167.296,168.964,167.127,167.296
2022-12-13,168.687,169.244,167.128,168.687
2022-12-14,167.509,167.633,166.755,167.509
2022-12-15,168.077,168.826,167.81,168.077
2022-12-16,167.874,167.976,166.001,167.874
2022-12-19,166.048,166.862,165.488,166.048
2022-12-20,166.459,166.929,159.13,166.459
2022-12-21,160.737,160.981,159.494,160.737
2022-12-22,159.843,160.209,158.819,159.843
2022-12-23,159.32,160.513,159.128,159.32
2022-12-26,160.9001,160.91,159.61,160.9001
2022-12-27,160.401,160.893,160.203,160.401
2022-12-28,160.517,162.337,160.495,160.517
2022-12-29,161.198,161.45,160.058,161.198
2022-12-30,160.226,160.26,158.46,160.226
2023-01-02,158.112,158.5285,157.344,158.112
2023-01-03,157.757,157.86,155.361,157.757
2023-01-04,157.074,159.201,156.526,157.074
2023-01-05,159.429,159.993,158.818,159.429
2023-01-06,158.759,159.996,158.749,158.759
2023-01-09,159.744,161.176,159.287,159.744
2023-01-10,160.489,160.916,160.035,160.489
2023-01-11,160.507,161.174,160.506,160.507
2023-01-12,160.336,160.461,157.774,160.336
2023-01-13,157.795,157.87,155.678,157.795
2023-01-16,156.505,157.027,156.178,156.505
2023-01-17,156.621,158.026,156.59,156.621
2023-01-18,157.534,161.493,157.502,157.534
2023-01-19,158.698,159.007,157.55,158.698
2023-01-20,159.076,161.272,159.044,159.076
2023-01-23,160.503,161.685,160.386,160.458
2023-01-24,161.626,161.736,160.005,161.626
2023-01-25,160.509,160.897,159.52,160.509
2023-01-26,160.388,161.444,160.01,160.388
2023-01-27,161.133,161.251,160.414,161.133
2023-01-30,160.998,161.397,160.194,160.998
2023-01-31,161.12,161.148,159.779,161.12
2023-02-01,160.1,160.648,159.04,160.1
2023-02-02,159.301,159.555,157.386,159.301
2023-02-03,157.32,158.725,156.742,157.32
2023-02-06,158.981,159.929,158.721,158.981
2023-02-07,159.48,159.536,157.568,159.48
2023-02-08,157.94,158.795,157.611,157.94
2023-02-09,158.575,159.408,158.426,158.575
2023-02-10,159.333,159.568,157.583,159.333
2023-02-13,158.527,161.178,158.422,158.527
2023-02-14,160.798,161.959,160.11,160.798
2023-02-15,161.891,161.955,160.811,161.891
2023-02-16,161.146,161.502,160.836,161.146
2023-02-17,160.531,161.453,160.502,160.531
2023-02-20,161.55,161.711,161.173,161.55
2023-02-21,161.702,163.741,161.428,161.702
2023-02-22,163.436,163.547,162.398,163.436
2023-02-23,162.543,162.828,161.873,162.543
2023-02-24,161.76,162.999,161.223,161.76
2023-02-27,162.995,163.962,162.601,162.995
2023-02-28,164.381,165.968,164.091,164.381
2023-03-01,164.046,164.498,162.882,164.046
2023-03-02,163.786,163.884,163.082,163.786
2023-03-03,163.359,163.623,163.097,163.359
2023-03-06,163.589,163.776,163.004,163.589
2023-03-07,163.508,163.852,162.216,163.508
2023-03-08,162.475,162.966,161.731,162.475
2023-03-09,162.591,162.61,161.629,162.591
2023-03-10,162.591,164.203,161.942,162.591
2023-03-13,162.998,163.005,160.052,162.998
2023-03-14,161.982,164.049,161.872,161.982
2023-03-15,163.293,164.138,159.689,163.293
2023-03-16,160.387,161.188,158.583,160.387
2023-03-17,161.486,162.094,160.179,161.486
2023-03-20,161.196,161.697,158.986,161.196
2023-03-21,161.268,162.234,160.758,161.268
2023-03-22,161.776,163.318,161.69,161.776
2023-03-23,161.062,161.824,160.7,161.062
2023-03-24,160.686,160.699,158.312,160.686
2023-03-26,159.77,161.697,159.64,159.83
2023-03-27,161.37,161.723,160.713,161.37
2023-03-28,161.575,163.456,161.51,161.575
2023-03-29,163.221,164.419,163.022,163.221
2023-03-30,164.96,165.399,164.165,164.96
2023-04-02,163.828,164.873,163.419,163.828
2023-04-03,164.34,166.344,164.187,164.34
2023-04-04,164.226,164.659,162.81,164.226
2023-04-05,163.117,164.102,162.905,163.107
2023-04-06,163.728,164.264,163.607,163.728
2023-04-09,164.198,165.482,164.016,164.198
2023-04-10,165.367,166.099,165.19,165.367
2023-04-11,166.044,166.556,165.441,166.044
2023-04-12,166.243,166.801,165.441,166.243
2023-04-13,165.917,166.223,165.474,165.917
2023-04-16,166.111,166.629,165.711,166.111
2023-04-17,166.351,166.983,166.167,166.351
2023-04-18,166.527,167.935,166.481,166.527
2023-04-19,167.407,167.69,166.844,167.407
2023-04-20,166.682,166.985,165.536,166.682
2023-04-23,166.73,167.669,166.553,166.73
2023-04-24,167.584,167.933,165.877,167.584
2023-04-25,165.977,166.96,165.639,165.977
2023-04-26,166.402,167.33,166.34,166.41
2023-04-27,167.07,171.098,166.947,167.07
2023-04-30,171.252,172.075,171.01,171.252
2023-05-01,171.685,172.307,169.944,171.685
2023-05-02,170.243,170.355,169.145,170.243
2023-05-03,169.07,169.523,168.149,169.07
2023-05-04,168.828,170.598,168.69,168.828
2023-05-07,170.748,171.056,170.227,170.748
2023-05-08,170.342,170.594,169.86,170.342
2023-05-09,170.778,171.157,169.554,170.778
2023-05-10,169.3,169.702,167.855,169.3
2023-05-11,168.19,169.109,168.202,168.19
2023-05-14,169.098,170.421,169.04,169.098
2023-05-15,170.38,170.805,169.397,170.38
2023-05-16,170.304,171.664,170.121,170.304
2023-05-17,171.766,172.132,171.18,171.766
2023-05-18,172.048,172.495,171.253,172.048
2023-05-21,171.565,172.541,171.201,171.565
2023-05-22,172.414,172.61,171.317,172.414
2023-05-23,172.087,172.724,171.261,172.087
2023-05-24,172.296,172.7512,172.01,172.296
2023-05-25,172.424,173.43,172.22,172.424
2023-05-28,173.917,173.901,172.93,173.917
2023-05-29,173.42,174.267,173.003,173.42
2023-05-30,173.492,173.607,172.52,173.492
2023-05-31,173.155,174.095,173.052,173.155
2023-06-01,173.777,174.656,173.749,173.777
2023-06-04,174.263,174.304,172.89,174.263
2023-06-05,173.267,173.743,172.675,173.267
2023-06-06,173.387,174.344,172.681,173.387
2023-06-07,174.088,174.481,173.9,174.088
2023-06-08,174.377,175.531,174.429,174.377
2023-06-11,175.328,175.749,174.364,175.328
2023-06-12,174.523,176.639,174.465,174.523
2023-06-13,176.679,177.129,176.45,176.679
2023-06-14,177.324,179.339,177.334,177.324
2023-06-15,179.326,181.724,178.825,179.326
2023-06-18,181.98,182.06,181.222,181.98
2023-06-19,181.531,182.032,179.958,181.531
2023-06-20,180.397,181.56,179.959,180.397
2023-06-21,180.938,182.196,180.737,180.938
2023-06-22,182.299,182.793,181.319,182.299
2023-06-25,182.708,182.97,181.7,182.708
2023-06-26,182.352,183.677,182.218,182.352
2023-06-27,183.351,183.579,182.169,183.351
2023-06-28,182.519,182.856,182.217,182.519
2023-06-29,182.63,183.856,182.18,182.63
2023-07-02,183.277,183.745,183.086,183.277
2023-07-03,183.49,183.897,183.255,183.49
2023-07-04,183.61,183.974,183.171,183.61
2023-07-05,183.53,183.994,182.5,183.53
2023-07-06,183.411,183.535,182.023,183.411
2023-07-09,182.569,183.203,181.103,182.569
2023-07-10,181.733,181.975,180.836,181.733
2023-07-11,181.197,181.169,179.53,181.197
2023-07-12,179.732,181.426,179.497,179.732
2023-07-13,181.253,182.252,180.251,181.253
2023-07-16,181.531,182.12,180.601,181.531
2023-07-17,181.33,181.79,180.404,181.33
2023-07-18,181.209,181.606,179.844,181.209
2023-07-19,180.582,180.703,179.732,180.582
2023-07-20,180.014,182.509,179.934,180.014
2023-07-23,182.185,182.324,180.816,182.185
2023-07-24,181.28,181.986,181.167,181.28
2023-07-25,181.681,181.908,180.911,181.681
2023-07-26,181.443,181.902,180.817,181.443
2023-07-27,177.652,181.114,176.403,177.652
2023-07-30,180.917,183.176,180.87,180.917
2023-07-31,182.648,183.228,182.584,182.648
2023-08-01,182.897,183.122,181.756,182.897
2023-08-02,182.315,182.742,180.483,182.315
2023-08-03,181.314,181.713,180.753,181.314
2023-08-06,180.854,181.893,180.582,180.854
2023-08-07,182.147,182.945,181.4,182.147
2023-08-08,182.52,183.006,182.377,182.52
2023-08-09,182.807,184.206,182.7,182.807
2023-08-10,183.513,184.229,183.435,183.513
2023-08-13,183.837,184.434,183.456,183.837
2023-08-14,184.45,185.291,184.354,184.45
2023-08-15,184.929,186.022,184.68,184.929
2023-08-16,186.227,186.469,185.79,186.227
2023-08-17,185.745,185.869,184.568,185.745
2023-08-20,185.1359,186.356,184.881,185.1359
2023-08-21,186.599,186.749,185.57,186.599
2023-08-22,185.573,185.916,183.398,185.573
2023-08-23,184.022,184.738,184.0,184.022
2023-08-24,183.929,184.352,183.391,183.929
2023-08-27,184.463,184.632,184.18,184.463
2023-08-28,184.696,185.247,184.105,184.696
2023-08-29,184.469,185.722,184.409,184.469
2023-08-30,185.694,185.797,184.4036,185.694
2023-08-31,184.332,184.539,183.539,184.332
2023-09-03,183.88,185.068,183.875,183.88
2023-09-04,184.93,185.76,184.072,184.93
2023-09-05,185.355,185.59,184.281,185.355
2023-09-06,184.608,184.749,183.386,184.608
2023-09-07,183.78,184.449,183.176,183.78
2023-09-10,183.715,183.894,182.67,183.715
2023-09-11,183.451,183.863,182.977,183.451
2023-09-12,183.799,184.361,183.205,183.799
2023-09-13,184.011,184.056,182.56,184.011
2023-09-14,182.874,183.896,182.77,182.874
2023-09-17,183.308,183.332,182.74,183.308
2023-09-18,182.77,183.469,182.732,182.77
2023-09-19,183.089,183.341,182.493,183.089
2023-09-20,182.834,182.919,181.088,182.834
2023-09-21,181.499,182.288,181.196,181.499
2023-09-24,181.692,181.951,181.41,181.692
2023-09-25,181.73,181.794,181.061,181.73
2023-09-26,181.02,181.535,180.883,181.02
2023-09-27,181.407,182.396,181.063,181.407
2023-09-28,182.248,182.991,181.9,182.248
2023-10-01,182.31,182.798,181.537,182.31
2023-10-02,181.173,181.355,179.665,181.173
2023-10-03,180.182,181.241,179.59,180.182
2023-10-04,180.789,180.928,180.32,180.789
2023-10-05,180.922,182.747,180.836,180.922
2023-10-08,182.274,182.296,181.266,182.274
2023-10-09,181.683,182.766,181.565,181.683
2023-10-10,182.636,183.737,182.498,182.636
2023-10-11,183.534,183.8,182.762,183.534
2023-10-12,182.47,182.899,181.51,182.47
2023-10-15,181.76,182.48,181.54,181.76
2023-10-16,182.656,182.717,181.705,182.656
2023-10-17,182.36,182.804,181.874,182.36
2023-10-18,181.787,182.135,181.19,181.787
2023-10-19,181.768,182.284,181.32,181.768
2023-10-22,182.296,183.286,182.074,182.296
2023-10-23,183.448,183.731,182.261,183.448
2023-10-24,182.231,182.436,181.63,182.231
2023-10-25,181.65,182.35,181.422,181.65
2023-10-26,182.472,182.495,181.549,182.472
2023-10-30,181.369,181.86,180.788,181.369
2023-10-31,181.344,183.82,181.34,181.383
2023-11-01,183.835,183.978,183.0,183.835
2023-11-02,183.407,183.679,182.81,183.407
2023-11-03,183.439,184.792,183.265,183.439
2023-11-06,184.894,185.945,184.88,184.894
2023-11-07,185.142,185.445,184.658,185.142
2023-11-08,184.839,185.494,184.553,184.839
2023-11-09,185.307,185.874,185.134,185.307
2023-11-10,184.867,185.21,184.652,184.867
2023-11-13,185.206,185.954,185.214,185.206
2023-11-14,186.2,188.283,186.089,186.2
2023-11-15,187.998,188.224,187.344,187.998
2023-11-16,187.824,187.9,186.825,187.824
2023-11-17,187.075,187.141,185.33,187.075
2023-11-20,186.728,186.766,184.642,186.728
2023-11-21,185.568,185.619,184.48,185.568
2023-11-22,185.834,187.019,185.733,185.834
2023-11-23,186.663,187.575,186.284,186.663
2023-11-24,187.528,188.656,187.08,187.528
2023-11-27,188.449,188.513,187.6,188.449
2023-11-28,187.542,187.858,187.064,187.542
2023-11-29,186.93,187.505,186.645,186.93
2023-11-30,186.659,187.536,186.255,186.659
2023-12-01,186.927,187.493,186.212,186.927
2023-12-04,186.092,186.312,185.08,186.092
2023-12-05,186.12,186.164,185.08,186.12
2023-12-06,185.357,185.795,185.17,185.357
2023-12-07,184.816,184.809,180.965,184.816
2023-12-08,181.599,182.014,179.565,181.599
2023-12-11,182.007,184.296,181.968,182.007
2023-12-12,183.372,183.424,182.276,183.372
2023-12-13,182.598,183.125,181.71,182.598
2023-12-14,180.21,180.892,178.428,180.21
2023-12-15,181.661,181.696,179.855,181.661
2023-12-18,180.329,181.171,180.2,180.329
2023-12-19,180.545,184.141,180.063,180.545
2023-12-20,183.2,183.304,181.294,183.164
2023-12-21,181.409,181.421,179.798,181.409
2023-12-22,180.114,181.366,179.945,180.114
2023-12-25,181.1736,181.233,180.11,181.1736
2023-12-26,180.664,181.238,180.494,180.664
2023-12-27,181.263,182.149,181.126,181.263
2023-12-28,180.95,181.366,179.033,180.95
2023-12-29,180.041,180.525,179.331,180.041
2024-01-01,179.388,179.86,178.96,179.388
2024-01-02,179.614,180.617,178.766,179.614
2024-01-03,179.427,181.462,179.186,179.427
2024-01-04,181.203,183.768,181.022,181.203
2024-01-05,183.605,184.294,183.388,183.605
2024-01-08,184.038,184.123,183.013,184.038
2024-01-09,183.79,183.81,182.779,183.79
2024-01-10,183.577,185.496,183.638,183.577
2024-01-11,185.731,186.111,185.282,185.731
2024-01-12,185.307,185.637,184.474,185.307
2024-01-15,184.857,185.709,184.78,184.857
2024-01-16,185.367,186.166,184.991,185.367
2024-01-17,186.077,188.096,185.872,186.077
2024-01-18,187.742,187.959,187.32,187.742
2024-01-19,188.223,188.89,187.415,188.223
2024-01-22,188.103,188.369,187.755,188.103
2024-01-23,188.231,188.89,187.407,188.231
2024-01-24,188.126,188.455,187.143,188.126
2024-01-25,187.688,188.17,187.177,187.688
2024-01-26,187.707,188.543,187.334,187.707
2024-01-29,188.08,188.28,187.113,188.08
2024-01-30,187.462,187.451,186.362,187.462
2024-01-31,187.079,187.568,185.996,187.079
2024-02-01,186.346,186.558,185.239,186.346
2024-02-02,186.637,187.71,186.41,186.637
2024-02-05,187.427,187.57,186.188,187.427
2024-02-06,186.301,186.759,186.176,186.301
2024-02-07,186.28,187.252,186.25,186.28
2024-02-08,186.984,188.429,186.865,186.984
2024-02-09,188.354,188.844,188.255,188.354
2024-02-12,188.492,188.703,187.868,188.492
2024-02-13,188.631,189.988,188.43,188.633
2024-02-14,189.729,189.816,188.755,189.729
2024-02-15,189.195,189.212,188.14,189.195
2024-02-16,188.891,189.241,188.85,188.891
2024-02-19,189.334,189.389,188.91,189.271
2024-02-20,189.114,189.7,189.058,189.114
2024-02-21,189.309,189.741,189.14,189.309
2024-02-22,189.99,190.811,189.857,189.99
2024-02-23,190.539,191.137,190.386,190.539
2024-02-26,190.681,191.3,190.319,190.707
2024-02-27,190.94,190.966,190.403,190.967
2024-02-28,190.834,190.892,190.275,190.834
2024-02-29,190.75,190.75,189.056,190.669
2024-03-01,189.483,190.374,189.473,189.483
2024-03-04,190.03,191.185,189.787,190.03
2024-03-05,190.932,191.019,190.41,190.932
2024-03-06,190.62,190.676,189.876,190.62
2024-03-07,190.091,190.091,188.231,190.091
2024-03-08,189.465,189.687,188.392,189.465
2024-03-11,188.671,188.963,187.966,188.671
2024-03-12,188.097,189.181,187.991,188.097
2024-03-13,188.872,189.518,188.431,188.872
2024-03-14,188.94,189.505,188.658,188.94
2024-03-15,188.999,189.986,188.597,188.999
2024-03-18,189.63,190.142,189.6231,189.63
2024-03-19,189.804,191.645,189.72,189.804
2024-03-20,192.096,192.825,192.052,192.096
2024-03-21,192.936,193.477,191.906,192.936
2024-03-22,191.975,192.183,190.406,191.975
2024-03-25,190.6777,191.492,190.6,190.6777
2024-03-26,191.284,191.671,191.121,191.284
2024-03-27,191.218,191.61,190.514,191.218
2024-03-28,190.81,191.256,190.566,190.81
2024-03-29,191.153,191.203,190.77,191.153
2024-03-31,191.3,191.333,190.285,191.3
2024-04-01,190.172,190.705,190.072,190.172
2024-04-02,190.58,191.67,190.429,190.58
2024-04-03,191.761,192.237,191.722,191.761
2024-04-04,191.23,191.526,190.695,191.23
2024-04-07,191.5,192.131,191.369,191.5
2024-04-08,192.185,192.823,192.109,192.185
2024-04-09,192.4,192.888,191.672,192.4
2024-04-10,191.74,192.567,191.572,191.74
2024-04-11,192.317,192.381,190.023,192.317
2024-04-14,191.01,192.68,190.888,191.01
2024-04-15,191.93,192.789,191.661,191.93
2024-04-16,192.29,192.831,192.009,192.29
2024-04-17,192.202,192.775,191.907,192.202
2024-04-18,192.271,192.714,190.354,192.271
2024-04-21,191.367,191.684,190.319,191.365
2024-04-22,191.183,192.755,190.836,191.183
2024-04-23,192.695,192.943,192.424,192.695
2024-04-24,193.437,194.9378,193.447,193.437
2024-04-25,194.617,196.676,194.407,194.617
2024-04-28,197.911,200.283,193.634,197.911
2024-04-29,196.318,197.353,196.122,196.318
2024-04-30,196.982,197.406,196.57,196.982
2024-05-01,195.203,195.735,191.897,195.203
2024-05-02,191.913,192.519,191.405,191.913
2024-05-05,192.576,193.634,192.441,192.576
2024-05-06,193.717,194.113,193.02,193.717
2024-05-07,193.447,194.391,193.359,193.447
2024-05-08,194.159,194.849,193.914,194.159
2024-05-09,194.623,195.279,194.621,194.623
2024-05-12,195.119,196.19,194.856,195.119
2024-05-13,196.24,197.042,195.745,196.24
2024-05-14,196.947,197.081,196.065,196.947
2024-05-15,195.767,196.858,195.05,195.767
2024-05-16,196.884,197.613,196.805,196.884
2024-05-19,197.9,198.441,197.404,197.9
2024-05-20,198.746,198.885,198.279,198.746
2024-05-21,198.605,199.529,198.52,198.605
2024-05-22,199.339,199.871,199.149,199.339
2024-05-23,199.223,200.08,199.127,199.223
2024-05-26,199.781,200.38,199.59,199.781
2024-05-27,200.309,200.608,200.161,200.309
2024-05-28,200.631,200.729,200.069,200.631
2024-05-29,200.119,200.148,198.75,200.119
2024-05-30,199.786,200.26,199.232,199.786
2024-06-02,200.311,200.637,199.231,200.311
2024-06-03,199.92,200.404,197.202,199.92
2024-06-04,198.12,199.72,198.113,198.12
2024-06-05,199.485,199.934,199.045,199.485
2024-06-06,199.165,199.789,198.41,199.165
2024-06-09,199.61,199.918,198.935,199.61
2024-06-10,199.844,200.379,199.66,199.844
2024-06-11,200.143,200.904,199.942,200.143
2024-06-12,200.631,201.291,199.975,200.631
2024-06-13,200.42,201.603,198.941,200.42
2024-06-16,199.803,200.324,199.086,199.803
2024-06-17,200.489,200.829,200.028,200.489
2024-06-18,200.6,201.11,200.391,200.562
2024-06-19,200.927,201.381,200.834,200.927
2024-06-20,201.206,201.582,200.559,201.206
2024-06-23,202.019,202.682,201.446,202.019
2024-06-24,202.513,202.589,202.027,202.513
2024-06-25,202.54,203.1,202.47,202.54
2024-06-26,202.716,203.35,202.49,202.716
2024-06-27,203.189,203.566,202.576,203.189
2024-06-30,203.48,204.727,203.43,203.48
2024-07-01,204.229,204.813,203.885,204.229
2024-07-02,204.9,206.157,204.875,204.9
2024-07-03,206.009,205.969,205.28,206.009
2024-07-04,205.808,206.424,205.016,205.808
2024-07-07,205.709,206.658,205.292,205.709
2024-07-08,206.142,206.555,205.867,206.142
2024-07-09,206.312,207.763,206.305,206.312
2024-07-10,207.703,208.102,203.916,207.703
2024-07-11,204.434,206.314,204.127,204.434
2024-07-14,205.269,205.292,204.792,205.269
2024-07-15,205.082,205.777,205.029,205.082
2024-07-16,205.482,205.669,203.438,205.482
2024-07-17,202.486,203.69,202.279,202.486
2024-07-18,203.515,204.202,202.962,203.515
2024-07-21,203.585,203.599,201.905,203.585
2024-07-22,202.887,202.888,201.159,202.887
2024-07-23,200.95,201.17,197.784,200.95
2024-07-24,198.5,198.528,195.864,198.5
2024-07-25,197.574,199.127,197.036,197.574
2024-07-28,198.339,198.585,196.812,198.339
2024-07-29,197.812,199.437,197.1,197.812
2024-07-30,195.97,197.21,192.212,195.97
2024-07-31,192.461,193.251,190.953,192.461
2024-08-01,189.91,190.457,187.397,189.91
2024-08-04,186.164,186.531,180.106,186.164
2024-08-05,186.436,186.959,182.835,186.436
2024-08-06,183.582,187.975,183.405,183.582
2024-08-07,185.273,187.523,184.504,185.273
2024-08-08,188.213,188.262,186.491,188.213
2024-08-11,187.467,189.305,187.159,187.467
2024-08-12,187.687,189.491,187.67,187.687
2024-08-13,189.09,189.344,187.858,189.09
2024-08-14,188.865,191.662,188.777,188.865
2024-08-15,191.88,191.98,190.401,191.88
2024-08-18,191.546,191.605,188.298,191.546
2024-08-19,190.559,191.233,189.567,190.559
2024-08-20,189.445,190.803,188.994,189.445
2024-08-21,189.994,191.839,189.696,189.994
2024-08-22,191.43,191.998,190.43,191.43
2024-08-25,190.247,190.676,189.541,190.247
2024-08-26,190.619,191.898,190.556,190.626
2024-08-27,190.852,191.406,190.552,190.852
2024-08-28,190.545,191.508,190.37,190.545
2024-08-29,190.743,191.71,190.503,190.743
2024-09-01,192.183,193.423,191.354,192.183
2024-09-02,192.79,193.341,190.39,192.79
2024-09-03,190.588,190.808,189.56,190.588
2024-09-04,188.392,189.738,188.084,188.392
2024-09-05,188.944,189.285,186.536,188.944
2024-09-08,187.113,188.104,186.582,187.113
2024-09-09,187.141,188.058,185.851,187.141
2024-09-10,186.025,186.168,183.784,186.025
2024-09-11,185.923,186.605,185.297,185.923
2024-09-12,185.809,185.878,184.369,185.809
2024-09-15,184.92,185.866,183.802,184.92
2024-09-16,185.985,187.138,185.319,185.985
2024-09-17,186.989,187.972,185.846,186.989
2024-09-18,188.391,190.374,188.212,188.391
2024-09-19,189.73,191.975,188.778,189.73
2024-09-22,191.7164,192.41,190.146,191.7164
2024-09-23,191.747,193.296,191.388,191.747
2024-09-24,191.955,193.24,191.927,191.955
2024-09-25,192.65,194.311,192.517,192.65
2024-09-26,194.552,195.926,190.902,194.552
2024-09-29,191.083,192.153,189.575,191.083
2024-09-30,192.213,193.356,190.327,192.213
2024-10-01,190.781,194.01,190.412,190.781
2024-10-02,194.435,195.131,192.132,194.435
2024-10-03,192.781,194.906,191.7128,192.781
2024-10-06,195.314,195.23,193.347,195.314
2024-10-07,193.827,194.333,192.894,193.827
2024-10-08,193.991,195.236,193.641,193.991
2024-10-09,194.91,195.475,193.571,194.91
2024-10-10,194.222,195.191,193.864,194.222
2024-10-13,194.853,195.691,194.639,194.853
2024-10-14,195.553,195.631,194.658,195.553
2024-10-15,194.808,195.266,193.717,194.808
2024-10-16,194.264,195.304,193.849,194.264
2024-10-17,195.349,196.03,194.754,195.349
2024-10-20,195.252,195.535,194.55,195.252
2024-10-21,195.4832,196.5,195.181,195.4832
2024-10-22,196.21,198.415,196.19,196.21
2024-10-23,197.273,197.596,196.66,197.273
2024-10-24,196.887,197.698,196.416,196.887
2024-10-28,198.18,199.32,197.842,198.18
2024-10-29,198.716,199.6652,198.03,198.716
2024-10-30,199.45,199.73,198.18,199.45
2024-10-31,198.525,198.877,195.408,198.525
2024-11-01,196.007,198.344,195.929,196.007
2024-11-04,197.251,197.713,196.503,197.251
2024-11-05,197.255,197.869,197.01,197.255
2024-11-06,197.503,199.353,197.386,197.503
2024-11-07,198.796,199.54,198.55,198.796
2024-11-08,198.846,198.873,196.83,198.846
2024-11-11,197.492,198.441,197.434,197.492
2024-11-12,197.555,198.052,196.889,197.555
2024-11-13,196.992,197.701,196.68,196.992
2024-11-14,197.487,198.207,197.1,197.487
2024-11-15,198.208,198.424,195.04,198.208
2024-11-18,195.141,196.132,194.379,195.141
2024-11-19,196.028,196.007,193.64,196.028
2024-11-20,196.397,197.76,196.132,196.397
2024-11-21,196.496,196.501,194.41,196.496
2024-11-22,194.06,194.793,192.872,194.06
2024-11-25,194.118,194.588,193.312,194.118
2024-11-26,193.45,193.69,192.444,193.45
2024-11-27,192.376,192.392,190.738,192.376
2024-11-28,191.85,192.437,191.599,191.859
2024-11-29,191.91,191.939,190.181,191.91
2024-12-02,190.323,191.274,188.47,190.374
2024-12-03,189.241,190.361,188.101,189.241
2024-12-04,189.648,191.517,189.362,189.648
2024-12-05,191.227,192.197,190.339,191.227
2024-12-06,191.637,192.358,190.74,191.637
2024-12-09,191.133,193.395,190.602,191.17
2024-12-10,193.033,193.977,192.46,193.033
2024-12-11,193.995,194.543,192.816,193.995
2024-12-12,194.336,194.98,192.951,194.336
2024-12-13,193.427,194.438,192.854,193.427
2024-12-16,193.754,195.85,193.648,193.754
2024-12-17,195.536,195.883,194.667,195.536
2024-12-18,195.193,195.766,194.723,195.193
2024-12-19,194.377,198.888,194.3,194.377
2024-12-20,197.01,197.251,195.771,197.01
2024-12-23,196.743,197.078,196.479,196.743
2024-12-24,196.9549,197.603,196.605,196.9549
2024-12-25,196.9,200.95,196.639,196.9
2024-12-26,197.097,197.841,197.008,197.097
2024-12-27,197.625,198.486,197.213,197.625
2024-12-30,198.572,198.91,196.332,198.572
2024-12-31,196.999,197.096,195.745,196.999
2025-01-02,197.405,197.455,194.232,197.405
2025-01-03,194.7975,195.33,194.654,194.7975
2025-01-06,195.686,197.389,195.705,195.686
2025-01-07,197.339,198.237,197.062,197.339
2025-01-08,197.4,197.533,195.141,197.4
2025-01-09,195.513,195.587,193.499,195.513
2025-01-10,194.38,194.76,192.209,194.38
2025-01-13,192.684,192.744,190.109,192.684
2025-01-14,192.494,192.834,191.555,192.494
2025-01-15,192.978,192.96,191.183,192.978
2025-01-16,191.288,191.503,189.804,191.288
2025-01-17,190.078,190.575,189.359,190.078
2025-01-20,190.229,191.622,189.887,190.229
2025-01-21,191.425,191.741,190.482,191.425
2025-01-22,192.14,193.0,191.716,192.14
2025-01-23,192.62,192.995,192.357,192.62
2025-01-24,192.8761,194.562,192.095,192.8761
2025-01-27,194.028,194.634,192.173,194.028
2025-01-28,193.007,193.999,192.772,193.007
2025-01-29,193.502,193.737,192.502,193.502
2025-01-30,193.258,193.257,191.487,193.258
2025-01-31,191.425,192.97,191.215,191.425
2025-02-03,190.947,192.274,190.035,190.947
2025-02-04,193.024,193.136,191.781,193.024
2025-02-05,192.295,192.547,190.356,192.295
2025-02-06,190.8,190.88,188.261,190.8
2025-02-07,188.013,189.552,187.064,188.013
2025-02-10,188.146,189.109,187.643,188.146
2025-02-11,187.551,189.425,187.275,187.551
2025-02-12,190.175,192.44,190.186,190.175
2025-02-13,192.036,193.019,191.181,192.036
2025-02-14,192.197,192.486,191.479,192.197
2025-02-17,191.296,191.384,190.639,191.296
2025-02-18,191.125,191.931,190.932,191.125
2025-02-19,191.816,192.096,190.475,191.816
2025-02-20,190.266,190.268,188.791,190.266
2025-02-21,189.27,190.932,188.865,189.27
2025-02-24,188.966,189.572,188.224,188.966
2025-02-25,189.07,189.7,188.183,189.07
2025-02-26,188.925,189.853,188.441,188.925
2025-02-27,188.741,190.087,188.575,188.741
2025-02-28,188.987,190.277,187.711,188.987
2025-03-03,190.019,191.961,188.84,190.019
2025-03-04,189.624,190.07,188.269,189.624
2025-03-05,191.629,192.269,190.899,191.629
2025-03-06,191.931,192.512,189.916,191.931
2025-03-07,190.83,190.904,189.839,190.83
2025-03-10,190.883,190.883,189.312,190.883
2025-03-11,189.343,191.543,188.8,189.343
2025-03-12,191.626,193.075,191.23,191.626
2025-03-13,192.219,192.324,191.001,192.219
2025-03-14,191.691,192.672,191.562,191.691
2025-03-17,192.129,193.471,191.998,192.129
2025-03-18,193.964,194.88,193.824,193.964
2025-03-19,194.277,194.692,193.282,194.277
2025-03-20,193.183,193.169,192.082,193.183
2025-03-21,192.687,193.567,192.091,192.687
2025-03-24,193.442,194.668,193.282,193.442
2025-03-25,194.85,194.991,193.653,194.85
2025-03-26,194.08,194.772,193.48,194.08
2025-03-27,193.764,195.88,193.53,193.764
2025-03-28,195.361,195.699,194.248,195.361
2025-03-30,193.565,193.677,192.761,193.565
2025-03-31,193.688,193.885,192.203,193.688
2025-04-01,193.556,194.62,192.993,193.556
2025-04-02,192.903,193.635,191.26,192.903
2025-04-03,191.43,191.729,187.568,191.382
2025-04-06,187.743,189.883,187.204,187.743
2025-04-07,188.185,188.923,187.272,188.185
2025-04-08,186.515,187.09,184.417,186.515
2025-04-09,189.035,189.397,186.676,189.035
2025-04-10,186.74,187.624,186.032,186.74
2025-04-13,188.002,189.184,186.611,188.002
2025-04-14,188.67,189.528,188.564,188.67
2025-04-15,189.36,189.587,188.578,189.36
2025-04-16,187.774,189.26,187.753,187.774
2025-04-21,188.453,188.743,187.478,188.453
2025-04-22,189.38,189.61,188.258,189.38
2025-04-23,189.968,190.104,189.31,189.968
2025-04-24,190.392,191.713,190.076,190.392
2025-04-27,191.158,191.529,190.658,191.158
2025-04-28,191.015,191.331,190.444,191.015
2025-04-29,190.825,191.255,190.022,190.825
2025-04-30,190.529,193.344,190.358,190.529
2025-05-01,193.233,193.712,191.514,193.233
2025-05-04,191.93,192.03,191.061,191.93
2025-05-05,190.92,191.32,190.461,190.92
2025-05-06,191.016,191.635,190.736,191.016
2025-05-07,191.186,193.27,191.011,191.186
2025-05-08,193.249,193.276,192.357,193.249
2025-05-11,193.73,195.753,193.633,193.73
2025-05-12,195.42,196.321,194.78,195.42
2025-05-13,196.257,196.39,194.243,196.257
2025-05-14,194.499,194.579,193.444,194.499
2025-05-15,193.731,193.726,193.056,193.731
2025-05-18,193.308,194.054,192.785,193.308
2025-05-19,193.678,194.146,192.936,193.678
2025-05-20,193.349,193.471,192.585,193.349
2025-05-21,192.885,193.23,191.917,192.885
2025-05-22,193.043,193.547,192.092,193.043
2025-05-25,193.361,194.03,193.271,193.361
2025-05-26,193.5,195.602,193.03,193.5
2025-05-27,194.818,195.278,194.35,194.818
2025-05-28,195.676,196.267,194.306,195.676
2025-05-29,194.097,194.648,193.477,194.097
2025-06-01,193.667,193.897,193.01,193.667
2025-06-02,193.102,194.725,192.735,193.102
2025-06-03,194.615,195.217,193.814,194.615
2025-06-04,193.419,195.47,193.34,193.419
2025-06-05,194.932,196.175,194.819,194.932
2025-06-08,195.871,196.127,195.454,195.871
2025-06-09,195.937,196.436,194.787,195.937
2025-06-10,195.612,196.186,195.295,195.612
2025-06-11,195.623,195.752,194.724,195.623
2025-06-12,195.096,195.966,193.784,195.096
2025-06-15,196.7455,196.164,195.4,196.7455
2025-06-16,196.313,196.822,195.816,196.313
2025-06-17,195.22,195.331,194.519,195.22
2025-06-18,194.456,195.924,194.038,194.456
2025-06-19,195.692,196.684,195.689,195.692
2025-06-22,196.449,198.163,196.297,196.449
2025-06-23,197.645,197.623,196.956,197.645
2025-06-24,197.343,198.565,197.042,197.343
2025-06-25,198.372,198.583,197.76,198.372
2025-06-26,198.566,198.784,198.128,198.566
2025-06-29,198.237,198.405,197.232,198.237
2025-06-30,197.444,197.739,196.308,197.444
2025-07-01,197.11,197.532,195.38,197.11
2025-07-02,195.903,198.049,195.776,195.903
2025-07-03,197.733,197.824,196.897,197.733
2025-07-06,197.252,198.983,196.799,197.252
2025-07-07,198.737,199.43,198.667,198.737
2025-07-08,199.483,199.793,198.918,199.483
2025-07-09,198.58,199.24,198.38,198.58
2025-07-10,198.633,199.412,198.25,198.633
2025-07-13,198.742,198.791,198.109,198.742
2025-07-14,198.446,199.501,198.2,198.446
2025-07-15,199.229,199.717,198.044,199.229
2025-07-16,198.473,199.485,198.472,198.473
2025-07-17,199.38,199.96,199.275,199.38
2025-07-20,199.116,199.229,198.578,199.116
2025-07-21,198.829,199.282,197.443,198.829
2025-07-22,198.468,199.051,197.783,198.468
2025-07-23,198.7,198.852,198.129,198.7
2025-07-24,198.587,199.06,198.142,198.587
2025-07-27,198.628,199.201,198.41,198.628
2025-07-28,198.358,198.446,197.745,198.358
2025-07-29,198.209,198.425,197.443,198.209
2025-07-30,197.818,199.204,196.97,197.818
2025-07-31,199.147,199.276,196.175,199.147
2025-08-03,195.796,196.526,195.46,195.796
2025-08-04,195.183,196.344,195.04,195.183
2025-08-05,196.231,196.856,196.097,196.231
2025-08-06,196.608,197.968,196.245,196.608
2025-08-07,197.507,198.8172,197.432,197.507
2025-08-10,198.49,198.788,198.193,198.49
2025-08-11,198.99,200.07,198.998,198.99
2025-08-12,199.521,200.264,199.426,199.521
2025-08-13,199.857,200.09,198.611,199.857
2025-08-14,199.821,199.824,198.91,199.821
2025-08-17,199.626,200.26,199.376,199.626
2025-08-18,199.801,199.854,199.264,199.801
2025-08-19,199.234,199.41,197.87,199.234
2025-08-20,198.351,199.213,198.133,198.351
2025-08-21,199.088,199.526,198.41,199.088
2025-08-24,198.898,199.269,198.74,198.898
2025-08-25,198.862,199.044,198.268,198.862
2025-08-26,198.72,199.178,198.648,198.72
2025-08-27,198.923,199.092,198.467,198.923
2025-08-28,198.324,198.58,197.963,198.324
2025-08-31,198.628,199.538,198.62,198.628
2025-09-01,199.261,200.249,198.327,199.261
2025-09-02,198.795,199.717,198.518,198.795
2025-09-03,198.897,199.813,198.805,198.897
2025-09-04,199.469,199.785,198.696,199.469
2025-09-07,200.154,200.323,199.4,200.154
2025-09-08,199.71,199.866,198.811,199.71
2025-09-09,199.286,199.794,199.249,199.286
2025-09-10,199.405,200.045,199.356,199.405
2025-09-11,199.866,200.47,199.709,199.866
2025-09-14,200.126,200.735,199.911,200.126
2025-09-15,200.5,200.69,199.933,200.5
2025-09-16,199.898,199.987,199.48,199.898
2025-09-17,200.201,201.227,200.147,200.201
2025-09-18,200.548,200.584,199.251,200.548
2025-09-21,199.393,199.765,199.396,199.393
2025-09-22,199.639,199.946,199.156,199.639
2025-09-23,199.608,200.117,199.46,199.608
2025-09-24,200.1,200.331,199.623,200.1
2025-09-25,199.851,200.494,199.692,199.851
2025-09-28,200.314,200.31,199.345,200.314
2025-09-29,199.646,199.744,198.57,199.646
2025-09-30,198.949,199.211,197.913,198.949
2025-10-01,198.26,198.599,197.496,198.26
2025-10-02,197.86,198.679,197.876,197.86
2025-10-05,200.96,202.233,200.792,200.96
2025-10-06,202.705,203.243,202.137,202.705
2025-10-07,204.058,205.308,203.912,204.058
2025-10-08,204.598,204.867,203.58,204.598
2025-10-09,203.504,203.693,202.253,203.504
2025-10-12,202.772,203.224,202.632,202.772
2025-10-13,203.224,203.504,201.36,203.224
2025-10-14,202.116,202.58,201.595,202.116
2025-10-15,202.36,203.411,202.011,202.36
2025-10-16,201.838,202.105,200.709,201.838
2025-10-19,202.582,203.096,201.868,202.582
2025-10-20,202.104,203.507,201.822,202.104
2025-10-21,202.993,203.242,201.924,202.993
2025-10-22,202.878,203.781,202.88,202.878
2025-10-23,203.372,203.973,203.106,203.372
2025-10-27,203.907,204.233,203.546,203.907
2025-10-28,203.695,203.703,201.67,203.695
2025-10-29,201.47,201.924,200.595,201.47
2025-10-30,201.504,203.236,201.01,201.504
2025-10-31,202.509,202.893,201.853,202.509
2025-11-03,202.519,202.759,202.033,202.519
2025-11-04,202.541,202.655,200.02,202.541
2025-11-05,199.92,201.235,199.092,199.92
2025-11-06,201.09,201.372,200.473,201.09
2025-11-07,200.97,201.746,200.658,200.97
2025-11-10,201.893,203.22,201.893,202.126
2025-11-11,203.073,203.258,202.34,203.035
2025-11-12,202.613,203.552,202.6,202.638
2025-11-13,203.086,204.044,202.97,203.098
2025-11-14,203.376,203.793,202.373,203.359
2025-11-17,203.418,204.522,203.135,203.419
2025-11-18,204.201,204.453,203.707,204.266
2025-11-19,204.47,205.355,203.987,204.501
2025-11-20,205.016,206.838,204.804,205.041
2025-11-21,205.905,206.031,204.292,205.904
2025-11-24,205.164,205.887,205.03,205.203
2025-11-25,205.596,205.909,205.003,205.669
2025-11-26,205.518,207.045,205.349,205.559
2025-11-27,206.9,207.177,206.432,206.932
2025-11-28,206.928,207.199,206.13,206.925
2025-12-01,206.396,206.397,205.214,206.424
2025-12-02,205.465,206.23,205.387,205.474
2025-12-03,205.905,207.051,205.789,205.962
2025-12-04,206.993,207.344,206.358,207.033
2025-12-05,206.644,207.282,206.218,206.665
2025-12-08,206.961,207.714,206.594,206.977
2025-12-09,207.688,208.928,207.597,207.67
2025-12-10,208.593,208.856,208.23,208.634
2025-12-11,208.52,208.62,207.936,208.569
2025-12-12,208.231,208.724,207.897,208.31
2025-12-15,208.343,208.415,207.103,208.37
2025-12-16,207.407,207.976,206.769,207.407
2025-12-17,207.772,208.367,207.08,207.776
2025-12-18,207.936,208.963,207.862,207.949
2025-12-19,208.217,210.633,208.217,208.243
2025-12-22,210.862,211.581,210.622,210.875
2025-12-23,211.268,211.286,210.288,211.236
2025-12-24,210.926,211.075,210.045,210.956
2025-12-26,210.919,211.473,210.619,210.842
2025-12-29,210.965,211.336,210.441,211.167
2025-12-30,210.649,211.1054,210.44,210.755
2025-12-31,210.586,211.087,210.258,210.61
2026-01-02,211.187,211.43,210.759,211.16
2026-01-05,210.9527,211.474,210.513,210.957
2026-01-06,211.918,212.125,211.318,211.958
2026-01-07,211.466,211.734,210.987,211.512
2026-01-08,210.891,211.149,210.342,210.91
2026-01-09,210.79,212.048,210.764,210.773
2026-01-12,211.786,212.978,211.668,211.816
2026-01-13,212.749,214.285,212.727,212.726
2026-01-14,213.7,214.094,212.571,213.708
2026-01-15,212.932,213.299,212.013,212.898
2026-01-16,212.189,212.248,211.39,212.219
2026-01-19,211.169,212.376,210.894,211.14
2026-01-20,212.26,213.465,211.849,212.237
2026-01-21,212.551,212.742,211.652,212.564
2026-01-22,212.624,213.643,212.375,212.62
2026-01-23,213.943,214.835,212.716,213.972
2026-01-26,211.994,212.033,209.64,211.981
2026-01-27,211.07,211.729,210.126,211.082
2026-01-28,210.889,211.851,210.07,210.75
2026-01-29,211.659,212.148,210.073,211.639
2026-01-30,211.467,212.437,211.308,211.43
2026-02-02,212.222,212.663,211.299,212.282
2026-02-03,212.613,213.425,212.545,212.523
2026-02-04,213.417,214.991,213.374,213.394
2026-02-05,214.102,214.209,211.812,214.09
2026-02-06,211.955,213.856,211.63,211.997
2026-02-09,213.987,213.987,212.165,213.983
2026-02-10,213.608,213.7,210.539,213.6
2026-02-11,210.633,210.633,208.742,210.61
2026-02-12,208.759,209.53,207.587,208.798
2026-02-13,208.035,209.312,208.035,208.106
2026-02-16,208.506,209.669,208.496,208.496
2026-02-17,209.259,209.259,207.244,209.32
2026-02-18,207.672,209.21,207.62,207.728
2026-02-19,208.742,209.53,208.077,208.753
2026-02-20,208.85,209.604,208.39,208.845
2026-02-23,208.813,209.212,208.228,208.867
2026-02-24,208.687,210.83,208.687,208.691
2026-02-25,210.42,212.0,210.01,210.372
2026-02-26,211.698,211.769,210.682,211.766
2026-02-27,210.284,210.821,209.793,210.265
2026-03-02,209.948,211.359,209.376,209.982
2026-03-03,210.864,211.321,209.23,210.873
2026-03-04,210.643,210.643,209.489,210.66
2026-03-05,209.847,210.612,209.175,209.854
2026-03-06,210.381,211.213,210.285,210.415
2026-03-09,210.752,212.02,210.672,210.718
2026-03-10,211.889,212.39,211.589,211.87
2026-03-11,212.149,213.047,212.131,212.159
2026-03-12,212.868,212.999,212.416,212.871
2026-03-13,212.569,212.7999,211.135,212.561
2026-03-16,211.331,211.899,210.809,211.37
2026-03-17,211.82,212.26,211.634,211.822
2026-03-18,212.224,212.602,211.961,212.237
2026-03-19,211.962,212.337,210.838,211.94
2026-03-20,211.969,212.75,211.766,212.013
2026-03-23,212.189,213.291,211.604,212.26
2026-03-24,212.771,212.962,212.295,212.736
2026-03-25,212.89,213.185,212.652,212.932
2026-03-26,213.026,213.297,212.708,212.984
2026-03-27,212.972,213.077,212.232,212.962
2026-03-29,212.109,212.109,210.247,212.097
2026-03-30,210.427,211.204,209.643,210.545
2026-03-31,209.891,211.427,209.87,209.941
2026-04-01,211.075,211.246,210.356,211.041
2026-04-02,210.993,211.295,210.603,210.961
2026-04-05,210.673,211.528,210.607,210.681
2026-04-06,211.343,211.968,211.2,211.323
2026-04-07,212.607,213.132,212.14,212.695
2026-04-08,212.439,213.763,212.439,212.47
2026-04-09,213.637,214.452,213.548,213.666
2026-04-12,213.826,214.986,213.813,213.868
2026-04-13,215.187,215.781,214.906,215.186
2026-04-14,215.501,215.822,215.205,215.565
2026-04-15,215.5286,215.704,215.131,215.544
2026-04-16,215.301,215.659,214.04,215.319
2026-04-19,214.575,214.874,214.334,214.5833
2026-04-20,214.928,215.401,214.637,214.931
2026-04-21,215.294,215.662,214.934,215.287
2026-04-22,215.287,215.726,215.06,215.297
2026-04-23,215.131,215.467,214.94,215.119
2026-04-26,215.63,216.035,215.51,215.647
2026-04-27,215.7,215.815,214.974,215.734
2026-04-28,215.801,216.268,215.499,215.776
2026-04-29,216.076,216.585,210.521,216.055
2026-04-30,213.566,214.029,211.813,213.535
2026-05-03,213.074,213.606,211.894,213.016
2026-05-04,212.716,214.057,212.549,212.682
2026-05-05,213.926,214.212,210.78,213.947
2026-05-06,212.723,213.119,212.296,212.692
2026-05-07,212.599,213.454,212.548,212.58
2026-05-10,213.267,214.36,213.267,213.23
2026-05-11,213.888,214.188,212.748,213.894
2026-05-12,213.39,213.678,212.891,213.405
2026-05-13,213.521,213.696,212.745,213.518
2026-05-14,212.079,212.079,211.294,212.074
2026-05-17,211.457,213.178,211.371,211.417
2026-05-18,213.409,213.472,212.94,213.376
2026-05-19,212.993,213.571,212.721,213.035
2026-05-20,213.441,213.8,213.292,213.43
2026-05-21,213.574,213.982,213.44,213.582
2026-05-24,214.258,214.597,214.036,214.275
2026-05-25,214.494,214.666,214.067,214.509
2026-05-26,214.263,214.473,214.018,214.261
2026-05-27,214.065,214.105,213.307,214.063
2026-05-28,214.116,214.607,213.588,214.12
2026-05-31,214.346,214.869,214.185,214.338
2026-06-01,214.859,215.512,214.798,214.872
2026-06-02,215.208,215.364,214.588,215.19
2026-06-03,214.735,215.148,214.468,214.743
2026-06-04,214.745,215.592,214.041,214.73
2026-06-07,213.798,214.007,212.937,213.801
2026-06-08,213.559,214.774,213.492,213.574
2026-06-09,214.456,215.21,214.384,214.456
2026-06-10,214.532,214.934,213.872,214.487
2026-06-11,214.809,215.008,214.566,214.775
2026-06-14,215.13,215.361,214.885,215.132
2026-06-15,214.965,215.524,214.526,214.95
2026-06-16,215.338,215.424,214.5826,215.361
2026-06-17,213.596,214.042,212.521,213.608
2026-06-18,212.916,213.504,212.46,212.927
2026-06-21,213.241,214.663,213.241,213.205
2026-06-22,213.991,214.191,212.978,214.027
2026-06-23,213.283,213.489,212.569,213.3
2026-06-24,212.871,213.664,212.807,212.948
2026-06-25,213.392,213.801,213.215,213.37
2026-06-28,213.447,214.603,213.396,213.501
2026-06-29,214.594,215.735,214.392,214.593
2026-06-30,215.48,215.744,215.119,215.48
2026-07-01,215.83,216.06,214.72,215.827
2026-07-02,215.316,215.456,214.845,215.347
2026-07-05,215.584,216.939,215.582,215.579
2026-07-06,217.11,217.192,216.444,217.102
2026-07-07,216.662,217.469,216.541,216.686
2026-07-08,217.632,218.002,217.405,217.693
2026-07-09,217.688,217.792,216.46,217.778
2026-07-13,216.391,217.309,216.367,217.067
