date,open,high,low,close,tick_volume,spread,real_volume,symbol,source
1993.05.19,1.16580,1.16580,1.16580,1.16580,1,160,0,CADCHF,Pepperstone MT5
1993.05.20,1.15790,1.15790,1.15790,1.15790,1,160,0,CADCHF,Pepperstone MT5
1993.05.21,1.16090,1.16090,1.16090,1.16090,1,160,0,CADCHF,Pepperstone MT5
1993.05.24,1.16580,1.16580,1.16580,1.16580,1,160,0,CADCHF,Pepperstone MT5
1993.05.25,1.15660,1.15660,1.15660,1.15660,1,160,0,CADCHF,Pepperstone MT5
1993.05.26,1.15120,1.15120,1.15120,1.15120,1,160,0,CADCHF,Pepperstone MT5
1993.05.27,1.13000,1.13000,1.13000,1.13000,1,160,0,CADCHF,Pepperstone MT5
1993.05.28,1.11350,1.11350,1.11350,1.11350,1,160,0,CADCHF,Pepperstone MT5
1993.05.31,1.11740,1.11740,1.11740,1.11740,1,160,0,CADCHF,Pepperstone MT5
1993.06.01,1.11340,1.11340,1.11340,1.11340,1,160,0,CADCHF,Pepperstone MT5
1993.06.02,1.12000,1.12000,1.12000,1.12000,1,160,0,CADCHF,Pepperstone MT5
1993.06.03,1.11720,1.11720,1.11720,1.11720,1,160,0,CADCHF,Pepperstone MT5
1993.06.04,1.14360,1.14360,1.14360,1.14360,1,160,0,CADCHF,Pepperstone MT5
1993.06.07,1.13360,1.13360,1.13360,1.13360,1,160,0,CADCHF,Pepperstone MT5
1993.06.08,1.13990,1.13990,1.13990,1.13990,1,160,0,CADCHF,Pepperstone MT5
1993.06.09,1.15090,1.15090,1.15090,1.15090,1,160,0,CADCHF,Pepperstone MT5
1993.06.10,1.14080,1.14080,1.14080,1.14080,1,160,0,CADCHF,Pepperstone MT5
1993.06.11,1.13590,1.13590,1.13590,1.13590,1,160,0,CADCHF,Pepperstone MT5
1993.06.14,1.13530,1.13530,1.13530,1.13530,1,160,0,CADCHF,Pepperstone MT5
1993.06.15,1.15000,1.15000,1.15000,1.15000,1,160,0,CADCHF,Pepperstone MT5
1993.06.16,1.16090,1.16090,1.16090,1.16090,1,160,0,CADCHF,Pepperstone MT5
1993.06.17,1.16110,1.16110,1.16110,1.16110,1,160,0,CADCHF,Pepperstone MT5
1993.06.18,1.17830,1.17830,1.17830,1.17830,1,160,0,CADCHF,Pepperstone MT5
1993.06.21,1.17900,1.17900,1.17900,1.17900,1,160,0,CADCHF,Pepperstone MT5
1993.06.22,1.18240,1.18240,1.18240,1.18240,1,160,0,CADCHF,Pepperstone MT5
1993.06.23,1.17560,1.17560,1.17560,1.17560,1,160,0,CADCHF,Pepperstone MT5
1993.06.24,1.18180,1.18180,1.18180,1.18180,1,160,0,CADCHF,Pepperstone MT5
1993.06.25,1.18160,1.18160,1.18160,1.18160,1,160,0,CADCHF,Pepperstone MT5
1993.06.28,1.17350,1.17350,1.17350,1.17350,1,160,0,CADCHF,Pepperstone MT5
1993.06.29,1.16830,1.16830,1.16830,1.16830,1,160,0,CADCHF,Pepperstone MT5
1993.06.30,1.18080,1.18080,1.18080,1.18080,1,160,0,CADCHF,Pepperstone MT5
1993.07.01,1.17180,1.17180,1.17180,1.17180,1,160,0,CADCHF,Pepperstone MT5
1993.07.02,1.17440,1.17440,1.17440,1.17440,1,160,0,CADCHF,Pepperstone MT5
1993.07.05,1.17800,1.17800,1.17800,1.17800,1,160,0,CADCHF,Pepperstone MT5
1993.07.06,1.17740,1.17740,1.17740,1.17740,1,160,0,CADCHF,Pepperstone MT5
1993.07.07,1.17700,1.17700,1.17700,1.17700,1,160,0,CADCHF,Pepperstone MT5
1993.07.08,1.18080,1.18080,1.18080,1.18080,1,160,0,CADCHF,Pepperstone MT5
1993.07.09,1.19830,1.19830,1.19830,1.19830,1,160,0,CADCHF,Pepperstone MT5
1993.07.12,1.19640,1.19640,1.19640,1.19640,1,160,0,CADCHF,Pepperstone MT5
1993.07.13,1.18530,1.18530,1.18530,1.18530,1,160,0,CADCHF,Pepperstone MT5
1993.07.14,1.17720,1.17720,1.17720,1.17720,1,160,0,CADCHF,Pepperstone MT5
1993.07.15,1.18410,1.18410,1.18410,1.18410,1,160,0,CADCHF,Pepperstone MT5
1993.07.16,1.17560,1.17560,1.17560,1.17560,1,160,0,CADCHF,Pepperstone MT5
1993.07.19,1.17400,1.17400,1.17400,1.17400,1,160,0,CADCHF,Pepperstone MT5
1993.07.20,1.17140,1.17140,1.17140,1.17140,1,160,0,CADCHF,Pepperstone MT5
1993.07.21,1.17550,1.17550,1.17550,1.17550,1,160,0,CADCHF,Pepperstone MT5
1993.07.22,1.17470,1.17470,1.17470,1.17470,1,160,0,CADCHF,Pepperstone MT5
1993.07.23,1.18720,1.18720,1.18720,1.18720,1,160,0,CADCHF,Pepperstone MT5
1993.07.26,1.18640,1.18640,1.18640,1.18640,1,160,0,CADCHF,Pepperstone MT5
1993.07.27,1.18500,1.18500,1.18500,1.18500,1,160,0,CADCHF,Pepperstone MT5
1993.07.28,1.17710,1.17710,1.17710,1.17710,1,160,0,CADCHF,Pepperstone MT5
1993.07.29,1.18820,1.18820,1.18820,1.18820,1,160,0,CADCHF,Pepperstone MT5
1993.07.30,1.18500,1.18500,1.18500,1.18500,1,160,0,CADCHF,Pepperstone MT5
1993.08.02,1.15930,1.15930,1.15930,1.15930,1,160,0,CADCHF,Pepperstone MT5
1993.08.03,1.16320,1.16320,1.16320,1.16320,1,160,0,CADCHF,Pepperstone MT5
1993.08.04,1.16720,1.16720,1.16720,1.16720,1,160,0,CADCHF,Pepperstone MT5
1993.08.05,1.16710,1.16710,1.16710,1.16710,1,160,0,CADCHF,Pepperstone MT5
1993.08.06,1.16200,1.16200,1.16200,1.16200,1,160,0,CADCHF,Pepperstone MT5
1993.08.09,1.16340,1.16340,1.16340,1.16340,1,160,0,CADCHF,Pepperstone MT5
1993.08.10,1.18060,1.18060,1.18060,1.18060,1,160,0,CADCHF,Pepperstone MT5
1993.08.11,1.17330,1.17330,1.17330,1.17330,1,160,0,CADCHF,Pepperstone MT5
1993.08.12,1.16050,1.16050,1.16050,1.16050,1,160,0,CADCHF,Pepperstone MT5
1993.08.13,1.15970,1.15970,1.15970,1.15970,1,160,0,CADCHF,Pepperstone MT5
1993.08.16,1.13890,1.13890,1.13890,1.13890,1,160,0,CADCHF,Pepperstone MT5
1993.08.17,1.14270,1.14270,1.14270,1.14270,1,160,0,CADCHF,Pepperstone MT5
1993.08.18,1.12360,1.12360,1.12360,1.12360,1,160,0,CADCHF,Pepperstone MT5
1993.08.19,1.13100,1.13100,1.13100,1.13100,1,160,0,CADCHF,Pepperstone MT5
1993.08.20,1.11420,1.11420,1.11420,1.11420,1,160,0,CADCHF,Pepperstone MT5
1993.08.23,1.12190,1.12190,1.12190,1.12190,1,160,0,CADCHF,Pepperstone MT5
1993.08.24,1.11850,1.11850,1.11850,1.11850,1,160,0,CADCHF,Pepperstone MT5
1993.08.25,1.13000,1.13000,1.13000,1.13000,1,160,0,CADCHF,Pepperstone MT5
1993.08.26,1.11880,1.11880,1.11880,1.11880,1,160,0,CADCHF,Pepperstone MT5
1993.08.27,1.11210,1.11210,1.11210,1.11210,1,160,0,CADCHF,Pepperstone MT5
1993.08.30,1.11380,1.11380,1.11380,1.11380,1,160,0,CADCHF,Pepperstone MT5
1993.08.31,1.12050,1.12050,1.12050,1.12050,1,160,0,CADCHF,Pepperstone MT5
1993.09.01,1.09810,1.09810,1.09810,1.09810,1,160,0,CADCHF,Pepperstone MT5
1993.09.02,1.09070,1.09070,1.09070,1.09070,1,160,0,CADCHF,Pepperstone MT5
1993.09.03,1.07080,1.07080,1.07080,1.07080,1,160,0,CADCHF,Pepperstone MT5
1993.09.06,1.07040,1.07040,1.07040,1.07040,1,160,0,CADCHF,Pepperstone MT5
1993.09.07,1.07500,1.07500,1.07500,1.07500,1,160,0,CADCHF,Pepperstone MT5
1993.09.08,1.07560,1.07560,1.07560,1.07560,1,160,0,CADCHF,Pepperstone MT5
1993.09.09,1.06480,1.06480,1.06480,1.06480,1,160,0,CADCHF,Pepperstone MT5
1993.09.10,1.06040,1.06040,1.06040,1.06040,1,160,0,CADCHF,Pepperstone MT5
1993.09.13,1.06720,1.06720,1.06720,1.06720,1,160,0,CADCHF,Pepperstone MT5
1993.09.14,1.06050,1.06050,1.06050,1.06050,1,160,0,CADCHF,Pepperstone MT5
1993.09.15,1.06130,1.06130,1.06130,1.06130,1,160,0,CADCHF,Pepperstone MT5
1993.09.16,1.06600,1.06600,1.06600,1.06600,1,160,0,CADCHF,Pepperstone MT5
1993.09.17,1.06050,1.06050,1.06050,1.06050,1,160,0,CADCHF,Pepperstone MT5
1993.09.20,1.05860,1.05860,1.05860,1.05860,1,160,0,CADCHF,Pepperstone MT5
1993.09.21,1.07770,1.07770,1.07770,1.07770,1,160,0,CADCHF,Pepperstone MT5
1993.09.22,1.07830,1.07830,1.07830,1.07830,1,160,0,CADCHF,Pepperstone MT5
1993.09.23,1.08400,1.08400,1.08400,1.08400,1,160,0,CADCHF,Pepperstone MT5
1993.09.24,1.08260,1.08260,1.08260,1.08260,1,160,0,CADCHF,Pepperstone MT5
1993.09.27,1.07270,1.07270,1.07270,1.07270,1,160,0,CADCHF,Pepperstone MT5
1993.09.28,1.06720,1.06720,1.06720,1.06720,1,160,0,CADCHF,Pepperstone MT5
1993.09.29,1.06360,1.06360,1.06360,1.06360,1,160,0,CADCHF,Pepperstone MT5
1993.09.30,1.06870,1.06870,1.06870,1.06870,1,160,0,CADCHF,Pepperstone MT5
1993.10.01,1.06400,1.06400,1.06400,1.06400,1,160,0,CADCHF,Pepperstone MT5
1993.10.04,1.05700,1.05700,1.05700,1.05700,1,160,0,CADCHF,Pepperstone MT5
1993.10.05,1.06290,1.06290,1.06290,1.06290,1,160,0,CADCHF,Pepperstone MT5
1993.10.06,1.06710,1.06710,1.06710,1.06710,1,160,0,CADCHF,Pepperstone MT5
1993.10.07,1.06710,1.06710,1.06710,1.06710,1,160,0,CADCHF,Pepperstone MT5
1993.10.08,1.05590,1.05590,1.05590,1.05590,1,160,0,CADCHF,Pepperstone MT5
1993.10.11,1.05410,1.06040,1.05160,1.05720,1451,160,0,CADCHF,Pepperstone MT5
1993.10.12,1.05790,1.07120,1.04340,1.05240,5011,160,0,CADCHF,Pepperstone MT5
1993.10.13,1.05180,1.05920,1.05040,1.05760,1181,160,0,CADCHF,Pepperstone MT5
1993.10.14,1.05720,1.06590,1.05270,1.06420,1941,160,0,CADCHF,Pepperstone MT5
1993.10.15,1.07270,1.07880,1.06010,1.07280,3731,160,0,CADCHF,Pepperstone MT5
1993.10.18,1.07320,1.09410,1.06870,1.09170,3231,160,0,CADCHF,Pepperstone MT5
1993.10.19,1.09100,1.09550,1.08260,1.09240,2441,160,0,CADCHF,Pepperstone MT5
1993.10.20,1.09320,1.10440,1.08790,1.10160,2461,160,0,CADCHF,Pepperstone MT5
1993.10.21,1.10250,1.12320,1.10010,1.12190,2681,160,0,CADCHF,Pepperstone MT5
1993.10.22,1.12340,1.13460,1.11690,1.13260,2621,160,0,CADCHF,Pepperstone MT5
1993.10.25,1.13140,1.13490,1.12000,1.13090,2931,160,0,CADCHF,Pepperstone MT5
1993.10.26,1.13060,1.13930,1.11020,1.12280,5041,160,0,CADCHF,Pepperstone MT5
1993.10.27,1.12240,1.12590,1.11230,1.12360,2601,160,0,CADCHF,Pepperstone MT5
1993.10.28,1.12360,1.13070,1.11160,1.11960,3421,160,0,CADCHF,Pepperstone MT5
1993.10.29,1.11920,1.13030,1.11290,1.13010,2391,160,0,CADCHF,Pepperstone MT5
1993.11.01,1.12360,1.14740,1.12340,1.14720,2441,160,0,CADCHF,Pepperstone MT5
1993.11.02,1.14980,1.15980,1.13660,1.15410,4211,160,0,CADCHF,Pepperstone MT5
1993.11.03,1.15410,1.15410,1.14370,1.14440,1111,160,0,CADCHF,Pepperstone MT5
1993.11.04,1.14470,1.15430,1.14120,1.15210,1881,160,0,CADCHF,Pepperstone MT5
1993.11.05,1.15280,1.16590,1.15130,1.15830,2371,160,0,CADCHF,Pepperstone MT5
1993.11.08,1.15560,1.15600,1.13470,1.14450,3151,160,0,CADCHF,Pepperstone MT5
1993.11.09,1.14350,1.14820,1.14120,1.14320,1371,160,0,CADCHF,Pepperstone MT5
1993.11.10,1.14250,1.14670,1.13540,1.13760,1771,160,0,CADCHF,Pepperstone MT5
1993.11.11,1.13760,1.14020,1.13180,1.13850,1591,160,0,CADCHF,Pepperstone MT5
1993.11.12,1.13310,1.14910,1.13050,1.13440,3591,160,0,CADCHF,Pepperstone MT5
1993.11.15,1.13670,1.13730,1.12340,1.13390,2501,160,0,CADCHF,Pepperstone MT5
1993.11.16,1.13400,1.14620,1.13310,1.14570,1451,160,0,CADCHF,Pepperstone MT5
1993.11.17,1.14650,1.14960,1.13320,1.13840,2471,160,0,CADCHF,Pepperstone MT5
1993.11.18,1.13870,1.14410,1.12880,1.13770,2961,160,0,CADCHF,Pepperstone MT5
1993.11.19,1.13670,1.14340,1.13060,1.13410,2301,160,0,CADCHF,Pepperstone MT5
1993.11.22,1.13630,1.13680,1.12000,1.12700,2431,160,0,CADCHF,Pepperstone MT5
1993.11.23,1.12630,1.13030,1.11960,1.12560,2071,160,0,CADCHF,Pepperstone MT5
1993.11.24,1.12560,1.12750,1.11810,1.12440,1761,160,0,CADCHF,Pepperstone MT5
1993.11.25,1.12550,1.12900,1.12440,1.12500,871,160,0,CADCHF,Pepperstone MT5
1993.11.26,1.12650,1.12990,1.12530,1.12830,741,160,0,CADCHF,Pepperstone MT5
1993.11.29,1.12750,1.12850,1.11540,1.11690,1561,160,0,CADCHF,Pepperstone MT5
1993.11.30,1.11660,1.12300,1.11310,1.12240,1401,160,0,CADCHF,Pepperstone MT5
1993.12.01,1.12210,1.12670,1.11910,1.12440,1291,160,0,CADCHF,Pepperstone MT5
1993.12.02,1.12500,1.12700,1.11860,1.12540,1641,160,0,CADCHF,Pepperstone MT5
1993.12.03,1.12600,1.13580,1.11600,1.12170,3531,160,0,CADCHF,Pepperstone MT5
1993.12.06,1.12190,1.12190,1.10210,1.10510,2281,160,0,CADCHF,Pepperstone MT5
1993.12.07,1.10550,1.11020,1.10120,1.10240,1491,160,0,CADCHF,Pepperstone MT5
1993.12.08,1.10440,1.11770,1.10310,1.11170,2191,160,0,CADCHF,Pepperstone MT5
1993.12.09,1.11110,1.11590,1.10220,1.10220,1851,160,0,CADCHF,Pepperstone MT5
1993.12.10,1.10070,1.10260,1.08980,1.09400,1891,160,0,CADCHF,Pepperstone MT5
1993.12.13,1.09360,1.10530,1.09050,1.10520,1801,160,0,CADCHF,Pepperstone MT5
1993.12.14,1.10370,1.10630,1.09630,1.09820,1451,160,0,CADCHF,Pepperstone MT5
1993.12.15,1.09820,1.10290,1.08920,1.10160,2401,160,0,CADCHF,Pepperstone MT5
1993.12.16,1.10150,1.10480,1.08970,1.09560,2431,160,0,CADCHF,Pepperstone MT5
1993.12.17,1.09490,1.09580,1.08640,1.08860,1251,160,0,CADCHF,Pepperstone MT5
1993.12.20,1.09100,1.09440,1.08350,1.08480,1561,160,0,CADCHF,Pepperstone MT5
1993.12.21,1.08280,1.08480,1.07640,1.07850,1251,160,0,CADCHF,Pepperstone MT5
1993.12.22,1.07790,1.08030,1.06460,1.07410,2761,160,0,CADCHF,Pepperstone MT5
1993.12.23,1.07550,1.08620,1.07080,1.07980,2651,160,0,CADCHF,Pepperstone MT5
1993.12.24,1.07940,1.08560,1.07680,1.08160,1541,160,0,CADCHF,Pepperstone MT5
1993.12.27,1.08270,1.08910,1.07860,1.08700,1671,160,0,CADCHF,Pepperstone MT5
1993.12.28,1.08840,1.08920,1.07840,1.08110,1431,160,0,CADCHF,Pepperstone MT5
1993.12.29,1.08140,1.10300,1.07750,1.09890,3351,160,0,CADCHF,Pepperstone MT5
1993.12.30,1.09810,1.11870,1.09330,1.11590,3301,160,0,CADCHF,Pepperstone MT5
1993.12.31,1.11520,1.12640,1.10960,1.12310,2571,160,0,CADCHF,Pepperstone MT5
1994.01.03,1.11540,1.13750,1.11320,1.13680,2721,160,0,CADCHF,Pepperstone MT5
1994.01.04,1.13110,1.13710,1.12390,1.12710,2241,160,0,CADCHF,Pepperstone MT5
1994.01.05,1.12520,1.12850,1.11820,1.12060,1601,160,0,CADCHF,Pepperstone MT5
1994.01.06,1.12170,1.12380,1.10850,1.12220,3011,160,0,CADCHF,Pepperstone MT5
1994.01.07,1.12310,1.12510,1.10800,1.11260,2371,160,0,CADCHF,Pepperstone MT5
1994.01.10,1.11100,1.12020,1.10920,1.11600,1701,160,0,CADCHF,Pepperstone MT5
1994.01.11,1.11640,1.12030,1.10980,1.11850,1891,160,0,CADCHF,Pepperstone MT5
1994.01.12,1.11800,1.11940,1.10500,1.10620,1701,160,0,CADCHF,Pepperstone MT5
1994.01.13,1.11350,1.12050,1.09640,1.11920,4251,160,0,CADCHF,Pepperstone MT5
1994.01.14,1.12050,1.12830,1.11450,1.11670,2381,160,0,CADCHF,Pepperstone MT5
1994.01.17,1.11930,1.12840,1.11410,1.11990,2801,160,0,CADCHF,Pepperstone MT5
1994.01.18,1.11700,1.12210,1.10980,1.11140,1901,160,0,CADCHF,Pepperstone MT5
1994.01.19,1.11220,1.12210,1.10630,1.11490,2891,160,0,CADCHF,Pepperstone MT5
1994.01.20,1.11550,1.12290,1.10850,1.10970,2301,160,0,CADCHF,Pepperstone MT5
1994.01.21,1.10930,1.12050,1.10410,1.11750,2461,160,0,CADCHF,Pepperstone MT5
1994.01.24,1.12080,1.12200,1.11670,1.11710,691,160,0,CADCHF,Pepperstone MT5
1994.01.25,1.12190,1.12510,1.11280,1.11720,1991,160,0,CADCHF,Pepperstone MT5
1994.01.26,1.11940,1.12670,1.11410,1.11830,2411,160,0,CADCHF,Pepperstone MT5
1994.01.27,1.12050,1.12410,1.10790,1.10790,1981,160,0,CADCHF,Pepperstone MT5
1994.01.28,1.10980,1.11870,1.09550,1.11500,4121,160,0,CADCHF,Pepperstone MT5
1994.01.31,1.11580,1.11580,1.09190,1.09560,2761,160,0,CADCHF,Pepperstone MT5
1994.02.01,1.09540,1.09690,1.08330,1.08880,2061,160,0,CADCHF,Pepperstone MT5
1994.02.02,1.09420,1.09950,1.08710,1.09190,2251,160,0,CADCHF,Pepperstone MT5
1994.02.03,1.09290,1.10110,1.08750,1.09260,2691,160,0,CADCHF,Pepperstone MT5
1994.02.04,1.09230,1.09930,1.08380,1.09690,2641,160,0,CADCHF,Pepperstone MT5
1994.02.07,1.10730,1.10730,1.08840,1.09140,2191,160,0,CADCHF,Pepperstone MT5
1994.02.08,1.09150,1.10460,1.09080,1.10240,1671,160,0,CADCHF,Pepperstone MT5
1994.02.09,1.10200,1.12710,1.09630,1.10020,5981,160,0,CADCHF,Pepperstone MT5
1994.02.10,1.09910,1.10780,1.09660,1.10320,1831,160,0,CADCHF,Pepperstone MT5
1994.02.11,1.10320,1.10490,1.09670,1.10130,1451,160,0,CADCHF,Pepperstone MT5
1994.02.14,1.09930,1.10140,1.07270,1.07430,3241,160,0,CADCHF,Pepperstone MT5
1994.02.15,1.07480,1.08900,1.06710,1.07730,4131,160,0,CADCHF,Pepperstone MT5
1994.02.16,1.07660,1.08070,1.07100,1.07970,1631,160,0,CADCHF,Pepperstone MT5
1994.02.17,1.08020,1.09430,1.07700,1.08860,2621,160,0,CADCHF,Pepperstone MT5
1994.02.18,1.08920,1.08920,1.07360,1.07640,1841,160,0,CADCHF,Pepperstone MT5
1994.02.21,1.07600,1.08850,1.07600,1.08680,1421,160,0,CADCHF,Pepperstone MT5
1994.02.22,1.08580,1.10850,1.07810,1.08450,5951,160,0,CADCHF,Pepperstone MT5
1994.02.23,1.08860,1.08860,1.08150,1.08350,911,160,0,CADCHF,Pepperstone MT5
1994.02.24,1.08000,1.08790,1.05470,1.06160,4801,160,0,CADCHF,Pepperstone MT5
1994.02.25,1.07840,1.07920,1.05250,1.05890,3391,160,0,CADCHF,Pepperstone MT5
1994.02.28,1.06000,1.06340,1.05200,1.05670,1951,160,0,CADCHF,Pepperstone MT5
1994.03.01,1.05630,1.07260,1.00020,1.06530,13581,160,0,CADCHF,Pepperstone MT5
1994.03.02,1.06680,1.06910,1.04680,1.05720,3501,160,0,CADCHF,Pepperstone MT5
1994.03.03,1.05800,1.06320,1.05520,1.06320,1081,160,0,CADCHF,Pepperstone MT5
1994.03.04,1.06280,1.06670,1.05860,1.06120,1461,160,0,CADCHF,Pepperstone MT5
1994.03.07,1.06330,1.08330,1.05710,1.06020,4931,160,0,CADCHF,Pepperstone MT5
1994.03.08,1.05930,1.06160,1.05290,1.06120,1551,160,0,CADCHF,Pepperstone MT5
1994.03.09,1.06120,1.06270,1.05340,1.05340,1081,160,0,CADCHF,Pepperstone MT5
1994.03.10,1.05110,1.05420,1.04090,1.04500,2051,160,0,CADCHF,Pepperstone MT5
1994.03.11,1.05200,1.05200,1.03810,1.04400,1981,160,0,CADCHF,Pepperstone MT5
1994.03.14,1.04690,1.05770,1.04450,1.05580,1751,160,0,CADCHF,Pepperstone MT5
1994.03.15,1.05520,1.05990,1.05260,1.05750,1231,160,0,CADCHF,Pepperstone MT5
1994.03.16,1.05790,1.05970,1.04920,1.04980,1291,160,0,CADCHF,Pepperstone MT5
1994.03.17,1.04970,1.05360,1.04410,1.05070,1801,160,0,CADCHF,Pepperstone MT5
1994.03.18,1.05110,1.05530,1.04700,1.05260,1511,160,0,CADCHF,Pepperstone MT5
1994.03.21,1.05520,1.05590,1.04390,1.04590,1471,160,0,CADCHF,Pepperstone MT5
1994.03.22,1.04540,1.07350,1.03890,1.04460,6841,160,0,CADCHF,Pepperstone MT5
1994.03.23,1.07360,1.07360,1.04420,1.04620,3141,160,0,CADCHF,Pepperstone MT5
1994.03.24,1.04620,1.05100,1.03020,1.03170,2711,160,0,CADCHF,Pepperstone MT5
1994.03.25,1.03230,1.06410,1.02610,1.03020,7391,160,0,CADCHF,Pepperstone MT5
1994.03.28,1.02910,1.06430,1.02870,1.03460,6571,160,0,CADCHF,Pepperstone MT5
1994.03.29,1.03530,1.03780,1.02870,1.03570,1781,160,0,CADCHF,Pepperstone MT5
1994.03.30,1.03100,1.03600,1.02640,1.02860,1681,160,0,CADCHF,Pepperstone MT5
1994.03.31,1.02850,1.03010,1.01400,1.02160,2531,160,0,CADCHF,Pepperstone MT5
1994.04.01,1.01980,1.03270,1.01930,1.02850,1811,160,0,CADCHF,Pepperstone MT5
1994.04.04,1.02920,1.03140,1.01330,1.02040,2741,160,0,CADCHF,Pepperstone MT5
1994.04.05,1.02080,1.04940,1.01850,1.04620,3641,160,0,CADCHF,Pepperstone MT5
1994.04.06,1.04580,1.05020,1.04130,1.04510,1711,160,0,CADCHF,Pepperstone MT5
1994.04.07,1.04390,1.04780,1.03650,1.04610,2041,160,0,CADCHF,Pepperstone MT5
1994.04.08,1.04550,1.04860,1.04230,1.04530,1241,160,0,CADCHF,Pepperstone MT5
1994.04.11,1.04080,1.04270,1.03000,1.03940,2401,160,0,CADCHF,Pepperstone MT5
1994.04.12,1.03970,1.05410,1.03470,1.04890,2961,160,0,CADCHF,Pepperstone MT5
1994.04.13,1.04880,1.05290,1.04510,1.04690,1371,160,0,CADCHF,Pepperstone MT5
1994.04.14,1.04900,1.05020,1.04400,1.04850,1191,160,0,CADCHF,Pepperstone MT5
1994.04.15,1.04740,1.05290,1.04440,1.05030,1411,160,0,CADCHF,Pepperstone MT5
1994.04.18,1.04870,1.05170,1.04100,1.04260,1531,160,0,CADCHF,Pepperstone MT5
1994.04.19,1.04230,1.08570,1.03470,1.04310,10121,160,0,CADCHF,Pepperstone MT5
1994.04.20,1.04300,1.04750,1.02780,1.03870,3511,160,0,CADCHF,Pepperstone MT5
1994.04.21,1.03780,1.04160,1.02730,1.04140,2501,160,0,CADCHF,Pepperstone MT5
1994.04.22,1.04060,1.04480,1.03650,1.04020,1621,160,0,CADCHF,Pepperstone MT5
1994.04.25,1.03830,1.04580,1.03120,1.04150,2601,160,0,CADCHF,Pepperstone MT5
1994.04.26,1.04090,1.04600,1.04020,1.04140,1111,160,0,CADCHF,Pepperstone MT5
1994.04.27,1.04130,1.04650,1.03380,1.03610,2021,160,0,CADCHF,Pepperstone MT5
1994.04.28,1.03780,1.04000,1.02100,1.02210,2231,160,0,CADCHF,Pepperstone MT5
1994.04.29,1.02170,1.02450,1.00750,1.01530,2761,160,0,CADCHF,Pepperstone MT5
1994.05.02,1.01500,1.02060,1.01190,1.01480,1721,160,0,CADCHF,Pepperstone MT5
1994.05.03,1.01550,1.01850,1.00580,1.00680,1671,160,0,CADCHF,Pepperstone MT5
1994.05.04,1.00820,1.02280,1.00090,1.01410,3791,160,0,CADCHF,Pepperstone MT5
1994.05.05,1.01440,1.02690,1.01320,1.02260,1921,160,0,CADCHF,Pepperstone MT5
1994.05.06,1.02160,1.03050,1.02040,1.02310,1871,160,0,CADCHF,Pepperstone MT5
1994.05.09,1.02370,1.02730,1.02050,1.02100,1091,160,0,CADCHF,Pepperstone MT5
1994.05.10,1.02240,1.04300,1.02080,1.03950,2731,160,0,CADCHF,Pepperstone MT5
1994.05.11,1.04020,1.04300,1.02460,1.03220,2881,160,0,CADCHF,Pepperstone MT5
1994.05.12,1.03360,1.03670,1.02940,1.03120,1221,160,0,CADCHF,Pepperstone MT5
1994.05.13,1.03220,1.03850,1.03000,1.03450,1471,160,0,CADCHF,Pepperstone MT5
1994.05.16,1.03550,1.04100,1.02770,1.03740,2471,160,0,CADCHF,Pepperstone MT5
1994.05.17,1.03780,1.03920,1.02450,1.03360,2521,160,0,CADCHF,Pepperstone MT5
1994.05.18,1.03510,1.03710,1.02100,1.02500,2211,160,0,CADCHF,Pepperstone MT5
1994.05.19,1.02460,1.02840,1.01910,1.02810,1511,160,0,CADCHF,Pepperstone MT5
1994.05.20,1.02850,1.03030,1.01750,1.01910,1621,160,0,CADCHF,Pepperstone MT5
1994.05.23,1.01800,1.02520,1.01610,1.02090,1531,160,0,CADCHF,Pepperstone MT5
1994.05.24,1.02090,1.02600,1.01980,1.02600,731,160,0,CADCHF,Pepperstone MT5
1994.05.25,1.02630,1.02740,1.01210,1.01500,1931,160,0,CADCHF,Pepperstone MT5
1994.05.26,1.01470,1.02340,1.00950,1.01410,2721,160,0,CADCHF,Pepperstone MT5
1994.05.27,1.01450,1.01680,1.01020,1.01080,951,160,0,CADCHF,Pepperstone MT5
1994.05.30,1.01120,1.01650,1.01050,1.01490,831,160,0,CADCHF,Pepperstone MT5
1994.05.31,1.01210,1.01760,1.00790,1.01390,1761,160,0,CADCHF,Pepperstone MT5
1994.06.01,1.01350,1.01510,1.00680,1.01120,1431,160,0,CADCHF,Pepperstone MT5
1994.06.02,1.01060,1.01550,1.00790,1.01300,1281,160,0,CADCHF,Pepperstone MT5
1994.06.03,1.01300,1.03370,1.01150,1.03010,2731,160,0,CADCHF,Pepperstone MT5
1994.06.06,1.03050,1.03500,1.02280,1.03450,2041,160,0,CADCHF,Pepperstone MT5
1994.06.07,1.03570,1.03670,1.02690,1.02830,1221,160,0,CADCHF,Pepperstone MT5
1994.06.08,1.02870,1.03020,1.02470,1.02810,1041,160,0,CADCHF,Pepperstone MT5
1994.06.09,1.02800,1.03060,1.02540,1.02660,901,160,0,CADCHF,Pepperstone MT5
1994.06.10,1.02620,1.02750,1.02110,1.02250,911,160,0,CADCHF,Pepperstone MT5
1994.06.13,1.02290,1.02450,1.00270,1.00360,2431,160,0,CADCHF,Pepperstone MT5
1994.06.14,1.00360,1.00590,0.99750,1.00140,1461,160,0,CADCHF,Pepperstone MT5
1994.06.15,1.00180,1.00320,0.98580,0.98780,2081,160,0,CADCHF,Pepperstone MT5
1994.06.16,0.98850,1.00040,0.98180,0.98780,3651,160,0,CADCHF,Pepperstone MT5
1994.06.17,0.98700,0.99460,0.97020,0.97480,3661,160,0,CADCHF,Pepperstone MT5
1994.06.20,0.97490,0.97860,0.96200,0.97100,2931,160,0,CADCHF,Pepperstone MT5
1994.06.21,0.97060,0.97810,0.96100,0.96930,3291,160,0,CADCHF,Pepperstone MT5
1994.06.22,0.97010,0.97750,0.96840,0.97470,1361,160,0,CADCHF,Pepperstone MT5
1994.06.23,0.97660,0.97960,0.97130,0.97310,1311,160,0,CADCHF,Pepperstone MT5
1994.06.24,0.97020,0.97170,0.95290,0.95580,2321,160,0,CADCHF,Pepperstone MT5
1994.06.27,0.95180,0.95920,0.94680,0.95920,1741,160,0,CADCHF,Pepperstone MT5
1994.06.28,0.96050,0.96500,0.95290,0.95920,2291,160,0,CADCHF,Pepperstone MT5
1994.06.29,0.95810,0.96610,0.95490,0.96490,1561,160,0,CADCHF,Pepperstone MT5
1994.06.30,0.96470,0.97450,0.96330,0.96390,2161,160,0,CADCHF,Pepperstone MT5
1994.07.01,0.96390,0.97500,0.96100,0.96980,2211,160,0,CADCHF,Pepperstone MT5
1994.07.04,0.97010,0.97400,0.96490,0.96670,1481,160,0,CADCHF,Pepperstone MT5
1994.07.05,0.96680,0.97000,0.95010,0.95640,2941,160,0,CADCHF,Pepperstone MT5
1994.07.06,0.95640,0.96090,0.94820,0.95880,2301,160,0,CADCHF,Pepperstone MT5
1994.07.07,0.95900,0.96170,0.95050,0.95370,1711,160,0,CADCHF,Pepperstone MT5
1994.07.08,0.95260,0.95780,0.94540,0.94800,2021,160,0,CADCHF,Pepperstone MT5
1994.07.11,0.94780,0.94780,0.92290,0.92970,3171,160,0,CADCHF,Pepperstone MT5
1994.07.12,0.93040,0.93570,0.92610,0.93400,1561,160,0,CADCHF,Pepperstone MT5
1994.07.13,0.93400,0.94220,0.93100,0.94170,1471,160,0,CADCHF,Pepperstone MT5
1994.07.14,0.94130,0.94970,0.93780,0.94900,1611,160,0,CADCHF,Pepperstone MT5
1994.07.15,0.94860,0.95500,0.93640,0.95030,3551,160,0,CADCHF,Pepperstone MT5
1994.07.18,0.94650,0.95170,0.94120,0.94770,1981,160,0,CADCHF,Pepperstone MT5
1994.07.19,0.94860,0.96550,0.94440,0.96550,2531,160,0,CADCHF,Pepperstone MT5
1994.07.20,0.96330,0.96860,0.95240,0.95580,2491,160,0,CADCHF,Pepperstone MT5
1994.07.21,0.95370,0.97970,0.94970,0.97780,3591,160,0,CADCHF,Pepperstone MT5
1994.07.22,0.97630,0.98580,0.97300,0.98510,1681,160,0,CADCHF,Pepperstone MT5
1994.07.25,0.97950,0.97990,0.97150,0.97940,1671,160,0,CADCHF,Pepperstone MT5
1994.07.26,0.98000,0.98400,0.97460,0.97550,1431,160,0,CADCHF,Pepperstone MT5
1994.07.27,0.97550,0.97750,0.96500,0.96680,1631,160,0,CADCHF,Pepperstone MT5
1994.07.28,0.96720,0.97980,0.95950,0.97690,3091,160,0,CADCHF,Pepperstone MT5
1994.07.29,0.97580,0.98180,0.96640,0.96640,2141,160,0,CADCHF,Pepperstone MT5
1994.08.01,0.96610,0.96800,0.95360,0.95860,2131,160,0,CADCHF,Pepperstone MT5
1994.08.02,0.95790,0.96420,0.95790,0.96230,821,160,0,CADCHF,Pepperstone MT5
1994.08.03,0.96290,0.96610,0.95880,0.96000,1171,160,0,CADCHF,Pepperstone MT5
1994.08.04,0.96010,0.96870,0.95720,0.96610,1701,160,0,CADCHF,Pepperstone MT5
1994.08.05,0.96640,0.97000,0.95920,0.96160,1681,160,0,CADCHF,Pepperstone MT5
1994.08.08,0.96050,0.97110,0.96010,0.96940,1311,160,0,CADCHF,Pepperstone MT5
1994.08.09,0.96730,0.97480,0.96660,0.97200,1171,160,0,CADCHF,Pepperstone MT5
1994.08.10,0.97160,0.97230,0.96270,0.97010,1771,160,0,CADCHF,Pepperstone MT5
1994.08.11,0.97040,0.97270,0.94930,0.95090,2731,160,0,CADCHF,Pepperstone MT5
1994.08.12,0.95170,0.95380,0.93770,0.94260,2311,160,0,CADCHF,Pepperstone MT5
1994.08.15,0.94390,0.95290,0.94220,0.94390,2141,160,0,CADCHF,Pepperstone MT5
1994.08.16,0.94410,0.95350,0.93870,0.95240,2131,160,0,CADCHF,Pepperstone MT5
1994.08.17,0.95440,0.95680,0.94450,0.94570,1591,160,0,CADCHF,Pepperstone MT5
1994.08.18,0.94500,0.95390,0.93830,0.94050,2671,160,0,CADCHF,Pepperstone MT5
1994.08.19,0.94070,0.94510,0.93700,0.94180,1511,160,0,CADCHF,Pepperstone MT5
1994.08.22,0.94320,1.00020,0.93430,0.93730,12591,160,0,CADCHF,Pepperstone MT5
1994.08.23,0.93580,0.94380,0.92700,0.93820,3121,160,0,CADCHF,Pepperstone MT5
1994.08.24,0.93820,0.94990,0.93740,0.94910,1411,160,0,CADCHF,Pepperstone MT5
1994.08.25,0.94760,0.95260,0.94700,0.94910,971,160,0,CADCHF,Pepperstone MT5
1994.08.26,0.94950,0.97470,0.94850,0.97310,2881,160,0,CADCHF,Pepperstone MT5
1994.08.29,0.97300,0.98380,0.95060,0.97490,6451,160,0,CADCHF,Pepperstone MT5
1994.08.30,0.97670,0.97940,0.96950,0.97150,1461,160,0,CADCHF,Pepperstone MT5
1994.08.31,0.97190,0.97490,0.96790,0.97440,1151,160,0,CADCHF,Pepperstone MT5
1994.09.01,0.97220,0.97700,0.96520,0.96820,1961,160,0,CADCHF,Pepperstone MT5
1994.09.02,0.96700,0.97550,0.95540,0.95570,2891,160,0,CADCHF,Pepperstone MT5
1994.09.05,0.95610,0.96180,0.95480,0.95790,1221,160,0,CADCHF,Pepperstone MT5
1994.09.06,0.95550,0.95780,0.94420,0.94610,1781,160,0,CADCHF,Pepperstone MT5
1994.09.07,0.94770,0.95340,0.94230,0.94810,2181,160,0,CADCHF,Pepperstone MT5
1994.09.08,0.94970,0.95310,0.94530,0.95040,1491,160,0,CADCHF,Pepperstone MT5
1994.09.09,0.95140,0.95300,0.93470,0.93700,2221,160,0,CADCHF,Pepperstone MT5
1994.09.12,0.93690,0.95370,0.93470,0.94100,3391,160,0,CADCHF,Pepperstone MT5
1994.09.13,0.94080,0.95790,0.93530,0.95360,3241,160,0,CADCHF,Pepperstone MT5
1994.09.14,0.95250,0.95290,0.94370,0.94710,1301,160,0,CADCHF,Pepperstone MT5
1994.09.15,0.94930,0.95170,0.94580,0.95100,1011,160,0,CADCHF,Pepperstone MT5
1994.09.16,0.95160,0.95400,0.93970,0.94910,2611,160,0,CADCHF,Pepperstone MT5
1994.09.19,0.94870,0.95570,0.94700,0.95130,1481,160,0,CADCHF,Pepperstone MT5
1994.09.20,0.95280,0.96190,0.95280,0.95810,1291,160,0,CADCHF,Pepperstone MT5
1994.09.21,0.95880,0.96050,0.95200,0.95640,1461,160,0,CADCHF,Pepperstone MT5
1994.09.22,0.95710,0.95950,0.95450,0.95590,881,160,0,CADCHF,Pepperstone MT5
1994.09.23,0.95560,0.95840,0.93700,0.95760,4081,160,0,CADCHF,Pepperstone MT5
1994.09.26,0.95830,0.96090,0.95290,0.95370,1141,160,0,CADCHF,Pepperstone MT5
1994.09.27,0.95340,0.95480,0.94730,0.94970,1131,160,0,CADCHF,Pepperstone MT5
1994.09.28,0.94660,0.96090,0.94660,0.96010,1511,160,0,CADCHF,Pepperstone MT5
1994.09.29,0.95900,0.96210,0.94940,0.95700,2341,160,0,CADCHF,Pepperstone MT5
1994.09.30,0.95810,0.96160,0.95550,0.95820,1211,160,0,CADCHF,Pepperstone MT5
1994.10.03,0.95500,0.96460,0.95500,0.96190,1231,160,0,CADCHF,Pepperstone MT5
1994.10.04,0.96170,0.96220,0.95470,0.95520,851,160,0,CADCHF,Pepperstone MT5
1994.10.05,0.95410,0.95840,0.94620,0.95090,2121,160,0,CADCHF,Pepperstone MT5
1994.10.06,0.95140,0.95140,0.94780,0.95010,591,160,0,CADCHF,Pepperstone MT5
1994.10.07,0.95010,0.95180,0.94120,0.95010,2121,160,0,CADCHF,Pepperstone MT5
1994.10.10,0.95160,0.95400,0.95070,0.95310,511,160,0,CADCHF,Pepperstone MT5
1994.10.11,0.95210,0.96220,0.95090,0.95870,1601,160,0,CADCHF,Pepperstone MT5
1994.10.12,0.95990,0.96000,0.95280,0.95390,841,160,0,CADCHF,Pepperstone MT5
1994.10.13,0.95490,0.95740,0.94230,0.94240,1771,160,0,CADCHF,Pepperstone MT5
1994.10.14,0.94130,0.94960,0.93120,0.93340,2891,160,0,CADCHF,Pepperstone MT5
1994.10.17,0.93560,0.93700,0.91680,0.92040,2521,160,0,CADCHF,Pepperstone MT5
1994.10.18,0.92300,0.94460,0.91810,0.92180,5181,160,0,CADCHF,Pepperstone MT5
1994.10.19,0.92090,0.92420,0.91630,0.91940,1431,160,0,CADCHF,Pepperstone MT5
1994.10.20,0.91860,0.92370,0.91240,0.91260,1661,160,0,CADCHF,Pepperstone MT5
1994.10.21,0.91340,0.92550,0.91070,0.92400,1901,160,0,CADCHF,Pepperstone MT5
1994.10.24,0.92280,0.92690,0.91630,0.91950,1791,160,0,CADCHF,Pepperstone MT5
1994.10.25,0.91910,0.92680,0.91330,0.92680,1931,160,0,CADCHF,Pepperstone MT5
1994.10.26,0.92600,0.93030,0.92040,0.92200,1581,160,0,CADCHF,Pepperstone MT5
1994.10.27,0.92360,0.93380,0.89570,0.92900,7081,160,0,CADCHF,Pepperstone MT5
1994.10.28,0.93110,0.93930,0.92220,0.93200,3331,160,0,CADCHF,Pepperstone MT5
1994.10.31,0.93400,0.93660,0.90760,0.92850,5251,160,0,CADCHF,Pepperstone MT5
1994.11.01,0.92760,0.92830,0.91660,0.91780,1361,160,0,CADCHF,Pepperstone MT5
1994.11.02,0.91640,0.93730,0.91600,0.93160,2741,160,0,CADCHF,Pepperstone MT5
1994.11.03,0.93180,0.94010,0.92980,0.93370,1871,160,0,CADCHF,Pepperstone MT5
1994.11.04,0.91560,0.94080,0.91540,0.93400,3241,160,0,CADCHF,Pepperstone MT5
1994.11.07,0.93360,0.93790,0.93220,0.93460,1041,160,0,CADCHF,Pepperstone MT5
1994.11.08,0.93470,0.93530,0.92680,0.93040,1271,160,0,CADCHF,Pepperstone MT5
1994.11.09,0.92930,0.94810,0.92610,0.94540,2791,160,0,CADCHF,Pepperstone MT5
1994.11.10,0.94470,0.94990,0.93790,0.94400,2331,160,0,CADCHF,Pepperstone MT5
1994.11.11,0.94320,0.94620,0.94120,0.94520,801,160,0,CADCHF,Pepperstone MT5
1994.11.14,0.94600,0.95750,0.94400,0.95270,2031,160,0,CADCHF,Pepperstone MT5
1994.11.15,0.95530,0.96140,0.94950,0.95930,1981,160,0,CADCHF,Pepperstone MT5
1994.11.16,0.95870,0.96200,0.94700,0.95540,2671,160,0,CADCHF,Pepperstone MT5
1994.11.17,0.95500,0.95800,0.95500,0.95630,471,160,0,CADCHF,Pepperstone MT5
1994.11.18,0.95780,0.96600,0.95590,0.96460,1341,160,0,CADCHF,Pepperstone MT5
1994.11.21,0.96510,0.97030,0.95760,0.96310,2341,160,0,CADCHF,Pepperstone MT5
1994.11.22,0.96060,0.96350,0.95660,0.95890,1211,160,0,CADCHF,Pepperstone MT5
1994.11.23,0.95890,0.96050,0.95260,0.95980,1491,160,0,CADCHF,Pepperstone MT5
1994.11.24,0.96050,0.96390,0.95680,0.96390,1081,160,0,CADCHF,Pepperstone MT5
1994.11.25,0.96180,0.96200,0.95740,0.95980,721,160,0,CADCHF,Pepperstone MT5
1994.11.28,0.96310,0.96710,0.96170,0.96290,1061,160,0,CADCHF,Pepperstone MT5
1994.11.29,0.96300,0.96490,0.95750,0.96110,1291,160,0,CADCHF,Pepperstone MT5
1994.11.30,0.96380,0.96660,0.96380,0.96400,541,160,0,CADCHF,Pepperstone MT5
1994.12.01,0.96390,0.96930,0.96200,0.96530,1321,160,0,CADCHF,Pepperstone MT5
1994.12.02,0.96760,0.97300,0.96480,0.97280,1121,160,0,CADCHF,Pepperstone MT5
1994.12.05,0.97150,0.97260,0.96550,0.96550,821,160,0,CADCHF,Pepperstone MT5
1994.12.06,0.96580,0.97010,0.96170,0.96490,1591,160,0,CADCHF,Pepperstone MT5
1994.12.07,0.96730,0.96730,0.95510,0.95790,1501,160,0,CADCHF,Pepperstone MT5
1994.12.08,0.95700,0.96900,0.95660,0.96810,1371,160,0,CADCHF,Pepperstone MT5
1994.12.09,0.96730,0.97270,0.96460,0.96610,1501,160,0,CADCHF,Pepperstone MT5
1994.12.12,0.96620,0.96840,0.95880,0.96230,1531,160,0,CADCHF,Pepperstone MT5
1994.12.13,0.96050,0.97710,0.95360,0.95740,4391,160,0,CADCHF,Pepperstone MT5
1994.12.14,0.95950,0.96030,0.95530,0.95530,581,160,0,CADCHF,Pepperstone MT5
1994.12.15,0.95570,0.95910,0.95440,0.95610,901,160,0,CADCHF,Pepperstone MT5
1994.12.16,0.95700,0.96010,0.95440,0.95720,1121,160,0,CADCHF,Pepperstone MT5
1994.12.19,0.95910,0.96290,0.95380,0.95470,1381,160,0,CADCHF,Pepperstone MT5
1994.12.20,0.95460,0.95600,0.95130,0.95290,771,160,0,CADCHF,Pepperstone MT5
1994.12.21,0.95480,0.95730,0.94970,0.95730,1271,160,0,CADCHF,Pepperstone MT5
1994.12.22,0.95790,0.95790,0.95040,0.95190,901,160,0,CADCHF,Pepperstone MT5
1994.12.23,0.95130,0.95350,0.94900,0.95250,781,160,0,CADCHF,Pepperstone MT5
1994.12.26,0.95260,0.95430,0.95260,0.95320,281,160,0,CADCHF,Pepperstone MT5
1994.12.27,0.95350,0.95390,0.94930,0.95030,601,160,0,CADCHF,Pepperstone MT5
1994.12.28,0.95070,0.95200,0.92650,0.92790,2821,160,0,CADCHF,Pepperstone MT5
1994.12.29,0.92920,0.94800,0.92870,0.93380,3401,160,0,CADCHF,Pepperstone MT5
1994.12.30,0.93250,0.93660,0.93080,0.93340,1071,160,0,CADCHF,Pepperstone MT5
1995.01.02,0.93420,0.94010,0.93420,0.93860,741,160,0,CADCHF,Pepperstone MT5
1995.01.03,0.94040,0.94290,0.93220,0.93550,1651,160,0,CADCHF,Pepperstone MT5
1995.01.04,0.93620,0.93950,0.93170,0.93530,1471,160,0,CADCHF,Pepperstone MT5
1995.01.05,0.93920,0.94010,0.92860,0.92920,1301,160,0,CADCHF,Pepperstone MT5
1995.01.06,0.93070,0.93730,0.92810,0.93660,1251,160,0,CADCHF,Pepperstone MT5
1995.01.09,0.93500,0.93560,0.91140,0.91140,2481,160,0,CADCHF,Pepperstone MT5
1995.01.10,0.91430,0.91680,0.90600,0.90930,1661,160,0,CADCHF,Pepperstone MT5
1995.01.11,0.91000,0.91370,0.90840,0.91200,861,160,0,CADCHF,Pepperstone MT5
1995.01.12,0.91210,0.91420,0.90150,0.90370,1701,160,0,CADCHF,Pepperstone MT5
1995.01.13,0.90420,0.91660,0.90300,0.91370,1771,160,0,CADCHF,Pepperstone MT5
1995.01.16,0.91450,0.91850,0.90740,0.91060,1831,160,0,CADCHF,Pepperstone MT5
1995.01.17,0.91130,0.91580,0.90060,0.90610,2521,160,0,CADCHF,Pepperstone MT5
1995.01.18,0.90590,0.91080,0.89990,0.90920,1851,160,0,CADCHF,Pepperstone MT5
1995.01.19,0.90860,0.91340,0.89250,0.89350,2671,160,0,CADCHF,Pepperstone MT5
1995.01.20,0.89380,0.90520,0.88780,0.89310,3411,160,0,CADCHF,Pepperstone MT5
1995.01.23,0.89440,0.89710,0.88970,0.89590,1331,160,0,CADCHF,Pepperstone MT5
1995.01.24,0.90710,0.90750,0.89390,0.89820,1831,160,0,CADCHF,Pepperstone MT5
1995.01.25,0.89750,0.90550,0.89050,0.90490,2261,160,0,CADCHF,Pepperstone MT5
1995.01.26,0.90430,0.90540,0.89960,0.90150,881,160,0,CADCHF,Pepperstone MT5
1995.01.27,0.90160,0.90460,0.89770,0.90110,1331,160,0,CADCHF,Pepperstone MT5
1995.01.30,0.90040,0.90430,0.89080,0.89240,1901,160,0,CADCHF,Pepperstone MT5
1995.01.31,0.89210,0.91460,0.88930,0.91360,2911,160,0,CADCHF,Pepperstone MT5
1995.02.01,0.91330,0.91620,0.90020,0.91290,3161,160,0,CADCHF,Pepperstone MT5
1995.02.02,0.91180,0.91590,0.90730,0.91430,1471,160,0,CADCHF,Pepperstone MT5
1995.02.03,0.91480,0.92680,0.91290,0.92110,2151,160,0,CADCHF,Pepperstone MT5
1995.02.06,0.92290,0.93110,0.91990,0.92650,1881,160,0,CADCHF,Pepperstone MT5
1995.02.07,0.92640,0.93370,0.92480,0.93300,1121,160,0,CADCHF,Pepperstone MT5
1995.02.08,0.93300,0.93300,0.92450,0.92820,1221,160,0,CADCHF,Pepperstone MT5
1995.02.09,0.92800,0.92970,0.92310,0.92450,971,160,0,CADCHF,Pepperstone MT5
1995.02.10,0.92490,0.92620,0.91350,0.91470,1521,160,0,CADCHF,Pepperstone MT5
1995.02.13,0.91450,0.91850,0.91070,0.91740,1271,160,0,CADCHF,Pepperstone MT5
1995.02.14,0.91650,0.92050,0.90690,0.90900,1971,160,0,CADCHF,Pepperstone MT5
1995.02.15,0.91730,0.91730,0.90630,0.90940,1411,160,0,CADCHF,Pepperstone MT5
1995.02.16,0.91050,0.91130,0.89020,0.89180,2351,160,0,CADCHF,Pepperstone MT5
1995.02.17,0.89190,0.89660,0.88260,0.89170,2781,160,0,CADCHF,Pepperstone MT5
1995.02.20,0.89140,0.89470,0.88460,0.88890,1771,160,0,CADCHF,Pepperstone MT5
1995.02.21,0.89180,0.90330,0.88520,0.88660,3101,160,0,CADCHF,Pepperstone MT5
1995.02.22,0.88570,0.89620,0.88510,0.89420,1371,160,0,CADCHF,Pepperstone MT5
1995.02.23,0.89580,0.90120,0.89280,0.89400,1501,160,0,CADCHF,Pepperstone MT5
1995.02.24,0.89670,0.90030,0.89200,0.89590,1581,160,0,CADCHF,Pepperstone MT5
1995.02.27,0.89590,0.89790,0.88130,0.89720,3191,160,0,CADCHF,Pepperstone MT5
1995.02.28,0.89690,0.89730,0.88530,0.88980,1691,160,0,CADCHF,Pepperstone MT5
1995.03.01,0.88690,0.89270,0.88380,0.88470,1561,160,0,CADCHF,Pepperstone MT5
1995.03.02,0.88280,0.89210,0.86550,0.87080,4121,160,0,CADCHF,Pepperstone MT5
1995.03.03,0.87080,0.87890,0.85350,0.85410,3411,160,0,CADCHF,Pepperstone MT5
1995.03.06,0.84520,0.84520,0.82320,0.82940,2821,160,0,CADCHF,Pepperstone MT5
1995.03.07,0.82940,0.83150,0.76530,0.80660,10961,160,0,CADCHF,Pepperstone MT5
1995.03.08,0.80800,0.83440,0.79010,0.82520,7141,160,0,CADCHF,Pepperstone MT5
1995.03.09,0.82520,0.84050,0.79630,0.83300,8061,160,0,CADCHF,Pepperstone MT5
1995.03.10,0.83300,0.84490,0.82770,0.83820,2921,160,0,CADCHF,Pepperstone MT5
1995.03.13,0.83410,0.83480,0.82700,0.82970,1121,160,0,CADCHF,Pepperstone MT5
1995.03.14,0.83340,0.83450,0.82540,0.83190,1671,160,0,CADCHF,Pepperstone MT5
1995.03.15,0.83120,0.83280,0.81100,0.81510,2751,160,0,CADCHF,Pepperstone MT5
1995.03.16,0.81420,0.82540,0.80650,0.82390,2811,160,0,CADCHF,Pepperstone MT5
1995.03.17,0.82390,0.82450,0.80910,0.81530,2221,160,0,CADCHF,Pepperstone MT5
1995.03.20,0.81410,0.83160,0.81170,0.82810,2581,160,0,CADCHF,Pepperstone MT5
1995.03.21,0.82840,0.84190,0.82230,0.83700,3061,160,0,CADCHF,Pepperstone MT5
1995.03.22,0.83740,0.84030,0.82280,0.83020,2781,160,0,CADCHF,Pepperstone MT5
1995.03.23,0.83020,0.83360,0.82040,0.82630,2251,160,0,CADCHF,Pepperstone MT5
1995.03.24,0.82760,0.84080,0.82690,0.83810,1731,160,0,CADCHF,Pepperstone MT5
1995.03.27,0.83700,0.83730,0.82510,0.82800,1541,160,0,CADCHF,Pepperstone MT5
1995.03.28,0.82800,0.83110,0.81510,0.81750,2151,160,0,CADCHF,Pepperstone MT5
1995.03.29,0.82670,0.82670,0.80510,0.81460,3111,160,0,CADCHF,Pepperstone MT5
1995.03.30,0.81480,0.84270,0.78470,0.83490,9591,160,0,CADCHF,Pepperstone MT5
1995.03.31,0.83490,0.83980,0.79980,0.80660,5171,160,0,CADCHF,Pepperstone MT5
1995.04.03,0.80570,0.81980,0.79910,0.80260,3831,160,0,CADCHF,Pepperstone MT5
1995.04.04,0.80250,0.81800,0.79760,0.81270,3061,160,0,CADCHF,Pepperstone MT5
1995.04.05,0.81010,0.81780,0.80420,0.80710,2421,160,0,CADCHF,Pepperstone MT5
1995.04.06,0.80800,0.81590,0.79930,0.81180,2941,160,0,CADCHF,Pepperstone MT5
1995.04.07,0.81280,0.81830,0.80470,0.81210,2651,160,0,CADCHF,Pepperstone MT5
1995.04.10,0.81950,0.84620,0.81680,0.84060,3771,160,0,CADCHF,Pepperstone MT5
1995.04.11,0.84180,0.84460,0.83000,0.83420,2161,160,0,CADCHF,Pepperstone MT5
1995.04.12,0.83510,0.84120,0.83130,0.83990,1501,160,0,CADCHF,Pepperstone MT5
1995.04.13,0.84120,0.84310,0.83160,0.83470,1651,160,0,CADCHF,Pepperstone MT5
1995.04.14,0.83360,0.84140,0.83250,0.84070,1071,160,0,CADCHF,Pepperstone MT5
1995.04.17,0.83990,0.84080,0.82320,0.82370,1901,160,0,CADCHF,Pepperstone MT5
1995.04.18,0.82470,0.83160,0.81380,0.81390,2481,160,0,CADCHF,Pepperstone MT5
1995.04.19,0.81740,0.82940,0.81040,0.82610,2931,160,0,CADCHF,Pepperstone MT5
1995.04.20,0.82660,0.83880,0.82420,0.83560,2021,160,0,CADCHF,Pepperstone MT5
1995.04.21,0.83630,0.83970,0.82430,0.82430,1881,160,0,CADCHF,Pepperstone MT5
1995.04.24,0.81720,0.84050,0.81430,0.83580,3381,160,0,CADCHF,Pepperstone MT5
1995.04.25,0.83830,0.83830,0.82170,0.82700,2191,160,0,CADCHF,Pepperstone MT5
1995.04.26,0.82580,0.84140,0.82310,0.83110,3131,160,0,CADCHF,Pepperstone MT5
1995.04.27,0.83080,0.83500,0.82690,0.83400,1301,160,0,CADCHF,Pepperstone MT5
1995.04.28,0.83410,0.85160,0.82960,0.84370,3441,160,0,CADCHF,Pepperstone MT5
1995.05.01,0.84330,0.84950,0.83990,0.84540,1711,160,0,CADCHF,Pepperstone MT5
1995.05.02,0.84510,0.84800,0.83310,0.83620,2091,160,0,CADCHF,Pepperstone MT5
1995.05.03,0.83650,0.83760,0.82920,0.83350,1381,160,0,CADCHF,Pepperstone MT5
1995.05.04,0.83280,0.83570,0.82560,0.83050,1791,160,0,CADCHF,Pepperstone MT5
1995.05.05,0.82980,0.83980,0.82950,0.83720,1321,160,0,CADCHF,Pepperstone MT5
1995.05.08,0.83750,0.84210,0.82630,0.82960,2371,160,0,CADCHF,Pepperstone MT5
1995.05.09,0.83040,0.84160,0.82780,0.83860,1941,160,0,CADCHF,Pepperstone MT5
1995.05.10,0.83900,0.85210,0.83710,0.85010,1891,160,0,CADCHF,Pepperstone MT5
1995.05.11,0.85010,0.88780,0.84530,0.88630,4881,160,0,CADCHF,Pepperstone MT5
1995.05.12,0.88630,0.89640,0.88410,0.89280,1811,160,0,CADCHF,Pepperstone MT5
1995.05.15,0.89600,0.89800,0.88160,0.88210,1891,160,0,CADCHF,Pepperstone MT5
1995.05.16,0.88210,0.89370,0.87730,0.89200,2291,160,0,CADCHF,Pepperstone MT5
1995.05.17,0.89090,0.89240,0.87880,0.88990,2621,160,0,CADCHF,Pepperstone MT5
1995.05.18,0.89040,0.90020,0.88380,0.88600,2841,160,0,CADCHF,Pepperstone MT5
1995.05.19,0.88620,0.89160,0.88050,0.88830,2011,160,0,CADCHF,Pepperstone MT5
1995.05.22,0.88820,0.88960,0.87550,0.87790,1791,160,0,CADCHF,Pepperstone MT5
1995.05.23,0.87740,0.88450,0.87260,0.88220,1901,160,0,CADCHF,Pepperstone MT5
1995.05.24,0.88290,0.88560,0.87570,0.87850,1541,160,0,CADCHF,Pepperstone MT5
1995.05.25,0.87750,0.88000,0.84230,0.84370,4161,160,0,CADCHF,Pepperstone MT5
1995.05.26,0.84500,0.85680,0.82430,0.82840,4841,160,0,CADCHF,Pepperstone MT5
1995.05.29,0.82760,0.83770,0.82490,0.83280,2041,160,0,CADCHF,Pepperstone MT5
1995.05.30,0.83390,0.83880,0.83140,0.83680,1191,160,0,CADCHF,Pepperstone MT5
1995.05.31,0.83740,0.85670,0.83180,0.85190,3531,160,0,CADCHF,Pepperstone MT5
1995.06.01,0.85390,0.86540,0.84340,0.84550,3561,160,0,CADCHF,Pepperstone MT5
1995.06.02,0.84430,0.85380,0.83560,0.84330,3541,160,0,CADCHF,Pepperstone MT5
1995.06.05,0.84300,0.84570,0.83720,0.84180,1581,160,0,CADCHF,Pepperstone MT5
1995.06.06,0.84200,0.84980,0.84000,0.84230,1931,160,0,CADCHF,Pepperstone MT5
1995.06.07,0.84310,0.84630,0.83770,0.84630,1401,160,0,CADCHF,Pepperstone MT5
1995.06.08,0.84710,0.85380,0.84360,0.84540,1871,160,0,CADCHF,Pepperstone MT5
1995.06.09,0.84620,0.84770,0.83580,0.84320,2081,160,0,CADCHF,Pepperstone MT5
1995.06.12,0.84120,0.84670,0.83590,0.83760,1801,160,0,CADCHF,Pepperstone MT5
1995.06.13,0.83620,0.84120,0.83150,0.84110,1451,160,0,CADCHF,Pepperstone MT5
1995.06.14,0.84360,0.84700,0.83360,0.83670,1991,160,0,CADCHF,Pepperstone MT5
1995.06.15,0.83690,0.85060,0.83300,0.84490,2721,160,0,CADCHF,Pepperstone MT5
1995.06.16,0.84610,0.84720,0.83830,0.84020,1191,160,0,CADCHF,Pepperstone MT5
1995.06.19,0.83790,0.84400,0.83250,0.83880,2211,160,0,CADCHF,Pepperstone MT5
1995.06.20,0.83970,0.84010,0.83480,0.83610,701,160,0,CADCHF,Pepperstone MT5
1995.06.21,0.83720,0.83720,0.82640,0.82760,1201,160,0,CADCHF,Pepperstone MT5
1995.06.22,0.82910,0.84340,0.82740,0.84240,1871,160,0,CADCHF,Pepperstone MT5
1995.06.23,0.84210,0.84340,0.83190,0.83480,1571,160,0,CADCHF,Pepperstone MT5
1995.06.26,0.83350,0.84180,0.83200,0.83750,1561,160,0,CADCHF,Pepperstone MT5
1995.06.27,0.83840,0.83870,0.83130,0.83460,1101,160,0,CADCHF,Pepperstone MT5
1995.06.28,0.83450,0.84640,0.83030,0.84370,2301,160,0,CADCHF,Pepperstone MT5
1995.06.29,0.84390,0.84550,0.83200,0.83310,1621,160,0,CADCHF,Pepperstone MT5
1995.06.30,0.83460,0.83940,0.83250,0.83670,1171,160,0,CADCHF,Pepperstone MT5
1995.07.03,0.83560,0.83920,0.83360,0.83430,991,160,0,CADCHF,Pepperstone MT5
1995.07.04,0.83510,0.83980,0.83360,0.83720,1031,160,0,CADCHF,Pepperstone MT5
1995.07.05,0.83890,0.84270,0.83560,0.83560,1091,160,0,CADCHF,Pepperstone MT5
1995.07.06,0.83690,0.84030,0.83100,0.83790,1761,160,0,CADCHF,Pepperstone MT5
1995.07.07,0.83910,0.85560,0.83680,0.85220,2451,160,0,CADCHF,Pepperstone MT5
1995.07.10,0.85320,0.86110,0.84970,0.85550,2051,160,0,CADCHF,Pepperstone MT5
1995.07.11,0.85610,0.86650,0.85520,0.86650,1221,160,0,CADCHF,Pepperstone MT5
1995.07.12,0.86710,0.86710,0.85970,0.86040,811,160,0,CADCHF,Pepperstone MT5
1995.07.13,0.86170,0.87130,0.84940,0.84940,3151,160,0,CADCHF,Pepperstone MT5
1995.07.14,0.85190,0.85800,0.85030,0.85660,1071,160,0,CADCHF,Pepperstone MT5
1995.07.17,0.85900,0.86460,0.85580,0.86240,1421,160,0,CADCHF,Pepperstone MT5
1995.07.18,0.86230,0.86340,0.85060,0.85380,1711,160,0,CADCHF,Pepperstone MT5
1995.07.19,0.85450,0.85480,0.83790,0.84040,1971,160,0,CADCHF,Pepperstone MT5
1995.07.20,0.84140,0.84740,0.83900,0.84560,1261,160,0,CADCHF,Pepperstone MT5
1995.07.21,0.84230,0.85360,0.84230,0.84840,1651,160,0,CADCHF,Pepperstone MT5
1995.07.24,0.85220,0.85260,0.84590,0.84950,1071,160,0,CADCHF,Pepperstone MT5
1995.07.25,0.85050,0.85590,0.84710,0.85560,1251,160,0,CADCHF,Pepperstone MT5
1995.07.26,0.85520,0.85600,0.84580,0.84850,1371,160,0,CADCHF,Pepperstone MT5
1995.07.27,0.84930,0.85050,0.84050,0.84490,1561,160,0,CADCHF,Pepperstone MT5
1995.07.28,0.84590,0.84700,0.83860,0.84050,1141,160,0,CADCHF,Pepperstone MT5
1995.07.31,0.83960,0.84550,0.83300,0.84430,2031,160,0,CADCHF,Pepperstone MT5
1995.08.01,0.84560,0.84560,0.82880,0.83220,2021,160,0,CADCHF,Pepperstone MT5
1995.08.02,0.83350,0.85540,0.83190,0.85470,2581,160,0,CADCHF,Pepperstone MT5
1995.08.03,0.85400,0.85400,0.84340,0.84430,1151,160,0,CADCHF,Pepperstone MT5
1995.08.04,0.84610,0.85410,0.84460,0.84870,1641,160,0,CADCHF,Pepperstone MT5
1995.08.07,0.85020,0.86130,0.84630,0.86030,1991,160,0,CADCHF,Pepperstone MT5
1995.08.08,0.86130,0.86490,0.85520,0.85900,1711,160,0,CADCHF,Pepperstone MT5
1995.08.09,0.85870,0.86150,0.85380,0.85600,1271,160,0,CADCHF,Pepperstone MT5
1995.08.10,0.85570,0.87000,0.85400,0.86570,2201,160,0,CADCHF,Pepperstone MT5
1995.08.11,0.86540,0.88120,0.86520,0.87990,1751,160,0,CADCHF,Pepperstone MT5
1995.08.14,0.88230,0.88550,0.87380,0.87750,1861,160,0,CADCHF,Pepperstone MT5
1995.08.15,0.87890,0.91000,0.87350,0.90850,4341,160,0,CADCHF,Pepperstone MT5
1995.08.16,0.90700,0.91520,0.89390,0.90820,4141,160,0,CADCHF,Pepperstone MT5
1995.08.17,0.90710,0.91210,0.89360,0.89890,2881,160,0,CADCHF,Pepperstone MT5
1995.08.18,0.89910,0.90650,0.89520,0.90060,2111,160,0,CADCHF,Pepperstone MT5
1995.08.21,0.89900,0.90400,0.89610,0.90400,1081,160,0,CADCHF,Pepperstone MT5
1995.08.22,0.90330,0.91100,0.90100,0.90950,1381,160,0,CADCHF,Pepperstone MT5
1995.08.23,0.91070,0.91120,0.90030,0.90250,1361,160,0,CADCHF,Pepperstone MT5
1995.08.24,0.90140,0.91240,0.89770,0.90110,2911,160,0,CADCHF,Pepperstone MT5
1995.08.25,0.90180,0.90940,0.89650,0.89930,2331,160,0,CADCHF,Pepperstone MT5
1995.08.28,0.89990,0.90350,0.89360,0.90310,1661,160,0,CADCHF,Pepperstone MT5
1995.08.29,0.90410,0.90850,0.89920,0.90790,1481,160,0,CADCHF,Pepperstone MT5
1995.08.30,0.90930,0.91170,0.90220,0.90440,1411,160,0,CADCHF,Pepperstone MT5
1995.08.31,0.90580,0.90780,0.89340,0.89590,1891,160,0,CADCHF,Pepperstone MT5
1995.09.01,0.89450,0.89910,0.89000,0.89060,1431,160,0,CADCHF,Pepperstone MT5
1995.09.04,0.88910,0.89400,0.88730,0.89330,921,160,0,CADCHF,Pepperstone MT5
1995.09.05,0.89410,0.90010,0.89210,0.89500,1511,160,0,CADCHF,Pepperstone MT5
1995.09.06,0.89520,0.91100,0.89520,0.90770,1911,160,0,CADCHF,Pepperstone MT5
1995.09.07,0.90800,0.91300,0.90470,0.90710,1571,160,0,CADCHF,Pepperstone MT5
1995.09.08,0.90800,0.91180,0.90230,0.90790,1891,160,0,CADCHF,Pepperstone MT5
1995.09.11,0.90200,0.90420,0.89590,0.90070,1531,160,0,CADCHF,Pepperstone MT5
1995.09.12,0.90070,0.90140,0.89110,0.89410,1401,160,0,CADCHF,Pepperstone MT5
1995.09.13,0.89390,0.90460,0.89350,0.89670,1941,160,0,CADCHF,Pepperstone MT5
1995.09.14,0.89620,0.90340,0.87990,0.88740,3821,160,0,CADCHF,Pepperstone MT5
1995.09.15,0.88880,0.89550,0.88040,0.88330,2471,160,0,CADCHF,Pepperstone MT5
1995.09.18,0.88440,0.88910,0.88210,0.88590,1251,160,0,CADCHF,Pepperstone MT5
1995.09.19,0.88670,0.88860,0.88160,0.88550,1281,160,0,CADCHF,Pepperstone MT5
1995.09.20,0.88440,0.88550,0.86010,0.86410,3051,160,0,CADCHF,Pepperstone MT5
1995.09.21,0.86400,0.86560,0.83150,0.84430,4851,160,0,CADCHF,Pepperstone MT5
1995.09.22,0.84540,0.85150,0.83800,0.84910,2331,160,0,CADCHF,Pepperstone MT5
1995.09.25,0.84970,0.86040,0.84450,0.86010,2141,160,0,CADCHF,Pepperstone MT5
1995.09.26,0.86070,0.86890,0.85570,0.86380,2331,160,0,CADCHF,Pepperstone MT5
1995.09.27,0.86360,0.86410,0.84970,0.85340,1861,160,0,CADCHF,Pepperstone MT5
1995.09.28,0.85330,0.85590,0.84500,0.84670,1521,160,0,CADCHF,Pepperstone MT5
1995.09.29,0.84900,0.86210,0.84320,0.86050,2631,160,0,CADCHF,Pepperstone MT5
1995.10.02,0.85630,0.86780,0.85570,0.85970,2081,160,0,CADCHF,Pepperstone MT5
1995.10.03,0.86120,0.87520,0.85770,0.87210,2411,160,0,CADCHF,Pepperstone MT5
1995.10.04,0.87290,0.87520,0.86360,0.86470,1501,160,0,CADCHF,Pepperstone MT5
1995.10.05,0.86350,0.87330,0.85200,0.85310,3221,160,0,CADCHF,Pepperstone MT5
1995.10.06,0.85380,0.86480,0.85030,0.85900,2381,160,0,CADCHF,Pepperstone MT5
1995.10.09,0.85840,0.86280,0.84890,0.85600,2541,160,0,CADCHF,Pepperstone MT5
1995.10.10,0.85610,0.86330,0.85310,0.86050,1601,160,0,CADCHF,Pepperstone MT5
1995.10.11,0.85940,0.86670,0.85780,0.86660,1061,160,0,CADCHF,Pepperstone MT5
1995.10.12,0.86360,0.86900,0.85710,0.85930,1951,160,0,CADCHF,Pepperstone MT5
1995.10.13,0.85970,0.86820,0.85670,0.86300,1971,160,0,CADCHF,Pepperstone MT5
1995.10.16,0.86280,0.86490,0.85170,0.86480,2441,160,0,CADCHF,Pepperstone MT5
1995.10.17,0.86640,0.86680,0.85520,0.85750,1431,160,0,CADCHF,Pepperstone MT5
1995.10.18,0.85710,0.86610,0.85260,0.86290,2121,160,0,CADCHF,Pepperstone MT5
1995.10.19,0.86290,0.86780,0.85530,0.85570,1781,160,0,CADCHF,Pepperstone MT5
1995.10.20,0.85570,0.86190,0.84100,0.84130,2741,160,0,CADCHF,Pepperstone MT5
1995.10.23,0.83930,0.84350,0.81590,0.82230,3821,160,0,CADCHF,Pepperstone MT5
1995.10.24,0.82340,0.83240,0.81750,0.83070,2251,160,0,CADCHF,Pepperstone MT5
1995.10.25,0.83100,0.83370,0.82600,0.83000,1441,160,0,CADCHF,Pepperstone MT5
1995.10.26,0.82990,0.83580,0.82290,0.82540,2131,160,0,CADCHF,Pepperstone MT5
1995.10.27,0.82670,0.83670,0.81820,0.83510,2861,160,0,CADCHF,Pepperstone MT5
1995.10.30,0.83530,0.84300,0.82990,0.83380,2471,160,0,CADCHF,Pepperstone MT5
1995.10.31,0.83380,0.85700,0.82510,0.84530,5231,160,0,CADCHF,Pepperstone MT5
1995.11.01,0.84560,0.85210,0.83910,0.84240,2281,160,0,CADCHF,Pepperstone MT5
1995.11.02,0.84210,0.85790,0.84200,0.85750,1641,160,0,CADCHF,Pepperstone MT5
1995.11.03,0.85190,0.85750,0.84310,0.84640,2331,160,0,CADCHF,Pepperstone MT5
1995.11.06,0.84690,0.84790,0.83820,0.84170,1421,160,0,CADCHF,Pepperstone MT5
1995.11.07,0.84080,0.84370,0.83750,0.83870,1031,160,0,CADCHF,Pepperstone MT5
1995.11.08,0.83820,0.84760,0.83750,0.84710,1131,160,0,CADCHF,Pepperstone MT5
1995.11.09,0.84630,0.85100,0.83620,0.84060,2391,160,0,CADCHF,Pepperstone MT5
1995.11.10,0.84100,0.84310,0.83760,0.84310,891,160,0,CADCHF,Pepperstone MT5
1995.11.13,0.84210,0.84740,0.83730,0.84740,1491,160,0,CADCHF,Pepperstone MT5
1995.11.14,0.84740,0.84860,0.83950,0.84330,1411,160,0,CADCHF,Pepperstone MT5
1995.11.15,0.84320,0.84390,0.83240,0.84140,2121,160,0,CADCHF,Pepperstone MT5
1995.11.16,0.83980,0.84410,0.83860,0.84030,1051,160,0,CADCHF,Pepperstone MT5
1995.11.17,0.83950,0.84240,0.83390,0.84240,1411,160,0,CADCHF,Pepperstone MT5
1995.11.20,0.84230,0.85120,0.83960,0.84090,2181,160,0,CADCHF,Pepperstone MT5
1995.11.21,0.84090,0.84600,0.83970,0.84020,1191,160,0,CADCHF,Pepperstone MT5
1995.11.22,0.84040,0.84240,0.83780,0.84040,921,160,0,CADCHF,Pepperstone MT5
1995.11.23,0.84040,0.84220,0.83930,0.84100,521,160,0,CADCHF,Pepperstone MT5
1995.11.24,0.84040,0.84590,0.83920,0.84570,811,160,0,CADCHF,Pepperstone MT5
1995.11.27,0.84640,0.85880,0.84390,0.85660,1961,160,0,CADCHF,Pepperstone MT5
1995.11.28,0.85640,0.85680,0.85060,0.85310,911,160,0,CADCHF,Pepperstone MT5
1995.11.29,0.85220,0.85960,0.85010,0.85960,1161,160,0,CADCHF,Pepperstone MT5
1995.11.30,0.85910,0.86730,0.85500,0.86440,1931,160,0,CADCHF,Pepperstone MT5
1995.12.01,0.86440,0.86810,0.85780,0.86160,1781,160,0,CADCHF,Pepperstone MT5
1995.12.04,0.85990,0.86070,0.84930,0.85410,1701,160,0,CADCHF,Pepperstone MT5
1995.12.05,0.85410,0.85740,0.85020,0.85390,1421,160,0,CADCHF,Pepperstone MT5
1995.12.06,0.85360,0.86030,0.85100,0.85740,1481,160,0,CADCHF,Pepperstone MT5
1995.12.07,0.85680,0.85890,0.85280,0.85430,971,160,0,CADCHF,Pepperstone MT5
1995.12.08,0.85460,0.85720,0.84810,0.84880,1241,160,0,CADCHF,Pepperstone MT5
1995.12.11,0.84900,0.85310,0.84220,0.84640,1921,160,0,CADCHF,Pepperstone MT5
1995.12.12,0.84570,0.85440,0.84500,0.85220,1231,160,0,CADCHF,Pepperstone MT5
1995.12.13,0.85220,0.85760,0.85200,0.85370,971,160,0,CADCHF,Pepperstone MT5
1995.12.14,0.85320,0.85790,0.84380,0.84570,2071,160,0,CADCHF,Pepperstone MT5
1995.12.15,0.84660,0.84870,0.84440,0.84780,741,160,0,CADCHF,Pepperstone MT5
1995.12.18,0.84610,0.84850,0.83060,0.83150,2121,160,0,CADCHF,Pepperstone MT5
1995.12.19,0.83160,0.84350,0.83120,0.84340,1281,160,0,CADCHF,Pepperstone MT5
1995.12.20,0.84440,0.84700,0.83960,0.84440,1481,160,0,CADCHF,Pepperstone MT5
1995.12.21,0.84510,0.85400,0.84390,0.84910,1621,160,0,CADCHF,Pepperstone MT5
1995.12.22,0.84890,0.85450,0.84830,0.85130,1001,160,0,CADCHF,Pepperstone MT5
1995.12.25,0.85100,0.85230,0.84760,0.85100,941,160,0,CADCHF,Pepperstone MT5
1995.12.26,0.85060,0.85310,0.84590,0.84760,1141,160,0,CADCHF,Pepperstone MT5
1995.12.27,0.84980,0.85400,0.84490,0.85090,1711,160,0,CADCHF,Pepperstone MT5
1995.12.28,0.85060,0.85200,0.84420,0.84790,1291,160,0,CADCHF,Pepperstone MT5
1995.12.29,0.84780,0.84850,0.84260,0.84600,1001,160,0,CADCHF,Pepperstone MT5
1996.01.01,0.85010,0.85010,0.85010,0.85010,1,160,0,CADCHF,Pepperstone MT5
1996.01.02,0.84740,0.85710,0.84380,0.85550,1851,160,0,CADCHF,Pepperstone MT5
1996.01.03,0.85550,0.86330,0.85360,0.86090,1401,160,0,CADCHF,Pepperstone MT5
1996.01.04,0.86060,0.87020,0.85820,0.86000,2341,160,0,CADCHF,Pepperstone MT5
1996.01.05,0.85710,0.86160,0.85130,0.85510,1861,160,0,CADCHF,Pepperstone MT5
1996.01.08,0.85750,0.85840,0.85120,0.85210,901,160,0,CADCHF,Pepperstone MT5
1996.01.09,0.85200,0.85990,0.85140,0.85150,1651,160,0,CADCHF,Pepperstone MT5
1996.01.10,0.85100,0.85550,0.84810,0.85070,1451,160,0,CADCHF,Pepperstone MT5
1996.01.11,0.85120,0.85460,0.84580,0.85320,1561,160,0,CADCHF,Pepperstone MT5
1996.01.12,0.85320,0.85690,0.84980,0.85320,1421,160,0,CADCHF,Pepperstone MT5
1996.01.15,0.85240,0.85930,0.85180,0.85660,1081,160,0,CADCHF,Pepperstone MT5
1996.01.16,0.85610,0.86570,0.85610,0.86530,1001,160,0,CADCHF,Pepperstone MT5
1996.01.17,0.86570,0.87480,0.85990,0.87180,2371,160,0,CADCHF,Pepperstone MT5
1996.01.18,0.87110,0.87420,0.86620,0.87210,1501,160,0,CADCHF,Pepperstone MT5
1996.01.19,0.87160,0.87830,0.87110,0.87280,1321,160,0,CADCHF,Pepperstone MT5
1996.01.22,0.87240,0.87820,0.86450,0.86680,2181,160,0,CADCHF,Pepperstone MT5
1996.01.23,0.86360,0.87140,0.86310,0.86870,1151,160,0,CADCHF,Pepperstone MT5
1996.01.24,0.86930,0.87380,0.86760,0.86760,1071,160,0,CADCHF,Pepperstone MT5
1996.01.25,0.86810,0.87160,0.86070,0.86990,2001,160,0,CADCHF,Pepperstone MT5
1996.01.26,0.87030,0.87710,0.86930,0.87680,911,160,0,CADCHF,Pepperstone MT5
1996.01.29,0.87620,0.88150,0.87240,0.87600,1801,160,0,CADCHF,Pepperstone MT5
1996.01.30,0.87640,0.88570,0.87270,0.88330,1911,160,0,CADCHF,Pepperstone MT5
1996.01.31,0.88350,0.88520,0.87440,0.88120,1931,160,0,CADCHF,Pepperstone MT5
1996.02.01,0.88030,0.88830,0.87800,0.88380,1711,160,0,CADCHF,Pepperstone MT5
1996.02.02,0.88420,0.89070,0.88200,0.88220,1541,160,0,CADCHF,Pepperstone MT5
1996.02.05,0.88090,0.88370,0.86510,0.86810,2441,160,0,CADCHF,Pepperstone MT5
1996.02.06,0.86780,0.87640,0.86630,0.87280,1521,160,0,CADCHF,Pepperstone MT5
1996.02.07,0.87320,0.88510,0.87170,0.88330,1671,160,0,CADCHF,Pepperstone MT5
1996.02.08,0.88310,0.88700,0.87720,0.87830,1481,160,0,CADCHF,Pepperstone MT5
1996.02.09,0.87800,0.88220,0.87560,0.88110,1011,160,0,CADCHF,Pepperstone MT5
1996.02.12,0.88140,0.88190,0.87440,0.87900,1261,160,0,CADCHF,Pepperstone MT5
1996.02.13,0.87860,0.88030,0.87440,0.87610,931,160,0,CADCHF,Pepperstone MT5
1996.02.14,0.87520,0.87580,0.86510,0.86560,1181,160,0,CADCHF,Pepperstone MT5
1996.02.15,0.86630,0.87040,0.86470,0.86700,1071,160,0,CADCHF,Pepperstone MT5
1996.02.16,0.86800,0.86950,0.85530,0.85680,1721,160,0,CADCHF,Pepperstone MT5
1996.02.19,0.85320,0.85750,0.84560,0.84980,2041,160,0,CADCHF,Pepperstone MT5
1996.02.20,0.85080,0.86040,0.85030,0.85450,1651,160,0,CADCHF,Pepperstone MT5
1996.02.21,0.85560,0.86150,0.85090,0.86020,1661,160,0,CADCHF,Pepperstone MT5
1996.02.22,0.86100,0.86240,0.85690,0.85810,811,160,0,CADCHF,Pepperstone MT5
1996.02.23,0.85730,0.86330,0.85100,0.85490,2221,160,0,CADCHF,Pepperstone MT5
1996.02.26,0.85350,0.85930,0.85080,0.85870,1181,160,0,CADCHF,Pepperstone MT5
1996.02.27,0.85950,0.86230,0.85660,0.85950,1141,160,0,CADCHF,Pepperstone MT5
1996.02.28,0.85960,0.87030,0.85890,0.86980,1261,160,0,CADCHF,Pepperstone MT5
1996.02.29,0.86930,0.87800,0.86770,0.87750,1241,160,0,CADCHF,Pepperstone MT5
1996.03.01,0.87750,0.88350,0.87510,0.87850,1581,160,0,CADCHF,Pepperstone MT5
1996.03.04,0.87660,0.87780,0.87290,0.87630,951,160,0,CADCHF,Pepperstone MT5
1996.03.05,0.87660,0.88070,0.87250,0.87300,1281,160,0,CADCHF,Pepperstone MT5
1996.03.06,0.87300,0.87980,0.87230,0.87980,821,160,0,CADCHF,Pepperstone MT5
1996.03.07,0.88010,0.88470,0.87370,0.87500,1691,160,0,CADCHF,Pepperstone MT5
1996.03.08,0.87500,0.88460,0.87370,0.87780,1901,160,0,CADCHF,Pepperstone MT5
1996.03.11,0.88260,0.88370,0.87650,0.87990,1171,160,0,CADCHF,Pepperstone MT5
1996.03.12,0.87990,0.88230,0.87100,0.87120,1391,160,0,CADCHF,Pepperstone MT5
1996.03.13,0.87120,0.87260,0.86580,0.86860,1101,160,0,CADCHF,Pepperstone MT5
1996.03.14,0.86900,0.86980,0.86660,0.86800,541,160,0,CADCHF,Pepperstone MT5
1996.03.15,0.86810,0.87410,0.86520,0.87000,1591,160,0,CADCHF,Pepperstone MT5
1996.03.18,0.87080,0.87810,0.86760,0.87810,1371,160,0,CADCHF,Pepperstone MT5
1996.03.19,0.87700,0.88040,0.87410,0.87500,1061,160,0,CADCHF,Pepperstone MT5
1996.03.20,0.87500,0.87880,0.87500,0.87690,571,160,0,CADCHF,Pepperstone MT5
1996.03.21,0.87770,0.88170,0.87680,0.87910,841,160,0,CADCHF,Pepperstone MT5
1996.03.22,0.87910,0.88040,0.87510,0.87550,701,160,0,CADCHF,Pepperstone MT5
1996.03.25,0.87590,0.87690,0.87250,0.87500,791,160,0,CADCHF,Pepperstone MT5
1996.03.26,0.87500,0.87730,0.87210,0.87670,871,160,0,CADCHF,Pepperstone MT5
1996.03.27,0.87630,0.88120,0.87600,0.87930,741,160,0,CADCHF,Pepperstone MT5
1996.03.28,0.87910,0.88080,0.87130,0.87320,1311,160,0,CADCHF,Pepperstone MT5
1996.03.29,0.87320,0.87840,0.86800,0.87510,1891,160,0,CADCHF,Pepperstone MT5
1996.04.01,0.87660,0.88310,0.87500,0.88190,1091,160,0,CADCHF,Pepperstone MT5
1996.04.02,0.88190,0.88330,0.87860,0.88260,871,160,0,CADCHF,Pepperstone MT5
1996.04.03,0.88320,0.88320,0.87680,0.88110,1071,160,0,CADCHF,Pepperstone MT5
1996.04.04,0.88210,0.88280,0.87820,0.87900,611,160,0,CADCHF,Pepperstone MT5
1996.04.05,0.87830,0.88340,0.87780,0.88190,761,160,0,CADCHF,Pepperstone MT5
1996.04.08,0.88190,0.88240,0.87550,0.88000,1191,160,0,CADCHF,Pepperstone MT5
1996.04.09,0.88050,0.89270,0.87910,0.89170,1601,160,0,CADCHF,Pepperstone MT5
1996.04.10,0.89170,0.90150,0.89040,0.89620,1771,160,0,CADCHF,Pepperstone MT5
1996.04.11,0.89620,0.90090,0.89460,0.90070,811,160,0,CADCHF,Pepperstone MT5
1996.04.12,0.90070,0.90580,0.89780,0.90580,1091,160,0,CADCHF,Pepperstone MT5
1996.04.15,0.90710,0.91130,0.90590,0.91000,791,160,0,CADCHF,Pepperstone MT5
1996.04.16,0.90970,0.91070,0.90320,0.90380,911,160,0,CADCHF,Pepperstone MT5
1996.04.17,0.90270,0.90740,0.90270,0.90510,701,160,0,CADCHF,Pepperstone MT5
1996.04.18,0.90460,0.90820,0.88970,0.89440,2681,160,0,CADCHF,Pepperstone MT5
1996.04.19,0.89410,0.90180,0.88980,0.90130,1681,160,0,CADCHF,Pepperstone MT5
1996.04.22,0.90390,0.90570,0.89920,0.90180,1091,160,0,CADCHF,Pepperstone MT5
1996.04.23,0.90180,0.90630,0.89980,0.90610,871,160,0,CADCHF,Pepperstone MT5
1996.04.24,0.90610,0.90930,0.90000,0.90150,1401,160,0,CADCHF,Pepperstone MT5
1996.04.25,0.90140,0.90960,0.90130,0.90840,961,160,0,CADCHF,Pepperstone MT5
1996.04.26,0.90840,0.91070,0.90350,0.90760,1361,160,0,CADCHF,Pepperstone MT5
1996.04.29,0.90720,0.90980,0.90020,0.90980,1661,160,0,CADCHF,Pepperstone MT5
1996.04.30,0.91000,0.91560,0.90650,0.91400,1421,160,0,CADCHF,Pepperstone MT5
1996.05.01,0.91400,0.92090,0.91260,0.91890,1171,160,0,CADCHF,Pepperstone MT5
1996.05.02,0.92050,0.92500,0.91310,0.91450,1781,160,0,CADCHF,Pepperstone MT5
1996.05.03,0.91450,0.91660,0.90820,0.90950,1181,160,0,CADCHF,Pepperstone MT5
1996.05.06,0.91160,0.91270,0.90890,0.91160,761,160,0,CADCHF,Pepperstone MT5
1996.05.07,0.91350,0.91350,0.90690,0.91270,1241,160,0,CADCHF,Pepperstone MT5
1996.05.08,0.91290,0.91500,0.90000,0.90320,2031,160,0,CADCHF,Pepperstone MT5
1996.05.09,0.90320,0.90730,0.90150,0.90670,811,160,0,CADCHF,Pepperstone MT5
1996.05.10,0.90610,0.91360,0.90260,0.91120,1691,160,0,CADCHF,Pepperstone MT5
1996.05.13,0.91280,0.91570,0.90750,0.91500,1421,160,0,CADCHF,Pepperstone MT5
1996.05.14,0.91500,0.91780,0.91180,0.91380,1081,160,0,CADCHF,Pepperstone MT5
1996.05.15,0.91520,0.91740,0.91070,0.91600,1261,160,0,CADCHF,Pepperstone MT5
1996.05.16,0.91770,0.92280,0.91530,0.91650,1381,160,0,CADCHF,Pepperstone MT5
1996.05.17,0.91810,0.92130,0.91090,0.92130,1761,160,0,CADCHF,Pepperstone MT5
1996.05.20,0.92130,0.92420,0.91700,0.91990,1301,160,0,CADCHF,Pepperstone MT5
1996.05.21,0.91990,0.92810,0.91380,0.92450,2401,160,0,CADCHF,Pepperstone MT5
1996.05.22,0.92430,0.92720,0.92100,0.92440,1231,160,0,CADCHF,Pepperstone MT5
1996.05.23,0.92400,0.92750,0.91780,0.92020,1561,160,0,CADCHF,Pepperstone MT5
1996.05.24,0.92020,0.92260,0.91740,0.92210,851,160,0,CADCHF,Pepperstone MT5
1996.05.27,0.92210,0.92210,0.91930,0.92100,451,160,0,CADCHF,Pepperstone MT5
1996.05.28,0.92010,0.92770,0.92010,0.92420,1111,160,0,CADCHF,Pepperstone MT5
1996.05.29,0.92430,0.92690,0.91630,0.91780,1471,160,0,CADCHF,Pepperstone MT5
1996.05.30,0.91810,0.92070,0.91280,0.91990,1401,160,0,CADCHF,Pepperstone MT5
1996.05.31,0.91950,0.92200,0.90960,0.91220,1751,160,0,CADCHF,Pepperstone MT5
1996.06.03,0.91230,0.91720,0.90740,0.91560,1631,160,0,CADCHF,Pepperstone MT5
1996.06.04,0.91570,0.91990,0.91390,0.91980,791,160,0,CADCHF,Pepperstone MT5
1996.06.05,0.91850,0.92170,0.91650,0.92070,821,160,0,CADCHF,Pepperstone MT5
1996.06.06,0.92070,0.92370,0.91680,0.92130,1321,160,0,CADCHF,Pepperstone MT5
1996.06.07,0.92130,0.93080,0.91990,0.93080,1231,160,0,CADCHF,Pepperstone MT5
1996.06.10,0.93020,0.93140,0.92760,0.92910,651,160,0,CADCHF,Pepperstone MT5
1996.06.11,0.92910,0.92990,0.92550,0.92620,591,160,0,CADCHF,Pepperstone MT5
1996.06.12,0.92620,0.93420,0.92260,0.92350,2051,160,0,CADCHF,Pepperstone MT5
1996.06.13,0.92350,0.92880,0.91600,0.91660,1871,160,0,CADCHF,Pepperstone MT5
1996.06.14,0.91660,0.92150,0.90630,0.92010,2691,160,0,CADCHF,Pepperstone MT5
1996.06.17,0.91920,0.92500,0.91280,0.91550,2071,160,0,CADCHF,Pepperstone MT5
1996.06.18,0.91550,0.92100,0.90930,0.91050,1841,160,0,CADCHF,Pepperstone MT5
1996.06.19,0.91050,0.91680,0.90940,0.91680,851,160,0,CADCHF,Pepperstone MT5
1996.06.20,0.91680,0.91950,0.91430,0.91900,821,160,0,CADCHF,Pepperstone MT5
1996.06.21,0.91940,0.92930,0.91840,0.92890,1231,160,0,CADCHF,Pepperstone MT5
1996.06.24,0.92680,0.92950,0.92450,0.92720,961,160,0,CADCHF,Pepperstone MT5
1996.06.25,0.92720,0.93290,0.92590,0.92760,1361,160,0,CADCHF,Pepperstone MT5
1996.06.26,0.92610,0.93000,0.92230,0.92460,1391,160,0,CADCHF,Pepperstone MT5
1996.06.27,0.92500,0.92520,0.91410,0.91430,1151,160,0,CADCHF,Pepperstone MT5
1996.06.28,0.91500,0.92000,0.91430,0.92000,641,160,0,CADCHF,Pepperstone MT5
1996.07.01,0.92100,0.92100,0.91530,0.91720,761,160,0,CADCHF,Pepperstone MT5
1996.07.02,0.91720,0.92060,0.91610,0.91990,631,160,0,CADCHF,Pepperstone MT5
1996.07.03,0.91900,0.92350,0.91900,0.92040,761,160,0,CADCHF,Pepperstone MT5
1996.07.04,0.92040,0.92820,0.91960,0.92300,1461,160,0,CADCHF,Pepperstone MT5
1996.07.05,0.92300,0.92640,0.91980,0.92260,1281,160,0,CADCHF,Pepperstone MT5
1996.07.08,0.92290,0.92540,0.92000,0.92120,911,160,0,CADCHF,Pepperstone MT5
1996.07.09,0.92120,0.92480,0.91780,0.92450,1071,160,0,CADCHF,Pepperstone MT5
1996.07.10,0.92460,0.92520,0.92150,0.92390,671,160,0,CADCHF,Pepperstone MT5
1996.07.11,0.92390,0.92460,0.91580,0.91720,1091,160,0,CADCHF,Pepperstone MT5
1996.07.12,0.91680,0.92090,0.91310,0.92010,1231,160,0,CADCHF,Pepperstone MT5
1996.07.15,0.91970,0.92140,0.91160,0.91160,1151,160,0,CADCHF,Pepperstone MT5
1996.07.16,0.91160,0.91470,0.87660,0.89030,5491,160,0,CADCHF,Pepperstone MT5
1996.07.17,0.89030,0.89480,0.88210,0.88260,1771,160,0,CADCHF,Pepperstone MT5
1996.07.18,0.88280,0.89300,0.88130,0.89240,1381,160,0,CADCHF,Pepperstone MT5
1996.07.19,0.89360,0.89600,0.88830,0.88910,1091,160,0,CADCHF,Pepperstone MT5
1996.07.22,0.89250,0.89450,0.88100,0.88170,1621,160,0,CADCHF,Pepperstone MT5
1996.07.23,0.88170,0.88620,0.87690,0.88450,1581,160,0,CADCHF,Pepperstone MT5
1996.07.24,0.88480,0.88710,0.87910,0.88610,1471,160,0,CADCHF,Pepperstone MT5
1996.07.25,0.88610,0.88670,0.87380,0.87640,1611,160,0,CADCHF,Pepperstone MT5
1996.07.26,0.87640,0.88410,0.87420,0.87950,1671,160,0,CADCHF,Pepperstone MT5
1996.07.29,0.87910,0.88140,0.87790,0.87870,661,160,0,CADCHF,Pepperstone MT5
1996.07.30,0.87870,0.88400,0.87390,0.87520,1671,160,0,CADCHF,Pepperstone MT5
1996.07.31,0.87520,0.87550,0.86170,0.87100,2341,160,0,CADCHF,Pepperstone MT5
1996.08.01,0.87070,0.87740,0.86890,0.87420,1351,160,0,CADCHF,Pepperstone MT5
1996.08.02,0.87420,0.87910,0.87280,0.87370,1211,160,0,CADCHF,Pepperstone MT5
1996.08.05,0.87410,0.87720,0.86680,0.87320,1991,160,0,CADCHF,Pepperstone MT5
1996.08.06,0.87360,0.87940,0.87320,0.87910,691,160,0,CADCHF,Pepperstone MT5
1996.08.07,0.87810,0.88320,0.87690,0.88190,881,160,0,CADCHF,Pepperstone MT5
1996.08.08,0.88180,0.88640,0.87990,0.88290,1191,160,0,CADCHF,Pepperstone MT5
1996.08.09,0.88290,0.88410,0.87590,0.87750,1101,160,0,CADCHF,Pepperstone MT5
1996.08.12,0.87720,0.88080,0.87350,0.87740,1441,160,0,CADCHF,Pepperstone MT5
1996.08.13,0.87820,0.87820,0.87080,0.87310,971,160,0,CADCHF,Pepperstone MT5
1996.08.14,0.87310,0.88060,0.87180,0.87970,1101,160,0,CADCHF,Pepperstone MT5
1996.08.15,0.88000,0.88220,0.87440,0.87640,1201,160,0,CADCHF,Pepperstone MT5
1996.08.16,0.87640,0.88290,0.87600,0.87930,1091,160,0,CADCHF,Pepperstone MT5
1996.08.19,0.88040,0.88200,0.87680,0.87960,961,160,0,CADCHF,Pepperstone MT5
1996.08.20,0.87960,0.88120,0.87600,0.87800,881,160,0,CADCHF,Pepperstone MT5
1996.08.21,0.87800,0.87920,0.87200,0.87300,941,160,0,CADCHF,Pepperstone MT5
1996.08.22,0.87300,0.88380,0.87240,0.88220,1361,160,0,CADCHF,Pepperstone MT5
1996.08.23,0.88220,0.88390,0.86930,0.87040,1741,160,0,CADCHF,Pepperstone MT5
1996.08.26,0.86870,0.87140,0.86560,0.87070,961,160,0,CADCHF,Pepperstone MT5
1996.08.27,0.87080,0.87370,0.86690,0.87240,1201,160,0,CADCHF,Pepperstone MT5
1996.08.28,0.87240,0.87630,0.87080,0.87320,1021,160,0,CADCHF,Pepperstone MT5
1996.08.29,0.87360,0.87780,0.87230,0.87360,1101,160,0,CADCHF,Pepperstone MT5
1996.08.30,0.87350,0.88110,0.87170,0.87830,1401,160,0,CADCHF,Pepperstone MT5
1996.09.02,0.88010,0.88430,0.88000,0.88300,571,160,0,CADCHF,Pepperstone MT5
1996.09.03,0.88290,0.88570,0.88080,0.88280,971,160,0,CADCHF,Pepperstone MT5
1996.09.04,0.88280,0.88410,0.87810,0.88010,931,160,0,CADCHF,Pepperstone MT5
1996.09.05,0.88010,0.88280,0.87850,0.88000,851,160,0,CADCHF,Pepperstone MT5
1996.09.06,0.87990,0.88850,0.87780,0.88780,1351,160,0,CADCHF,Pepperstone MT5
1996.09.09,0.88620,0.89290,0.88430,0.89170,1171,160,0,CADCHF,Pepperstone MT5
1996.09.10,0.89170,0.90260,0.88960,0.90070,1701,160,0,CADCHF,Pepperstone MT5
1996.09.11,0.90080,0.90320,0.89710,0.90090,1211,160,0,CADCHF,Pepperstone MT5
1996.09.12,0.90090,0.90390,0.89720,0.90240,1191,160,0,CADCHF,Pepperstone MT5
1996.09.13,0.90240,0.90920,0.90060,0.90860,1101,160,0,CADCHF,Pepperstone MT5
1996.09.16,0.90830,0.90940,0.90300,0.90530,981,160,0,CADCHF,Pepperstone MT5
1996.09.17,0.90530,0.90840,0.90350,0.90750,761,160,0,CADCHF,Pepperstone MT5
1996.09.18,0.90750,0.90990,0.90280,0.90520,1191,160,0,CADCHF,Pepperstone MT5
1996.09.19,0.90520,0.90800,0.90240,0.90700,941,160,0,CADCHF,Pepperstone MT5
1996.09.20,0.90700,0.90990,0.90470,0.90680,1021,160,0,CADCHF,Pepperstone MT5
1996.09.23,0.90680,0.90780,0.90250,0.90410,791,160,0,CADCHF,Pepperstone MT5
1996.09.24,0.90410,0.90610,0.89600,0.89650,1261,160,0,CADCHF,Pepperstone MT5
1996.09.25,0.89650,0.90900,0.89650,0.90800,1351,160,0,CADCHF,Pepperstone MT5
1996.09.26,0.90800,0.91820,0.90610,0.91670,1551,160,0,CADCHF,Pepperstone MT5
1996.09.27,0.91670,0.92230,0.91500,0.92130,1001,160,0,CADCHF,Pepperstone MT5
1996.09.30,0.92210,0.92400,0.91860,0.92160,1031,160,0,CADCHF,Pepperstone MT5
1996.10.01,0.92160,0.92440,0.91760,0.92370,1151,160,0,CADCHF,Pepperstone MT5
1996.10.02,0.92370,0.92590,0.91730,0.92520,1571,160,0,CADCHF,Pepperstone MT5
1996.10.03,0.92520,0.92650,0.92020,0.92230,971,160,0,CADCHF,Pepperstone MT5
1996.10.04,0.92230,0.92930,0.92150,0.92690,1101,160,0,CADCHF,Pepperstone MT5
1996.10.07,0.93010,0.93130,0.92590,0.92750,821,160,0,CADCHF,Pepperstone MT5
1996.10.08,0.92730,0.92960,0.92010,0.92670,1841,160,0,CADCHF,Pepperstone MT5
1996.10.09,0.92670,0.92910,0.92360,0.92600,1031,160,0,CADCHF,Pepperstone MT5
1996.10.10,0.92600,0.92910,0.92320,0.92440,1021,160,0,CADCHF,Pepperstone MT5
1996.10.11,0.92440,0.92880,0.92300,0.92700,901,160,0,CADCHF,Pepperstone MT5
1996.10.14,0.92740,0.92890,0.92560,0.92630,551,160,0,CADCHF,Pepperstone MT5
1996.10.15,0.92630,0.93760,0.92460,0.93650,1581,160,0,CADCHF,Pepperstone MT5
1996.10.16,0.93820,0.93820,0.93560,0.93700,401,160,0,CADCHF,Pepperstone MT5
1996.10.17,0.93460,0.93880,0.93400,0.93880,541,160,0,CADCHF,Pepperstone MT5
1996.10.18,0.93750,0.94140,0.93680,0.94140,531,160,0,CADCHF,Pepperstone MT5
1996.10.21,0.94180,0.94370,0.93660,0.93840,1081,160,0,CADCHF,Pepperstone MT5
1996.10.22,0.93690,0.94060,0.93450,0.94060,851,160,0,CADCHF,Pepperstone MT5
1996.10.23,0.93300,0.93360,0.92470,0.93360,1721,160,0,CADCHF,Pepperstone MT5
1996.10.24,0.93220,0.93590,0.93150,0.93450,651,160,0,CADCHF,Pepperstone MT5
1996.10.25,0.93360,0.93920,0.93360,0.93680,801,160,0,CADCHF,Pepperstone MT5
1996.10.28,0.93940,0.94050,0.93690,0.93770,551,160,0,CADCHF,Pepperstone MT5
1996.10.29,0.93660,0.93690,0.92910,0.93220,1121,160,0,CADCHF,Pepperstone MT5
1996.10.30,0.93280,0.93690,0.93210,0.93210,891,160,0,CADCHF,Pepperstone MT5
1996.10.31,0.93600,0.93980,0.93500,0.93960,601,160,0,CADCHF,Pepperstone MT5
1996.11.01,0.95170,0.95720,0.94890,0.95470,1361,160,0,CADCHF,Pepperstone MT5
1996.11.04,0.95120,0.95120,0.94930,0.94980,241,160,0,CADCHF,Pepperstone MT5
1996.11.05,0.94800,0.95770,0.94660,0.95770,1251,160,0,CADCHF,Pepperstone MT5
1996.11.06,0.96490,0.96520,0.95550,0.95550,1001,160,0,CADCHF,Pepperstone MT5
1996.11.07,0.95090,0.95700,0.94640,0.95060,2091,160,0,CADCHF,Pepperstone MT5
1996.11.08,0.95880,0.96020,0.95520,0.95840,961,160,0,CADCHF,Pepperstone MT5
1996.11.11,0.94950,0.95050,0.94500,0.94500,651,160,0,CADCHF,Pepperstone MT5
1996.11.12,0.94220,0.94700,0.93930,0.94700,1061,160,0,CADCHF,Pepperstone MT5
1996.11.13,0.95030,0.95280,0.94980,0.95000,571,160,0,CADCHF,Pepperstone MT5
1996.11.14,0.95100,0.95410,0.95100,0.95410,311,160,0,CADCHF,Pepperstone MT5
1996.11.15,0.95310,0.95380,0.95160,0.95330,421,160,0,CADCHF,Pepperstone MT5
1996.11.18,0.95310,0.95350,0.94510,0.94670,1041,160,0,CADCHF,Pepperstone MT5
1996.11.19,0.94400,0.94520,0.94350,0.94470,271,160,0,CADCHF,Pepperstone MT5
1996.11.20,0.94630,0.94690,0.94140,0.94140,611,160,0,CADCHF,Pepperstone MT5
1996.11.21,0.94610,0.94820,0.94440,0.94560,711,160,0,CADCHF,Pepperstone MT5
1996.11.22,0.94570,0.94890,0.94470,0.94770,641,160,0,CADCHF,Pepperstone MT5
1996.11.25,0.95270,0.95670,0.95170,0.95640,631,160,0,CADCHF,Pepperstone MT5
1996.11.26,0.95750,0.96630,0.95750,0.96320,1191,160,0,CADCHF,Pepperstone MT5
1996.11.27,0.96220,0.96220,0.95810,0.96110,711,160,0,CADCHF,Pepperstone MT5
1996.11.28,0.95880,0.96400,0.95880,0.96140,781,160,0,CADCHF,Pepperstone MT5
1996.11.29,0.96130,0.96460,0.96130,0.96310,481,160,0,CADCHF,Pepperstone MT5
1996.12.02,0.96970,0.97300,0.96760,0.97190,861,160,0,CADCHF,Pepperstone MT5
1996.12.03,0.98400,0.98540,0.98070,0.98470,871,160,0,CADCHF,Pepperstone MT5
1996.12.04,0.97840,0.98140,0.97500,0.97940,1181,160,0,CADCHF,Pepperstone MT5
1996.12.05,0.97250,0.97370,0.96240,0.96720,1731,160,0,CADCHF,Pepperstone MT5
1996.12.06,0.95880,0.96130,0.94870,0.96130,2271,160,0,CADCHF,Pepperstone MT5
1996.12.09,0.96710,0.98020,0.96710,0.97940,1391,160,0,CADCHF,Pepperstone MT5
1996.12.10,0.98090,0.98150,0.97480,0.97940,1191,160,0,CADCHF,Pepperstone MT5
1996.12.11,0.96920,0.97350,0.96240,0.96240,1541,160,0,CADCHF,Pepperstone MT5
1996.12.12,0.96330,0.97250,0.96330,0.96650,1521,160,0,CADCHF,Pepperstone MT5
1996.12.13,0.96860,0.96940,0.96100,0.96100,921,160,0,CADCHF,Pepperstone MT5
1996.12.16,0.97110,0.97530,0.97010,0.97110,1041,160,0,CADCHF,Pepperstone MT5
1996.12.17,0.96520,0.96990,0.96310,0.96670,1211,160,0,CADCHF,Pepperstone MT5
1996.12.18,0.96990,0.97600,0.96950,0.97550,741,160,0,CADCHF,Pepperstone MT5
1996.12.19,0.97320,0.98110,0.97320,0.98000,901,160,0,CADCHF,Pepperstone MT5
1996.12.20,0.97370,0.97920,0.97370,0.97480,991,160,0,CADCHF,Pepperstone MT5
1996.12.23,0.97550,0.98000,0.97470,0.97850,761,160,0,CADCHF,Pepperstone MT5
1996.12.24,0.97770,0.98460,0.97760,0.98460,711,160,0,CADCHF,Pepperstone MT5
1996.12.25,0.98630,0.98630,0.98630,0.98630,1,160,0,CADCHF,Pepperstone MT5
1996.12.26,0.98510,0.98510,0.98510,0.98510,1,160,0,CADCHF,Pepperstone MT5
1996.12.27,0.98430,0.99010,0.98420,0.98640,971,160,0,CADCHF,Pepperstone MT5
1996.12.30,0.98790,0.98830,0.98500,0.98720,591,160,0,CADCHF,Pepperstone MT5
1996.12.31,0.98480,0.98700,0.98130,0.98130,791,160,0,CADCHF,Pepperstone MT5
1997.01.01,0.97860,0.97860,0.97860,0.97860,1,160,0,CADCHF,Pepperstone MT5
1997.01.02,0.97850,0.98330,0.97850,0.98330,481,160,0,CADCHF,Pepperstone MT5
1997.01.03,0.97920,0.98980,0.97750,0.98980,1401,160,0,CADCHF,Pepperstone MT5
1997.01.06,0.98910,0.98910,0.98910,0.98910,1,160,0,CADCHF,Pepperstone MT5
1997.01.07,0.99020,0.99670,0.98540,0.99560,1721,160,0,CADCHF,Pepperstone MT5
1997.01.08,1.00370,1.00370,1.00370,1.00370,1,160,0,CADCHF,Pepperstone MT5
1997.01.09,1.00990,1.01220,1.00990,1.01220,231,160,0,CADCHF,Pepperstone MT5
1997.01.10,1.01550,1.02120,1.01410,1.02120,851,160,0,CADCHF,Pepperstone MT5
1997.01.13,1.01960,1.01960,1.01960,1.01960,1,160,0,CADCHF,Pepperstone MT5
1997.01.14,1.02220,1.02220,1.01250,1.01920,1641,160,0,CADCHF,Pepperstone MT5
1997.01.15,1.01780,1.02570,1.01590,1.02380,1361,160,0,CADCHF,Pepperstone MT5
1997.01.16,1.02430,1.03030,1.02150,1.02830,1361,160,0,CADCHF,Pepperstone MT5
1997.01.17,1.03360,1.04180,1.02990,1.03990,1751,160,0,CADCHF,Pepperstone MT5
1997.01.20,1.04840,1.05890,1.04540,1.05610,1931,160,0,CADCHF,Pepperstone MT5
1997.01.21,1.05570,1.06240,1.05410,1.05680,1551,160,0,CADCHF,Pepperstone MT5
1997.01.22,1.06470,1.07290,1.05720,1.07010,2601,160,0,CADCHF,Pepperstone MT5
1997.01.23,1.06970,1.06970,1.05920,1.06000,1131,160,0,CADCHF,Pepperstone MT5
1997.01.24,1.05770,1.05770,1.03960,1.04220,2071,160,0,CADCHF,Pepperstone MT5
1997.01.27,1.04500,1.05800,1.04500,1.05800,1301,160,0,CADCHF,Pepperstone MT5
1997.01.28,1.06030,1.07210,1.06030,1.06760,1631,160,0,CADCHF,Pepperstone MT5
1997.01.29,1.06900,1.07050,1.05360,1.05910,2391,160,0,CADCHF,Pepperstone MT5
1997.01.30,1.05800,1.06240,1.05450,1.05530,1311,160,0,CADCHF,Pepperstone MT5
1997.01.31,1.05560,1.06120,1.04590,1.05610,3011,160,0,CADCHF,Pepperstone MT5
1997.02.03,1.05870,1.06540,1.05610,1.05770,1761,160,0,CADCHF,Pepperstone MT5
1997.02.04,1.05730,1.06440,1.05400,1.06150,1661,160,0,CADCHF,Pepperstone MT5
1997.02.05,1.06070,1.06710,1.05770,1.06170,1781,160,0,CADCHF,Pepperstone MT5
1997.02.06,1.06330,1.06330,1.05520,1.05790,1081,160,0,CADCHF,Pepperstone MT5
1997.02.07,1.05430,1.07120,1.05430,1.07010,1801,160,0,CADCHF,Pepperstone MT5
1997.02.10,1.05330,1.05730,1.04920,1.05430,1521,160,0,CADCHF,Pepperstone MT5
1997.02.11,1.05590,1.05980,1.05360,1.05870,961,160,0,CADCHF,Pepperstone MT5
1997.02.12,1.05800,1.07030,1.05700,1.06710,1751,160,0,CADCHF,Pepperstone MT5
1997.02.13,1.06680,1.07430,1.06560,1.07340,1081,160,0,CADCHF,Pepperstone MT5
1997.02.14,1.07730,1.08480,1.07730,1.08400,831,160,0,CADCHF,Pepperstone MT5
1997.02.17,1.08850,1.09650,1.08840,1.09650,821,160,0,CADCHF,Pepperstone MT5
1997.02.18,1.09620,1.09750,1.08290,1.08400,1701,160,0,CADCHF,Pepperstone MT5
1997.02.19,1.08510,1.09790,1.07070,1.07070,4001,160,0,CADCHF,Pepperstone MT5
1997.02.20,1.08760,1.09320,1.07070,1.08540,4281,160,0,CADCHF,Pepperstone MT5
1997.02.21,1.08610,1.08610,1.07680,1.08120,1371,160,0,CADCHF,Pepperstone MT5
1997.02.24,1.07350,1.07490,1.06490,1.06940,1591,160,0,CADCHF,Pepperstone MT5
1997.02.25,1.07120,1.07680,1.07120,1.07610,631,160,0,CADCHF,Pepperstone MT5
1997.02.26,1.07310,1.08280,1.07090,1.08210,1481,160,0,CADCHF,Pepperstone MT5
1997.02.27,1.08210,1.08490,1.07780,1.08240,1391,160,0,CADCHF,Pepperstone MT5
1997.02.28,1.08120,1.08230,1.07750,1.07830,671,160,0,CADCHF,Pepperstone MT5
1997.03.03,1.08280,1.08350,1.07630,1.08050,1211,160,0,CADCHF,Pepperstone MT5
1997.03.04,1.08260,1.08820,1.08120,1.08510,1151,160,0,CADCHF,Pepperstone MT5
1997.03.05,1.08610,1.08770,1.08070,1.08140,931,160,0,CADCHF,Pepperstone MT5
1997.03.06,1.08260,1.09350,1.08160,1.08860,1781,160,0,CADCHF,Pepperstone MT5
1997.03.07,1.08650,1.08680,1.07930,1.08560,1411,160,0,CADCHF,Pepperstone MT5
1997.03.10,1.07930,1.08050,1.07170,1.07400,1231,160,0,CADCHF,Pepperstone MT5
1997.03.11,1.07330,1.07990,1.07210,1.07720,1171,160,0,CADCHF,Pepperstone MT5
1997.03.12,1.07980,1.08190,1.07300,1.07400,1201,160,0,CADCHF,Pepperstone MT5
1997.03.13,1.06960,1.07400,1.05650,1.07400,3061,160,0,CADCHF,Pepperstone MT5
1997.03.14,1.07590,1.07660,1.06770,1.06930,1121,160,0,CADCHF,Pepperstone MT5
1997.03.17,1.06890,1.07100,1.06100,1.06540,1651,160,0,CADCHF,Pepperstone MT5
1997.03.18,1.06680,1.06720,1.04680,1.04870,2271,160,0,CADCHF,Pepperstone MT5
1997.03.19,1.04960,1.05190,1.04710,1.04850,851,160,0,CADCHF,Pepperstone MT5
1997.03.20,1.04860,1.05170,1.03920,1.05100,2261,160,0,CADCHF,Pepperstone MT5
1997.03.21,1.05030,1.06190,1.05010,1.05580,1811,160,0,CADCHF,Pepperstone MT5
1997.03.24,1.05680,1.06400,1.05230,1.05840,2181,160,0,CADCHF,Pepperstone MT5
1997.03.25,1.05770,1.06580,1.05590,1.06540,1211,160,0,CADCHF,Pepperstone MT5
1997.03.26,1.06540,1.07030,1.06220,1.06820,1341,160,0,CADCHF,Pepperstone MT5
1997.03.27,1.05940,1.06820,1.05410,1.05410,2291,160,0,CADCHF,Pepperstone MT5
1997.03.28,1.05070,1.05070,1.05070,1.05070,1,160,0,CADCHF,Pepperstone MT5
1997.03.31,1.04670,1.04670,1.04670,1.04670,1,160,0,CADCHF,Pepperstone MT5
1997.04.01,1.04800,1.04820,1.03580,1.03940,1621,160,0,CADCHF,Pepperstone MT5
1997.04.02,1.04080,1.04400,1.03610,1.03850,1351,160,0,CADCHF,Pepperstone MT5
1997.04.03,1.04100,1.04290,1.03060,1.03130,1491,160,0,CADCHF,Pepperstone MT5
1997.04.04,1.03270,1.03740,1.02940,1.03740,1131,160,0,CADCHF,Pepperstone MT5
1997.04.07,1.04310,1.05650,1.03940,1.05470,2261,160,0,CADCHF,Pepperstone MT5
1997.04.08,1.05820,1.06560,1.05800,1.05840,1501,160,0,CADCHF,Pepperstone MT5
1997.04.09,1.06380,1.06490,1.05830,1.06310,1251,160,0,CADCHF,Pepperstone MT5
1997.04.10,1.06230,1.06260,1.05310,1.05650,1321,160,0,CADCHF,Pepperstone MT5
1997.04.11,1.05470,1.05560,1.04900,1.04970,821,160,0,CADCHF,Pepperstone MT5
1997.04.14,1.04260,1.05040,1.04220,1.05010,891,160,0,CADCHF,Pepperstone MT5
1997.04.15,1.05360,1.05590,1.04750,1.05300,1621,160,0,CADCHF,Pepperstone MT5
1997.04.16,1.04980,1.05220,1.04750,1.05220,701,160,0,CADCHF,Pepperstone MT5
1997.04.17,1.05190,1.05330,1.04780,1.04870,781,160,0,CADCHF,Pepperstone MT5
1997.04.18,1.04750,1.04770,1.04100,1.04180,771,160,0,CADCHF,Pepperstone MT5
1997.04.21,1.03540,1.04010,1.03540,1.03680,801,160,0,CADCHF,Pepperstone MT5
1997.04.22,1.03470,1.04430,1.03400,1.04400,1131,160,0,CADCHF,Pepperstone MT5
1997.04.23,1.04470,1.05180,1.04430,1.04960,1011,160,0,CADCHF,Pepperstone MT5
1997.04.24,1.04990,1.05590,1.04840,1.05000,1491,160,0,CADCHF,Pepperstone MT5
1997.04.25,1.05070,1.05260,1.04620,1.05050,1261,160,0,CADCHF,Pepperstone MT5
1997.04.28,1.05620,1.05660,1.04780,1.05040,1181,160,0,CADCHF,Pepperstone MT5
1997.04.29,1.05260,1.05430,1.04830,1.04940,881,160,0,CADCHF,Pepperstone MT5
1997.04.30,1.04830,1.05480,1.04830,1.05440,691,160,0,CADCHF,Pepperstone MT5
1997.05.01,1.05510,1.05680,1.04940,1.05520,1471,160,0,CADCHF,Pepperstone MT5
1997.05.02,1.05400,1.06540,1.05220,1.06400,1641,160,0,CADCHF,Pepperstone MT5
1997.05.05,1.06330,1.06870,1.06260,1.06840,711,160,0,CADCHF,Pepperstone MT5
1997.05.06,1.06850,1.07010,1.05990,1.05990,1181,160,0,CADCHF,Pepperstone MT5
1997.05.07,1.06010,1.06520,1.05350,1.05770,2101,160,0,CADCHF,Pepperstone MT5
1997.05.08,1.05750,1.05750,1.04480,1.04710,1501,160,0,CADCHF,Pepperstone MT5
1997.05.09,1.04050,1.04330,1.02120,1.02340,2711,160,0,CADCHF,Pepperstone MT5
1997.05.12,1.01830,1.03640,1.01830,1.03640,1811,160,0,CADCHF,Pepperstone MT5
1997.05.13,1.03750,1.03750,1.03030,1.03680,1371,160,0,CADCHF,Pepperstone MT5
1997.05.14,1.03750,1.04470,1.03500,1.03940,1751,160,0,CADCHF,Pepperstone MT5
1997.05.15,1.03470,1.03940,1.02480,1.03850,2541,160,0,CADCHF,Pepperstone MT5
1997.05.16,1.03700,1.04820,1.03270,1.03610,3011,160,0,CADCHF,Pepperstone MT5
1997.05.19,1.03290,1.04290,1.03290,1.04120,1171,160,0,CADCHF,Pepperstone MT5
1997.05.20,1.03710,1.03710,1.02000,1.02430,2141,160,0,CADCHF,Pepperstone MT5
1997.05.21,1.00480,1.03660,1.00480,1.02850,3991,160,0,CADCHF,Pepperstone MT5
1997.05.22,1.03360,1.03500,1.02520,1.02800,1401,160,0,CADCHF,Pepperstone MT5
1997.05.23,1.02920,1.03030,1.02180,1.02400,1181,160,0,CADCHF,Pepperstone MT5
1997.05.26,1.02290,1.02290,1.01090,1.01750,1861,160,0,CADCHF,Pepperstone MT5
1997.05.27,1.01820,1.03090,1.01820,1.02460,1901,160,0,CADCHF,Pepperstone MT5
1997.05.28,1.03010,1.03220,1.02240,1.02570,1521,160,0,CADCHF,Pepperstone MT5
1997.05.29,1.01990,1.03610,1.01990,1.02320,2911,160,0,CADCHF,Pepperstone MT5
1997.05.30,1.02270,1.02590,1.01730,1.02570,1421,160,0,CADCHF,Pepperstone MT5
1997.06.02,1.03220,1.04230,1.03000,1.03960,1721,160,0,CADCHF,Pepperstone MT5
1997.06.03,1.03890,1.04730,1.03760,1.04730,1101,160,0,CADCHF,Pepperstone MT5
1997.06.04,1.04660,1.05560,1.04660,1.05150,1311,160,0,CADCHF,Pepperstone MT5
1997.06.05,1.04830,1.05210,1.04610,1.05210,821,160,0,CADCHF,Pepperstone MT5
1997.06.06,1.05190,1.05860,1.04590,1.05050,2401,160,0,CADCHF,Pepperstone MT5
1997.06.09,1.04380,1.04380,1.03640,1.03640,741,160,0,CADCHF,Pepperstone MT5
1997.06.10,1.03640,1.04190,1.03610,1.04050,751,160,0,CADCHF,Pepperstone MT5
1997.06.11,1.03640,1.03820,1.03220,1.03460,1021,160,0,CADCHF,Pepperstone MT5
1997.06.12,1.04220,1.04590,1.03890,1.04310,1311,160,0,CADCHF,Pepperstone MT5
1997.06.13,1.04520,1.04910,1.04150,1.04850,1191,160,0,CADCHF,Pepperstone MT5
1997.06.16,1.04540,1.04860,1.04010,1.04010,1171,160,0,CADCHF,Pepperstone MT5
1997.06.17,1.04000,1.04660,1.03940,1.04360,1081,160,0,CADCHF,Pepperstone MT5
1997.06.18,1.04010,1.04310,1.03960,1.04310,401,160,0,CADCHF,Pepperstone MT5
1997.06.19,1.03800,1.04100,1.03190,1.03530,1551,160,0,CADCHF,Pepperstone MT5
1997.06.20,1.03380,1.04040,1.03380,1.03520,1181,160,0,CADCHF,Pepperstone MT5
1997.06.23,1.03710,1.03800,1.03020,1.03170,1021,160,0,CADCHF,Pepperstone MT5
1997.06.24,1.02950,1.03660,1.02950,1.03450,921,160,0,CADCHF,Pepperstone MT5
1997.06.25,1.03340,1.03590,1.02870,1.02980,1081,160,0,CADCHF,Pepperstone MT5
1997.06.26,1.03050,1.04470,1.02970,1.04210,1841,160,0,CADCHF,Pepperstone MT5
1997.06.27,1.04190,1.05050,1.03870,1.04910,1641,160,0,CADCHF,Pepperstone MT5
1997.06.30,1.05830,1.05830,1.05830,1.05830,1,160,0,CADCHF,Pepperstone MT5
1997.07.01,1.06280,1.06280,1.06280,1.06280,1,160,0,CADCHF,Pepperstone MT5
1997.07.02,1.06910,1.06910,1.06910,1.06910,1,160,0,CADCHF,Pepperstone MT5
1997.07.03,1.06760,1.06760,1.06760,1.06760,1,160,0,CADCHF,Pepperstone MT5
1997.07.04,1.06650,1.06650,1.06650,1.06650,1,160,0,CADCHF,Pepperstone MT5
1997.07.07,1.05950,1.05950,1.05950,1.05950,1,160,0,CADCHF,Pepperstone MT5
1997.07.08,1.06730,1.06730,1.06730,1.06730,1,160,0,CADCHF,Pepperstone MT5
1997.07.09,1.06170,1.06170,1.06170,1.06170,1,160,0,CADCHF,Pepperstone MT5
1997.07.10,1.05490,1.05490,1.05490,1.05490,1,160,0,CADCHF,Pepperstone MT5
1997.07.11,1.07140,1.07140,1.07140,1.07140,1,160,0,CADCHF,Pepperstone MT5
1997.07.14,1.07620,1.07620,1.07620,1.07620,1,160,0,CADCHF,Pepperstone MT5
1997.07.15,1.07540,1.07540,1.07540,1.07540,1,160,0,CADCHF,Pepperstone MT5
1997.07.16,1.07370,1.07370,1.07370,1.07370,1,160,0,CADCHF,Pepperstone MT5
1997.07.17,1.07440,1.07440,1.07440,1.07440,1,160,0,CADCHF,Pepperstone MT5
1997.07.18,1.07380,1.07380,1.07380,1.07380,1,160,0,CADCHF,Pepperstone MT5
1997.07.21,1.07190,1.07190,1.07190,1.07190,1,160,0,CADCHF,Pepperstone MT5
1997.07.22,1.07550,1.07550,1.07550,1.07550,1,160,0,CADCHF,Pepperstone MT5
1997.07.23,1.07320,1.07320,1.07320,1.07320,1,160,0,CADCHF,Pepperstone MT5
1997.07.24,1.08940,1.08940,1.08940,1.08940,1,160,0,CADCHF,Pepperstone MT5
1997.07.25,1.09500,1.09500,1.09500,1.09500,1,160,0,CADCHF,Pepperstone MT5
1997.07.28,1.09250,1.09250,1.09250,1.09250,1,160,0,CADCHF,Pepperstone MT5
1997.07.29,1.09670,1.09670,1.09670,1.09670,1,160,0,CADCHF,Pepperstone MT5
1997.07.30,1.09570,1.09570,1.09570,1.09570,1,160,0,CADCHF,Pepperstone MT5
1997.07.31,1.09740,1.09740,1.09740,1.09740,1,160,0,CADCHF,Pepperstone MT5
1997.08.01,1.10390,1.10390,1.10390,1.10390,1,160,0,CADCHF,Pepperstone MT5
1997.08.04,1.10580,1.10580,1.10580,1.10580,1,160,0,CADCHF,Pepperstone MT5
1997.08.05,1.11150,1.11150,1.11150,1.11150,1,160,0,CADCHF,Pepperstone MT5
1997.08.06,1.10340,1.10340,1.10340,1.10340,1,160,0,CADCHF,Pepperstone MT5
1997.08.07,1.10270,1.10270,1.10270,1.10270,1,160,0,CADCHF,Pepperstone MT5
1997.08.08,1.08560,1.08560,1.08560,1.08560,1,160,0,CADCHF,Pepperstone MT5
1997.08.11,1.09470,1.09470,1.09470,1.09470,1,160,0,CADCHF,Pepperstone MT5
1997.08.12,1.09530,1.09530,1.09530,1.09530,1,160,0,CADCHF,Pepperstone MT5
1997.08.13,1.08520,1.08520,1.08520,1.08520,1,160,0,CADCHF,Pepperstone MT5
1997.08.14,1.09050,1.09050,1.09050,1.09050,1,160,0,CADCHF,Pepperstone MT5
1997.08.15,1.08330,1.08330,1.08330,1.08330,1,160,0,CADCHF,Pepperstone MT5
1997.08.18,1.09270,1.09270,1.09270,1.09270,1,160,0,CADCHF,Pepperstone MT5
1997.08.19,1.08630,1.08630,1.08630,1.08630,1,160,0,CADCHF,Pepperstone MT5
1997.08.20,1.09540,1.09540,1.09540,1.09540,1,160,0,CADCHF,Pepperstone MT5
1997.08.21,1.08520,1.08520,1.08520,1.08520,1,160,0,CADCHF,Pepperstone MT5
1997.08.22,1.07680,1.07680,1.07680,1.07680,1,160,0,CADCHF,Pepperstone MT5
1997.08.25,1.07670,1.07670,1.07670,1.07670,1,160,0,CADCHF,Pepperstone MT5
1997.08.26,1.06530,1.06530,1.06530,1.06530,1,160,0,CADCHF,Pepperstone MT5
1997.08.27,1.07710,1.07710,1.07710,1.07710,1,160,0,CADCHF,Pepperstone MT5
1997.08.28,1.06650,1.06650,1.06650,1.06650,1,160,0,CADCHF,Pepperstone MT5
1997.08.29,1.07510,1.07510,1.07510,1.07510,1,160,0,CADCHF,Pepperstone MT5
1997.09.01,1.07600,1.07600,1.07600,1.07600,1,160,0,CADCHF,Pepperstone MT5
1997.09.02,1.08910,1.08910,1.08910,1.08910,1,160,0,CADCHF,Pepperstone MT5
1997.09.03,1.08460,1.08460,1.08460,1.08460,1,160,0,CADCHF,Pepperstone MT5
1997.09.04,1.08160,1.08160,1.08160,1.08160,1,160,0,CADCHF,Pepperstone MT5
1997.09.05,1.07020,1.07020,1.07020,1.07020,1,160,0,CADCHF,Pepperstone MT5
1997.09.08,1.07530,1.07530,1.07530,1.07530,1,160,0,CADCHF,Pepperstone MT5
1997.09.09,1.07460,1.07460,1.07460,1.07460,1,160,0,CADCHF,Pepperstone MT5
1997.09.10,1.06690,1.06690,1.06690,1.06690,1,160,0,CADCHF,Pepperstone MT5
1997.09.11,1.05810,1.05810,1.05810,1.05810,1,160,0,CADCHF,Pepperstone MT5
1997.09.12,1.05050,1.05050,1.05050,1.05050,1,160,0,CADCHF,Pepperstone MT5
1997.09.15,1.03860,1.03860,1.03860,1.03860,1,160,0,CADCHF,Pepperstone MT5
1997.09.16,1.04590,1.04590,1.04590,1.04590,1,160,0,CADCHF,Pepperstone MT5
1997.09.17,1.05280,1.05280,1.05280,1.05280,1,160,0,CADCHF,Pepperstone MT5
1997.09.18,1.05340,1.05340,1.05340,1.05340,1,160,0,CADCHF,Pepperstone MT5
1997.09.19,1.05300,1.05300,1.05300,1.05300,1,160,0,CADCHF,Pepperstone MT5
1997.09.22,1.05800,1.05800,1.05800,1.05800,1,160,0,CADCHF,Pepperstone MT5
1997.09.23,1.05710,1.05710,1.05710,1.05710,1,160,0,CADCHF,Pepperstone MT5
1997.09.24,1.04970,1.04970,1.04970,1.04970,1,160,0,CADCHF,Pepperstone MT5
1997.09.25,1.04850,1.04850,1.04850,1.04850,1,160,0,CADCHF,Pepperstone MT5
1997.09.26,1.04820,1.04820,1.04820,1.04820,1,160,0,CADCHF,Pepperstone MT5
1997.09.29,1.05160,1.05160,1.05160,1.05160,1,160,0,CADCHF,Pepperstone MT5
1997.09.30,1.04750,1.04750,1.04750,1.04750,1,160,0,CADCHF,Pepperstone MT5
1997.10.01,1.04840,1.05980,1.04520,1.05730,2031,160,0,CADCHF,Pepperstone MT5
1997.10.02,1.05770,1.05980,1.05400,1.05920,1011,160,0,CADCHF,Pepperstone MT5
1997.10.03,1.06010,1.06420,1.05490,1.05490,1341,160,0,CADCHF,Pepperstone MT5
1997.10.06,1.05240,1.06050,1.05240,1.05840,1021,160,0,CADCHF,Pepperstone MT5
1997.10.07,1.05330,1.05570,1.04430,1.05240,2191,160,0,CADCHF,Pepperstone MT5
1997.10.08,1.05680,1.06070,1.05240,1.05240,1221,160,0,CADCHF,Pepperstone MT5
1997.10.09,1.05290,1.06080,1.04840,1.05860,1911,160,0,CADCHF,Pepperstone MT5
1997.10.10,1.05840,1.06030,1.04700,1.05680,2501,160,0,CADCHF,Pepperstone MT5
1997.10.13,1.05800,1.06560,1.05800,1.05870,1451,160,0,CADCHF,Pepperstone MT5
1997.10.14,1.05940,1.06240,1.05180,1.05820,2001,160,0,CADCHF,Pepperstone MT5
1997.10.15,1.05540,1.06150,1.05260,1.05330,1571,160,0,CADCHF,Pepperstone MT5
1997.10.16,1.05050,1.05190,1.04750,1.04830,661,160,0,CADCHF,Pepperstone MT5
1997.10.17,1.04940,1.06490,1.04770,1.06460,1921,160,0,CADCHF,Pepperstone MT5
1997.10.20,1.06280,1.06680,1.06170,1.06310,991,160,0,CADCHF,Pepperstone MT5
1997.10.21,1.06240,1.06780,1.06240,1.06780,541,160,0,CADCHF,Pepperstone MT5
1997.10.22,1.07100,1.07170,1.05920,1.06080,1481,160,0,CADCHF,Pepperstone MT5
1997.10.23,1.06610,1.06720,1.05610,1.05840,1451,160,0,CADCHF,Pepperstone MT5
1997.10.24,1.05500,1.06360,1.05310,1.05310,1911,160,0,CADCHF,Pepperstone MT5
1997.10.27,1.04910,1.04910,1.03790,1.04190,1521,160,0,CADCHF,Pepperstone MT5
1997.10.28,1.01290,1.01430,0.98270,1.00250,5281,160,0,CADCHF,Pepperstone MT5
1997.10.29,1.01030,1.02100,1.01030,1.01220,1951,160,0,CADCHF,Pepperstone MT5
1997.10.30,1.00220,1.00390,0.98790,1.00070,3051,160,0,CADCHF,Pepperstone MT5
1997.10.31,0.99500,1.00390,0.99080,0.99470,2591,160,0,CADCHF,Pepperstone MT5
1997.11.03,1.00110,1.01170,0.99820,1.00460,2351,160,0,CADCHF,Pepperstone MT5
1997.11.04,1.00110,1.00320,0.99750,1.00140,1111,160,0,CADCHF,Pepperstone MT5
1997.11.05,1.00030,1.01360,1.00030,1.00390,2301,160,0,CADCHF,Pepperstone MT5
1997.11.06,1.00180,1.00780,1.00180,1.00250,1131,160,0,CADCHF,Pepperstone MT5
1997.11.07,1.00140,1.00220,0.98090,0.98870,2991,160,0,CADCHF,Pepperstone MT5
1997.11.10,0.98830,0.99570,0.98720,0.98760,1631,160,0,CADCHF,Pepperstone MT5
1997.11.11,0.98510,0.99220,0.98510,0.99180,751,160,0,CADCHF,Pepperstone MT5
1997.11.12,0.98970,0.99150,0.98470,0.99150,1181,160,0,CADCHF,Pepperstone MT5
1997.11.13,0.99400,0.99650,0.99290,0.99290,611,160,0,CADCHF,Pepperstone MT5
1997.11.14,0.99220,0.99930,0.99190,0.99470,1231,160,0,CADCHF,Pepperstone MT5
1997.11.17,0.99860,1.00280,0.99580,0.99580,1121,160,0,CADCHF,Pepperstone MT5
1997.11.18,0.99540,0.99680,0.99080,0.99190,851,160,0,CADCHF,Pepperstone MT5
1997.11.19,0.99400,0.99430,0.98870,0.99430,1091,160,0,CADCHF,Pepperstone MT5
1997.11.20,0.99360,0.99360,0.98700,0.99050,1011,160,0,CADCHF,Pepperstone MT5
1997.11.21,0.99260,1.00460,0.99260,1.00180,1481,160,0,CADCHF,Pepperstone MT5
1997.11.24,0.99400,0.99510,0.98450,0.98840,1561,160,0,CADCHF,Pepperstone MT5
1997.11.25,0.98870,0.99580,0.98800,0.99150,1281,160,0,CADCHF,Pepperstone MT5
1997.11.26,0.99370,0.99790,0.98910,0.99440,1691,160,0,CADCHF,Pepperstone MT5
1997.11.27,0.99720,1.00280,0.99650,1.00000,981,160,0,CADCHF,Pepperstone MT5
1997.11.28,0.99790,1.00390,0.99650,1.00250,1021,160,0,CADCHF,Pepperstone MT5
1997.12.01,1.00180,1.00770,1.00030,1.00600,1061,160,0,CADCHF,Pepperstone MT5
1997.12.02,1.00670,1.00880,1.00110,1.00770,1441,160,0,CADCHF,Pepperstone MT5
1997.12.03,1.00880,1.01090,1.00600,1.00670,771,160,0,CADCHF,Pepperstone MT5
1997.12.04,1.00850,1.01060,1.00530,1.00630,841,160,0,CADCHF,Pepperstone MT5
1997.12.05,1.00740,1.01160,1.00490,1.01060,1021,160,0,CADCHF,Pepperstone MT5
1997.12.08,1.01550,1.02110,1.01440,1.02040,851,160,0,CADCHF,Pepperstone MT5
1997.12.09,1.02460,1.02890,1.02320,1.02780,821,160,0,CADCHF,Pepperstone MT5
1997.12.10,1.02390,1.02600,1.01410,1.01580,1571,160,0,CADCHF,Pepperstone MT5
1997.12.11,1.01440,1.01440,0.99890,0.99890,1551,160,0,CADCHF,Pepperstone MT5
1997.12.12,0.99750,1.00990,0.99750,1.00920,1311,160,0,CADCHF,Pepperstone MT5
1997.12.15,1.01300,1.01370,1.00490,1.00600,1061,160,0,CADCHF,Pepperstone MT5
1997.12.16,1.00950,1.01410,1.00700,1.01410,961,160,0,CADCHF,Pepperstone MT5
1997.12.17,1.00880,1.01270,1.00460,1.00840,1581,160,0,CADCHF,Pepperstone MT5
1997.12.18,1.00980,1.01370,1.00700,1.00880,1241,160,0,CADCHF,Pepperstone MT5
1997.12.19,1.00420,1.00670,0.99440,0.99550,1591,160,0,CADCHF,Pepperstone MT5
1997.12.22,1.00490,1.00520,1.00000,1.00000,551,160,0,CADCHF,Pepperstone MT5
1997.12.23,1.00070,1.00380,0.99650,0.99650,1041,160,0,CADCHF,Pepperstone MT5
1997.12.24,0.99510,0.99900,0.99410,0.99690,801,160,0,CADCHF,Pepperstone MT5
1997.12.25,0.99900,0.99900,0.99900,0.99900,1,160,0,CADCHF,Pepperstone MT5
1997.12.26,0.99900,0.99900,0.99900,0.99900,1,160,0,CADCHF,Pepperstone MT5
1997.12.29,0.99480,1.00590,0.99480,1.00590,1111,160,0,CADCHF,Pepperstone MT5
1997.12.30,1.00600,1.01230,1.00540,1.01060,921,160,0,CADCHF,Pepperstone MT5
1997.12.31,1.01020,1.01710,1.00710,1.01610,1411,160,0,CADCHF,Pepperstone MT5
1998.01.01,1.01600,1.01600,1.01600,1.01600,1,160,0,CADCHF,Pepperstone MT5
1998.01.02,1.02230,1.02230,1.01990,1.01990,25,160,0,CADCHF,Pepperstone MT5
1998.01.05,1.01640,1.03680,1.01640,1.03680,205,160,0,CADCHF,Pepperstone MT5
1998.01.06,1.04030,1.04130,1.02930,1.03110,149,160,0,CADCHF,Pepperstone MT5
1998.01.07,1.03600,1.03600,1.02860,1.03250,114,160,0,CADCHF,Pepperstone MT5
1998.01.08,1.03390,1.03420,1.02080,1.02730,203,160,0,CADCHF,Pepperstone MT5
1998.01.09,1.02800,1.04010,1.02620,1.03650,194,160,0,CADCHF,Pepperstone MT5
1998.01.12,1.03610,1.03610,1.02510,1.02930,153,160,0,CADCHF,Pepperstone MT5
1998.01.13,1.03100,1.03140,1.02720,1.03070,82,160,0,CADCHF,Pepperstone MT5
1998.01.14,1.03350,1.03950,1.03310,1.03380,126,160,0,CADCHF,Pepperstone MT5
1998.01.15,1.03310,1.04150,1.02740,1.03970,217,160,0,CADCHF,Pepperstone MT5
1998.01.16,1.04380,1.04570,1.03900,1.04260,123,160,0,CADCHF,Pepperstone MT5
1998.01.19,1.04500,1.04910,1.04040,1.04310,156,160,0,CADCHF,Pepperstone MT5
1998.01.20,1.04490,1.04490,1.03850,1.04240,104,160,0,CADCHF,Pepperstone MT5
1998.01.21,1.03820,1.03820,1.02700,1.02700,113,160,0,CADCHF,Pepperstone MT5
1998.01.22,1.01390,1.01800,1.00970,1.01520,154,160,0,CADCHF,Pepperstone MT5
1998.01.23,1.01240,1.01240,0.99110,0.99380,241,160,0,CADCHF,Pepperstone MT5
1998.01.26,0.99720,1.00660,0.98480,1.00660,343,160,0,CADCHF,Pepperstone MT5
1998.01.27,1.00000,1.00480,0.99380,0.99380,159,160,0,CADCHF,Pepperstone MT5
1998.01.28,0.99310,1.00520,0.99310,1.00270,147,160,0,CADCHF,Pepperstone MT5
1998.01.29,1.00410,1.00820,1.00030,1.00310,149,160,0,CADCHF,Pepperstone MT5
1998.01.30,1.00820,1.01540,1.00410,1.01470,162,160,0,CADCHF,Pepperstone MT5
1998.02.02,1.01410,1.02380,1.01410,1.01650,171,160,0,CADCHF,Pepperstone MT5
1998.02.03,1.01380,1.01620,1.01100,1.01240,91,160,0,CADCHF,Pepperstone MT5
1998.02.04,1.00960,1.01560,1.00340,1.00340,183,160,0,CADCHF,Pepperstone MT5
1998.02.05,1.00100,1.00590,0.99970,1.00140,121,160,0,CADCHF,Pepperstone MT5
1998.02.06,1.00240,1.01610,1.00240,1.01400,159,160,0,CADCHF,Pepperstone MT5
1998.02.09,1.02100,1.02200,1.01780,1.02090,84,160,0,CADCHF,Pepperstone MT5
1998.02.10,1.02020,1.02450,1.01780,1.02340,103,160,0,CADCHF,Pepperstone MT5
1998.02.11,1.02100,1.02440,1.01810,1.01920,109,160,0,CADCHF,Pepperstone MT5
1998.02.12,1.01850,1.01950,1.01010,1.01360,140,160,0,CADCHF,Pepperstone MT5
1998.02.13,1.01570,1.02160,1.01290,1.01490,167,160,0,CADCHF,Pepperstone MT5
1998.02.16,1.01450,1.01520,1.01140,1.01250,57,160,0,CADCHF,Pepperstone MT5
1998.02.17,1.00970,1.02360,1.00930,1.02220,162,160,0,CADCHF,Pepperstone MT5
1998.02.18,1.02290,1.02610,1.02050,1.02190,103,160,0,CADCHF,Pepperstone MT5
1998.02.19,1.02580,1.03440,1.02300,1.03300,157,160,0,CADCHF,Pepperstone MT5
1998.02.20,1.02730,1.03710,1.02730,1.03490,121,160,0,CADCHF,Pepperstone MT5
1998.02.23,1.03240,1.03900,1.01720,1.01860,299,160,0,CADCHF,Pepperstone MT5
1998.02.24,1.01820,1.02430,1.01680,1.02210,112,160,0,CADCHF,Pepperstone MT5
1998.02.25,1.02250,1.03100,1.01760,1.02950,199,160,0,CADCHF,Pepperstone MT5
1998.02.26,1.03060,1.03800,1.03020,1.03380,125,160,0,CADCHF,Pepperstone MT5
1998.02.27,1.03200,1.03490,1.02560,1.03100,177,160,0,CADCHF,Pepperstone MT5
1998.03.02,1.02880,1.03060,1.02210,1.03060,153,160,0,CADCHF,Pepperstone MT5
1998.03.03,1.03350,1.03730,1.03270,1.03380,90,160,0,CADCHF,Pepperstone MT5
1998.03.04,1.03560,1.04360,1.03310,1.03940,173,160,0,CADCHF,Pepperstone MT5
1998.03.05,1.03900,1.04210,1.03160,1.04180,183,160,0,CADCHF,Pepperstone MT5
1998.03.06,1.04470,1.05490,1.04470,1.04890,163,160,0,CADCHF,Pepperstone MT5
1998.03.09,1.05010,1.05800,1.05010,1.05380,122,160,0,CADCHF,Pepperstone MT5
1998.03.10,1.05450,1.05660,1.05310,1.05590,57,160,0,CADCHF,Pepperstone MT5
1998.03.11,1.05520,1.06180,1.05520,1.05930,92,160,0,CADCHF,Pepperstone MT5
1998.03.12,1.05890,1.05890,1.05310,1.05430,71,160,0,CADCHF,Pepperstone MT5
1998.03.13,1.05240,1.06190,1.04750,1.04750,240,160,0,CADCHF,Pepperstone MT5
1998.03.16,1.05000,1.05000,1.04430,1.04840,99,160,0,CADCHF,Pepperstone MT5
1998.03.17,1.04560,1.04910,1.04170,1.04170,110,160,0,CADCHF,Pepperstone MT5
1998.03.18,1.04660,1.05190,1.04300,1.05120,133,160,0,CADCHF,Pepperstone MT5
1998.03.19,1.05220,1.05400,1.04940,1.05330,82,160,0,CADCHF,Pepperstone MT5
1998.03.20,1.05630,1.05630,1.05630,1.05630,1,160,0,CADCHF,Pepperstone MT5
1998.03.23,1.05900,1.05900,1.04820,1.04860,113,160,0,CADCHF,Pepperstone MT5
1998.03.24,1.04970,1.05590,1.04440,1.04930,227,160,0,CADCHF,Pepperstone MT5
1998.03.25,1.05220,1.06080,1.05150,1.05440,165,160,0,CADCHF,Pepperstone MT5
1998.03.26,1.05340,1.05340,1.05340,1.05340,1,160,0,CADCHF,Pepperstone MT5
1998.03.27,1.05420,1.05420,1.05380,1.05380,5,160,0,CADCHF,Pepperstone MT5
1998.03.30,1.05890,1.06840,1.05750,1.06780,130,160,0,CADCHF,Pepperstone MT5
1998.03.31,1.06930,1.07350,1.06630,1.07030,135,160,0,CADCHF,Pepperstone MT5
1998.04.01,1.07370,1.08400,1.07160,1.07980,188,160,0,CADCHF,Pepperstone MT5
1998.04.02,1.08220,1.08350,1.07470,1.07470,102,160,0,CADCHF,Pepperstone MT5
1998.04.03,1.07820,1.08170,1.07170,1.07660,185,160,0,CADCHF,Pepperstone MT5
1998.04.06,1.07300,1.07980,1.07230,1.07650,116,160,0,CADCHF,Pepperstone MT5
1998.04.07,1.07680,1.07980,1.07210,1.07380,125,160,0,CADCHF,Pepperstone MT5
1998.04.08,1.07280,1.07280,1.06170,1.06170,112,160,0,CADCHF,Pepperstone MT5
1998.04.09,1.06010,1.06710,1.05610,1.05930,213,160,0,CADCHF,Pepperstone MT5
1998.04.10,1.05930,1.05930,1.05930,1.05930,1,160,0,CADCHF,Pepperstone MT5
1998.04.13,1.05260,1.05260,1.05260,1.05260,1,160,0,CADCHF,Pepperstone MT5
1998.04.14,1.05860,1.05860,1.03590,1.04050,274,160,0,CADCHF,Pepperstone MT5
1998.04.15,1.04120,1.04640,1.03610,1.03680,163,160,0,CADCHF,Pepperstone MT5
1998.04.16,1.04100,1.04830,1.04100,1.04520,105,160,0,CADCHF,Pepperstone MT5
1998.04.17,1.04590,1.04880,1.04080,1.04290,131,160,0,CADCHF,Pepperstone MT5
1998.04.20,1.04540,1.05290,1.04510,1.04660,145,160,0,CADCHF,Pepperstone MT5
1998.04.21,1.04730,1.04730,1.03360,1.03360,138,160,0,CADCHF,Pepperstone MT5
1998.04.22,1.03280,1.04020,1.03280,1.03730,104,160,0,CADCHF,Pepperstone MT5
1998.04.23,1.03810,1.04150,1.03530,1.04080,98,160,0,CADCHF,Pepperstone MT5
1998.04.24,1.03830,1.04180,1.03340,1.04070,145,160,0,CADCHF,Pepperstone MT5
1998.04.27,1.04290,1.04500,1.03090,1.03130,167,160,0,CADCHF,Pepperstone MT5
1998.04.28,1.03440,1.03960,1.03300,1.03820,95,160,0,CADCHF,Pepperstone MT5
1998.04.29,1.03680,1.04380,1.03680,1.04000,109,160,0,CADCHF,Pepperstone MT5
1998.04.30,1.04140,1.04890,1.04000,1.04890,104,160,0,CADCHF,Pepperstone MT5
1998.05.01,1.04070,1.04070,1.04070,1.04070,1,160,0,CADCHF,Pepperstone MT5
1998.05.04,1.04260,1.04260,1.03910,1.03940,39,160,0,CADCHF,Pepperstone MT5
1998.05.05,1.03980,1.04460,1.02780,1.03020,241,160,0,CADCHF,Pepperstone MT5
1998.05.06,1.02950,1.03160,1.02360,1.02360,102,160,0,CADCHF,Pepperstone MT5
1998.05.07,1.02330,1.02640,1.01840,1.02190,147,160,0,CADCHF,Pepperstone MT5
1998.05.08,1.02400,1.03100,1.02400,1.03070,74,160,0,CADCHF,Pepperstone MT5
1998.05.11,1.03000,1.03630,1.02510,1.03520,173,160,0,CADCHF,Pepperstone MT5
1998.05.12,1.03700,1.03910,1.03180,1.03390,116,160,0,CADCHF,Pepperstone MT5
1998.05.13,1.03170,1.03450,1.02250,1.02250,149,160,0,CADCHF,Pepperstone MT5
1998.05.14,1.02220,1.02480,1.01610,1.02300,167,160,0,CADCHF,Pepperstone MT5
1998.05.15,1.02060,1.02370,1.01650,1.02270,124,160,0,CADCHF,Pepperstone MT5
1998.05.18,1.02410,1.02680,1.02270,1.02510,73,160,0,CADCHF,Pepperstone MT5
1998.05.19,1.02520,1.02700,1.01960,1.02240,121,160,0,CADCHF,Pepperstone MT5
1998.05.20,1.01870,1.02330,1.01700,1.01970,117,160,0,CADCHF,Pepperstone MT5
1998.05.21,1.01970,1.01970,1.01970,1.01970,1,160,0,CADCHF,Pepperstone MT5
1998.05.22,1.01210,1.01310,1.00860,1.00860,56,160,0,CADCHF,Pepperstone MT5
1998.05.25,1.01210,1.01660,1.01170,1.01620,58,160,0,CADCHF,Pepperstone MT5
1998.05.26,1.01550,1.02120,1.01170,1.01200,156,160,0,CADCHF,Pepperstone MT5
1998.05.27,1.01170,1.01270,0.99970,1.01060,250,160,0,CADCHF,Pepperstone MT5
1998.05.28,1.01070,1.01620,1.01060,1.01310,89,160,0,CADCHF,Pepperstone MT5
1998.05.29,1.01380,1.02200,1.01340,1.01650,146,160,0,CADCHF,Pepperstone MT5
1998.06.01,1.01240,1.01240,1.01240,1.01240,1,160,0,CADCHF,Pepperstone MT5
1998.06.02,1.01510,1.01930,1.01270,1.01890,95,160,0,CADCHF,Pepperstone MT5
1998.06.03,1.02030,1.02140,1.01100,1.01650,171,160,0,CADCHF,Pepperstone MT5
1998.06.04,1.01620,1.01620,1.00690,1.00790,104,160,0,CADCHF,Pepperstone MT5
1998.06.05,1.01000,1.01240,1.00480,1.00850,138,160,0,CADCHF,Pepperstone MT5
1998.06.08,1.01200,1.01370,1.01100,1.01270,48,160,0,CADCHF,Pepperstone MT5
1998.06.09,1.01370,1.01440,1.00990,1.01440,84,160,0,CADCHF,Pepperstone MT5
1998.06.10,1.01300,1.01570,1.00820,1.01430,138,160,0,CADCHF,Pepperstone MT5
1998.06.11,1.01400,1.01980,1.01230,1.01500,141,160,0,CADCHF,Pepperstone MT5
1998.06.12,1.01940,1.02080,1.01640,1.01970,86,160,0,CADCHF,Pepperstone MT5
1998.06.15,1.02210,1.02860,1.02150,1.02480,116,160,0,CADCHF,Pepperstone MT5
1998.06.16,1.01870,1.02210,1.01600,1.01840,120,160,0,CADCHF,Pepperstone MT5
1998.06.17,1.01700,1.01980,1.01430,1.01980,83,160,0,CADCHF,Pepperstone MT5
1998.06.18,1.01500,1.02090,1.01500,1.01910,78,160,0,CADCHF,Pepperstone MT5
1998.06.19,1.01660,1.02110,1.01530,1.01600,111,160,0,CADCHF,Pepperstone MT5
1998.06.22,1.02010,1.02100,1.01660,1.01730,61,160,0,CADCHF,Pepperstone MT5
1998.06.23,1.01840,1.02410,1.01730,1.02410,80,160,0,CADCHF,Pepperstone MT5
1998.06.24,1.02270,1.02660,1.01970,1.02660,100,160,0,CADCHF,Pepperstone MT5
1998.06.25,1.02410,1.03310,1.02410,1.03310,91,160,0,CADCHF,Pepperstone MT5
1998.06.26,1.03130,1.03940,1.02960,1.03800,130,160,0,CADCHF,Pepperstone MT5
1998.06.29,1.01960,1.04640,1.01760,1.03590,414,160,0,CADCHF,Pepperstone MT5
1998.06.30,1.03630,1.03850,1.02650,1.03640,240,160,0,CADCHF,Pepperstone MT5
1998.07.01,1.03640,1.04580,1.03600,1.04510,110,160,0,CADCHF,Pepperstone MT5
1998.07.02,1.04490,1.04770,1.04100,1.04380,124,160,0,CADCHF,Pepperstone MT5
1998.07.03,1.04380,1.04740,1.03140,1.04260,309,160,0,CADCHF,Pepperstone MT5
1998.07.06,1.04260,1.04390,1.03310,1.03430,134,160,0,CADCHF,Pepperstone MT5
1998.07.07,1.03320,1.03840,1.03220,1.03840,73,160,0,CADCHF,Pepperstone MT5
1998.07.08,1.03810,1.03940,1.03420,1.03890,97,160,0,CADCHF,Pepperstone MT5
1998.07.09,1.03810,1.05000,1.03570,1.04540,214,160,0,CADCHF,Pepperstone MT5
1998.07.10,1.04490,1.04840,1.03730,1.04010,175,160,0,CADCHF,Pepperstone MT5
1998.07.13,1.04040,1.04260,1.02510,1.02630,210,160,0,CADCHF,Pepperstone MT5
1998.07.14,1.02750,1.02870,1.02300,1.02610,101,160,0,CADCHF,Pepperstone MT5
1998.07.15,1.02580,1.02790,1.01420,1.01490,166,160,0,CADCHF,Pepperstone MT5
1998.07.16,1.01440,1.01530,1.00720,1.00970,116,160,0,CADCHF,Pepperstone MT5
1998.07.17,1.01040,1.01560,1.00870,1.00970,132,160,0,CADCHF,Pepperstone MT5
1998.07.20,1.00860,1.01270,1.00680,1.01160,89,160,0,CADCHF,Pepperstone MT5
1998.07.21,1.01220,1.01540,1.01050,1.01310,90,160,0,CADCHF,Pepperstone MT5
1998.07.22,1.01320,1.01700,1.00860,1.00980,135,160,0,CADCHF,Pepperstone MT5
1998.07.23,1.01080,1.01400,1.00580,1.00580,115,160,0,CADCHF,Pepperstone MT5
1998.07.24,1.00580,1.00790,0.99590,0.99880,171,160,0,CADCHF,Pepperstone MT5
1998.07.27,0.99730,1.00090,0.99370,1.00070,111,160,0,CADCHF,Pepperstone MT5
1998.07.28,1.00060,1.00170,0.98920,0.99190,164,160,0,CADCHF,Pepperstone MT5
1998.07.29,0.99210,0.99440,0.98460,0.98540,130,160,0,CADCHF,Pepperstone MT5
1998.07.30,0.98470,0.99240,0.98030,0.99210,169,160,0,CADCHF,Pepperstone MT5
1998.07.31,0.99260,0.99570,0.98330,0.98580,181,160,0,CADCHF,Pepperstone MT5
1998.08.03,0.98310,0.99360,0.98280,0.98960,152,160,0,CADCHF,Pepperstone MT5
1998.08.04,0.98870,0.99300,0.98070,0.98730,233,160,0,CADCHF,Pepperstone MT5
1998.08.05,0.98760,0.98850,0.95440,0.98010,608,160,0,CADCHF,Pepperstone MT5
1998.08.06,0.98160,0.98390,0.97190,0.97660,191,160,0,CADCHF,Pepperstone MT5
1998.08.07,0.97690,0.98660,0.96980,0.98370,269,160,0,CADCHF,Pepperstone MT5
1998.08.10,0.98360,0.98740,0.98030,0.98560,123,160,0,CADCHF,Pepperstone MT5
1998.08.11,0.98620,0.98710,0.97610,0.97840,143,160,0,CADCHF,Pepperstone MT5
1998.08.12,0.97960,0.98210,0.97560,0.97870,122,160,0,CADCHF,Pepperstone MT5
1998.08.13,0.97980,0.98400,0.97800,0.97930,116,160,0,CADCHF,Pepperstone MT5
1998.08.14,0.98010,0.99590,0.97850,0.99430,207,160,0,CADCHF,Pepperstone MT5
1998.08.17,0.99490,0.99910,0.98390,0.98600,216,160,0,CADCHF,Pepperstone MT5
1998.08.18,0.98520,0.98930,0.98290,0.98770,104,160,0,CADCHF,Pepperstone MT5
1998.08.19,0.98800,0.98900,0.98060,0.98180,107,160,0,CADCHF,Pepperstone MT5
1998.08.20,0.98170,0.98800,0.97850,0.98420,166,160,0,CADCHF,Pepperstone MT5
1998.08.21,0.98390,0.98610,0.97170,0.97280,178,160,0,CADCHF,Pepperstone MT5
1998.08.24,0.97430,0.97540,0.96690,0.96910,119,160,0,CADCHF,Pepperstone MT5
1998.08.25,0.96930,0.97280,0.96840,0.96940,88,160,0,CADCHF,Pepperstone MT5
1998.08.26,0.97110,0.97170,0.95910,0.96220,164,160,0,CADCHF,Pepperstone MT5
1998.08.27,0.96180,0.96210,0.93590,0.93810,288,160,0,CADCHF,Pepperstone MT5
1998.08.28,0.93770,0.94190,0.92010,0.92250,285,160,0,CADCHF,Pepperstone MT5
1998.08.31,0.91870,0.94090,0.91330,0.91370,503,160,0,CADCHF,Pepperstone MT5
1998.09.01,0.91510,0.94140,0.91050,0.93120,458,160,0,CADCHF,Pepperstone MT5
1998.09.02,0.93110,0.94080,0.92660,0.93610,235,160,0,CADCHF,Pepperstone MT5
1998.09.03,0.93790,0.93840,0.91870,0.92320,248,160,0,CADCHF,Pepperstone MT5
1998.09.04,0.92260,0.93660,0.92180,0.93580,165,160,0,CADCHF,Pepperstone MT5
1998.09.07,0.93510,0.93720,0.91910,0.92640,276,160,0,CADCHF,Pepperstone MT5
1998.09.08,0.92710,0.93400,0.92430,0.93330,133,160,0,CADCHF,Pepperstone MT5
1998.09.09,0.93270,0.93920,0.92550,0.92640,212,160,0,CADCHF,Pepperstone MT5
1998.09.10,0.92660,0.92910,0.90970,0.91230,246,160,0,CADCHF,Pepperstone MT5
1998.09.11,0.91200,0.92090,0.90560,0.91910,236,160,0,CADCHF,Pepperstone MT5
1998.09.14,0.91990,0.93140,0.91830,0.93060,156,160,0,CADCHF,Pepperstone MT5
1998.09.15,0.93100,0.93180,0.92090,0.92930,202,160,0,CADCHF,Pepperstone MT5
1998.09.16,0.92880,0.93280,0.91890,0.91920,183,160,0,CADCHF,Pepperstone MT5
1998.09.17,0.91880,0.91910,0.90310,0.90930,226,160,0,CADCHF,Pepperstone MT5
1998.09.18,0.90980,0.91480,0.90510,0.91480,145,160,0,CADCHF,Pepperstone MT5
1998.09.21,0.91550,0.91590,0.90260,0.90960,208,160,0,CADCHF,Pepperstone MT5
1998.09.22,0.90920,0.91700,0.90530,0.90830,226,160,0,CADCHF,Pepperstone MT5
1998.09.23,0.91030,0.92050,0.90830,0.91860,162,160,0,CADCHF,Pepperstone MT5
1998.09.24,0.91930,0.92550,0.91270,0.91580,222,160,0,CADCHF,Pepperstone MT5
1998.09.25,0.91680,0.91800,0.90620,0.91650,234,160,0,CADCHF,Pepperstone MT5
1998.09.28,0.91630,0.92470,0.91090,0.91940,246,160,0,CADCHF,Pepperstone MT5
1998.09.29,0.91990,0.92710,0.91510,0.91570,199,160,0,CADCHF,Pepperstone MT5
1998.09.30,0.91480,0.91710,0.90010,0.90060,199,160,0,CADCHF,Pepperstone MT5
1998.10.01,0.90110,0.90390,0.87670,0.87860,320,160,0,CADCHF,Pepperstone MT5
1998.10.02,0.87980,0.88470,0.86440,0.87840,393,160,0,CADCHF,Pepperstone MT5
1998.10.05,0.87810,0.87860,0.85780,0.86310,267,160,0,CADCHF,Pepperstone MT5
1998.10.06,0.86240,0.87550,0.85580,0.86600,359,160,0,CADCHF,Pepperstone MT5
1998.10.07,0.86510,0.88280,0.85340,0.86050,543,160,0,CADCHF,Pepperstone MT5
1998.10.08,0.85910,0.86270,0.83410,0.85160,498,160,0,CADCHF,Pepperstone MT5
1998.10.09,0.85250,0.86280,0.84620,0.85740,284,160,0,CADCHF,Pepperstone MT5
1998.10.12,0.85730,0.87760,0.85680,0.87050,285,160,0,CADCHF,Pepperstone MT5
1998.10.13,0.87190,0.87190,0.85280,0.85590,223,160,0,CADCHF,Pepperstone MT5
1998.10.14,0.85630,0.86710,0.85280,0.86630,187,160,0,CADCHF,Pepperstone MT5
1998.10.15,0.86390,0.86580,0.85150,0.85450,193,160,0,CADCHF,Pepperstone MT5
1998.10.16,0.85390,0.85620,0.84630,0.85280,188,160,0,CADCHF,Pepperstone MT5
1998.10.19,0.85280,0.86040,0.84930,0.85870,164,160,0,CADCHF,Pepperstone MT5
1998.10.20,0.85880,0.87670,0.85710,0.87510,230,160,0,CADCHF,Pepperstone MT5
1998.10.21,0.87490,0.88180,0.86510,0.87670,317,160,0,CADCHF,Pepperstone MT5
1998.10.22,0.87660,0.87960,0.86460,0.86820,217,160,0,CADCHF,Pepperstone MT5
1998.10.23,0.86870,0.86990,0.86270,0.86690,127,160,0,CADCHF,Pepperstone MT5
1998.10.26,0.86760,0.88630,0.86730,0.88570,200,160,0,CADCHF,Pepperstone MT5
1998.10.27,0.88580,0.88590,0.87000,0.87060,167,160,0,CADCHF,Pepperstone MT5
1998.10.28,0.87140,0.91450,0.86440,0.87630,954,160,0,CADCHF,Pepperstone MT5
1998.10.29,0.87680,0.87680,0.86310,0.86960,203,160,0,CADCHF,Pepperstone MT5
1998.10.30,0.86930,0.88060,0.86400,0.87590,267,160,0,CADCHF,Pepperstone MT5
1998.11.02,0.87540,0.88240,0.86860,0.88180,213,160,0,CADCHF,Pepperstone MT5
1998.11.03,0.88200,0.89430,0.88070,0.89060,187,160,0,CADCHF,Pepperstone MT5
1998.11.04,0.89160,0.90270,0.88870,0.89880,209,160,0,CADCHF,Pepperstone MT5
1998.11.05,0.89880,0.89990,0.88410,0.89680,297,160,0,CADCHF,Pepperstone MT5
1998.11.06,0.89680,0.90210,0.89180,0.90030,172,160,0,CADCHF,Pepperstone MT5
1998.11.09,0.90010,0.91440,0.89780,0.91080,226,160,0,CADCHF,Pepperstone MT5
1998.11.10,0.91030,0.91090,0.89730,0.89850,155,160,0,CADCHF,Pepperstone MT5
1998.11.11,0.89910,0.90270,0.89390,0.89540,140,160,0,CADCHF,Pepperstone MT5
1998.11.12,0.89540,0.90330,0.89340,0.89930,160,160,0,CADCHF,Pepperstone MT5
1998.11.13,0.89870,0.90210,0.89230,0.89540,164,160,0,CADCHF,Pepperstone MT5
1998.11.16,0.89390,0.89680,0.88080,0.88790,261,160,0,CADCHF,Pepperstone MT5
1998.11.17,0.88710,0.89030,0.87970,0.88960,188,160,0,CADCHF,Pepperstone MT5
1998.11.18,0.88920,0.89090,0.88130,0.88860,187,160,0,CADCHF,Pepperstone MT5
1998.11.19,0.88930,0.89710,0.88280,0.89630,217,160,0,CADCHF,Pepperstone MT5
1998.11.20,0.89640,0.90360,0.89220,0.90130,180,160,0,CADCHF,Pepperstone MT5
1998.11.23,0.90140,0.91840,0.89930,0.90660,331,160,0,CADCHF,Pepperstone MT5
1998.11.24,0.90660,0.91220,0.90580,0.90790,116,160,0,CADCHF,Pepperstone MT5
1998.11.25,0.90740,0.91780,0.90230,0.91630,222,160,0,CADCHF,Pepperstone MT5
1998.11.26,0.91630,0.92830,0.91290,0.91460,292,160,0,CADCHF,Pepperstone MT5
1998.11.27,0.91560,0.92190,0.91210,0.91980,155,160,0,CADCHF,Pepperstone MT5
1998.11.30,0.92180,0.92360,0.90770,0.90830,184,160,0,CADCHF,Pepperstone MT5
1998.12.01,0.90830,0.91560,0.89600,0.90260,336,160,0,CADCHF,Pepperstone MT5
1998.12.02,0.90290,0.90490,0.88850,0.89200,220,160,0,CADCHF,Pepperstone MT5
1998.12.03,0.89200,0.89430,0.87990,0.88360,205,160,0,CADCHF,Pepperstone MT5
1998.12.04,0.88440,0.90090,0.88210,0.89130,308,160,0,CADCHF,Pepperstone MT5
1998.12.07,0.89230,0.89890,0.89130,0.89580,118,160,0,CADCHF,Pepperstone MT5
1998.12.08,0.89580,0.89710,0.88050,0.88100,185,160,0,CADCHF,Pepperstone MT5
1998.12.09,0.88110,0.88380,0.87830,0.88230,99,160,0,CADCHF,Pepperstone MT5
1998.12.10,0.88240,0.88520,0.86660,0.86780,227,160,0,CADCHF,Pepperstone MT5
1998.12.11,0.86810,0.87110,0.85830,0.86190,195,160,0,CADCHF,Pepperstone MT5
1998.12.14,0.86110,0.87030,0.85830,0.86140,238,160,0,CADCHF,Pepperstone MT5
1998.12.15,0.86100,0.87270,0.86000,0.87180,147,160,0,CADCHF,Pepperstone MT5
1998.12.16,0.87230,0.88140,0.86630,0.87940,232,160,0,CADCHF,Pepperstone MT5
1998.12.17,0.87340,0.87790,0.87110,0.87470,124,160,0,CADCHF,Pepperstone MT5
1998.12.18,0.87440,0.87560,0.86930,0.87220,105,160,0,CADCHF,Pepperstone MT5
1998.12.21,0.87030,0.88040,0.86590,0.87610,233,160,0,CADCHF,Pepperstone MT5
1998.12.22,0.87530,0.88180,0.86390,0.87810,331,160,0,CADCHF,Pepperstone MT5
1998.12.23,0.87840,0.88070,0.86930,0.87880,225,160,0,CADCHF,Pepperstone MT5
1998.12.24,0.87840,0.88850,0.87780,0.88820,117,160,0,CADCHF,Pepperstone MT5
1998.12.25,0.88770,0.88850,0.88300,0.88480,82,160,0,CADCHF,Pepperstone MT5
1998.12.28,0.88610,0.88860,0.88130,0.88190,105,160,0,CADCHF,Pepperstone MT5
1998.12.29,0.88260,0.88610,0.87640,0.88180,187,160,0,CADCHF,Pepperstone MT5
1998.12.30,0.88180,0.89490,0.87940,0.89280,201,160,0,CADCHF,Pepperstone MT5
1998.12.31,0.89330,0.90230,0.88770,0.89410,285,160,0,CADCHF,Pepperstone MT5
1999.01.01,0.89210,0.90270,0.89180,0.89590,181,160,0,CADCHF,Pepperstone MT5
1999.01.05,0.89580,0.90780,0.89070,0.90720,229,160,0,CADCHF,Pepperstone MT5
1999.01.06,0.91000,0.92200,0.91000,0.92200,121,160,0,CADCHF,Pepperstone MT5
1999.01.07,0.91060,0.91060,0.91060,0.91060,1,160,0,CADCHF,Pepperstone MT5
1999.01.08,0.91880,0.92370,0.91720,0.92300,89,160,0,CADCHF,Pepperstone MT5
1999.01.11,0.91960,0.93050,0.91900,0.92750,152,160,0,CADCHF,Pepperstone MT5
1999.01.12,0.93140,0.93280,0.91650,0.91670,180,160,0,CADCHF,Pepperstone MT5
1999.01.13,0.91390,0.91420,0.87070,0.88850,617,160,0,CADCHF,Pepperstone MT5
1999.01.14,0.89210,0.90090,0.88700,0.89070,265,160,0,CADCHF,Pepperstone MT5
1999.01.15,0.88260,0.90640,0.87720,0.90440,367,160,0,CADCHF,Pepperstone MT5
1999.01.18,0.90090,0.91020,0.90090,0.90310,165,160,0,CADCHF,Pepperstone MT5
1999.01.19,0.90590,0.90710,0.89630,0.89840,142,160,0,CADCHF,Pepperstone MT5
1999.01.20,0.90160,0.91290,0.90140,0.91240,123,160,0,CADCHF,Pepperstone MT5
1999.01.21,0.91140,0.91580,0.90760,0.91560,123,160,0,CADCHF,Pepperstone MT5
1999.01.22,0.91140,0.91630,0.90670,0.91120,191,160,0,CADCHF,Pepperstone MT5
1999.01.25,0.90550,0.91340,0.90230,0.91240,154,160,0,CADCHF,Pepperstone MT5
1999.01.26,0.91310,0.91700,0.90740,0.91170,179,160,0,CADCHF,Pepperstone MT5
1999.01.27,0.91550,0.92190,0.91530,0.92090,79,160,0,CADCHF,Pepperstone MT5
1999.01.28,0.92630,0.93280,0.92370,0.92810,165,160,0,CADCHF,Pepperstone MT5
1999.01.29,0.93080,0.94050,0.92990,0.93870,134,160,0,CADCHF,Pepperstone MT5
1999.02.01,0.93590,0.94560,0.93250,0.94310,191,160,0,CADCHF,Pepperstone MT5
1999.02.02,0.93950,0.94200,0.93040,0.93280,166,160,0,CADCHF,Pepperstone MT5
1999.02.03,0.93250,0.93880,0.92880,0.93430,183,160,0,CADCHF,Pepperstone MT5
1999.02.04,0.93960,0.95090,0.93880,0.94860,153,160,0,CADCHF,Pepperstone MT5
1999.02.05,0.94730,0.95670,0.94520,0.95330,171,160,0,CADCHF,Pepperstone MT5
1999.02.08,0.95650,0.96240,0.95180,0.95250,173,160,0,CADCHF,Pepperstone MT5
1999.02.09,0.94930,0.95270,0.94430,0.94920,168,160,0,CADCHF,Pepperstone MT5
1999.02.10,0.94750,0.94910,0.93900,0.94260,154,160,0,CADCHF,Pepperstone MT5
1999.02.11,0.94530,0.95210,0.94420,0.95120,100,160,0,CADCHF,Pepperstone MT5
1999.02.12,0.95530,0.95640,0.94690,0.94850,123,160,0,CADCHF,Pepperstone MT5
1999.02.15,0.94870,0.95260,0.94840,0.95170,55,160,0,CADCHF,Pepperstone MT5
1999.02.16,0.95200,0.95550,0.94880,0.95250,130,160,0,CADCHF,Pepperstone MT5
1999.02.17,0.95080,0.95410,0.94620,0.94980,149,160,0,CADCHF,Pepperstone MT5
1999.02.18,0.94940,0.95910,0.94820,0.95780,135,160,0,CADCHF,Pepperstone MT5
1999.02.19,0.95920,0.97050,0.95850,0.97040,129,160,0,CADCHF,Pepperstone MT5
1999.02.22,0.97420,0.98030,0.96730,0.96780,197,160,0,CADCHF,Pepperstone MT5
1999.02.23,0.96600,0.97610,0.96430,0.96820,215,160,0,CADCHF,Pepperstone MT5
1999.02.24,0.96950,0.97210,0.96040,0.96880,228,160,0,CADCHF,Pepperstone MT5
1999.02.25,0.96430,0.96510,0.95250,0.95360,146,160,0,CADCHF,Pepperstone MT5
1999.02.26,0.95720,0.96260,0.95100,0.96190,186,160,0,CADCHF,Pepperstone MT5
1999.03.01,0.96060,0.96660,0.95530,0.96020,223,160,0,CADCHF,Pepperstone MT5
1999.03.02,0.96000,0.96100,0.95580,0.95880,93,160,0,CADCHF,Pepperstone MT5
1999.03.03,0.95860,0.96060,0.95230,0.95650,146,160,0,CADCHF,Pepperstone MT5
1999.03.04,0.95830,0.96400,0.95410,0.96320,150,160,0,CADCHF,Pepperstone MT5
1999.03.05,0.96400,0.97110,0.96220,0.96820,137,160,0,CADCHF,Pepperstone MT5
1999.03.08,0.96560,0.96700,0.96010,0.96440,127,160,0,CADCHF,Pepperstone MT5
1999.03.09,0.96280,0.96990,0.96280,0.96780,93,160,0,CADCHF,Pepperstone MT5
1999.03.10,0.96710,0.96730,0.95480,0.95590,139,160,0,CADCHF,Pepperstone MT5
1999.03.11,0.95670,0.97090,0.95640,0.96040,254,160,0,CADCHF,Pepperstone MT5
1999.03.12,0.95500,0.96390,0.95450,0.95910,148,160,0,CADCHF,Pepperstone MT5
1999.03.15,0.95970,0.95970,0.95530,0.95940,86,160,0,CADCHF,Pepperstone MT5
1999.03.16,0.96340,0.96630,0.95640,0.95880,153,160,0,CADCHF,Pepperstone MT5
1999.03.17,0.95540,0.96030,0.95020,0.95170,166,160,0,CADCHF,Pepperstone MT5
1999.03.18,0.95170,0.95880,0.94970,0.95670,133,160,0,CADCHF,Pepperstone MT5
1999.03.19,0.96010,0.96630,0.95940,0.96480,92,160,0,CADCHF,Pepperstone MT5
1999.03.22,0.97040,0.97520,0.96870,0.97040,131,160,0,CADCHF,Pepperstone MT5
1999.03.23,0.97400,0.97520,0.96790,0.96830,90,160,0,CADCHF,Pepperstone MT5
1999.03.24,0.96670,0.96990,0.96400,0.96900,96,160,0,CADCHF,Pepperstone MT5
1999.03.25,0.96960,0.97280,0.96650,0.97200,103,160,0,CADCHF,Pepperstone MT5
1999.03.26,0.97370,0.98310,0.97370,0.97990,127,160,0,CADCHF,Pepperstone MT5
1999.03.29,0.98190,0.98190,0.98190,0.98190,1,160,0,CADCHF,Pepperstone MT5
1999.03.30,0.98140,0.98260,0.97970,0.98170,56,160,0,CADCHF,Pepperstone MT5
1999.03.31,0.98530,0.98680,0.97600,0.97650,129,160,0,CADCHF,Pepperstone MT5
1999.04.01,0.98550,0.98730,0.98030,0.98160,102,160,0,CADCHF,Pepperstone MT5
1999.04.02,0.98760,0.98980,0.98690,0.98800,55,160,0,CADCHF,Pepperstone MT5
1999.04.05,0.99060,0.99650,0.98900,0.99560,101,160,0,CADCHF,Pepperstone MT5
1999.04.06,0.99000,0.99220,0.97790,0.97900,177,160,0,CADCHF,Pepperstone MT5
1999.04.07,0.98150,0.98700,0.98110,0.98680,66,160,0,CADCHF,Pepperstone MT5
1999.04.08,0.98740,0.98740,0.98050,0.98200,85,160,0,CADCHF,Pepperstone MT5
1999.04.09,0.99110,0.99240,0.98440,0.98700,120,160,0,CADCHF,Pepperstone MT5
1999.04.12,0.98630,0.98970,0.98270,0.98960,108,160,0,CADCHF,Pepperstone MT5
1999.04.13,0.99400,1.00200,0.99390,0.99960,107,160,0,CADCHF,Pepperstone MT5
1999.04.14,0.99780,0.99800,0.99310,0.99660,87,160,0,CADCHF,Pepperstone MT5
1999.04.15,0.99320,1.00560,0.99110,1.00410,182,160,0,CADCHF,Pepperstone MT5
1999.04.16,1.00920,1.01150,1.00590,1.00840,105,160,0,CADCHF,Pepperstone MT5
1999.04.19,1.01330,1.01940,1.01220,1.01840,94,160,0,CADCHF,Pepperstone MT5
1999.04.20,1.00940,1.01410,1.00780,1.01090,112,160,0,CADCHF,Pepperstone MT5
1999.04.21,1.01320,1.01570,1.01100,1.01240,87,160,0,CADCHF,Pepperstone MT5
1999.04.22,1.01540,1.02020,1.01130,1.01900,143,160,0,CADCHF,Pepperstone MT5
1999.04.23,1.01590,1.02190,1.01350,1.02070,121,160,0,CADCHF,Pepperstone MT5
1999.04.26,1.02280,1.02360,1.01850,1.02300,101,160,0,CADCHF,Pepperstone MT5
1999.04.27,1.02240,1.02240,1.01770,1.02020,73,160,0,CADCHF,Pepperstone MT5
1999.04.28,1.01760,1.02540,1.01570,1.02480,123,160,0,CADCHF,Pepperstone MT5
1999.04.29,1.02720,1.03660,1.02550,1.03530,142,160,0,CADCHF,Pepperstone MT5
1999.04.30,1.03630,1.04900,1.03410,1.04640,198,160,0,CADCHF,Pepperstone MT5
1999.05.03,1.04460,1.05130,1.04300,1.05090,104,160,0,CADCHF,Pepperstone MT5
1999.05.04,1.05000,1.05220,1.04220,1.04330,134,160,0,CADCHF,Pepperstone MT5
1999.05.05,1.03690,1.03860,1.02690,1.02840,150,160,0,CADCHF,Pepperstone MT5
1999.05.06,1.03260,1.03310,1.02300,1.02450,122,160,0,CADCHF,Pepperstone MT5
1999.05.07,1.02330,1.02460,1.01050,1.02260,276,160,0,CADCHF,Pepperstone MT5
1999.05.10,1.02650,1.02750,1.01740,1.02050,143,160,0,CADCHF,Pepperstone MT5
1999.05.11,1.02110,1.03300,1.01960,1.03110,169,160,0,CADCHF,Pepperstone MT5
1999.05.12,1.03100,1.03960,1.02540,1.02900,265,160,0,CADCHF,Pepperstone MT5
1999.05.13,1.02800,1.03490,1.02670,1.03300,115,160,0,CADCHF,Pepperstone MT5
1999.05.14,1.03080,1.03480,1.02250,1.02850,224,160,0,CADCHF,Pepperstone MT5
1999.05.17,1.02740,1.03010,1.02150,1.02770,170,160,0,CADCHF,Pepperstone MT5
1999.05.18,1.02870,1.03010,1.02580,1.02870,87,160,0,CADCHF,Pepperstone MT5
1999.05.19,1.02410,1.02800,1.02230,1.02670,89,160,0,CADCHF,Pepperstone MT5
1999.05.20,1.02330,1.03010,1.02330,1.02940,76,160,0,CADCHF,Pepperstone MT5
1999.05.21,1.03340,1.04210,1.03070,1.03980,165,160,0,CADCHF,Pepperstone MT5
1999.05.24,1.03760,1.04310,1.03440,1.03930,158,160,0,CADCHF,Pepperstone MT5
1999.05.25,1.03860,1.03870,1.02580,1.03160,189,160,0,CADCHF,Pepperstone MT5
1999.05.26,1.02430,1.03640,1.02360,1.03300,170,160,0,CADCHF,Pepperstone MT5
1999.05.27,1.03930,1.04640,1.02920,1.03400,292,160,0,CADCHF,Pepperstone MT5
1999.05.28,1.03330,1.03880,1.02740,1.03720,190,160,0,CADCHF,Pepperstone MT5
1999.05.31,1.03390,1.03540,1.03120,1.03360,82,160,0,CADCHF,Pepperstone MT5
1999.06.01,1.03470,1.03590,1.02520,1.02690,137,160,0,CADCHF,Pepperstone MT5
1999.06.02,1.02640,1.04010,1.02580,1.03830,168,160,0,CADCHF,Pepperstone MT5
1999.06.03,1.03840,1.04330,1.03350,1.04130,168,160,0,CADCHF,Pepperstone MT5
1999.06.04,1.04600,1.04940,1.04120,1.04610,164,160,0,CADCHF,Pepperstone MT5
1999.06.07,1.04840,1.05020,1.04630,1.04690,64,160,0,CADCHF,Pepperstone MT5
1999.06.08,1.04810,1.04940,1.03640,1.03720,152,160,0,CADCHF,Pepperstone MT5
1999.06.09,1.03400,1.03630,1.02990,1.03510,118,160,0,CADCHF,Pepperstone MT5
1999.06.10,1.03630,1.04380,1.03010,1.04360,202,160,0,CADCHF,Pepperstone MT5
1999.06.11,1.04170,1.04550,1.03810,1.03980,130,160,0,CADCHF,Pepperstone MT5
1999.06.14,1.04020,1.04990,1.03830,1.04810,154,160,0,CADCHF,Pepperstone MT5
1999.06.15,1.04670,1.05120,1.04500,1.04600,118,160,0,CADCHF,Pepperstone MT5
1999.06.16,1.04560,1.06260,1.04520,1.06140,191,160,0,CADCHF,Pepperstone MT5
1999.06.17,1.06180,1.06420,1.05650,1.05730,110,160,0,CADCHF,Pepperstone MT5
1999.06.18,1.05630,1.05760,1.04660,1.05280,186,160,0,CADCHF,Pepperstone MT5
1999.06.21,1.05030,1.05810,1.04800,1.04980,198,160,0,CADCHF,Pepperstone MT5
1999.06.22,1.04940,1.05220,1.04570,1.05160,109,160,0,CADCHF,Pepperstone MT5
1999.06.23,1.05360,1.05810,1.04890,1.05000,149,160,0,CADCHF,Pepperstone MT5
1999.06.24,1.05010,1.05460,1.04560,1.04590,139,160,0,CADCHF,Pepperstone MT5
1999.06.25,1.04370,1.04700,1.03800,1.04630,155,160,0,CADCHF,Pepperstone MT5
1999.06.28,1.04910,1.05130,1.04540,1.04950,115,160,0,CADCHF,Pepperstone MT5
1999.06.29,1.05200,1.05200,1.04690,1.04980,81,160,0,CADCHF,Pepperstone MT5
1999.06.30,1.04980,1.05750,1.04500,1.05580,191,160,0,CADCHF,Pepperstone MT5
1999.07.01,1.05690,1.07470,1.05570,1.06760,274,160,0,CADCHF,Pepperstone MT5
1999.07.02,1.06450,1.07230,1.06310,1.07050,125,160,0,CADCHF,Pepperstone MT5
1999.07.05,1.07350,1.07420,1.06750,1.07000,100,160,0,CADCHF,Pepperstone MT5
1999.07.06,1.07250,1.07570,1.06340,1.06530,175,160,0,CADCHF,Pepperstone MT5
1999.07.07,1.06560,1.06890,1.06260,1.06710,112,160,0,CADCHF,Pepperstone MT5
1999.07.08,1.07300,1.07360,1.06820,1.07050,84,160,0,CADCHF,Pepperstone MT5
1999.07.09,1.06870,1.07400,1.06620,1.07080,136,160,0,CADCHF,Pepperstone MT5
1999.07.12,1.07190,1.07750,1.06770,1.06840,162,160,0,CADCHF,Pepperstone MT5
1999.07.13,1.07010,1.07280,1.06050,1.06350,181,160,0,CADCHF,Pepperstone MT5
1999.07.14,1.06390,1.07070,1.05930,1.06130,203,160,0,CADCHF,Pepperstone MT5
1999.07.15,1.06220,1.06360,1.05770,1.05960,93,160,0,CADCHF,Pepperstone MT5
1999.07.16,1.06280,1.06460,1.05890,1.06210,108,160,0,CADCHF,Pepperstone MT5
1999.07.19,1.06850,1.06850,1.05750,1.05770,113,160,0,CADCHF,Pepperstone MT5
1999.07.20,1.04540,1.04680,1.03170,1.03330,182,160,0,CADCHF,Pepperstone MT5
1999.07.21,1.03460,1.03460,1.01500,1.01680,215,160,0,CADCHF,Pepperstone MT5
1999.07.22,1.01900,1.02150,1.01310,1.01780,157,160,0,CADCHF,Pepperstone MT5
1999.07.23,1.01570,1.01980,1.01160,1.01350,143,160,0,CADCHF,Pepperstone MT5
1999.07.26,1.01400,1.01540,0.98760,0.99770,394,160,0,CADCHF,Pepperstone MT5
1999.07.27,0.99610,0.99990,0.99120,0.99460,160,160,0,CADCHF,Pepperstone MT5
1999.07.28,0.99310,0.99860,0.98810,0.99370,205,160,0,CADCHF,Pepperstone MT5
1999.07.29,0.99470,0.99550,0.98400,0.98800,164,160,0,CADCHF,Pepperstone MT5
1999.07.30,0.98880,0.99670,0.98090,0.99090,296,160,0,CADCHF,Pepperstone MT5
1999.08.02,0.98140,0.99700,0.98070,0.99410,200,160,0,CADCHF,Pepperstone MT5
1999.08.03,0.99480,1.00430,0.99480,1.00150,124,160,0,CADCHF,Pepperstone MT5
1999.08.04,1.00030,1.00030,0.99180,0.99790,147,160,0,CADCHF,Pepperstone MT5
1999.08.05,0.99540,0.99790,0.98790,0.99150,162,160,0,CADCHF,Pepperstone MT5
1999.08.06,0.99430,0.99760,0.98650,0.98790,159,160,0,CADCHF,Pepperstone MT5
1999.08.09,0.99380,1.00060,0.99280,0.99500,145,160,0,CADCHF,Pepperstone MT5
1999.08.10,0.99670,0.99670,0.99070,0.99290,83,160,0,CADCHF,Pepperstone MT5
1999.08.11,0.99930,1.00820,0.99070,1.00790,265,160,0,CADCHF,Pepperstone MT5
1999.08.12,1.01010,1.01740,1.00960,1.01430,115,160,0,CADCHF,Pepperstone MT5
1999.08.13,1.00760,1.02730,1.00760,1.02610,210,160,0,CADCHF,Pepperstone MT5
1999.08.16,1.02370,1.02710,1.02170,1.02420,104,160,0,CADCHF,Pepperstone MT5
1999.08.17,1.02190,1.03340,1.01980,1.02990,193,160,0,CADCHF,Pepperstone MT5
1999.08.18,1.03050,1.03050,1.02040,1.02680,166,160,0,CADCHF,Pepperstone MT5
1999.08.19,1.02380,1.02820,1.00550,1.00550,272,160,0,CADCHF,Pepperstone MT5
1999.08.20,1.00720,1.00720,0.99760,1.00290,150,160,0,CADCHF,Pepperstone MT5
1999.08.23,1.00310,1.01360,0.99920,1.01280,192,160,0,CADCHF,Pepperstone MT5
1999.08.24,1.02390,1.02560,1.01500,1.01860,160,160,0,CADCHF,Pepperstone MT5
1999.08.25,1.02000,1.02990,1.01700,1.02330,226,160,0,CADCHF,Pepperstone MT5
1999.08.26,1.02630,1.02710,1.01860,1.02130,121,160,0,CADCHF,Pepperstone MT5
1999.08.27,1.02100,1.02970,1.02030,1.02590,140,160,0,CADCHF,Pepperstone MT5
1999.08.30,1.02570,1.03170,1.02530,1.02700,116,160,0,CADCHF,Pepperstone MT5
1999.08.31,1.02060,1.02480,1.01010,1.01100,199,160,0,CADCHF,Pepperstone MT5
1999.09.01,1.01260,1.01930,1.00730,1.01870,180,160,0,CADCHF,Pepperstone MT5
1999.09.02,1.01910,1.01990,0.99500,0.99940,302,160,0,CADCHF,Pepperstone MT5
1999.09.03,0.99840,1.01320,0.99380,1.01070,266,160,0,CADCHF,Pepperstone MT5
1999.09.06,1.01220,1.01430,1.00950,1.01390,80,160,0,CADCHF,Pepperstone MT5
1999.09.07,1.01490,1.01980,1.01000,1.01150,163,160,0,CADCHF,Pepperstone MT5
1999.09.08,1.01340,1.01610,1.00960,1.01530,112,160,0,CADCHF,Pepperstone MT5
1999.09.09,1.01340,1.02580,1.01170,1.02510,166,160,0,CADCHF,Pepperstone MT5
1999.09.10,1.02720,1.04860,1.02600,1.04750,250,160,0,CADCHF,Pepperstone MT5
1999.09.13,1.05190,1.05770,1.04780,1.04910,171,160,0,CADCHF,Pepperstone MT5
1999.09.14,1.04910,1.05680,1.04230,1.04520,252,160,0,CADCHF,Pepperstone MT5
1999.09.15,1.05200,1.05920,1.04460,1.04710,244,160,0,CADCHF,Pepperstone MT5
1999.09.16,1.04350,1.04730,1.03430,1.04100,236,160,0,CADCHF,Pepperstone MT5
1999.09.17,1.04670,1.05160,1.04370,1.04760,150,160,0,CADCHF,Pepperstone MT5
1999.09.20,1.04830,1.04830,1.04200,1.04320,76,160,0,CADCHF,Pepperstone MT5
1999.09.21,1.04950,1.05000,1.03720,1.04140,176,160,0,CADCHF,Pepperstone MT5
1999.09.22,1.03770,1.04000,1.03310,1.04000,116,160,0,CADCHF,Pepperstone MT5
1999.09.23,1.04460,1.04840,1.04030,1.04310,148,160,0,CADCHF,Pepperstone MT5
1999.09.24,1.03430,1.04080,1.03130,1.03780,156,160,0,CADCHF,Pepperstone MT5
1999.09.27,1.04140,1.04910,1.04060,1.04390,146,160,0,CADCHF,Pepperstone MT5
1999.09.28,1.04230,1.04650,1.04010,1.04010,107,160,0,CADCHF,Pepperstone MT5
1999.09.29,1.04060,1.04140,1.02870,1.02930,142,160,0,CADCHF,Pepperstone MT5
1999.09.30,1.02540,1.02820,1.01770,1.02190,176,160,0,CADCHF,Pepperstone MT5
1999.10.01,1.01770,1.02630,1.00950,1.00950,255,160,0,CADCHF,Pepperstone MT5
1999.10.04,1.00690,1.01210,1.00170,1.01150,163,160,0,CADCHF,Pepperstone MT5
1999.10.05,1.01300,1.01870,1.01180,1.01350,134,160,0,CADCHF,Pepperstone MT5
1999.10.06,1.00960,1.01270,1.00420,1.01210,146,160,0,CADCHF,Pepperstone MT5
1999.10.07,1.01340,1.01760,1.00880,1.00970,140,160,0,CADCHF,Pepperstone MT5
1999.10.08,1.01180,1.02040,1.01010,1.01770,148,160,0,CADCHF,Pepperstone MT5
1999.10.11,1.02000,1.02100,1.01700,1.01860,67,160,0,CADCHF,Pepperstone MT5
1999.10.12,1.01740,1.01740,1.00480,1.00590,138,160,0,CADCHF,Pepperstone MT5
1999.10.13,1.00150,1.00380,0.99740,0.99850,99,160,0,CADCHF,Pepperstone MT5
1999.10.14,0.99430,0.99880,0.99120,0.99280,138,160,0,CADCHF,Pepperstone MT5
1999.10.15,0.99240,0.99260,0.97710,0.98200,207,160,0,CADCHF,Pepperstone MT5
1999.10.18,0.98110,0.98430,0.97750,0.97810,107,160,0,CADCHF,Pepperstone MT5
1999.10.19,0.98390,0.98950,0.98070,0.98470,169,160,0,CADCHF,Pepperstone MT5
1999.10.20,0.99050,0.99580,0.98390,0.99230,221,160,0,CADCHF,Pepperstone MT5
1999.10.21,0.99450,0.99600,0.98820,0.99090,121,160,0,CADCHF,Pepperstone MT5
1999.10.22,0.99780,1.01580,0.99510,1.01400,253,160,0,CADCHF,Pepperstone MT5
1999.10.25,1.01540,1.01830,1.00980,1.01650,160,160,0,CADCHF,Pepperstone MT5
1999.10.26,1.01570,1.03150,1.01500,1.02840,204,160,0,CADCHF,Pepperstone MT5
1999.10.27,1.02500,1.03280,1.02070,1.03280,165,160,0,CADCHF,Pepperstone MT5
1999.10.28,1.03420,1.04090,1.03050,1.03440,207,160,0,CADCHF,Pepperstone MT5
1999.10.29,1.03530,1.04280,1.03100,1.03570,233,160,0,CADCHF,Pepperstone MT5
1999.11.01,1.03610,1.04310,1.03150,1.04090,185,160,0,CADCHF,Pepperstone MT5
1999.11.02,1.03970,1.04390,1.03570,1.04170,145,160,0,CADCHF,Pepperstone MT5
1999.11.03,1.04000,1.04680,1.03910,1.04450,110,160,0,CADCHF,Pepperstone MT5
1999.11.04,1.04670,1.05360,1.04230,1.05310,163,160,0,CADCHF,Pepperstone MT5
1999.11.05,1.06610,1.06830,1.06010,1.06090,113,160,0,CADCHF,Pepperstone MT5
1999.11.08,1.05220,1.06060,1.04960,1.05750,168,160,0,CADCHF,Pepperstone MT5
1999.11.09,1.05450,1.05580,1.04600,1.04900,142,160,0,CADCHF,Pepperstone MT5
1999.11.10,1.04890,1.05230,1.04560,1.04680,114,160,0,CADCHF,Pepperstone MT5
1999.11.11,1.05110,1.05500,1.04720,1.05350,133,160,0,CADCHF,Pepperstone MT5
1999.11.12,1.05620,1.06820,1.05560,1.06560,159,160,0,CADCHF,Pepperstone MT5
1999.11.15,1.06340,1.06580,1.06170,1.06170,66,160,0,CADCHF,Pepperstone MT5
1999.11.16,1.06250,1.06250,1.05550,1.05730,89,160,0,CADCHF,Pepperstone MT5
1999.11.17,1.06140,1.06200,1.04850,1.05000,157,160,0,CADCHF,Pepperstone MT5
1999.11.18,1.04840,1.06300,1.04470,1.06130,238,160,0,CADCHF,Pepperstone MT5
1999.11.19,1.06150,1.06890,1.05950,1.06260,178,160,0,CADCHF,Pepperstone MT5
1999.11.22,1.06380,1.06550,1.05880,1.06090,106,160,0,CADCHF,Pepperstone MT5
1999.11.23,1.06270,1.06440,1.05680,1.06390,141,160,0,CADCHF,Pepperstone MT5
1999.11.24,1.06280,1.07210,1.06240,1.07030,120,160,0,CADCHF,Pepperstone MT5
1999.11.25,1.07050,1.07240,1.06450,1.07020,156,160,0,CADCHF,Pepperstone MT5
1999.11.26,1.07410,1.08310,1.07160,1.07680,204,160,0,CADCHF,Pepperstone MT5
1999.11.29,1.07160,1.08420,1.07100,1.07670,214,160,0,CADCHF,Pepperstone MT5
1999.11.30,1.07910,1.08200,1.07190,1.07980,196,160,0,CADCHF,Pepperstone MT5
1999.12.01,1.07590,1.08150,1.07200,1.08000,150,160,0,CADCHF,Pepperstone MT5
1999.12.02,1.07740,1.08260,1.07000,1.07720,251,160,0,CADCHF,Pepperstone MT5
1999.12.03,1.07990,1.08090,1.07380,1.07660,110,160,0,CADCHF,Pepperstone MT5
1999.12.06,1.07740,1.07740,1.05170,1.05770,318,160,0,CADCHF,Pepperstone MT5
1999.12.07,1.06100,1.06370,1.05380,1.06090,198,160,0,CADCHF,Pepperstone MT5
1999.12.08,1.05530,1.06030,1.05240,1.05650,147,160,0,CADCHF,Pepperstone MT5
1999.12.09,1.05260,1.06750,1.05080,1.06700,191,160,0,CADCHF,Pepperstone MT5
1999.12.10,1.06290,1.06910,1.06040,1.06470,157,160,0,CADCHF,Pepperstone MT5
1999.12.13,1.06760,1.07160,1.06660,1.06970,80,160,0,CADCHF,Pepperstone MT5
1999.12.14,1.06930,1.07940,1.06790,1.07260,198,160,0,CADCHF,Pepperstone MT5
1999.12.15,1.07480,1.07690,1.07120,1.07120,79,160,0,CADCHF,Pepperstone MT5
1999.12.16,1.07160,1.07160,1.06190,1.06550,134,160,0,CADCHF,Pepperstone MT5
1999.12.17,1.06460,1.07640,1.06020,1.07520,219,160,0,CADCHF,Pepperstone MT5
1999.12.20,1.07420,1.07830,1.06900,1.07350,180,160,0,CADCHF,Pepperstone MT5
1999.12.21,1.07260,1.07460,1.06490,1.07430,178,160,0,CADCHF,Pepperstone MT5
1999.12.22,1.07650,1.07690,1.07230,1.07460,74,160,0,CADCHF,Pepperstone MT5
1999.12.23,1.07310,1.07650,1.06680,1.06980,162,160,0,CADCHF,Pepperstone MT5
1999.12.24,1.07620,1.08080,1.07450,1.07950,94,160,0,CADCHF,Pepperstone MT5
1999.12.27,1.08280,1.08630,1.07660,1.08630,160,160,0,CADCHF,Pepperstone MT5
1999.12.28,1.08950,1.09990,1.08380,1.09600,258,160,0,CADCHF,Pepperstone MT5
1999.12.29,1.10080,1.10320,1.09160,1.10040,229,160,0,CADCHF,Pepperstone MT5
1999.12.30,1.09950,1.10270,1.09360,1.09660,154,160,0,CADCHF,Pepperstone MT5
1999.12.31,1.09560,1.10730,1.09400,1.10020,221,160,0,CADCHF,Pepperstone MT5
2000.01.03,1.09220,1.10850,1.08020,1.08330,478,160,0,CADCHF,Pepperstone MT5
2000.01.04,1.08240,1.08540,1.07040,1.07220,199,160,0,CADCHF,Pepperstone MT5
2000.01.05,1.06950,1.07710,1.06090,1.06800,310,160,0,CADCHF,Pepperstone MT5
2000.01.06,1.06560,1.06980,1.06130,1.06400,155,160,0,CADCHF,Pepperstone MT5
2000.01.07,1.06590,1.07540,1.06590,1.07460,104,160,0,CADCHF,Pepperstone MT5
2000.01.10,1.07320,1.08340,1.07280,1.07700,175,160,0,CADCHF,Pepperstone MT5
2000.01.11,1.07680,1.07700,1.06870,1.06910,90,160,0,CADCHF,Pepperstone MT5
2000.01.12,1.07000,1.07800,1.06650,1.07430,188,160,0,CADCHF,Pepperstone MT5
2000.01.13,1.07710,1.08560,1.07470,1.08270,163,160,0,CADCHF,Pepperstone MT5
2000.01.14,1.08260,1.10050,1.08200,1.09970,200,160,0,CADCHF,Pepperstone MT5
2000.01.17,1.09720,1.14880,1.09630,1.10260,997,160,0,CADCHF,Pepperstone MT5
2000.01.18,1.10200,1.10530,1.09620,1.09710,134,160,0,CADCHF,Pepperstone MT5
2000.01.19,1.09530,1.10420,1.09500,1.09710,167,160,0,CADCHF,Pepperstone MT5
2000.01.20,1.09950,1.10680,1.09250,1.09470,239,160,0,CADCHF,Pepperstone MT5
2000.01.21,1.10490,1.11130,1.09380,1.10720,328,160,0,CADCHF,Pepperstone MT5
2000.01.24,1.11220,1.11930,1.10790,1.10800,187,160,0,CADCHF,Pepperstone MT5
2000.01.25,1.10760,1.12280,1.10610,1.12140,197,160,0,CADCHF,Pepperstone MT5
2000.01.26,1.11940,1.12200,1.11280,1.11790,170,160,0,CADCHF,Pepperstone MT5
2000.01.27,1.11890,1.13950,1.11560,1.13770,291,160,0,CADCHF,Pepperstone MT5
2000.01.28,1.13810,1.14810,1.13240,1.14150,281,160,0,CADCHF,Pepperstone MT5
2000.01.31,1.13640,1.14770,1.12420,1.14520,383,160,0,CADCHF,Pepperstone MT5
2000.02.01,1.14540,1.14790,1.13600,1.14390,224,160,0,CADCHF,Pepperstone MT5
2000.02.02,1.13760,1.14880,1.13720,1.14780,131,160,0,CADCHF,Pepperstone MT5
2000.02.03,1.15050,1.15270,1.12190,1.12510,363,160,0,CADCHF,Pepperstone MT5
2000.02.04,1.12520,1.14000,1.12170,1.13490,270,160,0,CADCHF,Pepperstone MT5
2000.02.07,1.13740,1.14480,1.13010,1.13100,231,160,0,CADCHF,Pepperstone MT5
2000.02.08,1.13050,1.13430,1.11860,1.12990,309,160,0,CADCHF,Pepperstone MT5
2000.02.09,1.12610,1.12790,1.11880,1.12120,134,160,0,CADCHF,Pepperstone MT5
2000.02.10,1.12260,1.12630,1.11570,1.12510,188,160,0,CADCHF,Pepperstone MT5
2000.02.11,1.12480,1.13420,1.11950,1.12060,253,160,0,CADCHF,Pepperstone MT5
2000.02.14,1.12510,1.12990,1.11540,1.12660,276,160,0,CADCHF,Pepperstone MT5
2000.02.15,1.11880,1.12790,1.11700,1.12400,167,160,0,CADCHF,Pepperstone MT5
2000.02.16,1.12430,1.12690,1.11670,1.11940,156,160,0,CADCHF,Pepperstone MT5
2000.02.17,1.11790,1.12170,1.10800,1.11910,263,160,0,CADCHF,Pepperstone MT5
2000.02.18,1.11790,1.12790,1.11750,1.12340,154,160,0,CADCHF,Pepperstone MT5
2000.02.21,1.12020,1.12120,1.11470,1.11480,77,160,0,CADCHF,Pepperstone MT5
2000.02.22,1.10870,1.11000,1.09130,1.09570,245,160,0,CADCHF,Pepperstone MT5
2000.02.23,1.09340,1.10050,1.08790,1.09940,193,160,0,CADCHF,Pepperstone MT5
2000.02.24,1.09940,1.11590,1.09870,1.11490,190,160,0,CADCHF,Pepperstone MT5
2000.02.25,1.11530,1.14130,1.11490,1.13910,291,160,0,CADCHF,Pepperstone MT5
2000.02.28,1.15620,1.15700,1.13430,1.13970,290,160,0,CADCHF,Pepperstone MT5
2000.02.29,1.13910,1.15100,1.12880,1.14860,350,160,0,CADCHF,Pepperstone MT5
2000.03.01,1.14890,1.15210,1.13780,1.13890,187,160,0,CADCHF,Pepperstone MT5
2000.03.02,1.13940,1.14860,1.13380,1.14220,269,160,0,CADCHF,Pepperstone MT5
2000.03.03,1.14360,1.15390,1.14020,1.15390,172,160,0,CADCHF,Pepperstone MT5
2000.03.06,1.15490,1.15540,1.14430,1.15360,210,160,0,CADCHF,Pepperstone MT5
2000.03.07,1.15600,1.16100,1.14900,1.15180,199,160,0,CADCHF,Pepperstone MT5
2000.03.08,1.15190,1.15560,1.14340,1.14800,206,160,0,CADCHF,Pepperstone MT5
2000.03.09,1.14700,1.14850,1.13650,1.14020,173,160,0,CADCHF,Pepperstone MT5
2000.03.10,1.14030,1.15110,1.13880,1.14560,194,160,0,CADCHF,Pepperstone MT5
2000.03.13,1.14740,1.14740,1.13510,1.14390,212,160,0,CADCHF,Pepperstone MT5
2000.03.14,1.14210,1.14860,1.13510,1.13560,206,160,0,CADCHF,Pepperstone MT5
2000.03.15,1.13610,1.14130,1.13130,1.13680,194,160,0,CADCHF,Pepperstone MT5
2000.03.16,1.13780,1.13830,1.12340,1.12780,199,160,0,CADCHF,Pepperstone MT5
2000.03.17,1.12800,1.13350,1.12530,1.12800,165,160,0,CADCHF,Pepperstone MT5
2000.03.20,1.12720,1.13330,1.12580,1.12760,147,160,0,CADCHF,Pepperstone MT5
2000.03.21,1.12690,1.14160,1.12680,1.14040,162,160,0,CADCHF,Pepperstone MT5
2000.03.22,1.14110,1.14500,1.13660,1.13900,148,160,0,CADCHF,Pepperstone MT5
2000.03.23,1.13850,1.13960,1.11700,1.11960,264,160,0,CADCHF,Pepperstone MT5
2000.03.24,1.12160,1.12330,1.10930,1.10990,164,160,0,CADCHF,Pepperstone MT5
2000.03.27,1.11080,1.12920,1.10840,1.12660,259,160,0,CADCHF,Pepperstone MT5
2000.03.28,1.12700,1.14030,1.12370,1.13910,212,160,0,CADCHF,Pepperstone MT5
2000.03.29,1.14030,1.15420,1.13830,1.14950,227,160,0,CADCHF,Pepperstone MT5
2000.03.30,1.14630,1.14850,1.13690,1.13860,156,160,0,CADCHF,Pepperstone MT5
2000.03.31,1.13730,1.15530,1.13720,1.14930,243,160,0,CADCHF,Pepperstone MT5
2000.04.03,1.14830,1.15300,1.13560,1.14100,276,160,0,CADCHF,Pepperstone MT5
2000.04.04,1.14180,1.14540,1.11130,1.13620,627,160,0,CADCHF,Pepperstone MT5
2000.04.05,1.12850,1.14230,1.11430,1.12780,554,160,0,CADCHF,Pepperstone MT5
2000.04.06,1.12890,1.13160,1.12370,1.12780,148,160,0,CADCHF,Pepperstone MT5
2000.04.07,1.12790,1.13520,1.12230,1.12730,253,160,0,CADCHF,Pepperstone MT5
2000.04.10,1.10960,1.13130,1.10960,1.11700,361,160,0,CADCHF,Pepperstone MT5
2000.04.11,1.11680,1.12420,1.11320,1.12130,176,160,0,CADCHF,Pepperstone MT5
2000.04.12,1.12240,1.13190,1.12060,1.12930,158,160,0,CADCHF,Pepperstone MT5
2000.04.13,1.12620,1.13070,1.11800,1.11970,190,160,0,CADCHF,Pepperstone MT5
2000.04.14,1.12040,1.12380,1.10520,1.10570,226,160,0,CADCHF,Pepperstone MT5
2000.04.17,1.10160,1.11080,1.09570,1.11020,217,160,0,CADCHF,Pepperstone MT5
2000.04.18,1.11040,1.12670,1.11020,1.12480,187,160,0,CADCHF,Pepperstone MT5
2000.04.19,1.12560,1.13600,1.12090,1.13030,256,160,0,CADCHF,Pepperstone MT5
2000.04.20,1.13030,1.14110,1.12940,1.13750,163,160,0,CADCHF,Pepperstone MT5
2000.04.21,1.13700,1.13900,1.13390,1.13740,99,160,0,CADCHF,Pepperstone MT5
2000.04.24,1.13650,1.13750,1.12650,1.13480,204,160,0,CADCHF,Pepperstone MT5
2000.04.25,1.12020,1.16530,1.12020,1.16300,475,160,0,CADCHF,Pepperstone MT5
2000.04.26,1.16300,1.16730,1.15170,1.15470,230,160,0,CADCHF,Pepperstone MT5
2000.04.27,1.15380,1.17150,1.14960,1.17050,272,160,0,CADCHF,Pepperstone MT5
2000.04.28,1.17030,1.17860,1.15910,1.15910,279,160,0,CADCHF,Pepperstone MT5
2000.05.01,1.16000,1.16460,1.15220,1.15530,202,160,0,CADCHF,Pepperstone MT5
2000.05.02,1.15530,1.16190,1.15120,1.15290,191,160,0,CADCHF,Pepperstone MT5
2000.05.03,1.15290,1.16750,1.15230,1.15490,285,160,0,CADCHF,Pepperstone MT5
2000.05.04,1.15400,1.16680,1.15380,1.16280,173,160,0,CADCHF,Pepperstone MT5
2000.05.05,1.16300,1.16330,1.14720,1.16260,319,160,0,CADCHF,Pepperstone MT5
2000.05.08,1.16150,1.16590,1.15130,1.15720,250,160,0,CADCHF,Pepperstone MT5
2000.05.09,1.15770,1.15850,1.14870,1.15000,120,160,0,CADCHF,Pepperstone MT5
2000.05.10,1.14970,1.15350,1.14210,1.15140,212,160,0,CADCHF,Pepperstone MT5
2000.05.11,1.15430,1.16330,1.14230,1.16060,358,160,0,CADCHF,Pepperstone MT5
2000.05.12,1.16080,1.16200,1.13560,1.13820,303,160,0,CADCHF,Pepperstone MT5
2000.05.15,1.13930,1.14630,1.13730,1.14580,116,160,0,CADCHF,Pepperstone MT5
2000.05.16,1.14590,1.19040,1.14410,1.15950,791,160,0,CADCHF,Pepperstone MT5
2000.05.17,1.15860,1.16740,1.15470,1.15820,251,160,0,CADCHF,Pepperstone MT5
2000.05.18,1.15820,1.16250,1.15140,1.15950,210,160,0,CADCHF,Pepperstone MT5
2000.05.19,1.15920,1.16900,1.15330,1.15580,281,160,0,CADCHF,Pepperstone MT5
2000.05.22,1.15510,1.16710,1.14420,1.14910,399,160,0,CADCHF,Pepperstone MT5
2000.05.23,1.14970,1.15100,1.13880,1.14240,172,160,0,CADCHF,Pepperstone MT5
2000.05.24,1.14240,1.14680,1.13420,1.14230,252,160,0,CADCHF,Pepperstone MT5
2000.05.25,1.14350,1.14710,1.13550,1.14100,208,160,0,CADCHF,Pepperstone MT5
2000.05.26,1.13870,1.14390,1.11330,1.12000,426,160,0,CADCHF,Pepperstone MT5
2000.05.29,1.11680,1.13040,1.11140,1.12880,261,160,0,CADCHF,Pepperstone MT5
2000.05.30,1.12820,1.13200,1.11430,1.12070,280,160,0,CADCHF,Pepperstone MT5
2000.05.31,1.11980,1.13230,1.11870,1.12280,243,160,0,CADCHF,Pepperstone MT5
2000.06.01,1.12360,1.13720,1.12210,1.13170,222,160,0,CADCHF,Pepperstone MT5
2000.06.02,1.13080,1.13330,1.11900,1.12630,242,160,0,CADCHF,Pepperstone MT5
2000.06.05,1.12740,1.13330,1.12230,1.12320,179,160,0,CADCHF,Pepperstone MT5
2000.06.06,1.12380,1.12970,1.10990,1.11340,293,160,0,CADCHF,Pepperstone MT5
2000.06.07,1.11540,1.11620,1.10110,1.10240,173,160,0,CADCHF,Pepperstone MT5
2000.06.08,1.10510,1.11430,1.09490,1.11050,335,160,0,CADCHF,Pepperstone MT5
2000.06.09,1.11070,1.12310,1.10750,1.11340,286,160,0,CADCHF,Pepperstone MT5
2000.06.12,1.11320,1.11850,1.10640,1.10910,202,160,0,CADCHF,Pepperstone MT5
2000.06.13,1.11380,1.11420,1.10330,1.10920,173,160,0,CADCHF,Pepperstone MT5
2000.06.14,1.10930,1.11200,1.10300,1.11070,167,160,0,CADCHF,Pepperstone MT5
2000.06.15,1.11060,1.11720,1.10680,1.11050,208,160,0,CADCHF,Pepperstone MT5
2000.06.16,1.11100,1.11330,1.10260,1.10780,183,160,0,CADCHF,Pepperstone MT5
2000.06.19,1.10710,1.11000,1.09710,1.10820,248,160,0,CADCHF,Pepperstone MT5
2000.06.20,1.10710,1.11370,1.10290,1.10710,217,160,0,CADCHF,Pepperstone MT5
2000.06.21,1.10750,1.11470,1.10730,1.11240,100,160,0,CADCHF,Pepperstone MT5
2000.06.22,1.11370,1.12290,1.10970,1.12080,194,160,0,CADCHF,Pepperstone MT5
2000.06.23,1.12050,1.12530,1.11080,1.11810,267,160,0,CADCHF,Pepperstone MT5
2000.06.26,1.11780,1.12060,1.10880,1.11360,195,160,0,CADCHF,Pepperstone MT5
2000.06.27,1.11350,1.11610,1.10240,1.10770,217,160,0,CADCHF,Pepperstone MT5
2000.06.28,1.10480,1.11520,1.10320,1.11230,166,160,0,CADCHF,Pepperstone MT5
2000.06.29,1.11370,1.11810,1.10120,1.10320,234,160,0,CADCHF,Pepperstone MT5
2000.06.30,1.10420,1.10510,1.09440,1.10280,201,160,0,CADCHF,Pepperstone MT5
2000.07.03,1.09950,1.10850,1.09890,1.10510,137,160,0,CADCHF,Pepperstone MT5
2000.07.04,1.10510,1.10770,1.09850,1.09970,131,160,0,CADCHF,Pepperstone MT5
2000.07.05,1.09910,1.10010,1.08710,1.09060,176,160,0,CADCHF,Pepperstone MT5
2000.07.06,1.09050,1.09710,1.08370,1.09330,241,160,0,CADCHF,Pepperstone MT5
2000.07.07,1.09510,1.10160,1.09150,1.09910,163,160,0,CADCHF,Pepperstone MT5
2000.07.10,1.10250,1.10490,1.09330,1.09810,189,160,0,CADCHF,Pepperstone MT5
2000.07.11,1.09850,1.10530,1.09580,1.10040,172,160,0,CADCHF,Pepperstone MT5
2000.07.12,1.10060,1.11800,1.10000,1.11430,224,160,0,CADCHF,Pepperstone MT5
2000.07.13,1.11590,1.12260,1.10590,1.11670,327,160,0,CADCHF,Pepperstone MT5
2000.07.14,1.11700,1.12010,1.11150,1.11180,121,160,0,CADCHF,Pepperstone MT5
2000.07.17,1.11500,1.12010,1.10940,1.11570,208,160,0,CADCHF,Pepperstone MT5
2000.07.18,1.11590,1.12580,1.11590,1.12510,107,160,0,CADCHF,Pepperstone MT5
2000.07.19,1.12500,1.14190,1.12420,1.13480,257,160,0,CADCHF,Pepperstone MT5
2000.07.20,1.13470,1.13990,1.12710,1.12870,197,160,0,CADCHF,Pepperstone MT5
2000.07.21,1.12850,1.13390,1.12440,1.13090,167,160,0,CADCHF,Pepperstone MT5
2000.07.24,1.13080,1.14000,1.12690,1.13640,207,160,0,CADCHF,Pepperstone MT5
2000.07.25,1.13610,1.14120,1.12240,1.12750,291,160,0,CADCHF,Pepperstone MT5
2000.07.26,1.12800,1.12830,1.12070,1.12460,119,160,0,CADCHF,Pepperstone MT5
2000.07.27,1.12370,1.13090,1.12130,1.13070,123,160,0,CADCHF,Pepperstone MT5
2000.07.28,1.13020,1.13650,1.12720,1.13380,151,160,0,CADCHF,Pepperstone MT5
2000.07.31,1.13430,1.13510,1.12010,1.12310,189,160,0,CADCHF,Pepperstone MT5
2000.08.01,1.12320,1.13730,1.11850,1.13500,259,160,0,CADCHF,Pepperstone MT5
2000.08.02,1.13530,1.14500,1.12270,1.14100,390,160,0,CADCHF,Pepperstone MT5
2000.08.03,1.14170,1.15610,1.13650,1.14860,324,160,0,CADCHF,Pepperstone MT5
2000.08.04,1.14760,1.15540,1.13330,1.14540,421,160,0,CADCHF,Pepperstone MT5
2000.08.07,1.14600,1.14800,1.13840,1.14790,174,160,0,CADCHF,Pepperstone MT5
2000.08.08,1.14660,1.15440,1.14310,1.15040,189,160,0,CADCHF,Pepperstone MT5
2000.08.09,1.14960,1.16020,1.14950,1.15600,151,160,0,CADCHF,Pepperstone MT5
2000.08.10,1.15580,1.15980,1.14820,1.14930,168,160,0,CADCHF,Pepperstone MT5
2000.08.11,1.15000,1.16170,1.14490,1.15930,244,160,0,CADCHF,Pepperstone MT5
2000.08.14,1.15850,1.16320,1.15570,1.15770,143,160,0,CADCHF,Pepperstone MT5
2000.08.15,1.15780,1.16140,1.14830,1.15110,196,160,0,CADCHF,Pepperstone MT5
2000.08.16,1.15230,1.16110,1.15000,1.15580,188,160,0,CADCHF,Pepperstone MT5
2000.08.17,1.15440,1.16240,1.15390,1.15740,141,160,0,CADCHF,Pepperstone MT5
2000.08.18,1.15850,1.16930,1.15510,1.16640,206,160,0,CADCHF,Pepperstone MT5
2000.08.21,1.16540,1.17410,1.16460,1.17040,141,160,0,CADCHF,Pepperstone MT5
2000.08.22,1.17090,1.18110,1.16920,1.17770,171,160,0,CADCHF,Pepperstone MT5
2000.08.23,1.17740,1.18250,1.15720,1.16160,349,160,0,CADCHF,Pepperstone MT5
2000.08.24,1.15630,1.16540,1.14990,1.15180,266,160,0,CADCHF,Pepperstone MT5
2000.08.25,1.15130,1.16160,1.15020,1.15210,221,160,0,CADCHF,Pepperstone MT5
2000.08.28,1.15090,1.15690,1.14910,1.15640,102,160,0,CADCHF,Pepperstone MT5
2000.08.29,1.15700,1.16760,1.15490,1.16440,181,160,0,CADCHF,Pepperstone MT5
2000.08.30,1.16740,1.17720,1.16220,1.17110,264,160,0,CADCHF,Pepperstone MT5
2000.08.31,1.17490,1.18810,1.16940,1.18340,290,160,0,CADCHF,Pepperstone MT5
2000.09.01,1.18230,1.18770,1.16580,1.16940,310,160,0,CADCHF,Pepperstone MT5
2000.09.04,1.16910,1.17550,1.16740,1.17240,130,160,0,CADCHF,Pepperstone MT5
2000.09.05,1.17310,1.18780,1.16940,1.18250,275,160,0,CADCHF,Pepperstone MT5
2000.09.06,1.18140,1.20230,1.17830,1.19520,343,160,0,CADCHF,Pepperstone MT5
2000.09.07,1.20050,1.20920,1.18950,1.20490,351,160,0,CADCHF,Pepperstone MT5
2000.09.08,1.20190,1.21170,1.19810,1.20990,193,160,0,CADCHF,Pepperstone MT5
2000.09.11,1.21200,1.21310,1.19560,1.19760,207,160,0,CADCHF,Pepperstone MT5
2000.09.12,1.19730,1.20040,1.18730,1.19750,261,160,0,CADCHF,Pepperstone MT5
2000.09.13,1.19740,1.22300,1.18200,1.19360,783,160,0,CADCHF,Pepperstone MT5
2000.09.14,1.19330,1.19720,1.17380,1.19230,459,160,0,CADCHF,Pepperstone MT5
2000.09.15,1.19220,1.20630,1.18110,1.20400,387,160,0,CADCHF,Pepperstone MT5
2000.09.18,1.20240,1.20630,1.19380,1.19870,214,160,0,CADCHF,Pepperstone MT5
2000.09.19,1.19930,1.20440,1.19210,1.19870,241,160,0,CADCHF,Pepperstone MT5
2000.09.20,1.19720,1.20700,1.19580,1.19850,212,160,0,CADCHF,Pepperstone MT5
2000.09.21,1.20090,1.20130,1.18610,1.18610,157,160,0,CADCHF,Pepperstone MT5
2000.09.22,1.19180,1.19220,1.14250,1.16420,719,160,0,CADCHF,Pepperstone MT5
2000.09.25,1.16250,1.17030,1.15750,1.16880,194,160,0,CADCHF,Pepperstone MT5
2000.09.26,1.16880,1.16910,1.15900,1.16020,117,160,0,CADCHF,Pepperstone MT5
2000.09.27,1.16010,1.16370,1.15140,1.15310,177,160,0,CADCHF,Pepperstone MT5
2000.09.28,1.15750,1.15750,1.14820,1.15530,165,160,0,CADCHF,Pepperstone MT5
2000.09.29,1.15460,1.16060,1.14420,1.14740,257,160,0,CADCHF,Pepperstone MT5
2000.10.02,1.14680,1.15190,1.14400,1.15030,124,160,0,CADCHF,Pepperstone MT5
2000.10.03,1.15150,1.15410,1.14710,1.15320,124,160,0,CADCHF,Pepperstone MT5
2000.10.04,1.15040,1.16280,1.14800,1.16140,187,160,0,CADCHF,Pepperstone MT5
2000.10.05,1.16110,1.17110,1.15320,1.16940,276,160,0,CADCHF,Pepperstone MT5
2000.10.06,1.16940,1.17400,1.16170,1.16510,204,160,0,CADCHF,Pepperstone MT5
2000.10.09,1.16600,1.16800,1.15560,1.16580,247,160,0,CADCHF,Pepperstone MT5
2000.10.10,1.16600,1.16980,1.15760,1.16150,200,160,0,CADCHF,Pepperstone MT5
2000.10.11,1.16140,1.16240,1.14960,1.15770,220,160,0,CADCHF,Pepperstone MT5
2000.10.12,1.16200,1.16280,1.14920,1.14990,152,160,0,CADCHF,Pepperstone MT5
2000.10.13,1.15110,1.17580,1.14350,1.16900,468,160,0,CADCHF,Pepperstone MT5
2000.10.16,1.16810,1.18080,1.16570,1.16870,297,160,0,CADCHF,Pepperstone MT5
2000.10.17,1.16870,1.17570,1.16020,1.16440,268,160,0,CADCHF,Pepperstone MT5
2000.10.18,1.16390,1.18420,1.15230,1.17930,485,160,0,CADCHF,Pepperstone MT5
2000.10.19,1.17920,1.18460,1.17400,1.18110,194,160,0,CADCHF,Pepperstone MT5
2000.10.20,1.18100,1.18790,1.17590,1.18010,232,160,0,CADCHF,Pepperstone MT5
2000.10.23,1.18060,1.19260,1.17830,1.18670,226,160,0,CADCHF,Pepperstone MT5
2000.10.24,1.18630,1.19210,1.18310,1.18580,176,160,0,CADCHF,Pepperstone MT5
2000.10.25,1.18380,1.20220,1.18180,1.19350,312,160,0,CADCHF,Pepperstone MT5
2000.10.26,1.19320,1.20910,1.19040,1.19320,375,160,0,CADCHF,Pepperstone MT5
2000.10.27,1.19390,1.19740,1.17970,1.18060,222,160,0,CADCHF,Pepperstone MT5
2000.10.30,1.17680,1.18550,1.16740,1.17650,360,160,0,CADCHF,Pepperstone MT5
2000.10.31,1.17680,1.18350,1.17370,1.18150,150,160,0,CADCHF,Pepperstone MT5
2000.11.01,1.18000,1.18330,1.15590,1.15910,340,160,0,CADCHF,Pepperstone MT5
2000.11.02,1.15920,1.16270,1.15100,1.15970,230,160,0,CADCHF,Pepperstone MT5
2000.11.03,1.16010,1.16230,1.14070,1.15230,355,160,0,CADCHF,Pepperstone MT5
2000.11.06,1.15290,1.16200,1.14110,1.15270,417,160,0,CADCHF,Pepperstone MT5
2000.11.07,1.15270,1.18280,1.14960,1.15260,664,160,0,CADCHF,Pepperstone MT5
2000.11.08,1.15340,1.15860,1.14370,1.15140,279,160,0,CADCHF,Pepperstone MT5
2000.11.09,1.15130,1.15870,1.13060,1.13160,366,160,0,CADCHF,Pepperstone MT5
2000.11.10,1.13270,1.16010,1.13210,1.14170,471,160,0,CADCHF,Pepperstone MT5
2000.11.13,1.14100,1.15200,1.13830,1.14860,199,160,0,CADCHF,Pepperstone MT5
2000.11.14,1.14880,1.15160,1.14250,1.14850,180,160,0,CADCHF,Pepperstone MT5
2000.11.15,1.14670,1.14960,1.14180,1.14730,151,160,0,CADCHF,Pepperstone MT5
2000.11.16,1.14640,1.15270,1.14430,1.14870,146,160,0,CADCHF,Pepperstone MT5
2000.11.17,1.14800,1.15700,1.14440,1.15670,166,160,0,CADCHF,Pepperstone MT5
2000.11.20,1.15520,1.15990,1.14550,1.15460,283,160,0,CADCHF,Pepperstone MT5
2000.11.21,1.15430,1.16520,1.14790,1.16260,264,160,0,CADCHF,Pepperstone MT5
2000.11.22,1.16270,1.16740,1.15650,1.16500,196,160,0,CADCHF,Pepperstone MT5
2000.11.23,1.16460,1.17700,1.16130,1.17200,241,160,0,CADCHF,Pepperstone MT5
2000.11.24,1.17190,1.17680,1.16390,1.17460,232,160,0,CADCHF,Pepperstone MT5
2000.11.27,1.17540,1.17550,1.15500,1.15880,245,160,0,CADCHF,Pepperstone MT5
2000.11.28,1.15880,1.16240,1.14410,1.14790,258,160,0,CADCHF,Pepperstone MT5
2000.11.29,1.14800,1.14870,1.13780,1.14110,150,160,0,CADCHF,Pepperstone MT5
2000.11.30,1.14060,1.14180,1.12420,1.12510,198,160,0,CADCHF,Pepperstone MT5
2000.12.01,1.12640,1.13320,1.11340,1.11370,270,160,0,CADCHF,Pepperstone MT5
2000.12.04,1.11470,1.11910,1.09330,1.10270,397,160,0,CADCHF,Pepperstone MT5
2000.12.05,1.10430,1.11280,1.09950,1.11150,195,160,0,CADCHF,Pepperstone MT5
2000.12.06,1.11190,1.11880,1.10680,1.11150,237,160,0,CADCHF,Pepperstone MT5
2000.12.07,1.11180,1.11930,1.10650,1.11380,237,160,0,CADCHF,Pepperstone MT5
2000.12.08,1.11380,1.12740,1.10900,1.12320,275,160,0,CADCHF,Pepperstone MT5
2000.12.11,1.12850,1.13260,1.11960,1.12150,191,160,0,CADCHF,Pepperstone MT5
2000.12.12,1.12060,1.12730,1.11670,1.12300,189,160,0,CADCHF,Pepperstone MT5
2000.12.13,1.12310,1.13030,1.11860,1.13000,166,160,0,CADCHF,Pepperstone MT5
2000.12.14,1.13000,1.13140,1.11080,1.12030,316,160,0,CADCHF,Pepperstone MT5
2000.12.15,1.12000,1.12060,1.10300,1.10480,201,160,0,CADCHF,Pepperstone MT5
2000.12.18,1.10640,1.10940,1.09740,1.10200,197,160,0,CADCHF,Pepperstone MT5
2000.12.19,1.10290,1.11550,1.09870,1.11330,233,160,0,CADCHF,Pepperstone MT5
2000.12.20,1.11340,1.11450,1.09570,1.09920,235,160,0,CADCHF,Pepperstone MT5
2000.12.21,1.09960,1.10300,1.09170,1.09830,214,160,0,CADCHF,Pepperstone MT5
2000.12.22,1.09830,1.09910,1.08210,1.08490,207,160,0,CADCHF,Pepperstone MT5
2000.12.25,1.08440,1.08590,1.08190,1.08450,80,160,0,CADCHF,Pepperstone MT5
2000.12.26,1.08440,1.08980,1.07670,1.08940,213,160,0,CADCHF,Pepperstone MT5
2000.12.27,1.08930,1.09000,1.07640,1.08260,206,160,0,CADCHF,Pepperstone MT5
2000.12.28,1.08220,1.09380,1.07980,1.08920,211,160,0,CADCHF,Pepperstone MT5
2000.12.29,1.08880,1.09640,1.07340,1.07460,319,160,0,CADCHF,Pepperstone MT5
2001.01.01,1.09370,1.09420,1.09330,1.09410,15,160,0,CADCHF,Pepperstone MT5
2001.01.02,1.09400,1.09410,1.07030,1.07160,253,160,0,CADCHF,Pepperstone MT5
2001.01.03,1.07080,1.08950,1.06280,1.07170,526,160,0,CADCHF,Pepperstone MT5
2001.01.04,1.07150,1.09130,1.06820,1.07210,457,160,0,CADCHF,Pepperstone MT5
2001.01.05,1.07180,1.07420,1.05630,1.06620,303,160,0,CADCHF,Pepperstone MT5
2001.01.08,1.06660,1.07960,1.06020,1.07480,307,160,0,CADCHF,Pepperstone MT5
2001.01.09,1.07470,1.08590,1.07340,1.08110,187,160,0,CADCHF,Pepperstone MT5
2001.01.10,1.08460,1.08600,1.06580,1.08430,402,160,0,CADCHF,Pepperstone MT5
2001.01.11,1.08330,1.08530,1.07090,1.08010,257,160,0,CADCHF,Pepperstone MT5
2001.01.12,1.08000,1.08550,1.07550,1.07920,193,160,0,CADCHF,Pepperstone MT5
2001.01.15,1.07770,1.09090,1.07740,1.09020,146,160,0,CADCHF,Pepperstone MT5
2001.01.16,1.08950,1.09430,1.08410,1.08440,154,160,0,CADCHF,Pepperstone MT5
2001.01.17,1.08380,1.09390,1.08280,1.08700,191,160,0,CADCHF,Pepperstone MT5
2001.01.18,1.08720,1.08790,1.06550,1.07160,293,160,0,CADCHF,Pepperstone MT5
2001.01.19,1.07270,1.08470,1.06600,1.07910,311,160,0,CADCHF,Pepperstone MT5
2001.01.22,1.08360,1.09540,1.07860,1.09210,252,160,0,CADCHF,Pepperstone MT5
2001.01.23,1.09210,1.09260,1.07070,1.07830,301,160,0,CADCHF,Pepperstone MT5
2001.01.24,1.07830,1.09790,1.07830,1.09330,243,160,0,CADCHF,Pepperstone MT5
2001.01.25,1.09340,1.10400,1.09320,1.09680,183,160,0,CADCHF,Pepperstone MT5
2001.01.26,1.09630,1.10330,1.09070,1.09840,232,160,0,CADCHF,Pepperstone MT5
2001.01.29,1.09680,1.10560,1.09390,1.10380,165,160,0,CADCHF,Pepperstone MT5
2001.01.30,1.10390,1.10600,1.09360,1.09500,160,160,0,CADCHF,Pepperstone MT5
2001.01.31,1.09500,1.09860,1.09080,1.09190,126,160,0,CADCHF,Pepperstone MT5
2001.02.01,1.09220,1.09540,1.08530,1.09280,197,160,0,CADCHF,Pepperstone MT5
2001.02.02,1.09270,1.10400,1.08990,1.10090,201,160,0,CADCHF,Pepperstone MT5
2001.02.05,1.09850,1.10200,1.08610,1.08740,208,160,0,CADCHF,Pepperstone MT5
2001.02.06,1.08640,1.09930,1.08450,1.09540,207,160,0,CADCHF,Pepperstone MT5
2001.02.07,1.09560,1.09920,1.08770,1.09650,222,160,0,CADCHF,Pepperstone MT5
2001.02.08,1.09640,1.10700,1.09060,1.10610,232,160,0,CADCHF,Pepperstone MT5
2001.02.09,1.10620,1.11120,1.09590,1.09820,227,160,0,CADCHF,Pepperstone MT5
2001.02.12,1.09800,1.10580,1.08490,1.08640,303,160,0,CADCHF,Pepperstone MT5
2001.02.13,1.08510,1.10010,1.08360,1.09690,213,160,0,CADCHF,Pepperstone MT5
2001.02.14,1.09670,1.10040,1.09110,1.09380,158,160,0,CADCHF,Pepperstone MT5
2001.02.15,1.09350,1.11040,1.09190,1.10560,250,160,0,CADCHF,Pepperstone MT5
2001.02.16,1.10560,1.10600,1.08720,1.09160,237,160,0,CADCHF,Pepperstone MT5
2001.02.19,1.09210,1.09460,1.07830,1.08730,279,160,0,CADCHF,Pepperstone MT5
2001.02.20,1.08800,1.10360,1.08530,1.09500,297,160,0,CADCHF,Pepperstone MT5
2001.02.21,1.09470,1.10030,1.08770,1.09890,211,160,0,CADCHF,Pepperstone MT5
2001.02.22,1.09690,1.10360,1.09280,1.09650,213,160,0,CADCHF,Pepperstone MT5
2001.02.23,1.09730,1.10380,1.08480,1.09800,374,160,0,CADCHF,Pepperstone MT5
2001.02.26,1.08790,1.10540,1.08420,1.10530,251,160,0,CADCHF,Pepperstone MT5
2001.02.27,1.10550,1.10660,1.09390,1.09730,173,160,0,CADCHF,Pepperstone MT5
2001.02.28,1.09620,1.09910,1.08500,1.08580,179,160,0,CADCHF,Pepperstone MT5
2001.03.01,1.08620,1.08750,1.06490,1.06700,261,160,0,CADCHF,Pepperstone MT5
2001.03.02,1.06760,1.07180,1.06030,1.06540,209,160,0,CADCHF,Pepperstone MT5
2001.03.05,1.06390,1.07270,1.05650,1.06890,275,160,0,CADCHF,Pepperstone MT5
2001.03.06,1.06990,1.07630,1.06880,1.07380,112,160,0,CADCHF,Pepperstone MT5
2001.03.07,1.07410,1.07610,1.06590,1.06930,157,160,0,CADCHF,Pepperstone MT5
2001.03.08,1.06940,1.07210,1.06480,1.06750,128,160,0,CADCHF,Pepperstone MT5
2001.03.09,1.06730,1.07310,1.06510,1.07040,130,160,0,CADCHF,Pepperstone MT5
2001.03.12,1.07050,1.07370,1.06680,1.06820,116,160,0,CADCHF,Pepperstone MT5
2001.03.13,1.06830,1.09190,1.06720,1.08550,323,160,0,CADCHF,Pepperstone MT5
2001.03.14,1.08580,1.09840,1.07900,1.08440,375,160,0,CADCHF,Pepperstone MT5
2001.03.15,1.08430,1.09970,1.07250,1.09880,400,160,0,CADCHF,Pepperstone MT5
2001.03.16,1.09890,1.10300,1.08090,1.08990,353,160,0,CADCHF,Pepperstone MT5
2001.03.19,1.09130,1.09580,1.08520,1.08910,191,160,0,CADCHF,Pepperstone MT5
2001.03.20,1.08840,1.09430,1.07700,1.07750,238,160,0,CADCHF,Pepperstone MT5
2001.03.21,1.07770,1.09060,1.07480,1.08660,228,160,0,CADCHF,Pepperstone MT5
2001.03.22,1.08670,1.10260,1.08540,1.09830,229,160,0,CADCHF,Pepperstone MT5
2001.03.23,1.09720,1.10280,1.08980,1.10060,227,160,0,CADCHF,Pepperstone MT5
2001.03.26,1.10050,1.10520,1.09590,1.10040,186,160,0,CADCHF,Pepperstone MT5
2001.03.27,1.10040,1.10490,1.09110,1.09440,217,160,0,CADCHF,Pepperstone MT5
2001.03.28,1.09450,1.10630,1.08810,1.10320,278,160,0,CADCHF,Pepperstone MT5
2001.03.29,1.10300,1.10630,1.09690,1.09890,148,160,0,CADCHF,Pepperstone MT5
2001.03.30,1.09880,1.10640,1.09340,1.10590,190,160,0,CADCHF,Pepperstone MT5
2001.04.02,1.10550,1.10870,1.09620,1.09760,172,160,0,CADCHF,Pepperstone MT5
2001.04.03,1.10010,1.10070,1.07680,1.07930,271,160,0,CADCHF,Pepperstone MT5
2001.04.04,1.07950,1.08430,1.07350,1.07770,199,160,0,CADCHF,Pepperstone MT5
2001.04.05,1.07720,1.08430,1.07120,1.08230,212,160,0,CADCHF,Pepperstone MT5
2001.04.06,1.08260,1.08940,1.07920,1.08140,193,160,0,CADCHF,Pepperstone MT5
2001.04.09,1.08180,1.09400,1.08060,1.08890,198,160,0,CADCHF,Pepperstone MT5
2001.04.10,1.08940,1.10590,1.08720,1.10370,232,160,0,CADCHF,Pepperstone MT5
2001.04.11,1.10370,1.10630,1.09320,1.09490,175,160,0,CADCHF,Pepperstone MT5
2001.04.12,1.09590,1.10270,1.09030,1.09280,218,160,0,CADCHF,Pepperstone MT5
2001.04.13,1.09310,1.09670,1.08960,1.09370,137,160,0,CADCHF,Pepperstone MT5
2001.04.16,1.09630,1.10140,1.09190,1.09740,180,160,0,CADCHF,Pepperstone MT5
2001.04.17,1.09760,1.11450,1.09100,1.10450,402,160,0,CADCHF,Pepperstone MT5
2001.04.18,1.10450,1.12160,1.10300,1.10550,363,160,0,CADCHF,Pepperstone MT5
2001.04.19,1.10480,1.11480,1.09790,1.09970,288,160,0,CADCHF,Pepperstone MT5
2001.04.20,1.09980,1.10440,1.09380,1.09600,175,160,0,CADCHF,Pepperstone MT5
2001.04.23,1.09570,1.10600,1.09070,1.10120,252,160,0,CADCHF,Pepperstone MT5
2001.04.24,1.10110,1.10900,1.09490,1.10870,207,160,0,CADCHF,Pepperstone MT5
2001.04.25,1.10830,1.11230,1.09960,1.10380,210,160,0,CADCHF,Pepperstone MT5
2001.04.26,1.10400,1.10680,1.09920,1.10470,146,160,0,CADCHF,Pepperstone MT5
2001.04.27,1.10490,1.12290,1.10060,1.12010,295,160,0,CADCHF,Pepperstone MT5
2001.04.30,1.11930,1.13080,1.11690,1.13010,171,160,0,CADCHF,Pepperstone MT5
2001.05.01,1.12990,1.13260,1.12430,1.12600,128,160,0,CADCHF,Pepperstone MT5
2001.05.02,1.12690,1.13410,1.12310,1.12680,220,160,0,CADCHF,Pepperstone MT5
2001.05.03,1.12680,1.13320,1.12190,1.13000,195,160,0,CADCHF,Pepperstone MT5
2001.05.04,1.13020,1.13230,1.12190,1.12630,170,160,0,CADCHF,Pepperstone MT5
2001.05.07,1.12600,1.13030,1.12220,1.12330,136,160,0,CADCHF,Pepperstone MT5
2001.05.08,1.12310,1.13250,1.12110,1.13160,144,160,0,CADCHF,Pepperstone MT5
2001.05.09,1.13150,1.13370,1.12770,1.13090,115,160,0,CADCHF,Pepperstone MT5
2001.05.10,1.13040,1.13630,1.12470,1.13040,233,160,0,CADCHF,Pepperstone MT5
2001.05.11,1.13040,1.13860,1.12690,1.12930,224,160,0,CADCHF,Pepperstone MT5
2001.05.14,1.13010,1.13270,1.12670,1.12770,97,160,0,CADCHF,Pepperstone MT5
2001.05.15,1.12810,1.12940,1.12210,1.12860,142,160,0,CADCHF,Pepperstone MT5
2001.05.16,1.12860,1.13130,1.11930,1.12740,229,160,0,CADCHF,Pepperstone MT5
2001.05.17,1.12770,1.13530,1.12230,1.13250,213,160,0,CADCHF,Pepperstone MT5
2001.05.18,1.13240,1.14220,1.12960,1.13620,215,160,0,CADCHF,Pepperstone MT5
2001.05.21,1.13720,1.14350,1.13530,1.13730,164,160,0,CADCHF,Pepperstone MT5
2001.05.22,1.13750,1.14930,1.13620,1.14770,161,160,0,CADCHF,Pepperstone MT5
2001.05.23,1.14780,1.15430,1.14360,1.14700,207,160,0,CADCHF,Pepperstone MT5
2001.05.24,1.14690,1.15210,1.14160,1.15010,179,160,0,CADCHF,Pepperstone MT5
2001.05.25,1.15030,1.15610,1.14550,1.14810,191,160,0,CADCHF,Pepperstone MT5
2001.05.28,1.14810,1.15340,1.14700,1.15120,98,160,0,CADCHF,Pepperstone MT5
2001.05.29,1.15140,1.16230,1.14840,1.16060,187,160,0,CADCHF,Pepperstone MT5
2001.05.30,1.16070,1.16270,1.14950,1.15140,172,160,0,CADCHF,Pepperstone MT5
2001.05.31,1.15230,1.16950,1.14930,1.16850,243,160,0,CADCHF,Pepperstone MT5
2001.06.01,1.16860,1.17620,1.16510,1.16840,221,160,0,CADCHF,Pepperstone MT5
2001.06.04,1.16940,1.17290,1.16120,1.16870,228,160,0,CADCHF,Pepperstone MT5
2001.06.05,1.16870,1.16900,1.15940,1.16030,109,160,0,CADCHF,Pepperstone MT5
2001.06.06,1.16020,1.18050,1.15870,1.17670,272,160,0,CADCHF,Pepperstone MT5
2001.06.07,1.17680,1.18500,1.17510,1.17740,193,160,0,CADCHF,Pepperstone MT5
2001.06.08,1.17710,1.18480,1.17580,1.18100,142,160,0,CADCHF,Pepperstone MT5
2001.06.11,1.17990,1.19050,1.17470,1.18860,230,160,0,CADCHF,Pepperstone MT5
2001.06.12,1.18890,1.18980,1.17160,1.17370,213,160,0,CADCHF,Pepperstone MT5
2001.06.13,1.17360,1.18310,1.16880,1.17880,235,160,0,CADCHF,Pepperstone MT5
2001.06.14,1.17910,1.18310,1.16140,1.16550,299,160,0,CADCHF,Pepperstone MT5
2001.06.15,1.16580,1.16900,1.15140,1.16680,343,160,0,CADCHF,Pepperstone MT5
2001.06.18,1.16450,1.16940,1.15690,1.15930,199,160,0,CADCHF,Pepperstone MT5
2001.06.19,1.15950,1.16810,1.15860,1.16680,118,160,0,CADCHF,Pepperstone MT5
2001.06.20,1.16670,1.17140,1.16150,1.16380,170,160,0,CADCHF,Pepperstone MT5
2001.06.21,1.16350,1.17010,1.15920,1.16750,179,160,0,CADCHF,Pepperstone MT5
2001.06.22,1.16770,1.17050,1.15860,1.16450,207,160,0,CADCHF,Pepperstone MT5
2001.06.25,1.16410,1.16650,1.15880,1.16620,134,160,0,CADCHF,Pepperstone MT5
2001.06.26,1.16630,1.16790,1.15880,1.16560,176,160,0,CADCHF,Pepperstone MT5
2001.06.27,1.16260,1.17040,1.16210,1.16420,151,160,0,CADCHF,Pepperstone MT5
2001.06.28,1.16430,1.18400,1.16320,1.18320,228,160,0,CADCHF,Pepperstone MT5
2001.06.29,1.18300,1.18740,1.17690,1.18460,195,160,0,CADCHF,Pepperstone MT5
2001.07.02,1.18360,1.19020,1.17970,1.18620,185,160,0,CADCHF,Pepperstone MT5
2001.07.03,1.18600,1.19320,1.18460,1.18840,149,160,0,CADCHF,Pepperstone MT5
2001.07.04,1.18830,1.19530,1.18790,1.18940,138,160,0,CADCHF,Pepperstone MT5
2001.07.05,1.18940,1.20600,1.18880,1.20190,220,160,0,CADCHF,Pepperstone MT5
2001.07.06,1.20150,1.20410,1.17710,1.17760,302,160,0,CADCHF,Pepperstone MT5
2001.07.09,1.17810,1.18470,1.17540,1.17890,179,160,0,CADCHF,Pepperstone MT5
2001.07.10,1.17900,1.18100,1.16880,1.17030,158,160,0,CADCHF,Pepperstone MT5
2001.07.11,1.17040,1.17280,1.15140,1.15830,308,160,0,CADCHF,Pepperstone MT5
2001.07.12,1.15840,1.16580,1.15710,1.15860,173,160,0,CADCHF,Pepperstone MT5
2001.07.13,1.15850,1.15930,1.14980,1.15200,126,160,0,CADCHF,Pepperstone MT5
2001.07.16,1.15180,1.15420,1.14380,1.15250,202,160,0,CADCHF,Pepperstone MT5
2001.07.17,1.15280,1.15920,1.13650,1.13970,324,160,0,CADCHF,Pepperstone MT5
2001.07.18,1.13950,1.14420,1.11920,1.12040,310,160,0,CADCHF,Pepperstone MT5
2001.07.19,1.12050,1.12630,1.11180,1.12210,275,160,0,CADCHF,Pepperstone MT5
2001.07.20,1.12180,1.12260,1.11260,1.11840,167,160,0,CADCHF,Pepperstone MT5
2001.07.23,1.11800,1.12610,1.11740,1.12280,127,160,0,CADCHF,Pepperstone MT5
2001.07.24,1.12240,1.12510,1.11550,1.11940,163,160,0,CADCHF,Pepperstone MT5
2001.07.25,1.11880,1.12320,1.11340,1.11500,159,160,0,CADCHF,Pepperstone MT5
2001.07.26,1.11530,1.12460,1.11280,1.12120,178,160,0,CADCHF,Pepperstone MT5
2001.07.27,1.12220,1.12730,1.11790,1.12320,179,160,0,CADCHF,Pepperstone MT5
2001.07.30,1.12440,1.13080,1.11870,1.12930,194,160,0,CADCHF,Pepperstone MT5
2001.07.31,1.12910,1.13370,1.12550,1.12560,130,160,0,CADCHF,Pepperstone MT5
2001.08.01,1.12580,1.12620,1.11380,1.11530,144,160,0,CADCHF,Pepperstone MT5
2001.08.02,1.11540,1.11690,1.10970,1.11390,130,160,0,CADCHF,Pepperstone MT5
2001.08.03,1.11400,1.11860,1.10740,1.11600,205,160,0,CADCHF,Pepperstone MT5
2001.08.06,1.11600,1.12270,1.11120,1.12050,186,160,0,CADCHF,Pepperstone MT5
2001.08.07,1.12070,1.12740,1.11720,1.11890,187,160,0,CADCHF,Pepperstone MT5
2001.08.08,1.11930,1.12290,1.11330,1.11390,139,160,0,CADCHF,Pepperstone MT5
2001.08.09,1.11410,1.11460,1.09340,1.09760,260,160,0,CADCHF,Pepperstone MT5
2001.08.10,1.09770,1.10260,1.09330,1.10090,155,160,0,CADCHF,Pepperstone MT5
2001.08.13,1.10000,1.10190,1.09340,1.10080,163,160,0,CADCHF,Pepperstone MT5
2001.08.14,1.10070,1.10120,1.08940,1.09320,162,160,0,CADCHF,Pepperstone MT5
2001.08.15,1.09330,1.09480,1.08370,1.08780,168,160,0,CADCHF,Pepperstone MT5
2001.08.16,1.08810,1.09100,1.08100,1.08430,163,160,0,CADCHF,Pepperstone MT5
2001.08.17,1.08440,1.08580,1.07200,1.07370,170,160,0,CADCHF,Pepperstone MT5
2001.08.20,1.07380,1.07740,1.07000,1.07530,134,160,0,CADCHF,Pepperstone MT5
2001.08.21,1.07520,1.07870,1.06810,1.06880,149,160,0,CADCHF,Pepperstone MT5
2001.08.22,1.06870,1.07990,1.06200,1.07910,255,160,0,CADCHF,Pepperstone MT5
2001.08.23,1.07920,1.08400,1.07480,1.07870,180,160,0,CADCHF,Pepperstone MT5
2001.08.24,1.07890,1.08700,1.07590,1.08180,194,160,0,CADCHF,Pepperstone MT5
2001.08.27,1.08140,1.08530,1.08070,1.08240,83,160,0,CADCHF,Pepperstone MT5
2001.08.28,1.08220,1.09040,1.07940,1.08050,204,160,0,CADCHF,Pepperstone MT5
2001.08.29,1.08020,1.08990,1.07650,1.07980,265,160,0,CADCHF,Pepperstone MT5
2001.08.30,1.08060,1.08330,1.06630,1.07050,240,160,0,CADCHF,Pepperstone MT5
2001.08.31,1.07060,1.07940,1.06520,1.07150,276,160,0,CADCHF,Pepperstone MT5
2001.09.03,1.07150,1.07880,1.07150,1.07740,88,160,0,CADCHF,Pepperstone MT5
2001.09.04,1.07730,1.10140,1.07660,1.09380,332,160,0,CADCHF,Pepperstone MT5
2001.09.05,1.09370,1.09730,1.08500,1.09640,220,160,0,CADCHF,Pepperstone MT5
2001.09.06,1.09630,1.10000,1.08180,1.08400,242,160,0,CADCHF,Pepperstone MT5
2001.09.07,1.08410,1.08680,1.06720,1.06890,241,160,0,CADCHF,Pepperstone MT5
2001.09.10,1.06500,1.08140,1.06500,1.08030,176,160,0,CADCHF,Pepperstone MT5
2001.09.11,1.07990,1.08330,1.04570,1.04690,423,160,0,CADCHF,Pepperstone MT5
2001.09.12,1.04910,1.06890,1.04430,1.06230,361,160,0,CADCHF,Pepperstone MT5
2001.09.13,1.06190,1.06460,1.05010,1.05260,198,160,0,CADCHF,Pepperstone MT5
2001.09.14,1.05230,1.05610,1.03310,1.03720,310,160,0,CADCHF,Pepperstone MT5
2001.09.17,1.03730,1.03930,1.01680,1.02200,298,160,0,CADCHF,Pepperstone MT5
2001.09.18,1.02240,1.02990,1.01450,1.01610,246,160,0,CADCHF,Pepperstone MT5
2001.09.19,1.01620,1.02310,1.00770,1.01630,308,160,0,CADCHF,Pepperstone MT5
2001.09.20,1.01640,1.01820,1.00840,1.00910,124,160,0,CADCHF,Pepperstone MT5
2001.09.21,1.00930,1.01810,0.99990,1.00520,324,160,0,CADCHF,Pepperstone MT5
2001.09.24,1.00630,1.02250,1.00210,1.01750,297,160,0,CADCHF,Pepperstone MT5
2001.09.25,1.01740,1.01980,1.00920,1.01130,152,160,0,CADCHF,Pepperstone MT5
2001.09.26,1.01140,1.02400,1.00910,1.01760,237,160,0,CADCHF,Pepperstone MT5
2001.09.27,1.01770,1.02730,1.01580,1.02200,188,160,0,CADCHF,Pepperstone MT5
2001.09.28,1.02180,1.02930,1.02060,1.02600,133,160,0,CADCHF,Pepperstone MT5
2001.10.01,1.02870,1.03520,1.02380,1.02830,225,160,0,CADCHF,Pepperstone MT5
2001.10.02,1.02810,1.03440,1.02470,1.03310,145,160,0,CADCHF,Pepperstone MT5
2001.10.03,1.03350,1.03660,1.02460,1.03460,230,160,0,CADCHF,Pepperstone MT5
2001.10.04,1.03470,1.04140,1.03030,1.03270,203,160,0,CADCHF,Pepperstone MT5
2001.10.05,1.03290,1.03780,1.02870,1.03500,162,160,0,CADCHF,Pepperstone MT5
2001.10.08,1.03450,1.03450,1.02380,1.03020,172,160,0,CADCHF,Pepperstone MT5
2001.10.09,1.03050,1.03910,1.02720,1.03850,159,160,0,CADCHF,Pepperstone MT5
2001.10.10,1.03840,1.04110,1.03470,1.03820,127,160,0,CADCHF,Pepperstone MT5
2001.10.11,1.03790,1.05570,1.03660,1.05140,248,160,0,CADCHF,Pepperstone MT5
2001.10.12,1.05120,1.05430,1.03650,1.04050,250,160,0,CADCHF,Pepperstone MT5
2001.10.15,1.03980,1.04720,1.03810,1.04410,140,160,0,CADCHF,Pepperstone MT5
2001.10.16,1.04420,1.05100,1.04160,1.04450,186,160,0,CADCHF,Pepperstone MT5
2001.10.17,1.04460,1.05290,1.04090,1.04350,230,160,0,CADCHF,Pepperstone MT5
2001.10.18,1.04390,1.04690,1.03420,1.03790,195,160,0,CADCHF,Pepperstone MT5
2001.10.19,1.03800,1.04410,1.03750,1.04320,81,160,0,CADCHF,Pepperstone MT5
2001.10.22,1.04340,1.05390,1.04150,1.05140,169,160,0,CADCHF,Pepperstone MT5
2001.10.23,1.05160,1.06110,1.05000,1.05680,171,160,0,CADCHF,Pepperstone MT5
2001.10.24,1.05660,1.05750,1.05190,1.05240,71,160,0,CADCHF,Pepperstone MT5
2001.10.25,1.05160,1.05720,1.04360,1.05080,265,160,0,CADCHF,Pepperstone MT5
2001.10.26,1.05090,1.05220,1.04700,1.04750,71,160,0,CADCHF,Pepperstone MT5
2001.10.29,1.04760,1.04940,1.03270,1.03390,198,160,0,CADCHF,Pepperstone MT5
2001.10.30,1.03380,1.03480,1.02360,1.02960,183,160,0,CADCHF,Pepperstone MT5
2001.10.31,1.02950,1.03170,1.02260,1.02870,175,160,0,CADCHF,Pepperstone MT5
2001.11.01,1.02890,1.03010,1.01370,1.02300,270,160,0,CADCHF,Pepperstone MT5
2001.11.02,1.02340,1.02640,1.01780,1.02450,162,160,0,CADCHF,Pepperstone MT5
2001.11.05,1.02610,1.03270,1.02470,1.02870,135,160,0,CADCHF,Pepperstone MT5
2001.11.06,1.03000,1.03430,1.02710,1.03370,108,160,0,CADCHF,Pepperstone MT5
2001.11.07,1.03380,1.03410,1.02090,1.02430,170,160,0,CADCHF,Pepperstone MT5
2001.11.08,1.02390,1.03100,1.02180,1.02600,164,160,0,CADCHF,Pepperstone MT5
2001.11.09,1.02670,1.03270,1.02110,1.02240,190,160,0,CADCHF,Pepperstone MT5
2001.11.12,1.02230,1.02530,1.01040,1.02170,293,160,0,CADCHF,Pepperstone MT5
2001.11.13,1.02220,1.04960,1.01990,1.04850,332,160,0,CADCHF,Pepperstone MT5
2001.11.14,1.04860,1.05580,1.04320,1.04610,228,160,0,CADCHF,Pepperstone MT5
2001.11.15,1.04530,1.05010,1.04340,1.04650,123,160,0,CADCHF,Pepperstone MT5
2001.11.16,1.04660,1.04660,1.04000,1.04290,96,160,0,CADCHF,Pepperstone MT5
2001.11.19,1.04100,1.05310,1.04090,1.04320,223,160,0,CADCHF,Pepperstone MT5
2001.11.20,1.04320,1.04790,1.03250,1.03450,222,160,0,CADCHF,Pepperstone MT5
2001.11.21,1.03380,1.03890,1.03180,1.03380,143,160,0,CADCHF,Pepperstone MT5
2001.11.22,1.03360,1.04030,1.03310,1.03860,95,160,0,CADCHF,Pepperstone MT5
2001.11.23,1.03870,1.04700,1.03610,1.04200,186,160,0,CADCHF,Pepperstone MT5
2001.11.26,1.04240,1.04380,1.03790,1.04070,102,160,0,CADCHF,Pepperstone MT5
2001.11.27,1.04060,1.04830,1.03730,1.04000,215,160,0,CADCHF,Pepperstone MT5
2001.11.28,1.03990,1.04310,1.02900,1.03920,276,160,0,CADCHF,Pepperstone MT5
2001.11.29,1.03860,1.04910,1.03800,1.04810,128,160,0,CADCHF,Pepperstone MT5
2001.11.30,1.04820,1.05440,1.04180,1.04360,207,160,0,CADCHF,Pepperstone MT5
2001.12.03,1.04120,1.05170,1.03990,1.04960,153,160,0,CADCHF,Pepperstone MT5
2001.12.04,1.04980,1.05420,1.04400,1.05220,181,160,0,CADCHF,Pepperstone MT5
2001.12.05,1.05200,1.06170,1.04750,1.05280,277,160,0,CADCHF,Pepperstone MT5
2001.12.06,1.05320,1.05790,1.04510,1.04750,200,160,0,CADCHF,Pepperstone MT5
2001.12.07,1.04750,1.05880,1.04590,1.05280,206,160,0,CADCHF,Pepperstone MT5
2001.12.10,1.05380,1.06230,1.05250,1.05340,193,160,0,CADCHF,Pepperstone MT5
2001.12.11,1.05400,1.05580,1.04930,1.05210,112,160,0,CADCHF,Pepperstone MT5
2001.12.12,1.05230,1.05500,1.04750,1.04890,117,160,0,CADCHF,Pepperstone MT5
2001.12.13,1.04900,1.05460,1.04510,1.05130,168,160,0,CADCHF,Pepperstone MT5
2001.12.14,1.05140,1.05450,1.03940,1.04480,237,160,0,CADCHF,Pepperstone MT5
2001.12.17,1.04500,1.04820,1.04110,1.04150,108,160,0,CADCHF,Pepperstone MT5
2001.12.18,1.04130,1.04560,1.03290,1.03720,214,160,0,CADCHF,Pepperstone MT5
2001.12.19,1.03710,1.04470,1.03610,1.04010,143,160,0,CADCHF,Pepperstone MT5
2001.12.20,1.04040,1.04390,1.03330,1.03330,142,160,0,CADCHF,Pepperstone MT5
2001.12.21,1.03340,1.04540,1.03100,1.04190,204,160,0,CADCHF,Pepperstone MT5
2001.12.24,1.03880,1.06370,1.03460,1.06200,351,160,0,CADCHF,Pepperstone MT5
2001.12.25,1.06210,1.06330,1.05770,1.05950,87,160,0,CADCHF,Pepperstone MT5
2001.12.26,1.05940,1.06190,1.05390,1.05490,116,160,0,CADCHF,Pepperstone MT5
2001.12.27,1.05450,1.05930,1.04740,1.05000,194,160,0,CADCHF,Pepperstone MT5
2001.12.28,1.05010,1.05770,1.04850,1.05190,167,160,0,CADCHF,Pepperstone MT5
2001.12.31,1.05150,1.05510,1.03870,1.04280,242,160,0,CADCHF,Pepperstone MT5
2002.01.01,1.03980,1.05140,1.03750,1.04410,236,150,0,CADCHF,Pepperstone MT5
2002.01.02,1.03900,1.04920,1.02490,1.03030,400,150,0,CADCHF,Pepperstone MT5
2002.01.03,1.03010,1.03560,1.02460,1.03310,191,150,0,CADCHF,Pepperstone MT5
2002.01.04,1.03300,1.03690,1.02870,1.03650,130,150,0,CADCHF,Pepperstone MT5
2002.01.07,1.03510,1.04030,1.02990,1.03180,176,150,0,CADCHF,Pepperstone MT5
2002.01.08,1.03190,1.03990,1.02920,1.03690,165,150,0,CADCHF,Pepperstone MT5
2002.01.09,1.03700,1.04260,1.03350,1.03990,154,150,0,CADCHF,Pepperstone MT5
2002.01.10,1.03980,1.04200,1.03470,1.04040,141,150,0,CADCHF,Pepperstone MT5
2002.01.11,1.04020,1.04160,1.03450,1.03560,97,150,0,CADCHF,Pepperstone MT5
2002.01.14,1.03530,1.04010,1.03460,1.03870,77,150,0,CADCHF,Pepperstone MT5
2002.01.15,1.03880,1.05370,1.03790,1.05250,180,150,0,CADCHF,Pepperstone MT5
2002.01.16,1.05230,1.05230,1.03610,1.03780,180,150,0,CADCHF,Pepperstone MT5
2002.01.17,1.03580,1.04190,1.02960,1.03340,223,150,0,CADCHF,Pepperstone MT5
2002.01.18,1.03350,1.03620,1.02830,1.02940,118,150,0,CADCHF,Pepperstone MT5
2002.01.21,1.02550,1.03180,1.02440,1.03170,87,150,0,CADCHF,Pepperstone MT5
2002.01.22,1.03180,1.03670,1.02950,1.03310,132,150,0,CADCHF,Pepperstone MT5
2002.01.23,1.03190,1.04510,1.03000,1.04340,188,150,0,CADCHF,Pepperstone MT5
2002.01.24,1.04370,1.04880,1.04160,1.04370,145,150,0,CADCHF,Pepperstone MT5
2002.01.25,1.04390,1.06080,1.04330,1.05830,207,150,0,CADCHF,Pepperstone MT5
2002.01.28,1.05720,1.06800,1.05560,1.06800,141,150,0,CADCHF,Pepperstone MT5
2002.01.29,1.06810,1.07860,1.06530,1.06590,245,150,0,CADCHF,Pepperstone MT5
2002.01.30,1.06630,1.07920,1.06470,1.07790,175,150,0,CADCHF,Pepperstone MT5
2002.01.31,1.07700,1.08630,1.07300,1.08190,218,150,0,CADCHF,Pepperstone MT5
2002.02.01,1.08200,1.08410,1.07450,1.07690,142,150,0,CADCHF,Pepperstone MT5
2002.02.04,1.07870,1.08000,1.06200,1.06340,208,150,0,CADCHF,Pepperstone MT5
2002.02.05,1.06320,1.06640,1.05550,1.06340,217,150,0,CADCHF,Pepperstone MT5
2002.02.06,1.06290,1.06540,1.05240,1.05560,188,150,0,CADCHF,Pepperstone MT5
2002.02.07,1.05550,1.06230,1.05290,1.05940,150,150,0,CADCHF,Pepperstone MT5
2002.02.08,1.05770,1.05990,1.05080,1.05790,181,150,0,CADCHF,Pepperstone MT5
2002.02.11,1.05920,1.06320,1.05220,1.05910,220,150,0,CADCHF,Pepperstone MT5
2002.02.12,1.05890,1.06230,1.05470,1.06000,142,150,0,CADCHF,Pepperstone MT5
2002.02.13,1.05980,1.06980,1.05750,1.06910,154,150,0,CADCHF,Pepperstone MT5
2002.02.14,1.06930,1.07500,1.06380,1.06660,198,150,0,CADCHF,Pepperstone MT5
2002.02.15,1.06640,1.07080,1.06560,1.06670,102,150,0,CADCHF,Pepperstone MT5
2002.02.18,1.06770,1.06980,1.06650,1.06760,66,150,0,CADCHF,Pepperstone MT5
2002.02.19,1.06740,1.07330,1.05880,1.06170,234,150,0,CADCHF,Pepperstone MT5
2002.02.20,1.06160,1.07160,1.06010,1.07070,140,150,0,CADCHF,Pepperstone MT5
2002.02.21,1.07060,1.07220,1.06590,1.06860,107,150,0,CADCHF,Pepperstone MT5
2002.02.22,1.06850,1.06940,1.05550,1.05890,183,150,0,CADCHF,Pepperstone MT5
2002.02.25,1.05850,1.06300,1.05600,1.05990,127,150,0,CADCHF,Pepperstone MT5
2002.02.26,1.05980,1.06380,1.05380,1.06170,182,150,0,CADCHF,Pepperstone MT5
2002.02.27,1.06150,1.06430,1.05810,1.06080,118,150,0,CADCHF,Pepperstone MT5
2002.02.28,1.06060,1.06580,1.05740,1.06000,163,150,0,CADCHF,Pepperstone MT5
2002.03.01,1.05980,1.07360,1.05890,1.07270,166,150,0,CADCHF,Pepperstone MT5
2002.03.04,1.07300,1.07720,1.06620,1.06910,182,150,0,CADCHF,Pepperstone MT5
2002.03.05,1.06790,1.07310,1.06560,1.06730,145,150,0,CADCHF,Pepperstone MT5
2002.03.06,1.06710,1.07300,1.06170,1.07210,177,150,0,CADCHF,Pepperstone MT5
2002.03.07,1.07230,1.07230,1.05410,1.05700,212,150,0,CADCHF,Pepperstone MT5
2002.03.08,1.05660,1.06640,1.05320,1.06220,209,150,0,CADCHF,Pepperstone MT5
2002.03.11,1.06370,1.06370,1.05760,1.06100,96,150,0,CADCHF,Pepperstone MT5
2002.03.12,1.06110,1.06390,1.05660,1.05830,119,150,0,CADCHF,Pepperstone MT5
2002.03.13,1.05800,1.06120,1.04750,1.05050,200,150,0,CADCHF,Pepperstone MT5
2002.03.14,1.05060,1.05100,1.03570,1.03970,198,150,0,CADCHF,Pepperstone MT5
2002.03.15,1.03950,1.04730,1.03570,1.04640,164,150,0,CADCHF,Pepperstone MT5
2002.03.18,1.04680,1.05150,1.04400,1.04690,150,150,0,CADCHF,Pepperstone MT5
2002.03.19,1.04660,1.05190,1.04580,1.04690,120,150,0,CADCHF,Pepperstone MT5
2002.03.20,1.04700,1.05500,1.04630,1.04740,171,150,0,CADCHF,Pepperstone MT5
2002.03.21,1.04750,1.05190,1.04590,1.05020,94,150,0,CADCHF,Pepperstone MT5
2002.03.22,1.05010,1.05960,1.04870,1.05680,152,150,0,CADCHF,Pepperstone MT5
2002.03.25,1.05600,1.05880,1.04960,1.05170,142,150,0,CADCHF,Pepperstone MT5
2002.03.26,1.05170,1.05280,1.04350,1.04870,157,150,0,CADCHF,Pepperstone MT5
2002.03.27,1.04850,1.05620,1.04780,1.05280,126,150,0,CADCHF,Pepperstone MT5
2002.03.28,1.05300,1.05850,1.04970,1.05740,133,150,0,CADCHF,Pepperstone MT5
2002.03.29,1.05710,1.05820,1.05230,1.05440,92,150,0,CADCHF,Pepperstone MT5
2002.04.01,1.05490,1.05610,1.03660,1.03960,238,150,0,CADCHF,Pepperstone MT5
2002.04.02,1.03870,1.04620,1.03830,1.04420,104,150,0,CADCHF,Pepperstone MT5
2002.04.03,1.04410,1.04640,1.04270,1.04380,72,150,0,CADCHF,Pepperstone MT5
2002.04.04,1.04390,1.04720,1.03730,1.04540,184,150,0,CADCHF,Pepperstone MT5
2002.04.05,1.04480,1.04980,1.04340,1.04980,79,150,0,CADCHF,Pepperstone MT5
2002.04.08,1.04830,1.05210,1.04590,1.05060,102,150,0,CADCHF,Pepperstone MT5
2002.04.09,1.05080,1.05270,1.04150,1.04400,157,150,0,CADCHF,Pepperstone MT5
2002.04.10,1.04360,1.04930,1.04260,1.04800,91,150,0,CADCHF,Pepperstone MT5
2002.04.11,1.04710,1.05070,1.04320,1.04550,135,150,0,CADCHF,Pepperstone MT5
2002.04.12,1.04560,1.05220,1.04480,1.05130,92,150,0,CADCHF,Pepperstone MT5
2002.04.15,1.05130,1.05220,1.04670,1.05190,105,150,0,CADCHF,Pepperstone MT5
2002.04.16,1.05160,1.05540,1.04100,1.05150,288,150,0,CADCHF,Pepperstone MT5
2002.04.17,1.05160,1.05320,1.04730,1.04800,83,150,0,CADCHF,Pepperstone MT5
2002.04.18,1.04790,1.05160,1.04340,1.04590,145,150,0,CADCHF,Pepperstone MT5
2002.04.19,1.04580,1.05100,1.04280,1.04580,165,150,0,CADCHF,Pepperstone MT5
2002.04.22,1.04810,1.05270,1.04590,1.05160,102,150,0,CADCHF,Pepperstone MT5
2002.04.23,1.05150,1.05470,1.04600,1.04920,152,150,0,CADCHF,Pepperstone MT5
2002.04.24,1.04940,1.05130,1.04640,1.04820,87,150,0,CADCHF,Pepperstone MT5
2002.04.25,1.04790,1.04980,1.04020,1.04120,126,150,0,CADCHF,Pepperstone MT5
2002.04.26,1.04110,1.04640,1.03810,1.04050,161,150,0,CADCHF,Pepperstone MT5
2002.04.29,1.04350,1.04350,1.03280,1.03360,116,150,0,CADCHF,Pepperstone MT5
2002.04.30,1.03370,1.03820,1.02950,1.03140,152,150,0,CADCHF,Pepperstone MT5
2002.05.01,1.03130,1.03580,1.02390,1.02730,199,150,0,CADCHF,Pepperstone MT5
2002.05.02,1.02740,1.03330,1.02560,1.02970,132,150,0,CADCHF,Pepperstone MT5
2002.05.03,1.02980,1.03210,1.01240,1.01280,225,150,0,CADCHF,Pepperstone MT5
2002.05.06,1.01670,1.01930,1.00960,1.01040,132,150,0,CADCHF,Pepperstone MT5
2002.05.07,1.01050,1.02040,1.00990,1.01440,172,150,0,CADCHF,Pepperstone MT5
2002.05.08,1.01450,1.02580,1.01330,1.02440,152,150,0,CADCHF,Pepperstone MT5
2002.05.09,1.02450,1.02560,1.01720,1.02120,136,150,0,CADCHF,Pepperstone MT5
2002.05.10,1.02060,1.02530,1.01610,1.02080,183,150,0,CADCHF,Pepperstone MT5
2002.05.13,1.02200,1.02770,1.01990,1.02640,113,150,0,CADCHF,Pepperstone MT5
2002.05.14,1.02580,1.03820,1.02390,1.03600,185,150,0,CADCHF,Pepperstone MT5
2002.05.15,1.03590,1.03950,1.02400,1.02470,199,150,0,CADCHF,Pepperstone MT5
2002.05.16,1.02460,1.03080,1.02360,1.02790,112,150,0,CADCHF,Pepperstone MT5
2002.05.17,1.02800,1.02900,1.02030,1.02320,127,150,0,CADCHF,Pepperstone MT5
2002.05.20,1.02160,1.02650,1.01950,1.02310,126,150,0,CADCHF,Pepperstone MT5
2002.05.21,1.02320,1.02930,1.02090,1.02630,138,150,0,CADCHF,Pepperstone MT5
2002.05.22,1.02640,1.02840,1.01790,1.02330,180,150,0,CADCHF,Pepperstone MT5
2002.05.23,1.02320,1.03040,1.02200,1.02820,119,150,0,CADCHF,Pepperstone MT5
2002.05.24,1.02810,1.03360,1.02700,1.03330,81,150,0,CADCHF,Pepperstone MT5
2002.05.27,1.03210,1.03490,1.02950,1.03210,109,150,0,CADCHF,Pepperstone MT5
2002.05.28,1.03200,1.03450,1.02650,1.02820,123,150,0,CADCHF,Pepperstone MT5
2002.05.29,1.02810,1.03060,1.02120,1.02260,134,150,0,CADCHF,Pepperstone MT5
2002.05.30,1.02250,1.02310,1.01400,1.01820,140,150,0,CADCHF,Pepperstone MT5
2002.05.31,1.01810,1.03150,1.01440,1.02690,255,150,0,CADCHF,Pepperstone MT5
2002.06.03,1.02340,1.02750,1.02090,1.02340,133,150,0,CADCHF,Pepperstone MT5
2002.06.04,1.02440,1.02490,1.01740,1.02000,107,150,0,CADCHF,Pepperstone MT5
2002.06.05,1.02000,1.02470,1.01790,1.02080,129,150,0,CADCHF,Pepperstone MT5
2002.06.06,1.02190,1.02630,1.01440,1.01500,170,150,0,CADCHF,Pepperstone MT5
2002.06.07,1.01480,1.01850,1.01230,1.01740,99,150,0,CADCHF,Pepperstone MT5
2002.06.10,1.01670,1.02030,1.00950,1.01290,179,150,0,CADCHF,Pepperstone MT5
2002.06.11,1.01270,1.01940,1.01080,1.01250,171,150,0,CADCHF,Pepperstone MT5
2002.06.12,1.01240,1.02040,1.01170,1.02010,98,150,0,CADCHF,Pepperstone MT5
2002.06.13,1.02000,1.02170,1.01360,1.01520,115,150,0,CADCHF,Pepperstone MT5
2002.06.14,1.01490,1.01800,0.99940,1.00900,314,150,0,CADCHF,Pepperstone MT5
2002.06.17,1.01010,1.01260,1.00750,1.01020,102,150,0,CADCHF,Pepperstone MT5
2002.06.18,1.01030,1.01170,1.00240,1.00300,114,150,0,CADCHF,Pepperstone MT5
2002.06.19,1.00310,1.00540,0.99660,0.99670,113,150,0,CADCHF,Pepperstone MT5
2002.06.20,0.99680,0.99940,0.99320,0.99770,116,150,0,CADCHF,Pepperstone MT5
2002.06.21,0.99780,0.99860,0.98970,0.99380,139,150,0,CADCHF,Pepperstone MT5
2002.06.24,0.99490,0.99680,0.98700,0.99370,185,150,0,CADCHF,Pepperstone MT5
2002.06.25,0.99360,0.99690,0.98810,0.98850,126,150,0,CADCHF,Pepperstone MT5
2002.06.26,0.98840,0.98890,0.97420,0.98400,251,150,0,CADCHF,Pepperstone MT5
2002.06.27,0.98450,0.99340,0.96770,0.98480,512,150,0,CADCHF,Pepperstone MT5
2002.06.28,0.98480,0.98730,0.97440,0.97530,164,150,0,CADCHF,Pepperstone MT5
2002.07.01,0.97600,0.98190,0.97300,0.97750,164,150,0,CADCHF,Pepperstone MT5
2002.07.02,0.97760,0.98480,0.97260,0.97330,202,150,0,CADCHF,Pepperstone MT5
2002.07.03,0.97320,0.97960,0.97220,0.97540,127,150,0,CADCHF,Pepperstone MT5
2002.07.04,0.97490,0.97990,0.97450,0.97890,69,150,0,CADCHF,Pepperstone MT5
2002.07.05,0.97880,0.99030,0.97660,0.99020,161,150,0,CADCHF,Pepperstone MT5
2002.07.08,0.98810,0.98930,0.97370,0.97450,177,150,0,CADCHF,Pepperstone MT5
2002.07.09,0.97490,0.98160,0.97310,0.98040,116,150,0,CADCHF,Pepperstone MT5
2002.07.10,0.98030,0.98200,0.97550,0.97700,98,150,0,CADCHF,Pepperstone MT5
2002.07.11,0.97690,0.98070,0.97100,0.97340,160,150,0,CADCHF,Pepperstone MT5
2002.07.12,0.97350,0.97640,0.96640,0.96710,137,150,0,CADCHF,Pepperstone MT5
2002.07.15,0.96740,0.96790,0.94430,0.95020,301,150,0,CADCHF,Pepperstone MT5
2002.07.16,0.95010,0.95220,0.94020,0.94200,160,150,0,CADCHF,Pepperstone MT5
2002.07.17,0.94190,0.94690,0.93890,0.94500,130,150,0,CADCHF,Pepperstone MT5
2002.07.18,0.94480,0.94670,0.93680,0.93740,125,150,0,CADCHF,Pepperstone MT5
2002.07.19,0.93730,0.94080,0.93140,0.93460,162,150,0,CADCHF,Pepperstone MT5
2002.07.22,0.93570,0.93870,0.92020,0.92190,233,150,0,CADCHF,Pepperstone MT5
2002.07.23,0.92210,0.93480,0.91790,0.92830,277,150,0,CADCHF,Pepperstone MT5
2002.07.24,0.92820,0.93520,0.91210,0.93260,419,150,0,CADCHF,Pepperstone MT5
2002.07.25,0.93270,0.93320,0.91630,0.91830,195,150,0,CADCHF,Pepperstone MT5
2002.07.26,0.91840,0.92820,0.91570,0.92430,192,150,0,CADCHF,Pepperstone MT5
2002.07.29,0.92480,0.94790,0.92440,0.94510,268,150,0,CADCHF,Pepperstone MT5
2002.07.30,0.94510,0.94920,0.93540,0.94140,240,150,0,CADCHF,Pepperstone MT5
2002.07.31,0.94120,0.94670,0.93300,0.93740,237,150,0,CADCHF,Pepperstone MT5
2002.08.01,0.93750,0.94140,0.92390,0.92550,231,150,0,CADCHF,Pepperstone MT5
2002.08.02,0.92530,0.92880,0.92050,0.92760,144,150,0,CADCHF,Pepperstone MT5
2002.08.05,0.92700,0.93670,0.92290,0.92840,263,150,0,CADCHF,Pepperstone MT5
2002.08.06,0.92830,0.95340,0.92790,0.95200,274,150,0,CADCHF,Pepperstone MT5
2002.08.07,0.95200,0.95570,0.94560,0.94830,166,150,0,CADCHF,Pepperstone MT5
2002.08.08,0.94850,0.96170,0.94520,0.95750,241,150,0,CADCHF,Pepperstone MT5
2002.08.09,0.95690,0.95900,0.95020,0.95570,165,150,0,CADCHF,Pepperstone MT5
2002.08.12,0.95550,0.95730,0.94790,0.94910,125,150,0,CADCHF,Pepperstone MT5
2002.08.13,0.94900,0.95640,0.94690,0.94990,182,150,0,CADCHF,Pepperstone MT5
2002.08.14,0.95010,0.95690,0.94420,0.95600,196,150,0,CADCHF,Pepperstone MT5
2002.08.15,0.95570,0.96120,0.95050,0.95570,215,150,0,CADCHF,Pepperstone MT5
2002.08.16,0.95550,0.95950,0.95180,0.95480,148,150,0,CADCHF,Pepperstone MT5
2002.08.19,0.95470,0.96290,0.95180,0.95540,216,150,0,CADCHF,Pepperstone MT5
2002.08.20,0.95510,0.96000,0.95060,0.95720,168,150,0,CADCHF,Pepperstone MT5
2002.08.21,0.95740,0.96460,0.95290,0.96290,180,150,0,CADCHF,Pepperstone MT5
2002.08.22,0.96300,0.97760,0.95720,0.97490,290,150,0,CADCHF,Pepperstone MT5
2002.08.23,0.97530,0.97740,0.97100,0.97180,94,150,0,CADCHF,Pepperstone MT5
2002.08.26,0.97200,0.97590,0.96850,0.97340,135,150,0,CADCHF,Pepperstone MT5
2002.08.27,0.97350,0.97640,0.95910,0.96030,215,150,0,CADCHF,Pepperstone MT5
2002.08.28,0.96020,0.96470,0.95890,0.96340,85,150,0,CADCHF,Pepperstone MT5
2002.08.29,0.96330,0.96340,0.95040,0.95910,219,150,0,CADCHF,Pepperstone MT5
2002.08.30,0.95870,0.96350,0.95600,0.96100,128,150,0,CADCHF,Pepperstone MT5
2002.09.02,0.96110,0.96420,0.95720,0.96000,130,150,0,CADCHF,Pepperstone MT5
2002.09.03,0.96020,0.96150,0.94630,0.94630,166,150,0,CADCHF,Pepperstone MT5
2002.09.04,0.94640,0.95150,0.93970,0.94200,193,150,0,CADCHF,Pepperstone MT5
2002.09.05,0.94210,0.94330,0.92870,0.93680,240,150,0,CADCHF,Pepperstone MT5
2002.09.06,0.93670,0.95360,0.93320,0.95220,254,150,0,CADCHF,Pepperstone MT5
2002.09.09,0.95240,0.95660,0.94750,0.95210,180,150,0,CADCHF,Pepperstone MT5
2002.09.10,0.95150,0.95660,0.94890,0.95270,143,150,0,CADCHF,Pepperstone MT5
2002.09.11,0.95260,0.95800,0.94770,0.95030,184,150,0,CADCHF,Pepperstone MT5
2002.09.12,0.94980,0.95310,0.94230,0.94320,151,150,0,CADCHF,Pepperstone MT5
2002.09.13,0.94300,0.95710,0.94070,0.95620,197,150,0,CADCHF,Pepperstone MT5
2002.09.16,0.95670,0.96140,0.95390,0.95770,141,150,0,CADCHF,Pepperstone MT5
2002.09.17,0.95760,0.97000,0.95290,0.95440,311,150,0,CADCHF,Pepperstone MT5
2002.09.18,0.95450,0.95900,0.94570,0.95150,237,150,0,CADCHF,Pepperstone MT5
2002.09.19,0.95160,0.95360,0.94100,0.94100,147,150,0,CADCHF,Pepperstone MT5
2002.09.20,0.94110,0.95210,0.94060,0.94760,166,150,0,CADCHF,Pepperstone MT5
2002.09.23,0.94830,0.95140,0.93810,0.94570,241,150,0,CADCHF,Pepperstone MT5
2002.09.24,0.94590,0.94820,0.93540,0.93870,185,150,0,CADCHF,Pepperstone MT5
2002.09.25,0.93850,0.95010,0.93640,0.94980,162,150,0,CADCHF,Pepperstone MT5
2002.09.26,0.94990,0.95560,0.94640,0.95380,146,150,0,CADCHF,Pepperstone MT5
2002.09.27,0.95390,0.95810,0.94610,0.94650,167,150,0,CADCHF,Pepperstone MT5
2002.09.30,0.94550,0.94610,0.92750,0.92930,211,150,0,CADCHF,Pepperstone MT5
2002.10.01,0.92920,0.94150,0.92750,0.94110,162,150,0,CADCHF,Pepperstone MT5
2002.10.02,0.94100,0.94270,0.92910,0.93030,166,150,0,CADCHF,Pepperstone MT5
2002.10.03,0.93010,0.93160,0.92560,0.92840,104,150,0,CADCHF,Pepperstone MT5
2002.10.04,0.92830,0.93920,0.92760,0.93830,133,150,0,CADCHF,Pepperstone MT5
2002.10.07,0.93790,0.94070,0.93210,0.93300,124,150,0,CADCHF,Pepperstone MT5
2002.10.08,0.93320,0.94410,0.93200,0.93770,198,150,0,CADCHF,Pepperstone MT5
2002.10.09,0.93780,0.94090,0.92470,0.92580,205,150,0,CADCHF,Pepperstone MT5
2002.10.10,0.92590,0.93530,0.92530,0.93360,124,150,0,CADCHF,Pepperstone MT5
2002.10.11,0.93350,0.93780,0.93150,0.93410,121,150,0,CADCHF,Pepperstone MT5
2002.10.14,0.93330,0.93630,0.93130,0.93400,94,150,0,CADCHF,Pepperstone MT5
2002.10.15,0.93410,0.94600,0.93190,0.94090,215,150,0,CADCHF,Pepperstone MT5
2002.10.16,0.94100,0.94620,0.93990,0.94440,93,150,0,CADCHF,Pepperstone MT5
2002.10.17,0.94420,0.96460,0.94360,0.96330,230,150,0,CADCHF,Pepperstone MT5
2002.10.18,0.96310,0.96510,0.95850,0.96080,110,150,0,CADCHF,Pepperstone MT5
2002.10.21,0.96050,0.96660,0.95770,0.96610,123,150,0,CADCHF,Pepperstone MT5
2002.10.22,0.96630,0.96670,0.95490,0.95810,155,150,0,CADCHF,Pepperstone MT5
2002.10.23,0.95800,0.96260,0.95420,0.96200,129,150,0,CADCHF,Pepperstone MT5
2002.10.24,0.96220,0.96660,0.95810,0.95850,134,150,0,CADCHF,Pepperstone MT5
2002.10.25,0.95840,0.96080,0.95540,0.95910,102,150,0,CADCHF,Pepperstone MT5
2002.10.28,0.95980,0.96650,0.95350,0.95580,221,150,0,CADCHF,Pepperstone MT5
2002.10.29,0.95570,0.95800,0.94870,0.95300,160,150,0,CADCHF,Pepperstone MT5
2002.10.30,0.95290,0.95430,0.94910,0.95090,85,150,0,CADCHF,Pepperstone MT5
2002.10.31,0.95030,0.95080,0.94240,0.94740,140,150,0,CADCHF,Pepperstone MT5
2002.11.01,0.94710,0.94930,0.93710,0.94160,190,150,0,CADCHF,Pepperstone MT5
2002.11.04,0.94170,0.94790,0.94100,0.94210,135,150,0,CADCHF,Pepperstone MT5
2002.11.05,0.94200,0.94280,0.93360,0.93920,157,150,0,CADCHF,Pepperstone MT5
2002.11.06,0.93930,0.94560,0.93570,0.93850,191,150,0,CADCHF,Pepperstone MT5
2002.11.07,0.93830,0.94310,0.93040,0.93140,186,150,0,CADCHF,Pepperstone MT5
2002.11.08,0.93160,0.93410,0.92080,0.92180,169,150,0,CADCHF,Pepperstone MT5
2002.11.11,0.92300,0.92450,0.91610,0.92180,157,150,0,CADCHF,Pepperstone MT5
2002.11.12,0.92170,0.92410,0.91410,0.91430,127,150,0,CADCHF,Pepperstone MT5
2002.11.13,0.91450,0.92720,0.91330,0.92230,201,150,0,CADCHF,Pepperstone MT5
2002.11.14,0.92290,0.92830,0.92020,0.92770,115,150,0,CADCHF,Pepperstone MT5
2002.11.15,0.92690,0.93050,0.91600,0.91640,186,150,0,CADCHF,Pepperstone MT5
2002.11.18,0.91640,0.92160,0.91360,0.91470,144,150,0,CADCHF,Pepperstone MT5
2002.11.19,0.91480,0.92660,0.91120,0.92460,211,150,0,CADCHF,Pepperstone MT5
2002.11.20,0.92450,0.92730,0.92230,0.92530,93,150,0,CADCHF,Pepperstone MT5
2002.11.21,0.92520,0.93280,0.92290,0.92940,157,150,0,CADCHF,Pepperstone MT5
2002.11.22,0.92900,0.93680,0.92690,0.93630,126,150,0,CADCHF,Pepperstone MT5
2002.11.25,0.93630,0.94740,0.93620,0.94400,148,150,0,CADCHF,Pepperstone MT5
2002.11.26,0.94340,0.94850,0.94020,0.94090,142,150,0,CADCHF,Pepperstone MT5
2002.11.27,0.94100,0.94760,0.93930,0.94680,109,150,0,CADCHF,Pepperstone MT5
2002.11.28,0.94670,0.94730,0.94160,0.94380,86,150,0,CADCHF,Pepperstone MT5
2002.11.29,0.94360,0.95000,0.94250,0.94740,113,150,0,CADCHF,Pepperstone MT5
2002.12.02,0.94770,0.96230,0.94610,0.94770,325,150,0,CADCHF,Pepperstone MT5
2002.12.03,0.94790,0.95080,0.94600,0.94740,92,150,0,CADCHF,Pepperstone MT5
2002.12.04,0.94760,0.94970,0.94060,0.94270,134,150,0,CADCHF,Pepperstone MT5
2002.12.05,0.94280,0.94730,0.93990,0.94030,124,150,0,CADCHF,Pepperstone MT5
2002.12.06,0.94060,0.94460,0.92740,0.93150,254,150,0,CADCHF,Pepperstone MT5
2002.12.09,0.93110,0.93800,0.92910,0.93250,165,150,0,CADCHF,Pepperstone MT5
2002.12.10,0.93240,0.93740,0.93080,0.93650,92,150,0,CADCHF,Pepperstone MT5
2002.12.11,0.93630,0.94240,0.93540,0.93880,116,150,0,CADCHF,Pepperstone MT5
2002.12.12,0.93840,0.94120,0.93130,0.93310,146,150,0,CADCHF,Pepperstone MT5
2002.12.13,0.93290,0.93490,0.92330,0.92400,144,150,0,CADCHF,Pepperstone MT5
2002.12.16,0.92350,0.92900,0.92180,0.92460,134,150,0,CADCHF,Pepperstone MT5
2002.12.17,0.92470,0.92620,0.91520,0.92260,200,150,0,CADCHF,Pepperstone MT5
2002.12.18,0.92250,0.92660,0.91590,0.91590,149,150,0,CADCHF,Pepperstone MT5
2002.12.19,0.91520,0.92620,0.91480,0.91690,212,150,0,CADCHF,Pepperstone MT5
2002.12.20,0.91650,0.92240,0.91560,0.91830,119,150,0,CADCHF,Pepperstone MT5
2002.12.23,0.91770,0.91980,0.91100,0.91400,140,150,0,CADCHF,Pepperstone MT5
2002.12.24,0.91410,0.91680,0.90570,0.90970,179,150,0,CADCHF,Pepperstone MT5
2002.12.25,0.90900,0.91250,0.90220,0.90950,202,150,0,CADCHF,Pepperstone MT5
2002.12.26,0.90780,0.91570,0.89860,0.89900,255,150,0,CADCHF,Pepperstone MT5
2002.12.27,0.89890,0.90020,0.88460,0.88650,189,150,0,CADCHF,Pepperstone MT5
2002.12.30,0.88800,0.89120,0.87860,0.88030,176,150,0,CADCHF,Pepperstone MT5
2002.12.31,0.88010,0.88430,0.87480,0.87920,182,150,0,CADCHF,Pepperstone MT5
2003.01.01,0.88010,0.88030,0.87440,0.87930,111,130,0,CADCHF,Pepperstone MT5
2003.01.02,0.87940,0.89560,0.87610,0.89470,238,130,0,CADCHF,Pepperstone MT5
2003.01.03,0.89460,0.89700,0.88990,0.89370,134,130,0,CADCHF,Pepperstone MT5
2003.01.06,0.89330,0.89490,0.88430,0.89280,208,130,0,CADCHF,Pepperstone MT5
2003.01.07,0.89280,0.89900,0.89120,0.89640,121,130,0,CADCHF,Pepperstone MT5
2003.01.08,0.89640,0.90050,0.88420,0.88860,249,130,0,CADCHF,Pepperstone MT5
2003.01.09,0.88900,0.89750,0.88390,0.89700,193,130,0,CADCHF,Pepperstone MT5
2003.01.10,0.89720,0.89860,0.89200,0.89290,90,130,0,CADCHF,Pepperstone MT5
2003.01.13,0.89220,0.90020,0.89150,0.89870,110,130,0,CADCHF,Pepperstone MT5
2003.01.14,0.89910,0.90040,0.89510,0.89990,99,130,0,CADCHF,Pepperstone MT5
2003.01.15,0.89960,0.90350,0.89680,0.90000,131,130,0,CADCHF,Pepperstone MT5
2003.01.16,0.90050,0.90330,0.89480,0.89630,129,130,0,CADCHF,Pepperstone MT5
2003.01.17,0.89710,0.89730,0.89040,0.89110,79,130,0,CADCHF,Pepperstone MT5
2003.01.20,0.89190,0.89500,0.89000,0.89110,93,130,0,CADCHF,Pepperstone MT5
2003.01.21,0.89080,0.89570,0.88780,0.88970,148,130,0,CADCHF,Pepperstone MT5
2003.01.22,0.88980,0.89360,0.88840,0.89050,98,130,0,CADCHF,Pepperstone MT5
2003.01.23,0.89060,0.89530,0.88980,0.89390,78,130,0,CADCHF,Pepperstone MT5
2003.01.24,0.89350,0.89530,0.88770,0.89060,124,130,0,CADCHF,Pepperstone MT5
2003.01.27,0.89070,0.89370,0.88560,0.88590,115,130,0,CADCHF,Pepperstone MT5
2003.01.28,0.88600,0.89270,0.88220,0.88780,193,130,0,CADCHF,Pepperstone MT5
2003.01.29,0.88790,0.89280,0.88170,0.89200,182,130,0,CADCHF,Pepperstone MT5
2003.01.30,0.89210,0.89750,0.88670,0.88700,166,130,0,CADCHF,Pepperstone MT5
2003.01.31,0.88620,0.90050,0.88490,0.89760,199,130,0,CADCHF,Pepperstone MT5
2003.02.03,0.89560,0.90360,0.89530,0.89570,166,130,0,CADCHF,Pepperstone MT5
2003.02.04,0.89540,0.89750,0.88670,0.88860,149,130,0,CADCHF,Pepperstone MT5
2003.02.05,0.88880,0.89730,0.88490,0.89440,193,130,0,CADCHF,Pepperstone MT5
2003.02.06,0.89420,0.89540,0.88710,0.89240,149,130,0,CADCHF,Pepperstone MT5
2003.02.07,0.89240,0.90000,0.88940,0.89150,204,130,0,CADCHF,Pepperstone MT5
2003.02.10,0.89070,0.89470,0.88880,0.89320,94,130,0,CADCHF,Pepperstone MT5
2003.02.11,0.89360,0.89850,0.89020,0.89530,150,130,0,CADCHF,Pepperstone MT5
2003.02.12,0.89530,0.89800,0.89140,0.89530,133,130,0,CADCHF,Pepperstone MT5
2003.02.13,0.89570,0.89670,0.89020,0.89300,104,130,0,CADCHF,Pepperstone MT5
2003.02.14,0.89230,0.89900,0.89090,0.89400,146,130,0,CADCHF,Pepperstone MT5
2003.02.17,0.89580,0.90510,0.89320,0.90230,174,130,0,CADCHF,Pepperstone MT5
2003.02.18,0.90230,0.90930,0.89790,0.90760,176,130,0,CADCHF,Pepperstone MT5
2003.02.19,0.90750,0.90900,0.90110,0.90390,123,130,0,CADCHF,Pepperstone MT5
2003.02.20,0.90440,0.90810,0.90040,0.90080,119,130,0,CADCHF,Pepperstone MT5
2003.02.21,0.90140,0.90780,0.89820,0.90760,131,130,0,CADCHF,Pepperstone MT5
2003.02.24,0.91160,0.91530,0.90850,0.90910,112,130,0,CADCHF,Pepperstone MT5
2003.02.25,0.90930,0.91310,0.90470,0.90790,155,130,0,CADCHF,Pepperstone MT5
2003.02.26,0.90820,0.91040,0.90500,0.90790,106,130,0,CADCHF,Pepperstone MT5
2003.02.27,0.90770,0.91290,0.90560,0.91150,109,130,0,CADCHF,Pepperstone MT5
2003.02.28,0.91150,0.91340,0.90700,0.91070,121,130,0,CADCHF,Pepperstone MT5
2003.03.03,0.91360,0.91470,0.90020,0.90100,165,130,0,CADCHF,Pepperstone MT5
2003.03.04,0.90160,0.90760,0.89720,0.90400,185,130,0,CADCHF,Pepperstone MT5
2003.03.05,0.90360,0.90670,0.90110,0.90510,98,130,0,CADCHF,Pepperstone MT5
2003.03.06,0.90560,0.90890,0.90380,0.90750,84,130,0,CADCHF,Pepperstone MT5
2003.03.07,0.90740,0.91310,0.90240,0.91150,174,130,0,CADCHF,Pepperstone MT5
2003.03.10,0.91020,0.91170,0.90310,0.90600,131,130,0,CADCHF,Pepperstone MT5
2003.03.11,0.90630,0.90990,0.90020,0.90260,158,130,0,CADCHF,Pepperstone MT5
2003.03.12,0.90270,0.90520,0.89950,0.90430,99,130,0,CADCHF,Pepperstone MT5
2003.03.13,0.90450,0.91780,0.90310,0.91660,174,130,0,CADCHF,Pepperstone MT5
2003.03.14,0.91670,0.92800,0.91300,0.92740,194,130,0,CADCHF,Pepperstone MT5
2003.03.17,0.92300,0.93620,0.92000,0.93350,220,130,0,CADCHF,Pepperstone MT5
2003.03.18,0.93360,0.93890,0.92950,0.93750,150,130,0,CADCHF,Pepperstone MT5
2003.03.19,0.93700,0.94110,0.93300,0.93870,146,130,0,CADCHF,Pepperstone MT5
2003.03.20,0.93880,0.93990,0.93260,0.93610,120,130,0,CADCHF,Pepperstone MT5
2003.03.21,0.93620,0.94340,0.93510,0.93910,138,130,0,CADCHF,Pepperstone MT5
2003.03.24,0.93550,0.93760,0.92790,0.93510,191,130,0,CADCHF,Pepperstone MT5
2003.03.25,0.93490,0.93800,0.93020,0.93640,142,130,0,CADCHF,Pepperstone MT5
2003.03.26,0.93600,0.94390,0.93530,0.94060,127,130,0,CADCHF,Pepperstone MT5
2003.03.27,0.94080,0.94570,0.93870,0.94490,100,130,0,CADCHF,Pepperstone MT5
2003.03.28,0.94520,0.94710,0.92900,0.93040,215,130,0,CADCHF,Pepperstone MT5
2003.03.31,0.92930,0.93230,0.91730,0.92120,220,130,0,CADCHF,Pepperstone MT5
2003.04.01,0.92100,0.92510,0.91720,0.91830,132,130,0,CADCHF,Pepperstone MT5
2003.04.02,0.91800,0.94030,0.91450,0.93850,312,130,0,CADCHF,Pepperstone MT5
2003.04.03,0.93880,0.94390,0.93310,0.93390,168,130,0,CADCHF,Pepperstone MT5
2003.04.04,0.93440,0.94280,0.93290,0.94020,141,130,0,CADCHF,Pepperstone MT5
2003.04.07,0.94510,0.94710,0.93800,0.93930,125,130,0,CADCHF,Pepperstone MT5
2003.04.08,0.93960,0.94820,0.93740,0.94490,164,130,0,CADCHF,Pepperstone MT5
2003.04.09,0.94510,0.94850,0.93890,0.94030,145,130,0,CADCHF,Pepperstone MT5
2003.04.10,0.94040,0.95530,0.93910,0.95420,187,130,0,CADCHF,Pepperstone MT5
2003.04.11,0.95430,0.96110,0.95290,0.95880,120,130,0,CADCHF,Pepperstone MT5
2003.04.14,0.95920,0.96140,0.95240,0.95540,143,130,0,CADCHF,Pepperstone MT5
2003.04.15,0.95590,0.96170,0.95260,0.96060,136,130,0,CADCHF,Pepperstone MT5
2003.04.16,0.96120,0.96320,0.94030,0.94240,271,130,0,CADCHF,Pepperstone MT5
2003.04.17,0.94220,0.95280,0.93920,0.95220,173,130,0,CADCHF,Pepperstone MT5
2003.04.18,0.95270,0.95460,0.94960,0.95230,97,130,0,CADCHF,Pepperstone MT5
2003.04.21,0.95120,0.95730,0.94860,0.95360,151,130,0,CADCHF,Pepperstone MT5
2003.04.22,0.95390,0.95590,0.94240,0.94690,201,130,0,CADCHF,Pepperstone MT5
2003.04.23,0.94770,0.95200,0.94480,0.94600,128,130,0,CADCHF,Pepperstone MT5
2003.04.24,0.94590,0.94710,0.93160,0.93620,214,130,0,CADCHF,Pepperstone MT5
2003.04.25,0.93700,0.94260,0.93350,0.94110,142,130,0,CADCHF,Pepperstone MT5
2003.04.28,0.94030,0.94820,0.93840,0.94710,129,130,0,CADCHF,Pepperstone MT5
2003.04.29,0.94680,0.94870,0.94310,0.94420,87,130,0,CADCHF,Pepperstone MT5
2003.04.30,0.94410,0.94730,0.94030,0.94730,109,130,0,CADCHF,Pepperstone MT5
2003.05.01,0.94730,0.95430,0.94310,0.94770,221,130,0,CADCHF,Pepperstone MT5
2003.05.02,0.94810,0.94980,0.94420,0.94750,107,130,0,CADCHF,Pepperstone MT5
2003.05.05,0.94780,0.95310,0.94680,0.95060,99,130,0,CADCHF,Pepperstone MT5
2003.05.06,0.95090,0.95490,0.94350,0.95070,227,130,0,CADCHF,Pepperstone MT5
2003.05.07,0.95080,0.95880,0.94340,0.94710,272,130,0,CADCHF,Pepperstone MT5
2003.05.08,0.94700,0.95030,0.93930,0.94190,170,130,0,CADCHF,Pepperstone MT5
2003.05.09,0.94210,0.94620,0.93740,0.94470,151,130,0,CADCHF,Pepperstone MT5
2003.05.12,0.94140,0.94610,0.93840,0.94370,132,130,0,CADCHF,Pepperstone MT5
2003.05.13,0.94390,0.94890,0.94220,0.94750,99,130,0,CADCHF,Pepperstone MT5
2003.05.14,0.94730,0.95960,0.94500,0.95940,172,130,0,CADCHF,Pepperstone MT5
2003.05.15,0.95910,0.96050,0.95300,0.95930,149,130,0,CADCHF,Pepperstone MT5
2003.05.16,0.95900,0.96050,0.95250,0.95590,130,130,0,CADCHF,Pepperstone MT5
2003.05.19,0.95630,0.95720,0.95000,0.95170,99,130,0,CADCHF,Pepperstone MT5
2003.05.20,0.95170,0.96270,0.95040,0.95790,185,130,0,CADCHF,Pepperstone MT5
2003.05.21,0.95750,0.96310,0.95220,0.96080,186,130,0,CADCHF,Pepperstone MT5
2003.05.22,0.96060,0.96250,0.94000,0.94340,279,130,0,CADCHF,Pepperstone MT5
2003.05.23,0.94370,0.94980,0.93200,0.93870,307,130,0,CADCHF,Pepperstone MT5
2003.05.26,0.93520,0.94010,0.93380,0.93770,102,130,0,CADCHF,Pepperstone MT5
2003.05.27,0.93710,0.94320,0.93120,0.93460,216,130,0,CADCHF,Pepperstone MT5
2003.05.28,0.93420,0.94170,0.93230,0.93670,164,130,0,CADCHF,Pepperstone MT5
2003.05.29,0.93690,0.94320,0.93270,0.93920,188,130,0,CADCHF,Pepperstone MT5
2003.05.30,0.93900,0.95100,0.93810,0.94970,152,130,0,CADCHF,Pepperstone MT5
2003.06.02,0.95110,0.95590,0.94590,0.94920,182,130,0,CADCHF,Pepperstone MT5
2003.06.03,0.94920,0.96120,0.94890,0.96110,128,130,0,CADCHF,Pepperstone MT5
2003.06.04,0.96090,0.97210,0.95110,0.96860,344,130,0,CADCHF,Pepperstone MT5
2003.06.05,0.96840,0.97420,0.96380,0.96970,196,130,0,CADCHF,Pepperstone MT5
2003.06.06,0.96880,0.97800,0.96420,0.97090,256,130,0,CADCHF,Pepperstone MT5
2003.06.09,0.97030,0.97500,0.96070,0.96880,272,130,0,CADCHF,Pepperstone MT5
2003.06.10,0.96860,0.97120,0.96220,0.96560,151,130,0,CADCHF,Pepperstone MT5
2003.06.11,0.96620,0.97060,0.96120,0.96820,169,130,0,CADCHF,Pepperstone MT5
2003.06.12,0.96860,0.97320,0.96530,0.97210,124,130,0,CADCHF,Pepperstone MT5
2003.06.13,0.97200,0.98020,0.96760,0.97120,245,130,0,CADCHF,Pepperstone MT5
2003.06.16,0.97200,0.97650,0.96870,0.97180,155,130,0,CADCHF,Pepperstone MT5
2003.06.17,0.97210,0.98010,0.96860,0.97910,161,130,0,CADCHF,Pepperstone MT5
2003.06.18,0.97890,0.99270,0.97540,0.98990,237,130,0,CADCHF,Pepperstone MT5
2003.06.19,0.99030,0.99590,0.97650,0.97750,261,130,0,CADCHF,Pepperstone MT5
2003.06.20,0.97760,0.98560,0.97490,0.97640,203,130,0,CADCHF,Pepperstone MT5
2003.06.23,0.97930,0.98180,0.97130,0.97360,154,130,0,CADCHF,Pepperstone MT5
2003.06.24,0.97390,0.97910,0.97260,0.97670,103,130,0,CADCHF,Pepperstone MT5
2003.06.25,0.97760,0.98930,0.97580,0.98630,184,130,0,CADCHF,Pepperstone MT5
2003.06.26,0.98720,0.99890,0.98480,0.99540,201,130,0,CADCHF,Pepperstone MT5
2003.06.27,0.99550,1.00400,0.99420,1.00210,131,130,0,CADCHF,Pepperstone MT5
2003.06.30,1.00200,1.00780,0.99510,1.00320,243,130,0,CADCHF,Pepperstone MT5
2003.07.01,1.00310,1.00540,0.99050,0.99240,192,130,0,CADCHF,Pepperstone MT5
2003.07.02,0.99270,1.00880,0.99210,1.00480,214,130,0,CADCHF,Pepperstone MT5
2003.07.03,1.00500,1.01150,0.99380,1.00870,318,130,0,CADCHF,Pepperstone MT5
2003.07.04,1.00850,1.01130,1.00410,1.00550,115,130,0,CADCHF,Pepperstone MT5
2003.07.07,1.00660,1.01950,1.00460,1.01870,178,130,0,CADCHF,Pepperstone MT5
2003.07.08,1.01890,1.02050,0.99990,1.00310,255,130,0,CADCHF,Pepperstone MT5
2003.07.09,1.00290,1.00590,0.98870,0.98910,207,130,0,CADCHF,Pepperstone MT5
2003.07.10,0.98970,0.99190,0.98110,0.98410,161,130,0,CADCHF,Pepperstone MT5
2003.07.11,0.98400,1.00030,0.98280,0.99980,193,130,0,CADCHF,Pepperstone MT5
2003.07.14,0.99930,1.00170,0.99490,1.00010,129,130,0,CADCHF,Pepperstone MT5
2003.07.15,1.00010,1.00170,0.98420,0.99530,303,130,0,CADCHF,Pepperstone MT5
2003.07.16,0.99470,1.00570,0.98900,0.98930,281,130,0,CADCHF,Pepperstone MT5
2003.07.17,0.98940,0.99210,0.97980,0.98060,159,130,0,CADCHF,Pepperstone MT5
2003.07.18,0.98020,0.98100,0.96400,0.96820,221,130,0,CADCHF,Pepperstone MT5
2003.07.21,0.96740,0.96910,0.96250,0.96260,85,130,0,CADCHF,Pepperstone MT5
2003.07.22,0.96240,0.96980,0.96070,0.96150,174,130,0,CADCHF,Pepperstone MT5
2003.07.23,0.96140,0.96600,0.95500,0.96310,204,130,0,CADCHF,Pepperstone MT5
2003.07.24,0.96320,0.96930,0.96250,0.96410,128,130,0,CADCHF,Pepperstone MT5
2003.07.25,0.96460,0.97480,0.96400,0.97400,123,130,0,CADCHF,Pepperstone MT5
2003.07.28,0.97440,0.97770,0.96920,0.97080,135,130,0,CADCHF,Pepperstone MT5
2003.07.29,0.97080,0.97660,0.96960,0.97560,93,130,0,CADCHF,Pepperstone MT5
2003.07.30,0.97500,0.97620,0.96840,0.97460,153,130,0,CADCHF,Pepperstone MT5
2003.07.31,0.97470,0.97770,0.97120,0.97580,120,130,0,CADCHF,Pepperstone MT5
2003.08.01,0.97590,0.98120,0.97230,0.97580,178,130,0,CADCHF,Pepperstone MT5
2003.08.04,0.97620,0.97670,0.95680,0.95880,225,130,0,CADCHF,Pepperstone MT5
2003.08.05,0.95860,0.96390,0.95630,0.96250,114,130,0,CADCHF,Pepperstone MT5
2003.08.06,0.96320,0.96560,0.95780,0.96360,153,130,0,CADCHF,Pepperstone MT5
2003.08.07,0.96380,0.97070,0.95890,0.96960,179,130,0,CADCHF,Pepperstone MT5
2003.08.08,0.96970,0.97960,0.96830,0.97660,158,130,0,CADCHF,Pepperstone MT5
2003.08.11,0.97790,0.98660,0.96740,0.98310,333,130,0,CADCHF,Pepperstone MT5
2003.08.12,0.98360,0.99140,0.98100,0.98770,168,130,0,CADCHF,Pepperstone MT5
2003.08.13,0.98770,0.99420,0.98500,0.99020,160,130,0,CADCHF,Pepperstone MT5
2003.08.14,0.99010,0.99490,0.97950,0.98260,234,130,0,CADCHF,Pepperstone MT5
2003.08.15,0.98270,0.99090,0.98080,0.98850,145,130,0,CADCHF,Pepperstone MT5
2003.08.18,0.98870,1.00160,0.98860,0.99790,169,130,0,CADCHF,Pepperstone MT5
2003.08.19,0.99810,1.00320,0.99140,0.99480,204,130,0,CADCHF,Pepperstone MT5
2003.08.20,0.99460,0.99830,0.98680,0.99010,186,130,0,CADCHF,Pepperstone MT5
2003.08.21,0.99000,1.00510,0.98790,1.00410,204,130,0,CADCHF,Pepperstone MT5
2003.08.22,1.00430,1.01220,0.99990,1.01160,174,130,0,CADCHF,Pepperstone MT5
2003.08.25,1.01270,1.01600,1.00730,1.00990,147,130,0,CADCHF,Pepperstone MT5
2003.08.26,1.00920,1.01740,1.00920,1.01350,122,130,0,CADCHF,Pepperstone MT5
2003.08.27,1.01340,1.01400,1.00240,1.00760,175,130,0,CADCHF,Pepperstone MT5
2003.08.28,1.00760,1.01550,1.00730,1.01310,110,130,0,CADCHF,Pepperstone MT5
2003.08.29,1.01340,1.01540,1.00370,1.00970,198,130,0,CADCHF,Pepperstone MT5
2003.09.01,1.01080,1.01750,1.00880,1.01600,123,130,0,CADCHF,Pepperstone MT5
2003.09.02,1.01620,1.02270,1.01480,1.01820,139,130,0,CADCHF,Pepperstone MT5
2003.09.03,1.01820,1.02710,1.01590,1.02630,144,130,0,CADCHF,Pepperstone MT5
2003.09.04,1.02610,1.03290,1.02330,1.02330,165,130,0,CADCHF,Pepperstone MT5
2003.09.05,1.02340,1.03000,1.00900,1.01010,288,130,0,CADCHF,Pepperstone MT5
2003.09.08,1.01150,1.01520,1.00850,1.01170,133,130,0,CADCHF,Pepperstone MT5
2003.09.09,1.01200,1.01520,1.00730,1.00810,120,130,0,CADCHF,Pepperstone MT5
2003.09.10,1.00850,1.01630,1.00700,1.01120,160,130,0,CADCHF,Pepperstone MT5
2003.09.11,1.01130,1.01410,1.00700,1.00940,124,130,0,CADCHF,Pepperstone MT5
2003.09.12,1.00920,1.01610,1.00610,1.01010,192,130,0,CADCHF,Pepperstone MT5
2003.09.15,1.01130,1.01430,1.00560,1.01010,163,130,0,CADCHF,Pepperstone MT5
2003.09.16,1.01050,1.01810,1.00760,1.01500,166,130,0,CADCHF,Pepperstone MT5
2003.09.17,1.01490,1.01710,1.00710,1.00960,148,130,0,CADCHF,Pepperstone MT5
2003.09.18,1.00960,1.01960,1.00830,1.01740,149,130,0,CADCHF,Pepperstone MT5
2003.09.19,1.01730,1.02010,1.01120,1.01420,148,130,0,CADCHF,Pepperstone MT5
2003.09.22,1.01380,1.01480,1.00220,1.00300,145,130,0,CADCHF,Pepperstone MT5
2003.09.23,1.00330,1.00440,0.99630,1.00180,148,130,0,CADCHF,Pepperstone MT5
2003.09.24,1.00150,1.00360,0.99640,1.00070,137,130,0,CADCHF,Pepperstone MT5
2003.09.25,1.00030,1.00380,0.99480,0.99590,137,130,0,CADCHF,Pepperstone MT5
2003.09.26,0.99610,0.99770,0.99040,0.99400,126,130,0,CADCHF,Pepperstone MT5
2003.09.29,0.99380,0.99450,0.97910,0.98050,176,130,0,CADCHF,Pepperstone MT5
2003.09.30,0.98040,0.98250,0.97470,0.97560,109,130,0,CADCHF,Pepperstone MT5
2003.10.01,0.97550,0.98200,0.97420,0.97490,151,130,0,CADCHF,Pepperstone MT5
2003.10.02,0.97510,0.98400,0.97330,0.98260,140,130,0,CADCHF,Pepperstone MT5
2003.10.03,0.98270,0.99590,0.98260,0.99440,150,130,0,CADCHF,Pepperstone MT5
2003.10.06,0.99360,0.99490,0.98300,0.98480,151,130,0,CADCHF,Pepperstone MT5
2003.10.07,0.98500,0.99020,0.98220,0.98860,125,130,0,CADCHF,Pepperstone MT5
2003.10.08,0.98900,0.98990,0.98320,0.98340,79,130,0,CADCHF,Pepperstone MT5
2003.10.09,0.98370,0.98980,0.98190,0.98410,155,130,0,CADCHF,Pepperstone MT5
2003.10.10,0.98340,0.99470,0.97960,0.99420,195,130,0,CADCHF,Pepperstone MT5
2003.10.13,0.99380,1.00500,0.99160,1.00240,183,130,0,CADCHF,Pepperstone MT5
2003.10.14,1.00220,1.00800,0.99300,0.99510,230,130,0,CADCHF,Pepperstone MT5
2003.10.15,0.99520,1.00560,0.99340,1.00200,177,130,0,CADCHF,Pepperstone MT5
2003.10.16,1.00200,1.01480,1.00000,1.01300,187,130,0,CADCHF,Pepperstone MT5
2003.10.17,1.01290,1.01890,1.00870,1.00910,167,130,0,CADCHF,Pepperstone MT5
2003.10.20,1.00870,1.01430,1.00580,1.00940,164,130,0,CADCHF,Pepperstone MT5
2003.10.21,1.00920,1.01450,1.00600,1.01120,151,130,0,CADCHF,Pepperstone MT5
2003.10.22,1.01130,1.01450,1.00570,1.00770,141,130,0,CADCHF,Pepperstone MT5
2003.10.23,1.00790,1.00900,0.99970,1.00390,147,130,0,CADCHF,Pepperstone MT5
2003.10.24,1.00420,1.00790,0.99840,1.00450,188,130,0,CADCHF,Pepperstone MT5
2003.10.27,1.00490,1.00800,1.00240,1.00540,108,130,0,CADCHF,Pepperstone MT5
2003.10.28,1.00520,1.01710,1.00360,1.01610,162,130,0,CADCHF,Pepperstone MT5
2003.10.29,1.01600,1.01680,1.01030,1.01450,116,130,0,CADCHF,Pepperstone MT5
2003.10.30,1.01500,1.01860,1.00930,1.01460,183,130,0,CADCHF,Pepperstone MT5
2003.10.31,1.01460,1.01780,1.00880,1.01480,179,130,0,CADCHF,Pepperstone MT5
2003.11.03,1.01440,1.02290,1.00880,1.01700,257,130,0,CADCHF,Pepperstone MT5
2003.11.04,1.01690,1.02500,1.01330,1.02440,160,130,0,CADCHF,Pepperstone MT5
2003.11.05,1.02420,1.03020,1.02330,1.02630,118,130,0,CADCHF,Pepperstone MT5
2003.11.06,1.02620,1.03080,1.02390,1.02820,119,130,0,CADCHF,Pepperstone MT5
2003.11.07,1.02810,1.03980,1.02540,1.03150,255,130,0,CADCHF,Pepperstone MT5
2003.11.10,1.03220,1.04470,1.02960,1.04360,189,130,0,CADCHF,Pepperstone MT5
2003.11.11,1.04360,1.04840,1.03540,1.03770,202,130,0,CADCHF,Pepperstone MT5
2003.11.12,1.03840,1.03990,1.02920,1.03600,191,130,0,CADCHF,Pepperstone MT5
2003.11.13,1.03620,1.03750,1.02730,1.02890,132,130,0,CADCHF,Pepperstone MT5
2003.11.14,1.02890,1.03030,1.01810,1.01870,143,130,0,CADCHF,Pepperstone MT5
2003.11.17,1.01750,1.01760,1.00520,1.01010,175,130,0,CADCHF,Pepperstone MT5
2003.11.18,1.01000,1.01200,0.99480,0.99490,194,130,0,CADCHF,Pepperstone MT5
2003.11.19,0.99480,1.00330,0.99340,1.00310,116,130,0,CADCHF,Pepperstone MT5
2003.11.20,1.00300,1.00350,0.99510,0.99770,116,130,0,CADCHF,Pepperstone MT5
2003.11.21,0.99760,1.00110,0.99140,0.99660,185,130,0,CADCHF,Pepperstone MT5
2003.11.24,0.99670,1.00720,0.99000,1.00210,291,130,0,CADCHF,Pepperstone MT5
2003.11.25,1.00210,1.00770,0.99820,1.00590,153,130,0,CADCHF,Pepperstone MT5
2003.11.26,1.00600,1.00640,0.98990,0.99090,180,130,0,CADCHF,Pepperstone MT5
2003.11.27,0.99110,0.99600,0.98960,0.99490,91,130,0,CADCHF,Pepperstone MT5
2003.11.28,0.99490,0.99840,0.99120,0.99260,122,130,0,CADCHF,Pepperstone MT5
2003.12.01,0.99630,0.99930,0.98960,0.99520,184,130,0,CADCHF,Pepperstone MT5
2003.12.02,0.99510,0.99860,0.99000,0.99240,146,130,0,CADCHF,Pepperstone MT5
2003.12.03,0.99220,0.99550,0.98850,0.98850,104,130,0,CADCHF,Pepperstone MT5
2003.12.04,0.98900,0.99300,0.97840,0.98150,218,130,0,CADCHF,Pepperstone MT5
2003.12.05,0.98140,0.98870,0.97580,0.97640,209,130,0,CADCHF,Pepperstone MT5
2003.12.08,0.97610,0.98390,0.96980,0.97700,274,130,0,CADCHF,Pepperstone MT5
2003.12.09,0.97660,0.97790,0.96450,0.96720,175,130,0,CADCHF,Pepperstone MT5
2003.12.10,0.96720,0.97320,0.96350,0.96810,186,130,0,CADCHF,Pepperstone MT5
2003.12.11,0.96820,0.97430,0.95960,0.96240,237,130,0,CADCHF,Pepperstone MT5
2003.12.12,0.96230,0.96620,0.95680,0.96020,168,130,0,CADCHF,Pepperstone MT5
2003.12.15,0.96630,0.96640,0.95900,0.96020,88,130,0,CADCHF,Pepperstone MT5
2003.12.16,0.96020,0.96110,0.94810,0.94890,148,130,0,CADCHF,Pepperstone MT5
2003.12.17,0.94900,0.95030,0.94290,0.94420,101,130,0,CADCHF,Pepperstone MT5
2003.12.18,0.94450,0.94720,0.93830,0.94030,137,130,0,CADCHF,Pepperstone MT5
2003.12.19,0.94010,0.94230,0.93520,0.93990,141,130,0,CADCHF,Pepperstone MT5
2003.12.22,0.93870,0.94600,0.93480,0.94450,167,130,0,CADCHF,Pepperstone MT5
2003.12.23,0.94470,0.95390,0.94270,0.95090,163,130,0,CADCHF,Pepperstone MT5
2003.12.24,0.95090,0.95500,0.94810,0.95500,98,130,0,CADCHF,Pepperstone MT5
2003.12.25,0.95480,0.95910,0.94530,0.95240,253,130,0,CADCHF,Pepperstone MT5
2003.12.26,0.95340,0.96030,0.95050,0.96020,129,130,0,CADCHF,Pepperstone MT5
2003.12.29,0.95690,0.95700,0.95120,0.95460,94,130,0,CADCHF,Pepperstone MT5
2003.12.30,0.95420,0.96290,0.95040,0.96040,189,130,0,CADCHF,Pepperstone MT5
2003.12.31,0.96060,0.96240,0.95490,0.95530,98,130,0,CADCHF,Pepperstone MT5
2004.01.01,0.95530,0.95990,0.95230,0.95950,111,120,0,CADCHF,Pepperstone MT5
2004.01.02,0.95960,0.96310,0.95600,0.96210,118,120,0,CADCHF,Pepperstone MT5
2004.01.05,0.96090,0.96490,0.95610,0.96110,175,120,0,CADCHF,Pepperstone MT5
2004.01.06,0.96070,0.96340,0.95430,0.95780,154,120,0,CADCHF,Pepperstone MT5
2004.01.07,0.95740,0.96320,0.95600,0.96290,90,120,0,CADCHF,Pepperstone MT5
2004.01.08,0.96280,0.96640,0.95720,0.95860,143,120,0,CADCHF,Pepperstone MT5
2004.01.09,0.95850,0.96510,0.95700,0.96140,134,120,0,CADCHF,Pepperstone MT5
2004.01.12,0.96030,0.96320,0.95600,0.96290,119,120,0,CADCHF,Pepperstone MT5
2004.01.13,0.96290,0.96440,0.95870,0.96030,89,120,0,CADCHF,Pepperstone MT5
2004.01.14,0.96000,0.96770,0.95210,0.95560,269,120,0,CADCHF,Pepperstone MT5
2004.01.15,0.95520,0.96260,0.95460,0.96240,89,120,0,CADCHF,Pepperstone MT5
2004.01.16,0.96250,0.97720,0.95920,0.97390,247,120,0,CADCHF,Pepperstone MT5
2004.01.19,0.97480,0.97680,0.97090,0.97610,106,120,0,CADCHF,Pepperstone MT5
2004.01.20,0.97610,0.97640,0.96510,0.96560,122,120,0,CADCHF,Pepperstone MT5
2004.01.21,0.96540,0.96790,0.95230,0.95310,190,120,0,CADCHF,Pepperstone MT5
2004.01.22,0.95310,0.95420,0.94680,0.95090,127,120,0,CADCHF,Pepperstone MT5
2004.01.23,0.95050,0.95280,0.93760,0.94620,262,120,0,CADCHF,Pepperstone MT5
2004.01.26,0.94600,0.95750,0.94470,0.95610,156,120,0,CADCHF,Pepperstone MT5
2004.01.27,0.95600,0.96030,0.94870,0.94960,169,120,0,CADCHF,Pepperstone MT5
2004.01.28,0.94950,0.95330,0.93980,0.94690,245,120,0,CADCHF,Pepperstone MT5
2004.01.29,0.94670,0.94920,0.93890,0.94600,200,120,0,CADCHF,Pepperstone MT5
2004.01.30,0.94630,0.95160,0.94120,0.94780,194,120,0,CADCHF,Pepperstone MT5
2004.02.02,0.94710,0.95000,0.94120,0.94250,131,120,0,CADCHF,Pepperstone MT5
2004.02.03,0.94210,0.94440,0.93220,0.93420,166,120,0,CADCHF,Pepperstone MT5
2004.02.04,0.93420,0.94080,0.93120,0.93790,156,120,0,CADCHF,Pepperstone MT5
2004.02.05,0.93780,0.93840,0.93060,0.93500,129,120,0,CADCHF,Pepperstone MT5
2004.02.06,0.93520,0.93860,0.92680,0.93180,203,120,0,CADCHF,Pepperstone MT5
2004.02.09,0.93180,0.93580,0.92780,0.92930,136,120,0,CADCHF,Pepperstone MT5
2004.02.10,0.92970,0.93250,0.92570,0.92990,135,120,0,CADCHF,Pepperstone MT5
2004.02.11,0.93000,0.93700,0.92700,0.93630,138,120,0,CADCHF,Pepperstone MT5
2004.02.12,0.93620,0.93660,0.92930,0.93310,116,120,0,CADCHF,Pepperstone MT5
2004.02.13,0.93300,0.94340,0.92980,0.94030,200,120,0,CADCHF,Pepperstone MT5
2004.02.16,0.94050,0.94160,0.93570,0.93810,95,120,0,CADCHF,Pepperstone MT5
2004.02.17,0.93800,0.93970,0.93320,0.93620,113,120,0,CADCHF,Pepperstone MT5
2004.02.18,0.93630,0.93930,0.93040,0.93860,156,120,0,CADCHF,Pepperstone MT5
2004.02.19,0.93830,0.93850,0.93040,0.93060,86,120,0,CADCHF,Pepperstone MT5
2004.02.20,0.93010,0.94470,0.92840,0.94320,196,120,0,CADCHF,Pepperstone MT5
2004.02.23,0.94340,0.94540,0.93580,0.93990,158,120,0,CADCHF,Pepperstone MT5
2004.02.24,0.94010,0.94320,0.93180,0.93380,166,120,0,CADCHF,Pepperstone MT5
2004.02.25,0.93370,0.94500,0.93230,0.94380,154,120,0,CADCHF,Pepperstone MT5
2004.02.26,0.94390,0.94730,0.93930,0.94490,151,120,0,CADCHF,Pepperstone MT5
2004.02.27,0.94480,0.94700,0.93950,0.94580,141,120,0,CADCHF,Pepperstone MT5
2004.03.01,0.94450,0.94950,0.94120,0.94690,143,120,0,CADCHF,Pepperstone MT5
2004.03.02,0.94690,0.96640,0.94580,0.96500,232,120,0,CADCHF,Pepperstone MT5
2004.03.03,0.96520,0.97270,0.95820,0.96450,284,120,0,CADCHF,Pepperstone MT5
2004.03.04,0.96450,0.97150,0.96180,0.96970,143,120,0,CADCHF,Pepperstone MT5
2004.03.05,0.96950,0.97200,0.96180,0.96610,171,120,0,CADCHF,Pepperstone MT5
2004.03.08,0.96570,0.96960,0.96270,0.96500,132,120,0,CADCHF,Pepperstone MT5
2004.03.09,0.96490,0.97110,0.96130,0.96790,167,120,0,CADCHF,Pepperstone MT5
2004.03.10,0.96780,0.97480,0.96540,0.97200,147,120,0,CADCHF,Pepperstone MT5
2004.03.11,0.97170,0.97420,0.95750,0.96020,220,120,0,CADCHF,Pepperstone MT5
2004.03.12,0.96020,0.97120,0.95890,0.96290,220,120,0,CADCHF,Pepperstone MT5
2004.03.15,0.95900,0.96220,0.95390,0.95620,139,120,0,CADCHF,Pepperstone MT5
2004.03.16,0.95620,0.96110,0.95120,0.95850,176,120,0,CADCHF,Pepperstone MT5
2004.03.17,0.95850,0.96210,0.95210,0.95390,155,120,0,CADCHF,Pepperstone MT5
2004.03.18,0.95410,0.95520,0.94190,0.94700,196,120,0,CADCHF,Pepperstone MT5
2004.03.19,0.94710,0.95750,0.94410,0.95090,231,120,0,CADCHF,Pepperstone MT5
2004.03.22,0.95180,0.95610,0.94210,0.94300,193,120,0,CADCHF,Pepperstone MT5
2004.03.23,0.94340,0.94970,0.94120,0.94390,166,120,0,CADCHF,Pepperstone MT5
2004.03.24,0.94380,0.95470,0.94230,0.95130,174,120,0,CADCHF,Pepperstone MT5
2004.03.25,0.95110,0.96350,0.95100,0.96210,141,120,0,CADCHF,Pepperstone MT5
2004.03.26,0.96220,0.97660,0.96070,0.97370,204,120,0,CADCHF,Pepperstone MT5
2004.03.29,0.97440,0.98440,0.97210,0.98090,182,120,0,CADCHF,Pepperstone MT5
2004.03.30,0.98090,0.98210,0.97450,0.98100,152,120,0,CADCHF,Pepperstone MT5
2004.03.31,0.98120,0.98160,0.96020,0.96690,286,120,0,CADCHF,Pepperstone MT5
2004.04.01,0.96740,0.96850,0.95700,0.96620,219,120,0,CADCHF,Pepperstone MT5
2004.04.02,0.96600,0.98440,0.96530,0.98150,228,120,0,CADCHF,Pepperstone MT5
2004.04.05,0.98330,0.99630,0.98110,0.99240,214,120,0,CADCHF,Pepperstone MT5
2004.04.06,0.99230,0.99510,0.98250,0.98550,185,120,0,CADCHF,Pepperstone MT5
2004.04.07,0.98530,0.98930,0.96850,0.97530,317,120,0,CADCHF,Pepperstone MT5
2004.04.08,0.97520,0.97660,0.96430,0.96610,156,120,0,CADCHF,Pepperstone MT5
2004.04.09,0.96680,0.96800,0.96330,0.96380,65,120,0,CADCHF,Pepperstone MT5
2004.04.12,0.96390,0.96970,0.95740,0.96030,211,120,0,CADCHF,Pepperstone MT5
2004.04.13,0.96020,0.97730,0.95920,0.97320,233,120,0,CADCHF,Pepperstone MT5
2004.04.14,0.97320,0.97750,0.96380,0.96520,195,120,0,CADCHF,Pepperstone MT5
2004.04.15,0.96520,0.97120,0.96050,0.96430,206,120,0,CADCHF,Pepperstone MT5
2004.04.16,0.96400,0.96710,0.95820,0.96270,166,120,0,CADCHF,Pepperstone MT5
2004.04.19,0.95880,0.96160,0.95390,0.95900,153,120,0,CADCHF,Pepperstone MT5
2004.04.20,0.95900,0.96890,0.95880,0.96630,130,120,0,CADCHF,Pepperstone MT5
2004.04.21,0.96610,0.96990,0.96390,0.96650,117,120,0,CADCHF,Pepperstone MT5
2004.04.22,0.96640,0.97010,0.96140,0.96510,162,120,0,CADCHF,Pepperstone MT5
2004.04.23,0.96510,0.97030,0.96280,0.96650,137,120,0,CADCHF,Pepperstone MT5
2004.04.26,0.96860,0.97270,0.96500,0.96960,145,120,0,CADCHF,Pepperstone MT5
2004.04.27,0.96960,0.97030,0.95760,0.96090,168,120,0,CADCHF,Pepperstone MT5
2004.04.28,0.96070,0.96400,0.94960,0.94980,180,120,0,CADCHF,Pepperstone MT5
2004.04.29,0.95000,0.95460,0.93950,0.94360,239,120,0,CADCHF,Pepperstone MT5
2004.04.30,0.94380,0.94930,0.93950,0.94400,195,120,0,CADCHF,Pepperstone MT5
2004.05.03,0.94380,0.94960,0.94260,0.94740,105,120,0,CADCHF,Pepperstone MT5
2004.05.04,0.94740,0.94950,0.93310,0.93550,210,120,0,CADCHF,Pepperstone MT5
2004.05.05,0.93590,0.93590,0.92440,0.92720,144,120,0,CADCHF,Pepperstone MT5
2004.05.06,0.92730,0.93510,0.92720,0.93060,126,120,0,CADCHF,Pepperstone MT5
2004.05.07,0.93110,0.94170,0.92620,0.94160,206,120,0,CADCHF,Pepperstone MT5
2004.05.10,0.94120,0.94140,0.93270,0.93310,94,120,0,CADCHF,Pepperstone MT5
2004.05.11,0.93300,0.94190,0.93240,0.93500,171,120,0,CADCHF,Pepperstone MT5
2004.05.12,0.93460,0.93880,0.92750,0.93290,210,120,0,CADCHF,Pepperstone MT5
2004.05.13,0.93230,0.93840,0.92800,0.93420,190,120,0,CADCHF,Pepperstone MT5
2004.05.14,0.93420,0.93650,0.92880,0.93260,139,120,0,CADCHF,Pepperstone MT5
2004.05.17,0.93330,0.93340,0.91280,0.91310,211,120,0,CADCHF,Pepperstone MT5
2004.05.18,0.91320,0.92420,0.91250,0.92260,141,120,0,CADCHF,Pepperstone MT5
2004.05.19,0.92280,0.93010,0.92060,0.92840,135,120,0,CADCHF,Pepperstone MT5
2004.05.20,0.92860,0.94310,0.92690,0.93960,215,120,0,CADCHF,Pepperstone MT5
2004.05.21,0.93990,0.94080,0.92680,0.93430,225,120,0,CADCHF,Pepperstone MT5
2004.05.24,0.93290,0.94020,0.93100,0.93280,184,120,0,CADCHF,Pepperstone MT5
2004.05.25,0.93290,0.93490,0.92120,0.92730,219,120,0,CADCHF,Pepperstone MT5
2004.05.26,0.92740,0.93160,0.92390,0.92800,149,120,0,CADCHF,Pepperstone MT5
2004.05.27,0.92830,0.92910,0.91550,0.91760,166,120,0,CADCHF,Pepperstone MT5
2004.05.28,0.91830,0.92060,0.91550,0.91890,97,120,0,CADCHF,Pepperstone MT5
2004.05.31,0.91660,0.92120,0.91610,0.92050,64,120,0,CADCHF,Pepperstone MT5
2004.06.01,0.92050,0.92110,0.91070,0.91080,112,120,0,CADCHF,Pepperstone MT5
2004.06.02,0.91100,0.91840,0.90990,0.91820,99,120,0,CADCHF,Pepperstone MT5
2004.06.03,0.91830,0.92170,0.91520,0.91690,117,120,0,CADCHF,Pepperstone MT5
2004.06.04,0.91680,0.92390,0.91650,0.91760,141,120,0,CADCHF,Pepperstone MT5
2004.06.07,0.91740,0.92130,0.91410,0.91840,135,120,0,CADCHF,Pepperstone MT5
2004.06.08,0.91840,0.92410,0.91540,0.91710,162,120,0,CADCHF,Pepperstone MT5
2004.06.09,0.91720,0.92780,0.91680,0.92240,169,120,0,CADCHF,Pepperstone MT5
2004.06.10,0.92230,0.92520,0.91440,0.91510,145,120,0,CADCHF,Pepperstone MT5
2004.06.11,0.91510,0.92500,0.91450,0.92370,125,120,0,CADCHF,Pepperstone MT5
2004.06.14,0.92370,0.92590,0.91250,0.91360,168,120,0,CADCHF,Pepperstone MT5
2004.06.15,0.91360,0.91700,0.90760,0.91290,182,120,0,CADCHF,Pepperstone MT5
2004.06.16,0.91310,0.92300,0.91110,0.92230,147,120,0,CADCHF,Pepperstone MT5
2004.06.17,0.92240,0.92390,0.90970,0.91330,194,120,0,CADCHF,Pepperstone MT5
2004.06.18,0.91320,0.91760,0.91060,0.91310,140,120,0,CADCHF,Pepperstone MT5
2004.06.21,0.91230,0.91560,0.91080,0.91280,92,120,0,CADCHF,Pepperstone MT5
2004.06.22,0.91250,0.92310,0.91230,0.92040,138,120,0,CADCHF,Pepperstone MT5
2004.06.23,0.92040,0.92650,0.91650,0.92140,191,120,0,CADCHF,Pepperstone MT5
2004.06.24,0.92150,0.92740,0.91810,0.92540,148,120,0,CADCHF,Pepperstone MT5
2004.06.25,0.92510,0.92980,0.92330,0.92370,117,120,0,CADCHF,Pepperstone MT5
2004.06.28,0.92400,0.93060,0.92360,0.92630,118,120,0,CADCHF,Pepperstone MT5
2004.06.29,0.92650,0.94200,0.92500,0.94160,190,120,0,CADCHF,Pepperstone MT5
2004.06.30,0.94170,0.94250,0.93030,0.93670,195,120,0,CADCHF,Pepperstone MT5
2004.07.01,0.93680,0.94390,0.93600,0.93730,154,120,0,CADCHF,Pepperstone MT5
2004.07.02,0.93730,0.94010,0.92770,0.93160,192,120,0,CADCHF,Pepperstone MT5
2004.07.05,0.93240,0.93400,0.92730,0.93230,134,120,0,CADCHF,Pepperstone MT5
2004.07.06,0.93190,0.93670,0.92960,0.93130,137,120,0,CADCHF,Pepperstone MT5
2004.07.07,0.93130,0.93290,0.92710,0.92910,95,120,0,CADCHF,Pepperstone MT5
2004.07.08,0.92970,0.93200,0.92590,0.92980,122,120,0,CADCHF,Pepperstone MT5
2004.07.09,0.92990,0.93260,0.92680,0.92760,94,120,0,CADCHF,Pepperstone MT5
2004.07.12,0.92830,0.93030,0.92740,0.92960,46,120,0,CADCHF,Pepperstone MT5
2004.07.13,0.92940,0.93870,0.92830,0.93730,130,120,0,CADCHF,Pepperstone MT5
2004.07.14,0.93740,0.93900,0.92790,0.92960,145,120,0,CADCHF,Pepperstone MT5
2004.07.15,0.92960,0.93600,0.92830,0.93410,110,120,0,CADCHF,Pepperstone MT5
2004.07.16,0.93380,0.93890,0.92950,0.93390,188,120,0,CADCHF,Pepperstone MT5
2004.07.19,0.93590,0.94050,0.93520,0.93900,76,120,0,CADCHF,Pepperstone MT5
2004.07.20,0.93890,0.94820,0.93760,0.94700,132,120,0,CADCHF,Pepperstone MT5
2004.07.21,0.94710,0.94890,0.94340,0.94580,98,120,0,CADCHF,Pepperstone MT5
2004.07.22,0.94560,0.94980,0.94300,0.94790,114,120,0,CADCHF,Pepperstone MT5
2004.07.23,0.94840,0.95980,0.94710,0.95940,145,120,0,CADCHF,Pepperstone MT5
2004.07.26,0.95820,0.95930,0.94730,0.94860,145,120,0,CADCHF,Pepperstone MT5
2004.07.27,0.94850,0.95860,0.94620,0.95820,152,120,0,CADCHF,Pepperstone MT5
2004.07.28,0.95790,0.96130,0.95330,0.95980,142,120,0,CADCHF,Pepperstone MT5
2004.07.29,0.95980,0.96750,0.95680,0.96640,149,120,0,CADCHF,Pepperstone MT5
2004.07.30,0.96680,0.96870,0.96070,0.96250,118,120,0,CADCHF,Pepperstone MT5
2004.08.02,0.95960,0.96190,0.95640,0.96000,107,120,0,CADCHF,Pepperstone MT5
2004.08.03,0.96030,0.97210,0.95960,0.96980,156,120,0,CADCHF,Pepperstone MT5
2004.08.04,0.96960,0.97390,0.96750,0.97000,125,120,0,CADCHF,Pepperstone MT5
2004.08.05,0.97000,0.97130,0.96600,0.96720,79,120,0,CADCHF,Pepperstone MT5
2004.08.06,0.96720,0.96890,0.95230,0.95270,188,120,0,CADCHF,Pepperstone MT5
2004.08.09,0.95260,0.95690,0.95110,0.95170,108,120,0,CADCHF,Pepperstone MT5
2004.08.10,0.95180,0.95790,0.94940,0.95540,135,120,0,CADCHF,Pepperstone MT5
2004.08.11,0.95540,0.95650,0.95090,0.95200,79,120,0,CADCHF,Pepperstone MT5
2004.08.12,0.95210,0.95240,0.94220,0.94340,118,120,0,CADCHF,Pepperstone MT5
2004.08.13,0.94350,0.94800,0.94080,0.94600,120,120,0,CADCHF,Pepperstone MT5
2004.08.16,0.94620,0.95300,0.94420,0.94910,148,120,0,CADCHF,Pepperstone MT5
2004.08.17,0.94920,0.95510,0.94830,0.95080,121,120,0,CADCHF,Pepperstone MT5
2004.08.18,0.95090,0.95610,0.95060,0.95460,74,120,0,CADCHF,Pepperstone MT5
2004.08.19,0.95450,0.95970,0.95170,0.95820,124,120,0,CADCHF,Pepperstone MT5
2004.08.20,0.95850,0.96590,0.95610,0.96330,149,120,0,CADCHF,Pepperstone MT5
2004.08.23,0.96320,0.97180,0.96200,0.97080,121,120,0,CADCHF,Pepperstone MT5
2004.08.24,0.97120,0.97690,0.96980,0.97390,116,120,0,CADCHF,Pepperstone MT5
2004.08.25,0.97370,0.97770,0.97070,0.97570,121,120,0,CADCHF,Pepperstone MT5
2004.08.26,0.97620,0.97770,0.96910,0.97340,145,120,0,CADCHF,Pepperstone MT5
2004.08.27,0.97330,0.97990,0.97190,0.97660,128,120,0,CADCHF,Pepperstone MT5
2004.08.30,0.97650,0.97730,0.96750,0.97070,139,120,0,CADCHF,Pepperstone MT5
2004.08.31,0.97110,0.97160,0.95900,0.96460,188,120,0,CADCHF,Pepperstone MT5
2004.09.01,0.96450,0.96640,0.96110,0.96370,99,120,0,CADCHF,Pepperstone MT5
2004.09.02,0.96400,0.97260,0.96220,0.97050,144,120,0,CADCHF,Pepperstone MT5
2004.09.03,0.97140,0.97890,0.96820,0.97750,154,120,0,CADCHF,Pepperstone MT5
2004.09.06,0.97800,0.98000,0.97610,0.97860,73,120,0,CADCHF,Pepperstone MT5
2004.09.07,0.97910,0.98780,0.97370,0.98440,230,120,0,CADCHF,Pepperstone MT5
2004.09.08,0.98430,0.99020,0.97610,0.97700,210,120,0,CADCHF,Pepperstone MT5
2004.09.09,0.97690,0.98300,0.97490,0.97900,142,120,0,CADCHF,Pepperstone MT5
2004.09.10,0.97900,0.98030,0.97000,0.97470,164,120,0,CADCHF,Pepperstone MT5
2004.09.13,0.97390,0.97640,0.96680,0.96730,127,120,0,CADCHF,Pepperstone MT5
2004.09.14,0.96690,0.97460,0.96490,0.97300,134,120,0,CADCHF,Pepperstone MT5
2004.09.15,0.97300,0.98030,0.96900,0.97950,162,120,0,CADCHF,Pepperstone MT5
2004.09.16,0.97920,0.98520,0.97830,0.98300,101,120,0,CADCHF,Pepperstone MT5
2004.09.17,0.98290,0.98430,0.97230,0.97710,183,120,0,CADCHF,Pepperstone MT5
2004.09.20,0.97690,0.98510,0.97690,0.98210,113,120,0,CADCHF,Pepperstone MT5
2004.09.21,0.98210,0.98360,0.97300,0.97380,130,120,0,CADCHF,Pepperstone MT5
2004.09.22,0.97260,0.98550,0.97260,0.98250,160,120,0,CADCHF,Pepperstone MT5
2004.09.23,0.98230,0.98600,0.97820,0.98510,129,120,0,CADCHF,Pepperstone MT5
2004.09.24,0.98480,0.99200,0.98020,0.99010,184,120,0,CADCHF,Pepperstone MT5
2004.09.27,0.98930,0.99220,0.98680,0.99090,93,120,0,CADCHF,Pepperstone MT5
2004.09.28,0.99120,0.99280,0.98610,0.99000,123,120,0,CADCHF,Pepperstone MT5
2004.09.29,0.99010,0.99350,0.98900,0.99100,82,120,0,CADCHF,Pepperstone MT5
2004.09.30,0.99110,0.99310,0.98190,0.98780,192,120,0,CADCHF,Pepperstone MT5
2004.10.01,0.98750,0.99160,0.98610,0.99080,78,120,0,CADCHF,Pepperstone MT5
2004.10.04,0.99050,0.99730,0.98940,0.99470,117,120,0,CADCHF,Pepperstone MT5
2004.10.05,0.99460,1.00200,0.99130,1.00050,156,120,0,CADCHF,Pepperstone MT5
2004.10.06,1.00060,1.00630,0.99910,1.00440,107,120,0,CADCHF,Pepperstone MT5
2004.10.07,1.00430,1.00780,1.00080,1.00280,126,120,0,CADCHF,Pepperstone MT5
2004.10.08,1.00280,1.00590,0.99650,0.99940,155,120,0,CADCHF,Pepperstone MT5
2004.10.11,0.99820,0.99920,0.99520,0.99630,62,120,0,CADCHF,Pepperstone MT5
2004.10.12,0.99660,1.00150,0.99640,1.00020,67,120,0,CADCHF,Pepperstone MT5
2004.10.13,1.00040,1.00170,0.99180,0.99630,158,120,0,CADCHF,Pepperstone MT5
2004.10.14,0.99640,0.99710,0.98990,0.99050,86,120,0,CADCHF,Pepperstone MT5
2004.10.15,0.99030,0.99160,0.98220,0.98490,135,120,0,CADCHF,Pepperstone MT5
2004.10.18,0.98460,0.98540,0.97780,0.97940,101,120,0,CADCHF,Pepperstone MT5
2004.10.19,0.97970,0.98240,0.97540,0.97650,109,120,0,CADCHF,Pepperstone MT5
2004.10.20,0.97680,0.98180,0.97400,0.98030,122,120,0,CADCHF,Pepperstone MT5
2004.10.21,0.98030,0.98220,0.97490,0.97900,134,120,0,CADCHF,Pepperstone MT5
2004.10.22,0.97890,0.98560,0.97820,0.98120,126,120,0,CADCHF,Pepperstone MT5
2004.10.25,0.98040,0.98410,0.97660,0.97980,145,120,0,CADCHF,Pepperstone MT5
2004.10.26,0.98010,0.98330,0.97780,0.98060,106,120,0,CADCHF,Pepperstone MT5
2004.10.27,0.98040,0.98580,0.97900,0.98430,98,120,0,CADCHF,Pepperstone MT5
2004.10.28,0.98440,0.98670,0.97920,0.98110,118,120,0,CADCHF,Pepperstone MT5
2004.10.29,0.98120,0.98640,0.97900,0.98090,146,120,0,CADCHF,Pepperstone MT5
2004.11.01,0.98000,0.98510,0.97800,0.98330,110,120,0,CADCHF,Pepperstone MT5
2004.11.02,0.98320,0.98750,0.98050,0.98060,115,120,0,CADCHF,Pepperstone MT5
2004.11.03,0.98070,0.99040,0.98070,0.98740,128,120,0,CADCHF,Pepperstone MT5
2004.11.04,0.98750,0.99050,0.98260,0.98430,127,120,0,CADCHF,Pepperstone MT5
2004.11.05,0.98410,0.99110,0.98170,0.98320,180,120,0,CADCHF,Pepperstone MT5
2004.11.08,0.98550,0.99140,0.98240,0.98850,151,120,0,CADCHF,Pepperstone MT5
2004.11.09,0.98870,0.99270,0.98530,0.98650,127,120,0,CADCHF,Pepperstone MT5
2004.11.10,0.98640,0.99010,0.97890,0.98980,191,120,0,CADCHF,Pepperstone MT5
2004.11.11,0.98960,0.98990,0.98170,0.98470,116,120,0,CADCHF,Pepperstone MT5
2004.11.12,0.98430,0.98860,0.98050,0.98280,148,120,0,CADCHF,Pepperstone MT5
2004.11.15,0.98150,0.98460,0.97840,0.98250,115,120,0,CADCHF,Pepperstone MT5
2004.11.16,0.98240,0.98590,0.98090,0.98410,84,120,0,CADCHF,Pepperstone MT5
2004.11.17,0.98430,0.98480,0.97230,0.97330,141,120,0,CADCHF,Pepperstone MT5
2004.11.18,0.97320,0.97580,0.96680,0.97140,163,120,0,CADCHF,Pepperstone MT5
2004.11.19,0.97110,0.97600,0.96450,0.97260,216,120,0,CADCHF,Pepperstone MT5
2004.11.22,0.97190,0.98330,0.97090,0.98100,158,120,0,CADCHF,Pepperstone MT5
2004.11.23,0.98100,0.98340,0.97340,0.97720,163,120,0,CADCHF,Pepperstone MT5
2004.11.24,0.97730,0.97780,0.96960,0.97110,103,120,0,CADCHF,Pepperstone MT5
2004.11.25,0.97100,0.97300,0.96610,0.96700,99,120,0,CADCHF,Pepperstone MT5
2004.11.26,0.96700,0.97430,0.96470,0.96740,189,120,0,CADCHF,Pepperstone MT5
2004.11.29,0.96700,0.97070,0.96050,0.96390,174,120,0,CADCHF,Pepperstone MT5
2004.11.30,0.96380,0.96480,0.95360,0.96120,199,120,0,CADCHF,Pepperstone MT5
2004.12.01,0.96090,0.96680,0.95620,0.96320,190,120,0,CADCHF,Pepperstone MT5
2004.12.02,0.96330,0.97200,0.96120,0.96380,212,120,0,CADCHF,Pepperstone MT5
2004.12.03,0.96440,0.96650,0.94580,0.94960,267,120,0,CADCHF,Pepperstone MT5
2004.12.06,0.94920,0.95200,0.94600,0.95150,98,120,0,CADCHF,Pepperstone MT5
2004.12.07,0.95150,0.95340,0.94110,0.94460,178,120,0,CADCHF,Pepperstone MT5
2004.12.08,0.94480,0.94810,0.93950,0.94570,164,120,0,CADCHF,Pepperstone MT5
2004.12.09,0.94600,0.94720,0.94030,0.94070,86,120,0,CADCHF,Pepperstone MT5
2004.12.10,0.94080,0.94950,0.94040,0.94660,125,120,0,CADCHF,Pepperstone MT5
2004.12.13,0.94880,0.94910,0.93730,0.94020,151,120,0,CADCHF,Pepperstone MT5
2004.12.14,0.93980,0.94170,0.93030,0.93370,168,120,0,CADCHF,Pepperstone MT5
2004.12.15,0.93420,0.93500,0.92500,0.93250,184,120,0,CADCHF,Pepperstone MT5
2004.12.16,0.93240,0.93960,0.92910,0.93850,150,120,0,CADCHF,Pepperstone MT5
2004.12.17,0.93810,0.94700,0.93550,0.94150,197,120,0,CADCHF,Pepperstone MT5
2004.12.20,0.93980,0.94240,0.93250,0.93640,165,120,0,CADCHF,Pepperstone MT5
2004.12.21,0.93650,0.94210,0.93450,0.93790,139,120,0,CADCHF,Pepperstone MT5
2004.12.22,0.93820,0.94150,0.92520,0.92880,233,120,0,CADCHF,Pepperstone MT5
2004.12.23,0.92890,0.93070,0.92440,0.92810,119,120,0,CADCHF,Pepperstone MT5
2004.12.24,0.92770,0.93070,0.92620,0.92900,78,120,0,CADCHF,Pepperstone MT5
2004.12.27,0.92910,0.93490,0.92700,0.93160,134,120,0,CADCHF,Pepperstone MT5
2004.12.28,0.93140,0.93390,0.92940,0.93170,88,120,0,CADCHF,Pepperstone MT5
2004.12.29,0.93150,0.93770,0.92800,0.93530,157,120,0,CADCHF,Pepperstone MT5
2004.12.30,0.93550,0.94370,0.93470,0.94010,135,120,0,CADCHF,Pepperstone MT5
2004.12.31,0.94020,0.95140,0.93520,0.94770,250,120,0,CADCHF,Pepperstone MT5
2005.01.03,0.94840,0.95700,0.94400,0.95050,240,100,0,CADCHF,Pepperstone MT5
2005.01.04,0.95050,0.95710,0.94800,0.95350,153,100,0,CADCHF,Pepperstone MT5
2005.01.05,0.95350,0.95710,0.95130,0.95340,116,100,0,CADCHF,Pepperstone MT5
2005.01.06,0.95320,0.95710,0.94740,0.95100,173,100,0,CADCHF,Pepperstone MT5
2005.01.07,0.95110,0.96350,0.94750,0.96160,216,100,0,CADCHF,Pepperstone MT5
2005.01.10,0.96040,0.96990,0.95990,0.96650,140,100,0,CADCHF,Pepperstone MT5
2005.01.11,0.96640,0.97190,0.96250,0.97070,146,100,0,CADCHF,Pepperstone MT5
2005.01.12,0.97050,0.97550,0.96660,0.97180,166,100,0,CADCHF,Pepperstone MT5
2005.01.13,0.97230,0.97750,0.97030,0.97430,125,100,0,CADCHF,Pepperstone MT5
2005.01.14,0.97430,0.97850,0.96790,0.96880,158,100,0,CADCHF,Pepperstone MT5
2005.01.17,0.97010,0.97320,0.96830,0.97150,85,100,0,CADCHF,Pepperstone MT5
2005.01.18,0.97150,0.97420,0.96500,0.96960,166,100,0,CADCHF,Pepperstone MT5
2005.01.19,0.96970,0.97100,0.96210,0.96610,143,100,0,CADCHF,Pepperstone MT5
2005.01.20,0.96510,0.96880,0.96250,0.96410,117,100,0,CADCHF,Pepperstone MT5
2005.01.21,0.96390,0.97500,0.96390,0.96970,165,100,0,CADCHF,Pepperstone MT5
2005.01.24,0.97050,0.97270,0.96490,0.96570,109,100,0,CADCHF,Pepperstone MT5
2005.01.25,0.96540,0.97110,0.95780,0.96530,266,100,0,CADCHF,Pepperstone MT5
2005.01.26,0.96510,0.96720,0.95770,0.96050,145,100,0,CADCHF,Pepperstone MT5
2005.01.27,0.96060,0.96080,0.95480,0.95710,86,100,0,CADCHF,Pepperstone MT5
2005.01.28,0.95700,0.95850,0.95360,0.95770,92,100,0,CADCHF,Pepperstone MT5
2005.01.31,0.95700,0.96180,0.95570,0.95890,104,100,0,CADCHF,Pepperstone MT5
2005.02.01,0.95920,0.96610,0.95700,0.96320,143,100,0,CADCHF,Pepperstone MT5
2005.02.02,0.96270,0.96720,0.95930,0.96340,152,100,0,CADCHF,Pepperstone MT5
2005.02.03,0.96320,0.96980,0.96200,0.96870,102,100,0,CADCHF,Pepperstone MT5
2005.02.04,0.96880,0.97140,0.96310,0.96930,162,100,0,CADCHF,Pepperstone MT5
2005.02.07,0.97000,0.97570,0.96590,0.97530,144,100,0,CADCHF,Pepperstone MT5
2005.02.08,0.97510,0.98080,0.97220,0.98010,123,100,0,CADCHF,Pepperstone MT5
2005.02.09,0.98010,0.98010,0.97230,0.97510,107,100,0,CADCHF,Pepperstone MT5
2005.02.10,0.97490,0.97690,0.97070,0.97270,103,100,0,CADCHF,Pepperstone MT5
2005.02.11,0.97270,0.97980,0.97120,0.97900,110,100,0,CADCHF,Pepperstone MT5
2005.02.14,0.97830,0.97940,0.96880,0.97160,146,100,0,CADCHF,Pepperstone MT5
2005.02.15,0.97150,0.97320,0.96390,0.96670,139,100,0,CADCHF,Pepperstone MT5
2005.02.16,0.96680,0.96870,0.95700,0.96000,167,100,0,CADCHF,Pepperstone MT5
2005.02.17,0.95970,0.96540,0.95720,0.96240,138,100,0,CADCHF,Pepperstone MT5
2005.02.18,0.96260,0.96510,0.95980,0.96080,89,100,0,CADCHF,Pepperstone MT5
2005.02.21,0.96270,0.96320,0.95690,0.95850,85,100,0,CADCHF,Pepperstone MT5
2005.02.22,0.95850,0.95940,0.94280,0.94540,202,100,0,CADCHF,Pepperstone MT5
2005.02.23,0.94530,0.94840,0.93380,0.93430,183,100,0,CADCHF,Pepperstone MT5
2005.02.24,0.93440,0.94410,0.93010,0.94370,188,100,0,CADCHF,Pepperstone MT5
2005.02.25,0.94360,0.94500,0.93730,0.93810,100,100,0,CADCHF,Pepperstone MT5
2005.02.28,0.93810,0.94480,0.93650,0.94250,123,100,0,CADCHF,Pepperstone MT5
2005.03.01,0.94230,0.94620,0.93690,0.93870,151,100,0,CADCHF,Pepperstone MT5
2005.03.02,0.93870,0.94850,0.93790,0.94710,129,100,0,CADCHF,Pepperstone MT5
2005.03.03,0.94690,0.95020,0.94360,0.94950,107,100,0,CADCHF,Pepperstone MT5
2005.03.04,0.94980,0.95080,0.94740,0.94960,67,100,0,CADCHF,Pepperstone MT5
2005.03.07,0.94910,0.95730,0.94800,0.95570,121,100,0,CADCHF,Pepperstone MT5
2005.03.08,0.95540,0.95900,0.95220,0.95760,115,100,0,CADCHF,Pepperstone MT5
2005.03.09,0.95780,0.96530,0.95690,0.96000,147,100,0,CADCHF,Pepperstone MT5
2005.03.10,0.95990,0.96280,0.95680,0.95760,98,100,0,CADCHF,Pepperstone MT5
2005.03.11,0.95750,0.96040,0.95280,0.95340,112,100,0,CADCHF,Pepperstone MT5
2005.03.14,0.95390,0.96310,0.95350,0.96060,126,100,0,CADCHF,Pepperstone MT5
2005.03.15,0.96050,0.96900,0.95920,0.96500,152,100,0,CADCHF,Pepperstone MT5
2005.03.16,0.96530,0.96650,0.95560,0.95650,131,100,0,CADCHF,Pepperstone MT5
2005.03.17,0.95630,0.96450,0.95460,0.96300,132,100,0,CADCHF,Pepperstone MT5
2005.03.18,0.96280,0.97060,0.96180,0.96790,126,100,0,CADCHF,Pepperstone MT5
2005.03.21,0.96690,0.97500,0.96690,0.97310,101,100,0,CADCHF,Pepperstone MT5
2005.03.22,0.97280,0.98510,0.97190,0.98240,169,100,0,CADCHF,Pepperstone MT5
2005.03.23,0.98190,0.98760,0.98050,0.98390,123,100,0,CADCHF,Pepperstone MT5
2005.03.24,0.98410,0.98990,0.98030,0.98980,136,100,0,CADCHF,Pepperstone MT5
2005.03.25,0.98980,0.98980,0.98430,0.98480,61,100,0,CADCHF,Pepperstone MT5
2005.03.28,0.98460,0.98980,0.98340,0.98770,98,100,0,CADCHF,Pepperstone MT5
2005.03.29,0.98790,0.99440,0.98500,0.99250,143,100,0,CADCHF,Pepperstone MT5
2005.03.30,0.99220,0.99300,0.98040,0.98630,194,100,0,CADCHF,Pepperstone MT5
2005.03.31,0.98680,0.98960,0.98170,0.98840,143,100,0,CADCHF,Pepperstone MT5
2005.04.01,0.98820,0.99290,0.98440,0.99060,147,100,0,CADCHF,Pepperstone MT5
2005.04.04,0.98980,0.99310,0.98800,0.98980,103,100,0,CADCHF,Pepperstone MT5
2005.04.05,0.98970,0.99240,0.98750,0.98960,98,100,0,CADCHF,Pepperstone MT5
2005.04.06,0.98960,0.99110,0.98480,0.98650,96,100,0,CADCHF,Pepperstone MT5
2005.04.07,0.98610,0.98820,0.98160,0.98680,126,100,0,CADCHF,Pepperstone MT5
2005.04.08,0.98700,0.99040,0.97420,0.97470,202,100,0,CADCHF,Pepperstone MT5
2005.04.11,0.97380,0.97760,0.96310,0.96790,232,100,0,CADCHF,Pepperstone MT5
2005.04.12,0.96740,0.97510,0.96600,0.96860,171,100,0,CADCHF,Pepperstone MT5
2005.04.13,0.96820,0.97490,0.96760,0.96890,140,100,0,CADCHF,Pepperstone MT5
2005.04.14,0.96910,0.97970,0.96870,0.97760,136,100,0,CADCHF,Pepperstone MT5
2005.04.15,0.97760,0.97910,0.96180,0.96250,196,100,0,CADCHF,Pepperstone MT5
2005.04.18,0.96350,0.96590,0.94890,0.95170,223,100,0,CADCHF,Pepperstone MT5
2005.04.19,0.95170,0.95540,0.94970,0.95430,89,100,0,CADCHF,Pepperstone MT5
2005.04.20,0.95420,0.95780,0.94820,0.94840,135,100,0,CADCHF,Pepperstone MT5
2005.04.21,0.94850,0.95630,0.94740,0.95460,118,100,0,CADCHF,Pepperstone MT5
2005.04.22,0.95460,0.95920,0.95280,0.95640,111,100,0,CADCHF,Pepperstone MT5
2005.04.25,0.95790,0.96250,0.95610,0.95950,113,100,0,CADCHF,Pepperstone MT5
2005.04.26,0.95950,0.96070,0.95230,0.95320,106,100,0,CADCHF,Pepperstone MT5
2005.04.27,0.95320,0.95900,0.95240,0.95470,118,100,0,CADCHF,Pepperstone MT5
2005.04.28,0.95480,0.95540,0.95010,0.95270,86,100,0,CADCHF,Pepperstone MT5
2005.04.29,0.95300,0.95310,0.94540,0.94950,120,100,0,CADCHF,Pepperstone MT5
2005.05.02,0.95010,0.95680,0.94750,0.95490,139,100,0,CADCHF,Pepperstone MT5
2005.05.03,0.95480,0.95780,0.95260,0.95740,79,100,0,CADCHF,Pepperstone MT5
2005.05.04,0.95720,0.95750,0.94990,0.95670,148,100,0,CADCHF,Pepperstone MT5
2005.05.05,0.95670,0.96160,0.95470,0.95790,127,100,0,CADCHF,Pepperstone MT5
2005.05.06,0.95820,0.97390,0.95770,0.97150,192,100,0,CADCHF,Pepperstone MT5
2005.05.09,0.97130,0.97540,0.96980,0.97370,89,100,0,CADCHF,Pepperstone MT5
2005.05.10,0.97400,0.97550,0.96970,0.97110,88,100,0,CADCHF,Pepperstone MT5
2005.05.11,0.97120,0.97160,0.96340,0.96550,108,100,0,CADCHF,Pepperstone MT5
2005.05.12,0.96530,0.97390,0.96530,0.97160,110,100,0,CADCHF,Pepperstone MT5
2005.05.13,0.97160,0.97650,0.96710,0.96740,147,100,0,CADCHF,Pepperstone MT5
2005.05.16,0.96710,0.97090,0.96080,0.96220,154,100,0,CADCHF,Pepperstone MT5
2005.05.17,0.96200,0.96890,0.95930,0.96870,126,100,0,CADCHF,Pepperstone MT5
2005.05.18,0.96880,0.96960,0.96430,0.96690,88,100,0,CADCHF,Pepperstone MT5
2005.05.19,0.96700,0.97110,0.96390,0.97030,112,100,0,CADCHF,Pepperstone MT5
2005.05.20,0.97000,0.97810,0.96990,0.97440,121,100,0,CADCHF,Pepperstone MT5
2005.05.23,0.97450,0.97960,0.97420,0.97800,74,100,0,CADCHF,Pepperstone MT5
2005.05.24,0.97800,0.97920,0.97180,0.97550,124,100,0,CADCHF,Pepperstone MT5
2005.05.25,0.97530,0.97730,0.96860,0.97010,123,100,0,CADCHF,Pepperstone MT5
2005.05.26,0.97030,0.97660,0.96970,0.97590,83,100,0,CADCHF,Pepperstone MT5
2005.05.27,0.97570,0.98310,0.97410,0.98100,128,100,0,CADCHF,Pepperstone MT5
2005.05.30,0.97850,0.98710,0.97850,0.98610,97,100,0,CADCHF,Pepperstone MT5
2005.05.31,0.98580,0.99660,0.98480,0.99470,148,100,0,CADCHF,Pepperstone MT5
2005.06.01,0.99470,1.00850,0.99290,1.00740,186,100,0,CADCHF,Pepperstone MT5
2005.06.02,1.00730,1.00900,0.99680,1.00260,198,100,0,CADCHF,Pepperstone MT5
2005.06.03,1.00290,1.00720,0.99980,1.00480,130,100,0,CADCHF,Pepperstone MT5
2005.06.06,1.00460,1.00540,0.99920,1.00360,115,100,0,CADCHF,Pepperstone MT5
2005.06.07,1.00400,1.00520,0.99770,0.99940,105,100,0,CADCHF,Pepperstone MT5
2005.06.08,0.99950,1.00400,0.99550,1.00300,136,100,0,CADCHF,Pepperstone MT5
2005.06.09,1.00330,1.00340,0.99700,0.99790,75,100,0,CADCHF,Pepperstone MT5
2005.06.10,0.99830,1.01700,0.99640,1.01420,254,100,0,CADCHF,Pepperstone MT5
2005.06.13,1.01410,1.01670,1.01120,1.01210,91,100,0,CADCHF,Pepperstone MT5
2005.06.14,1.01220,1.02050,1.00910,1.01970,154,100,0,CADCHF,Pepperstone MT5
2005.06.15,1.01940,1.02890,1.01760,1.02800,141,100,0,CADCHF,Pepperstone MT5
2005.06.16,1.02790,1.03160,1.02430,1.02910,135,100,0,CADCHF,Pepperstone MT5
2005.06.17,1.02920,1.03000,1.02050,1.02300,129,100,0,CADCHF,Pepperstone MT5
2005.06.20,1.02130,1.03380,1.02130,1.02870,177,100,0,CADCHF,Pepperstone MT5
2005.06.21,1.02850,1.03460,1.02540,1.02750,175,100,0,CADCHF,Pepperstone MT5
2005.06.22,1.02760,1.03280,1.02360,1.03050,156,100,0,CADCHF,Pepperstone MT5
2005.06.23,1.03030,1.04020,1.02720,1.03810,183,100,0,CADCHF,Pepperstone MT5
2005.06.24,1.03810,1.04170,1.03220,1.03290,139,100,0,CADCHF,Pepperstone MT5
2005.06.27,1.03280,1.03360,1.02350,1.03120,187,100,0,CADCHF,Pepperstone MT5
2005.06.28,1.03150,1.04220,1.02780,1.04020,202,100,0,CADCHF,Pepperstone MT5
2005.06.29,1.03990,1.04660,1.03730,1.04380,148,100,0,CADCHF,Pepperstone MT5
2005.06.30,1.04440,1.04840,1.03970,1.04590,160,100,0,CADCHF,Pepperstone MT5
2005.07.01,1.04610,1.05110,1.04160,1.04380,168,100,0,CADCHF,Pepperstone MT5
2005.07.04,1.04340,1.05170,1.04060,1.05100,147,100,0,CADCHF,Pepperstone MT5
2005.07.05,1.05100,1.05360,1.04580,1.04840,131,100,0,CADCHF,Pepperstone MT5
2005.07.06,1.04850,1.05570,1.04620,1.05260,150,100,0,CADCHF,Pepperstone MT5
2005.07.07,1.05290,1.05890,1.04070,1.05700,324,100,0,CADCHF,Pepperstone MT5
2005.07.08,1.05680,1.06960,1.05510,1.06610,198,100,0,CADCHF,Pepperstone MT5
2005.07.11,1.06600,1.06850,1.05660,1.05700,149,100,0,CADCHF,Pepperstone MT5
2005.07.12,1.05680,1.06110,1.05190,1.05630,180,100,0,CADCHF,Pepperstone MT5
2005.07.13,1.05600,1.07040,1.05470,1.06770,198,100,0,CADCHF,Pepperstone MT5
2005.07.14,1.06740,1.07370,1.06330,1.06370,172,100,0,CADCHF,Pepperstone MT5
2005.07.15,1.06340,1.06840,1.05940,1.06160,163,100,0,CADCHF,Pepperstone MT5
2005.07.18,1.06080,1.06530,1.05720,1.06420,129,100,0,CADCHF,Pepperstone MT5
2005.07.19,1.06510,1.07110,1.06170,1.06570,183,100,0,CADCHF,Pepperstone MT5
2005.07.20,1.06610,1.06680,1.05030,1.05400,210,100,0,CADCHF,Pepperstone MT5
2005.07.21,1.05390,1.06000,1.04800,1.05590,221,100,0,CADCHF,Pepperstone MT5
2005.07.22,1.05540,1.06610,1.05250,1.06330,194,100,0,CADCHF,Pepperstone MT5
2005.07.25,1.06330,1.06670,1.06080,1.06380,114,100,0,CADCHF,Pepperstone MT5
2005.07.26,1.06360,1.06610,1.05520,1.05650,148,100,0,CADCHF,Pepperstone MT5
2005.07.27,1.05580,1.05950,1.04580,1.04740,191,100,0,CADCHF,Pepperstone MT5
2005.07.28,1.04720,1.05320,1.04130,1.04550,222,100,0,CADCHF,Pepperstone MT5
2005.07.29,1.04540,1.05430,1.04370,1.05420,125,100,0,CADCHF,Pepperstone MT5
2005.08.01,1.05420,1.05650,1.04520,1.05560,213,100,0,CADCHF,Pepperstone MT5
2005.08.02,1.05540,1.05680,1.04810,1.04830,104,100,0,CADCHF,Pepperstone MT5
2005.08.03,1.04800,1.05370,1.03640,1.03680,235,100,0,CADCHF,Pepperstone MT5
2005.08.04,1.03680,1.04260,1.03520,1.03660,147,100,0,CADCHF,Pepperstone MT5
2005.08.05,1.03680,1.04090,1.03050,1.03770,200,100,0,CADCHF,Pepperstone MT5
2005.08.08,1.03770,1.04120,1.03640,1.03820,92,100,0,CADCHF,Pepperstone MT5
2005.08.09,1.03790,1.04010,1.03240,1.03910,143,100,0,CADCHF,Pepperstone MT5
2005.08.10,1.03890,1.04110,1.03080,1.03850,203,100,0,CADCHF,Pepperstone MT5
2005.08.11,1.03850,1.04100,1.03460,1.03750,119,100,0,CADCHF,Pepperstone MT5
2005.08.12,1.03760,1.04670,1.03440,1.04210,202,100,0,CADCHF,Pepperstone MT5
2005.08.15,1.04210,1.04950,1.04020,1.04570,151,100,0,CADCHF,Pepperstone MT5
2005.08.16,1.04570,1.05180,1.04370,1.04650,155,100,0,CADCHF,Pepperstone MT5
2005.08.17,1.04680,1.05060,1.03990,1.04020,149,100,0,CADCHF,Pepperstone MT5
2005.08.18,1.04020,1.04440,1.03850,1.04320,89,100,0,CADCHF,Pepperstone MT5
2005.08.19,1.04290,1.05340,1.04170,1.05300,134,100,0,CADCHF,Pepperstone MT5
2005.08.22,1.05210,1.05750,1.04590,1.05600,194,100,0,CADCHF,Pepperstone MT5
2005.08.23,1.05660,1.06370,1.05480,1.06020,143,100,0,CADCHF,Pepperstone MT5
2005.08.24,1.06050,1.06510,1.05810,1.06180,128,100,0,CADCHF,Pepperstone MT5
2005.08.25,1.06170,1.06360,1.05280,1.05370,137,100,0,CADCHF,Pepperstone MT5
2005.08.26,1.05400,1.05570,1.04730,1.04940,123,100,0,CADCHF,Pepperstone MT5
2005.08.29,1.04910,1.06030,1.04900,1.05750,143,100,0,CADCHF,Pepperstone MT5
2005.08.30,1.05750,1.06730,1.05550,1.06520,160,100,0,CADCHF,Pepperstone MT5
2005.08.31,1.06560,1.06670,1.05430,1.05470,140,100,0,CADCHF,Pepperstone MT5
2005.09.01,1.05450,1.05610,1.04220,1.04290,163,100,0,CADCHF,Pepperstone MT5
2005.09.02,1.04290,1.04530,1.03280,1.03580,180,100,0,CADCHF,Pepperstone MT5
2005.09.05,1.03510,1.03890,1.03130,1.03540,150,100,0,CADCHF,Pepperstone MT5
2005.09.06,1.03570,1.04280,1.03500,1.04120,102,100,0,CADCHF,Pepperstone MT5
2005.09.07,1.04120,1.04790,1.03720,1.04600,167,100,0,CADCHF,Pepperstone MT5
2005.09.08,1.04590,1.05430,1.04400,1.05320,134,100,0,CADCHF,Pepperstone MT5
2005.09.09,1.05310,1.05920,1.04920,1.05530,179,100,0,CADCHF,Pepperstone MT5
2005.09.12,1.05530,1.06230,1.05530,1.05970,97,100,0,CADCHF,Pepperstone MT5
2005.09.13,1.05940,1.07020,1.05690,1.06720,189,100,0,CADCHF,Pepperstone MT5
2005.09.14,1.06740,1.06890,1.06190,1.06520,119,100,0,CADCHF,Pepperstone MT5
2005.09.15,1.06510,1.07140,1.06460,1.06980,90,100,0,CADCHF,Pepperstone MT5
2005.09.16,1.06970,1.07750,1.06470,1.07690,185,100,0,CADCHF,Pepperstone MT5
2005.09.19,1.07690,1.09500,1.07690,1.09460,186,100,0,CADCHF,Pepperstone MT5
2005.09.20,1.09490,1.09670,1.08920,1.09530,147,100,0,CADCHF,Pepperstone MT5
2005.09.21,1.09520,1.09680,1.08470,1.08830,174,100,0,CADCHF,Pepperstone MT5
2005.09.22,1.08820,1.09660,1.08540,1.09120,195,100,0,CADCHF,Pepperstone MT5
2005.09.23,1.09120,1.10450,1.08950,1.10420,171,100,0,CADCHF,Pepperstone MT5
2005.09.26,1.10450,1.10560,1.09480,1.09950,167,100,0,CADCHF,Pepperstone MT5
2005.09.27,1.09950,1.10670,1.09850,1.10020,158,100,0,CADCHF,Pepperstone MT5
2005.09.28,1.10020,1.10300,1.09530,1.10090,148,100,0,CADCHF,Pepperstone MT5
2005.09.29,1.10070,1.10750,1.09820,1.10430,151,100,0,CADCHF,Pepperstone MT5
2005.09.30,1.10430,1.11580,1.10170,1.11240,202,100,0,CADCHF,Pepperstone MT5
2005.10.03,1.11290,1.12050,1.11100,1.11650,155,100,0,CADCHF,Pepperstone MT5
2005.10.04,1.11660,1.11990,1.10850,1.10950,158,100,0,CADCHF,Pepperstone MT5
2005.10.05,1.10980,1.11100,1.09270,1.09350,204,100,0,CADCHF,Pepperstone MT5
2005.10.06,1.09370,1.09370,1.07370,1.07580,222,100,0,CADCHF,Pepperstone MT5
2005.10.07,1.07570,1.09100,1.07520,1.08810,193,100,0,CADCHF,Pepperstone MT5
2005.10.10,1.08800,1.09710,1.08480,1.09110,216,100,0,CADCHF,Pepperstone MT5
2005.10.11,1.09080,1.09820,1.08870,1.09630,136,100,0,CADCHF,Pepperstone MT5
2005.10.12,1.09610,1.10320,1.09580,1.09960,114,100,0,CADCHF,Pepperstone MT5
2005.10.13,1.09980,1.10540,1.08740,1.08940,257,100,0,CADCHF,Pepperstone MT5
2005.10.14,1.08950,1.09400,1.07800,1.08260,252,100,0,CADCHF,Pepperstone MT5
2005.10.17,1.08290,1.09760,1.08050,1.09540,218,100,0,CADCHF,Pepperstone MT5
2005.10.18,1.09530,1.10460,1.09460,1.10260,128,100,0,CADCHF,Pepperstone MT5
2005.10.19,1.10260,1.10690,1.09870,1.10180,157,100,0,CADCHF,Pepperstone MT5
2005.10.20,1.10170,1.10660,1.09260,1.09290,193,100,0,CADCHF,Pepperstone MT5
2005.10.21,1.09270,1.09500,1.08500,1.08780,152,100,0,CADCHF,Pepperstone MT5
2005.10.24,1.08780,1.09240,1.08030,1.08490,214,100,0,CADCHF,Pepperstone MT5
2005.10.25,1.08490,1.08940,1.08150,1.08650,143,100,0,CADCHF,Pepperstone MT5
2005.10.26,1.08690,1.09740,1.08210,1.09680,208,100,0,CADCHF,Pepperstone MT5
2005.10.27,1.09680,1.09790,1.08540,1.08570,140,100,0,CADCHF,Pepperstone MT5
2005.10.28,1.08550,1.09110,1.08350,1.08740,134,100,0,CADCHF,Pepperstone MT5
2005.10.31,1.08750,1.09720,1.08620,1.09010,195,100,0,CADCHF,Pepperstone MT5
2005.11.01,1.08980,1.09890,1.08790,1.09610,158,100,0,CADCHF,Pepperstone MT5
2005.11.02,1.09610,1.09630,1.08130,1.08340,174,100,0,CADCHF,Pepperstone MT5
2005.11.03,1.08330,1.09490,1.08250,1.09330,149,100,0,CADCHF,Pepperstone MT5
2005.11.04,1.09330,1.11090,1.09160,1.10450,275,100,0,CADCHF,Pepperstone MT5
2005.11.07,1.10490,1.10720,1.09790,1.09980,136,100,0,CADCHF,Pepperstone MT5
2005.11.08,1.10010,1.10780,1.09640,1.10680,162,100,0,CADCHF,Pepperstone MT5
2005.11.09,1.10690,1.10820,1.09980,1.10400,140,100,0,CADCHF,Pepperstone MT5
2005.11.10,1.10400,1.10710,1.10010,1.10430,138,100,0,CADCHF,Pepperstone MT5
2005.11.11,1.10470,1.10640,1.10120,1.10180,76,100,0,CADCHF,Pepperstone MT5
2005.11.14,1.10150,1.10560,1.09650,1.10470,151,100,0,CADCHF,Pepperstone MT5
2005.11.15,1.10460,1.10760,1.10260,1.10390,94,100,0,CADCHF,Pepperstone MT5
2005.11.16,1.10390,1.11290,1.10300,1.11030,135,100,0,CADCHF,Pepperstone MT5
2005.11.17,1.11050,1.11450,1.10870,1.10930,105,100,0,CADCHF,Pepperstone MT5
2005.11.18,1.10910,1.11590,1.10390,1.10530,203,100,0,CADCHF,Pepperstone MT5
2005.11.21,1.10550,1.11690,1.10090,1.11630,213,100,0,CADCHF,Pepperstone MT5
2005.11.22,1.11610,1.12210,1.11160,1.11650,207,100,0,CADCHF,Pepperstone MT5
2005.11.23,1.11610,1.12290,1.11350,1.11860,164,100,0,CADCHF,Pepperstone MT5
2005.11.24,1.11850,1.12480,1.11770,1.12250,103,100,0,CADCHF,Pepperstone MT5
2005.11.25,1.12230,1.13090,1.12170,1.12690,139,100,0,CADCHF,Pepperstone MT5
2005.11.28,1.12840,1.13230,1.11440,1.11790,254,100,0,CADCHF,Pepperstone MT5
2005.11.29,1.11800,1.12850,1.11510,1.12390,210,100,0,CADCHF,Pepperstone MT5
2005.11.30,1.12370,1.13070,1.12240,1.12820,122,100,0,CADCHF,Pepperstone MT5
2005.12.01,1.12820,1.13370,1.12480,1.12960,165,100,0,CADCHF,Pepperstone MT5
2005.12.02,1.12910,1.13720,1.12910,1.13300,124,100,0,CADCHF,Pepperstone MT5
2005.12.05,1.13470,1.13780,1.12640,1.12960,178,100,0,CADCHF,Pepperstone MT5
2005.12.06,1.12980,1.13520,1.12690,1.12960,165,100,0,CADCHF,Pepperstone MT5
2005.12.07,1.12920,1.13630,1.12680,1.13260,157,100,0,CADCHF,Pepperstone MT5
2005.12.08,1.13260,1.13440,1.11880,1.12180,205,100,0,CADCHF,Pepperstone MT5
2005.12.09,1.12200,1.12730,1.12090,1.12550,94,100,0,CADCHF,Pepperstone MT5
2005.12.12,1.12800,1.12830,1.11630,1.12070,168,100,0,CADCHF,Pepperstone MT5
2005.12.13,1.12060,1.12580,1.11830,1.12450,112,100,0,CADCHF,Pepperstone MT5
2005.12.14,1.12450,1.12580,1.10830,1.11290,235,100,0,CADCHF,Pepperstone MT5
2005.12.15,1.11290,1.11610,1.10730,1.11280,176,100,0,CADCHF,Pepperstone MT5
2005.12.16,1.11280,1.11770,1.11020,1.11300,149,100,0,CADCHF,Pepperstone MT5
2005.12.19,1.11280,1.11490,1.10440,1.10530,136,100,0,CADCHF,Pepperstone MT5
2005.12.20,1.10510,1.11860,1.10400,1.11660,178,100,0,CADCHF,Pepperstone MT5
2005.12.21,1.11670,1.12800,1.11320,1.12670,197,100,0,CADCHF,Pepperstone MT5
2005.12.22,1.12650,1.12830,1.11980,1.12510,157,100,0,CADCHF,Pepperstone MT5
2005.12.23,1.12490,1.12840,1.12230,1.12540,118,100,0,CADCHF,Pepperstone MT5
2005.12.26,1.12510,1.12840,1.12090,1.12630,139,100,0,CADCHF,Pepperstone MT5
2005.12.27,1.12590,1.12750,1.11840,1.12180,142,100,0,CADCHF,Pepperstone MT5
2005.12.28,1.12200,1.13240,1.11510,1.13000,267,100,0,CADCHF,Pepperstone MT5
2005.12.29,1.12990,1.13070,1.12450,1.12930,119,100,0,CADCHF,Pepperstone MT5
2005.12.30,1.12920,1.13410,1.12510,1.13040,169,100,0,CADCHF,Pepperstone MT5
2006.01.02,1.12720,1.13330,1.12410,1.12990,158,90,0,CADCHF,Pepperstone MT5
2006.01.03,1.13000,1.13100,1.11490,1.11600,183,90,0,CADCHF,Pepperstone MT5
2006.01.04,1.11620,1.11680,1.10920,1.11220,113,90,0,CADCHF,Pepperstone MT5
2006.01.05,1.11240,1.11650,1.09570,1.09780,271,90,0,CADCHF,Pepperstone MT5
2006.01.06,1.09820,1.10060,1.08600,1.08970,208,90,0,CADCHF,Pepperstone MT5
2006.01.09,1.08950,1.09510,1.08630,1.09190,153,90,0,CADCHF,Pepperstone MT5
2006.01.10,1.09190,1.10160,1.09030,1.09820,164,90,0,CADCHF,Pepperstone MT5
2006.01.11,1.09810,1.10340,1.09510,1.10070,141,90,0,CADCHF,Pepperstone MT5
2006.01.12,1.10090,1.10810,1.09810,1.10550,155,90,0,CADCHF,Pepperstone MT5
2006.01.13,1.10540,1.10970,1.09820,1.10020,179,90,0,CADCHF,Pepperstone MT5
2006.01.16,1.10000,1.10580,1.09750,1.10410,126,90,0,CADCHF,Pepperstone MT5
2006.01.17,1.10420,1.10920,1.09890,1.09990,164,90,0,CADCHF,Pepperstone MT5
2006.01.18,1.10020,1.10450,1.08710,1.09300,277,90,0,CADCHF,Pepperstone MT5
2006.01.19,1.09310,1.10480,1.08910,1.10370,209,90,0,CADCHF,Pepperstone MT5
2006.01.20,1.10390,1.11420,1.10110,1.10740,228,90,0,CADCHF,Pepperstone MT5
2006.01.23,1.10690,1.10700,1.09250,1.09330,155,90,0,CADCHF,Pepperstone MT5
2006.01.24,1.09360,1.09750,1.08850,1.09510,166,90,0,CADCHF,Pepperstone MT5
2006.01.25,1.09490,1.10120,1.09180,1.09960,142,90,0,CADCHF,Pepperstone MT5
2006.01.26,1.09990,1.10530,1.09490,1.10320,176,90,0,CADCHF,Pepperstone MT5
2006.01.27,1.10320,1.11950,1.10240,1.11750,200,90,0,CADCHF,Pepperstone MT5
2006.01.30,1.11570,1.12740,1.11490,1.12400,168,90,0,CADCHF,Pepperstone MT5
2006.01.31,1.12360,1.12420,1.11450,1.12170,176,90,0,CADCHF,Pepperstone MT5
2006.02.01,1.12170,1.13210,1.11980,1.12930,171,90,0,CADCHF,Pepperstone MT5
2006.02.02,1.12940,1.13200,1.12140,1.12300,149,90,0,CADCHF,Pepperstone MT5
2006.02.03,1.12320,1.13160,1.12150,1.13120,123,90,0,CADCHF,Pepperstone MT5
2006.02.06,1.13000,1.13780,1.12840,1.13420,147,90,0,CADCHF,Pepperstone MT5
2006.02.07,1.13450,1.13600,1.12380,1.12460,146,90,0,CADCHF,Pepperstone MT5
2006.02.08,1.12470,1.13410,1.12170,1.13030,193,90,0,CADCHF,Pepperstone MT5
2006.02.09,1.13050,1.13810,1.12630,1.13430,199,90,0,CADCHF,Pepperstone MT5
2006.02.10,1.13450,1.13530,1.12560,1.13380,188,90,0,CADCHF,Pepperstone MT5
2006.02.13,1.13400,1.13450,1.12980,1.13240,79,90,0,CADCHF,Pepperstone MT5
2006.02.14,1.13240,1.13730,1.12850,1.13450,156,90,0,CADCHF,Pepperstone MT5
2006.02.15,1.13440,1.13690,1.12870,1.13310,152,90,0,CADCHF,Pepperstone MT5
2006.02.16,1.13330,1.13490,1.13040,1.13150,73,90,0,CADCHF,Pepperstone MT5
2006.02.17,1.13150,1.14200,1.13100,1.13890,147,90,0,CADCHF,Pepperstone MT5
2006.02.20,1.13890,1.14070,1.13490,1.13920,114,90,0,CADCHF,Pepperstone MT5
2006.02.21,1.13960,1.14370,1.13850,1.14080,93,90,0,CADCHF,Pepperstone MT5
2006.02.22,1.14080,1.14570,1.13720,1.14070,170,90,0,CADCHF,Pepperstone MT5
2006.02.23,1.14080,1.14300,1.13170,1.13560,175,90,0,CADCHF,Pepperstone MT5
2006.02.24,1.13550,1.14800,1.13420,1.14690,163,90,0,CADCHF,Pepperstone MT5
2006.02.27,1.14700,1.16000,1.14590,1.15960,157,90,0,CADCHF,Pepperstone MT5
2006.02.28,1.15930,1.16080,1.15090,1.15360,142,90,0,CADCHF,Pepperstone MT5
2006.03.01,1.15360,1.15940,1.14530,1.15660,253,90,0,CADCHF,Pepperstone MT5
2006.03.02,1.15650,1.15770,1.14640,1.14660,128,90,0,CADCHF,Pepperstone MT5
2006.03.03,1.14680,1.15080,1.14170,1.14310,146,90,0,CADCHF,Pepperstone MT5
2006.03.06,1.14300,1.14340,1.13710,1.14010,98,90,0,CADCHF,Pepperstone MT5
2006.03.07,1.13990,1.14830,1.13840,1.14180,180,90,0,CADCHF,Pepperstone MT5
2006.03.08,1.14180,1.14320,1.12860,1.13090,184,90,0,CADCHF,Pepperstone MT5
2006.03.09,1.13100,1.13630,1.12880,1.13270,134,90,0,CADCHF,Pepperstone MT5
2006.03.10,1.13300,1.13810,1.12910,1.13520,159,90,0,CADCHF,Pepperstone MT5
2006.03.13,1.13480,1.13540,1.13050,1.13310,82,90,0,CADCHF,Pepperstone MT5
2006.03.14,1.13300,1.13360,1.12490,1.12560,101,90,0,CADCHF,Pepperstone MT5
2006.03.15,1.12560,1.12870,1.12050,1.12230,132,90,0,CADCHF,Pepperstone MT5
2006.03.16,1.12210,1.12520,1.11620,1.11880,148,90,0,CADCHF,Pepperstone MT5
2006.03.17,1.11900,1.11990,1.11180,1.11310,104,90,0,CADCHF,Pepperstone MT5
2006.03.20,1.11310,1.11750,1.10420,1.11230,259,90,0,CADCHF,Pepperstone MT5
2006.03.21,1.11250,1.12150,1.11140,1.11730,155,90,0,CADCHF,Pepperstone MT5
2006.03.22,1.11720,1.12120,1.11190,1.11830,176,90,0,CADCHF,Pepperstone MT5
2006.03.23,1.11860,1.13220,1.11760,1.13050,174,90,0,CADCHF,Pepperstone MT5
2006.03.24,1.13010,1.13060,1.12110,1.12270,117,90,0,CADCHF,Pepperstone MT5
2006.03.27,1.12230,1.12320,1.11480,1.11970,143,90,0,CADCHF,Pepperstone MT5
2006.03.28,1.11930,1.12290,1.11040,1.11880,246,90,0,CADCHF,Pepperstone MT5
2006.03.29,1.11880,1.12000,1.11480,1.11820,99,90,0,CADCHF,Pepperstone MT5
2006.03.30,1.11790,1.12430,1.11490,1.11840,184,90,0,CADCHF,Pepperstone MT5
2006.03.31,1.11870,1.12450,1.11480,1.11610,169,90,0,CADCHF,Pepperstone MT5
2006.04.03,1.11590,1.12220,1.11120,1.11370,199,90,0,CADCHF,Pepperstone MT5
2006.04.04,1.11400,1.11430,1.10010,1.10940,239,90,0,CADCHF,Pepperstone MT5
2006.04.05,1.10940,1.11080,1.10340,1.10460,101,90,0,CADCHF,Pepperstone MT5
2006.04.06,1.10430,1.12070,1.10360,1.11880,198,90,0,CADCHF,Pepperstone MT5
2006.04.07,1.11900,1.13660,1.11730,1.13210,256,90,0,CADCHF,Pepperstone MT5
2006.04.10,1.13150,1.13880,1.13050,1.13420,140,90,0,CADCHF,Pepperstone MT5
2006.04.11,1.13400,1.13830,1.13210,1.13560,109,90,0,CADCHF,Pepperstone MT5
2006.04.12,1.13560,1.13700,1.12930,1.13230,122,90,0,CADCHF,Pepperstone MT5
2006.04.13,1.13210,1.13330,1.12460,1.12740,128,90,0,CADCHF,Pepperstone MT5
2006.04.14,1.12720,1.13020,1.12640,1.12710,76,90,0,CADCHF,Pepperstone MT5
2006.04.17,1.12760,1.12810,1.11400,1.11730,180,90,0,CADCHF,Pepperstone MT5
2006.04.18,1.11690,1.11950,1.11050,1.11260,138,90,0,CADCHF,Pepperstone MT5
2006.04.19,1.11250,1.11980,1.11010,1.11560,164,90,0,CADCHF,Pepperstone MT5
2006.04.20,1.11570,1.12390,1.11520,1.12200,112,90,0,CADCHF,Pepperstone MT5
2006.04.21,1.12260,1.12590,1.11860,1.12120,133,90,0,CADCHF,Pepperstone MT5
2006.04.24,1.12300,1.12300,1.11340,1.11480,111,90,0,CADCHF,Pepperstone MT5
2006.04.25,1.11490,1.12270,1.11220,1.12080,152,90,0,CADCHF,Pepperstone MT5
2006.04.26,1.12070,1.12830,1.11950,1.12620,122,90,0,CADCHF,Pepperstone MT5
2006.04.27,1.12630,1.12840,1.11970,1.12130,125,90,0,CADCHF,Pepperstone MT5
2006.04.28,1.12140,1.12270,1.10580,1.10900,215,90,0,CADCHF,Pepperstone MT5
2006.05.01,1.10900,1.11620,1.10310,1.11450,208,90,0,CADCHF,Pepperstone MT5
2006.05.02,1.11460,1.11940,1.11250,1.11860,99,90,0,CADCHF,Pepperstone MT5
2006.05.03,1.11860,1.12130,1.11440,1.11540,107,90,0,CADCHF,Pepperstone MT5
2006.05.04,1.11530,1.11830,1.10610,1.11020,194,90,0,CADCHF,Pepperstone MT5
2006.05.05,1.11000,1.11130,1.10390,1.10930,142,90,0,CADCHF,Pepperstone MT5
2006.05.08,1.10820,1.10950,1.09980,1.10450,158,90,0,CADCHF,Pepperstone MT5
2006.05.09,1.10450,1.11280,1.10070,1.11000,188,90,0,CADCHF,Pepperstone MT5
2006.05.10,1.11030,1.11070,1.10260,1.10720,132,90,0,CADCHF,Pepperstone MT5
2006.05.11,1.10720,1.11290,1.09910,1.10030,208,90,0,CADCHF,Pepperstone MT5
2006.05.12,1.10010,1.10230,1.07870,1.07930,265,90,0,CADCHF,Pepperstone MT5
2006.05.15,1.07820,1.08980,1.07540,1.08870,184,90,0,CADCHF,Pepperstone MT5
2006.05.16,1.08880,1.09200,1.08400,1.09040,145,90,0,CADCHF,Pepperstone MT5
2006.05.17,1.09050,1.09590,1.08700,1.09000,174,90,0,CADCHF,Pepperstone MT5
2006.05.18,1.08970,1.09290,1.07560,1.07660,216,90,0,CADCHF,Pepperstone MT5
2006.05.19,1.07660,1.08870,1.07400,1.08790,182,90,0,CADCHF,Pepperstone MT5
2006.05.22,1.08860,1.08860,1.07540,1.07930,172,90,0,CADCHF,Pepperstone MT5
2006.05.23,1.07910,1.08550,1.07400,1.07460,186,90,0,CADCHF,Pepperstone MT5
2006.05.24,1.07480,1.08740,1.07290,1.08730,166,90,0,CADCHF,Pepperstone MT5
2006.05.25,1.08730,1.10160,1.08380,1.09900,240,90,0,CADCHF,Pepperstone MT5
2006.05.26,1.09910,1.10970,1.09530,1.10810,199,90,0,CADCHF,Pepperstone MT5
2006.05.29,1.10820,1.11190,1.10450,1.10710,138,90,0,CADCHF,Pepperstone MT5
2006.05.30,1.10700,1.10920,1.09800,1.10260,181,90,0,CADCHF,Pepperstone MT5
2006.05.31,1.10230,1.10890,1.10040,1.10660,128,90,0,CADCHF,Pepperstone MT5
2006.06.01,1.10670,1.11120,1.10300,1.10720,160,90,0,CADCHF,Pepperstone MT5
2006.06.02,1.10710,1.10730,1.09610,1.09720,126,90,0,CADCHF,Pepperstone MT5
2006.06.05,1.09570,1.09730,1.08960,1.09000,98,90,0,CADCHF,Pepperstone MT5
2006.06.06,1.09000,1.09530,1.08720,1.09190,144,90,0,CADCHF,Pepperstone MT5
2006.06.07,1.09170,1.09930,1.09110,1.09740,108,90,0,CADCHF,Pepperstone MT5
2006.06.08,1.09750,1.10340,1.09330,1.09700,198,90,0,CADCHF,Pepperstone MT5
2006.06.09,1.09670,1.11520,1.09670,1.11260,212,90,0,CADCHF,Pepperstone MT5
2006.06.12,1.11190,1.12470,1.11190,1.12220,154,90,0,CADCHF,Pepperstone MT5
2006.06.13,1.12210,1.12510,1.11150,1.11350,187,90,0,CADCHF,Pepperstone MT5
2006.06.14,1.11350,1.11440,1.10290,1.10530,149,90,0,CADCHF,Pepperstone MT5
2006.06.15,1.10550,1.10810,1.09960,1.10740,152,90,0,CADCHF,Pepperstone MT5
2006.06.16,1.10720,1.10780,1.09490,1.09680,155,90,0,CADCHF,Pepperstone MT5
2006.06.19,1.09690,1.10920,1.09560,1.10760,166,90,0,CADCHF,Pepperstone MT5
2006.06.20,1.10770,1.11260,1.10360,1.10750,179,90,0,CADCHF,Pepperstone MT5
2006.06.21,1.10730,1.11800,1.10630,1.11270,181,90,0,CADCHF,Pepperstone MT5
2006.06.22,1.11270,1.11790,1.10950,1.11250,167,90,0,CADCHF,Pepperstone MT5
2006.06.23,1.11270,1.11570,1.10740,1.11260,166,90,0,CADCHF,Pepperstone MT5
2006.06.26,1.11600,1.11600,1.10350,1.10610,152,90,0,CADCHF,Pepperstone MT5
2006.06.27,1.10610,1.11230,1.10470,1.10700,144,90,0,CADCHF,Pepperstone MT5
2006.06.28,1.10720,1.11270,1.10510,1.10890,136,90,0,CADCHF,Pepperstone MT5
2006.06.29,1.10880,1.12170,1.10830,1.11350,222,90,0,CADCHF,Pepperstone MT5
2006.06.30,1.11380,1.11520,1.09460,1.09540,229,90,0,CADCHF,Pepperstone MT5
2006.07.03,1.09670,1.10450,1.09330,1.10130,179,90,0,CADCHF,Pepperstone MT5
2006.07.04,1.10130,1.10860,1.09880,1.10690,141,90,0,CADCHF,Pepperstone MT5
2006.07.05,1.10630,1.11310,1.10330,1.10780,182,90,0,CADCHF,Pepperstone MT5
2006.07.06,1.10760,1.10950,1.10250,1.10310,96,90,0,CADCHF,Pepperstone MT5
2006.07.07,1.10300,1.10660,1.09660,1.09840,155,90,0,CADCHF,Pepperstone MT5
2006.07.10,1.09830,1.09980,1.09060,1.09490,151,90,0,CADCHF,Pepperstone MT5
2006.07.11,1.09480,1.09540,1.08160,1.08240,153,90,0,CADCHF,Pepperstone MT5
2006.07.12,1.08240,1.08840,1.08160,1.08770,84,90,0,CADCHF,Pepperstone MT5
2006.07.13,1.08780,1.08960,1.08390,1.08690,106,90,0,CADCHF,Pepperstone MT5
2006.07.14,1.08710,1.09710,1.08560,1.09370,165,90,0,CADCHF,Pepperstone MT5
2006.07.17,1.09370,1.10580,1.09270,1.09790,221,90,0,CADCHF,Pepperstone MT5
2006.07.18,1.09800,1.10710,1.09730,1.10220,155,90,0,CADCHF,Pepperstone MT5
2006.07.19,1.10230,1.10590,1.09740,1.10010,149,90,0,CADCHF,Pepperstone MT5
2006.07.20,1.10010,1.10100,1.09470,1.09830,109,90,0,CADCHF,Pepperstone MT5
2006.07.21,1.09830,1.10000,1.08550,1.08670,175,90,0,CADCHF,Pepperstone MT5
2006.07.24,1.08740,1.09430,1.08550,1.09160,135,90,0,CADCHF,Pepperstone MT5
2006.07.25,1.09180,1.09900,1.09010,1.09810,116,90,0,CADCHF,Pepperstone MT5
2006.07.26,1.09810,1.10200,1.09240,1.09320,144,90,0,CADCHF,Pepperstone MT5
2006.07.27,1.09330,1.09480,1.08800,1.09080,112,90,0,CADCHF,Pepperstone MT5
2006.07.28,1.09090,1.09390,1.08860,1.08910,89,90,0,CADCHF,Pepperstone MT5
2006.07.31,1.08970,1.09750,1.08660,1.08830,205,90,0,CADCHF,Pepperstone MT5
2006.08.01,1.08810,1.09240,1.08360,1.08430,139,90,0,CADCHF,Pepperstone MT5
2006.08.02,1.08430,1.09380,1.08320,1.09240,132,90,0,CADCHF,Pepperstone MT5
2006.08.03,1.09240,1.09840,1.08980,1.09390,158,90,0,CADCHF,Pepperstone MT5
2006.08.04,1.09350,1.09760,1.07920,1.08510,285,90,0,CADCHF,Pepperstone MT5
2006.08.07,1.08530,1.09630,1.08310,1.09470,171,90,0,CADCHF,Pepperstone MT5
2006.08.08,1.09460,1.09800,1.08930,1.09080,137,90,0,CADCHF,Pepperstone MT5
2006.08.09,1.09060,1.09650,1.09020,1.09480,85,90,0,CADCHF,Pepperstone MT5
2006.08.10,1.09480,1.09970,1.08810,1.09430,228,90,0,CADCHF,Pepperstone MT5
2006.08.11,1.09420,1.10840,1.09380,1.10500,185,90,0,CADCHF,Pepperstone MT5
2006.08.14,1.10420,1.10570,1.10040,1.10210,86,90,0,CADCHF,Pepperstone MT5
2006.08.15,1.10160,1.10330,1.09620,1.10270,132,90,0,CADCHF,Pepperstone MT5
2006.08.16,1.10300,1.10340,1.09810,1.09860,63,90,0,CADCHF,Pepperstone MT5
2006.08.17,1.09870,1.10090,1.09390,1.09840,138,90,0,CADCHF,Pepperstone MT5
2006.08.18,1.09860,1.10190,1.09470,1.09570,116,90,0,CADCHF,Pepperstone MT5
2006.08.21,1.09610,1.09620,1.09010,1.09570,119,90,0,CADCHF,Pepperstone MT5
2006.08.22,1.09560,1.10790,1.09390,1.10630,174,90,0,CADCHF,Pepperstone MT5
2006.08.23,1.10620,1.11500,1.10520,1.10980,161,90,0,CADCHF,Pepperstone MT5
2006.08.24,1.10970,1.11770,1.10790,1.11660,128,90,0,CADCHF,Pepperstone MT5
2006.08.25,1.11650,1.12120,1.11540,1.11770,105,90,0,CADCHF,Pepperstone MT5
2006.08.28,1.11740,1.11810,1.11040,1.11230,104,90,0,CADCHF,Pepperstone MT5
2006.08.29,1.11240,1.11480,1.10810,1.10940,105,90,0,CADCHF,Pepperstone MT5
2006.08.30,1.10970,1.11300,1.10540,1.10650,121,90,0,CADCHF,Pepperstone MT5
2006.08.31,1.10640,1.11560,1.10290,1.11490,170,90,0,CADCHF,Pepperstone MT5
2006.09.01,1.11490,1.12010,1.11150,1.11390,163,90,0,CADCHF,Pepperstone MT5
2006.09.04,1.11390,1.11400,1.10870,1.10910,59,90,0,CADCHF,Pepperstone MT5
2006.09.05,1.10920,1.11310,1.10720,1.10990,112,90,0,CADCHF,Pepperstone MT5
2006.09.06,1.11020,1.12070,1.10890,1.11720,167,90,0,CADCHF,Pepperstone MT5
2006.09.07,1.11690,1.12610,1.11490,1.11920,202,90,0,CADCHF,Pepperstone MT5
2006.09.08,1.11890,1.12100,1.11250,1.11330,115,90,0,CADCHF,Pepperstone MT5
2006.09.11,1.11330,1.11520,1.10780,1.10950,111,90,0,CADCHF,Pepperstone MT5
2006.09.12,1.10930,1.11910,1.10800,1.11680,148,90,0,CADCHF,Pepperstone MT5
2006.09.13,1.11660,1.12050,1.11420,1.11670,126,90,0,CADCHF,Pepperstone MT5
2006.09.14,1.11700,1.12460,1.11390,1.12080,177,90,0,CADCHF,Pepperstone MT5
2006.09.15,1.12090,1.12600,1.11830,1.12170,147,90,0,CADCHF,Pepperstone MT5
2006.09.18,1.12390,1.12420,1.11670,1.11840,96,90,0,CADCHF,Pepperstone MT5
2006.09.19,1.11840,1.12310,1.10890,1.11020,203,90,0,CADCHF,Pepperstone MT5
2006.09.20,1.11020,1.11290,1.10660,1.10980,123,90,0,CADCHF,Pepperstone MT5
2006.09.21,1.11040,1.11980,1.10610,1.10980,269,90,0,CADCHF,Pepperstone MT5
2006.09.22,1.10960,1.11190,1.10330,1.10560,133,90,0,CADCHF,Pepperstone MT5
2006.09.25,1.10570,1.11070,1.10040,1.10910,173,90,0,CADCHF,Pepperstone MT5
2006.09.26,1.10950,1.11740,1.10770,1.11580,132,90,0,CADCHF,Pepperstone MT5
2006.09.27,1.11570,1.12160,1.11430,1.11970,107,90,0,CADCHF,Pepperstone MT5
2006.09.28,1.11960,1.12480,1.11710,1.12210,130,90,0,CADCHF,Pepperstone MT5
2006.09.29,1.12200,1.12610,1.11750,1.11860,139,90,0,CADCHF,Pepperstone MT5
2006.10.02,1.11890,1.12000,1.11150,1.11470,129,90,0,CADCHF,Pepperstone MT5
2006.10.03,1.11510,1.11540,1.10940,1.10960,66,90,0,CADCHF,Pepperstone MT5
2006.10.04,1.10970,1.11400,1.10690,1.10790,125,90,0,CADCHF,Pepperstone MT5
2006.10.05,1.10760,1.11300,1.10760,1.11270,58,90,0,CADCHF,Pepperstone MT5
2006.10.06,1.11280,1.12170,1.11080,1.11970,150,90,0,CADCHF,Pepperstone MT5
2006.10.09,1.11960,1.12440,1.11780,1.12280,101,90,0,CADCHF,Pepperstone MT5
2006.10.10,1.12280,1.12560,1.11890,1.12090,116,90,0,CADCHF,Pepperstone MT5
2006.10.11,1.12100,1.12200,1.11680,1.11810,76,90,0,CADCHF,Pepperstone MT5
2006.10.12,1.11800,1.12060,1.11620,1.11920,77,90,0,CADCHF,Pepperstone MT5
2006.10.13,1.11850,1.12230,1.11670,1.11860,12442,90,0,CADCHF,Pepperstone MT5
2006.10.15,1.11940,1.12040,1.11910,1.12040,131,90,0,CADCHF,Pepperstone MT5
2006.10.16,1.12040,1.12100,1.11630,1.11710,13229,90,0,CADCHF,Pepperstone MT5
2006.10.17,1.11700,1.11810,1.11060,1.11190,16765,90,0,CADCHF,Pepperstone MT5
2006.10.18,1.11190,1.11990,1.10980,1.11790,12873,90,0,CADCHF,Pepperstone MT5
2006.10.19,1.11800,1.11850,1.10980,1.11460,16526,90,0,CADCHF,Pepperstone MT5
2006.10.20,1.11450,1.12220,1.11240,1.11880,13601,90,0,CADCHF,Pepperstone MT5
2006.10.22,1.11740,1.11840,1.11740,1.11810,133,90,0,CADCHF,Pepperstone MT5
2006.10.23,1.11810,1.12600,1.11790,1.12290,9973,90,0,CADCHF,Pepperstone MT5
2006.10.24,1.12300,1.12560,1.12120,1.12380,10881,90,0,CADCHF,Pepperstone MT5
2006.10.25,1.12390,1.12610,1.12050,1.12510,10964,90,0,CADCHF,Pepperstone MT5
2006.10.26,1.12500,1.12550,1.11170,1.11720,15438,90,0,CADCHF,Pepperstone MT5
2006.10.27,1.11710,1.11820,1.11330,1.11530,11568,90,0,CADCHF,Pepperstone MT5
2006.10.29,1.11580,1.11590,1.11500,1.11510,80,90,0,CADCHF,Pepperstone MT5
2006.10.30,1.11520,1.11750,1.10770,1.10940,11447,90,0,CADCHF,Pepperstone MT5
2006.10.31,1.10950,1.11250,1.10590,1.10810,11996,90,0,CADCHF,Pepperstone MT5
2006.11.01,1.10810,1.10950,1.09630,1.09930,17080,90,0,CADCHF,Pepperstone MT5
2006.11.02,1.09920,1.10290,1.09430,1.09890,15665,90,0,CADCHF,Pepperstone MT5
2006.11.03,1.09890,1.11270,1.09730,1.10940,10250,90,0,CADCHF,Pepperstone MT5
2006.11.05,1.10950,1.11060,1.10930,1.11000,149,90,0,CADCHF,Pepperstone MT5
2006.11.06,1.11000,1.11290,1.10590,1.11110,10533,90,0,CADCHF,Pepperstone MT5
2006.11.07,1.11100,1.11220,1.10340,1.10540,13976,90,0,CADCHF,Pepperstone MT5
2006.11.08,1.10550,1.10880,1.10150,1.10760,11194,90,0,CADCHF,Pepperstone MT5
2006.11.09,1.10770,1.10850,1.09780,1.10040,13056,90,0,CADCHF,Pepperstone MT5
2006.11.10,1.10030,1.10090,1.09320,1.09660,12580,90,0,CADCHF,Pepperstone MT5
2006.11.12,1.09580,1.09590,1.09470,1.09500,207,90,0,CADCHF,Pepperstone MT5
2006.11.13,1.09500,1.09640,1.09120,1.09440,11264,90,0,CADCHF,Pepperstone MT5
2006.11.14,1.09420,1.09450,1.09000,1.09340,14694,90,0,CADCHF,Pepperstone MT5
2006.11.15,1.09340,1.09910,1.09190,1.09360,13411,90,0,CADCHF,Pepperstone MT5
2006.11.16,1.09390,1.09750,1.09180,1.09190,12134,90,0,CADCHF,Pepperstone MT5
2006.11.17,1.09190,1.09570,1.08380,1.08460,12138,90,0,CADCHF,Pepperstone MT5
2006.11.19,1.08470,1.08550,1.08450,1.08490,145,90,0,CADCHF,Pepperstone MT5
2006.11.20,1.08490,1.08710,1.08170,1.08490,11199,90,0,CADCHF,Pepperstone MT5
2006.11.21,1.08480,1.08630,1.07980,1.08210,11399,90,0,CADCHF,Pepperstone MT5
2006.11.22,1.08250,1.08320,1.07320,1.07360,12808,90,0,CADCHF,Pepperstone MT5
2006.11.23,1.07370,1.07560,1.06920,1.07170,9282,90,0,CADCHF,Pepperstone MT5
2006.11.24,1.07170,1.07340,1.06330,1.06550,12119,90,0,CADCHF,Pepperstone MT5
2006.11.26,1.06300,1.06400,1.06230,1.06240,425,90,0,CADCHF,Pepperstone MT5
2006.11.27,1.06240,1.06900,1.06220,1.06460,12298,90,0,CADCHF,Pepperstone MT5
2006.11.28,1.06460,1.06930,1.06240,1.06370,12954,90,0,CADCHF,Pepperstone MT5
2006.11.29,1.06370,1.06570,1.05940,1.06190,17925,90,0,CADCHF,Pepperstone MT5
2006.11.30,1.06180,1.06300,1.04730,1.05000,17931,90,0,CADCHF,Pepperstone MT5
2006.12.01,1.04990,1.05290,1.04030,1.04190,16179,90,0,CADCHF,Pepperstone MT5
2006.12.03,1.04250,1.04280,1.04040,1.04110,269,90,0,CADCHF,Pepperstone MT5
2006.12.04,1.04110,1.04840,1.04090,1.04580,13748,90,0,CADCHF,Pepperstone MT5
2006.12.05,1.04580,1.04940,1.04260,1.04330,14693,90,0,CADCHF,Pepperstone MT5
2006.12.06,1.04350,1.04890,1.03900,1.04230,12677,90,0,CADCHF,Pepperstone MT5
2006.12.07,1.04220,1.04320,1.03740,1.03940,13008,90,0,CADCHF,Pepperstone MT5
2006.12.08,1.03940,1.04900,1.03530,1.04860,12727,90,0,CADCHF,Pepperstone MT5
2006.12.10,1.05030,1.05060,1.04900,1.04960,258,90,0,CADCHF,Pepperstone MT5
2006.12.11,1.04950,1.05230,1.04560,1.04660,13164,90,0,CADCHF,Pepperstone MT5
2006.12.12,1.04660,1.04900,1.03910,1.04040,11985,90,0,CADCHF,Pepperstone MT5
2006.12.13,1.04060,1.04740,1.04020,1.04310,11785,90,0,CADCHF,Pepperstone MT5
2006.12.14,1.04310,1.05120,1.04080,1.04930,13286,90,0,CADCHF,Pepperstone MT5
2006.12.15,1.04940,1.05630,1.04860,1.05480,12886,90,0,CADCHF,Pepperstone MT5
2006.12.18,1.05490,1.06030,1.05230,1.05620,9005,90,0,CADCHF,Pepperstone MT5
2006.12.19,1.05650,1.05880,1.05020,1.05340,9880,90,0,CADCHF,Pepperstone MT5
2006.12.20,1.05350,1.06180,1.05030,1.05990,6868,90,0,CADCHF,Pepperstone MT5
2006.12.21,1.05980,1.06060,1.05260,1.05300,5199,90,0,CADCHF,Pepperstone MT5
2006.12.22,1.05310,1.05580,1.04960,1.05160,4352,90,0,CADCHF,Pepperstone MT5
2006.12.25,1.05340,1.05410,1.05340,1.05380,11,90,0,CADCHF,Pepperstone MT5
2006.12.26,1.05280,1.05410,1.05120,1.05220,1754,90,0,CADCHF,Pepperstone MT5
2006.12.27,1.05240,1.05600,1.04740,1.05420,6415,90,0,CADCHF,Pepperstone MT5
2006.12.28,1.05430,1.05660,1.04950,1.05290,6382,90,0,CADCHF,Pepperstone MT5
2006.12.29,1.05280,1.05360,1.04410,1.04500,6797,90,0,CADCHF,Pepperstone MT5
2007.05.10,1.09790,1.10270,1.09660,1.09750,4809,80,0,CADCHF,Pepperstone MT5
2007.05.11,1.09720,1.10010,1.09030,1.09730,7518,80,0,CADCHF,Pepperstone MT5
2007.05.14,1.09600,1.10240,1.09430,1.10190,6239,80,0,CADCHF,Pepperstone MT5
2007.05.15,1.10180,1.11080,1.09890,1.10610,7611,80,0,CADCHF,Pepperstone MT5
2007.05.16,1.10580,1.10910,1.10380,1.10740,6579,80,0,CADCHF,Pepperstone MT5
2007.05.17,1.10730,1.11800,1.10390,1.11530,6415,80,0,CADCHF,Pepperstone MT5
2007.05.18,1.11540,1.12760,1.11490,1.12700,7273,80,0,CADCHF,Pepperstone MT5
2007.05.21,1.12690,1.13590,1.12580,1.13420,6844,80,0,CADCHF,Pepperstone MT5
2007.05.22,1.13410,1.13650,1.13000,1.13170,6890,80,0,CADCHF,Pepperstone MT5
2007.05.23,1.13180,1.13470,1.12710,1.13400,7237,80,0,CADCHF,Pepperstone MT5
2007.05.24,1.13410,1.13800,1.13110,1.13270,7118,80,0,CADCHF,Pepperstone MT5
2007.05.25,1.13260,1.13800,1.12920,1.13660,7143,80,0,CADCHF,Pepperstone MT5
2007.05.28,1.13670,1.13760,1.13450,1.13710,3664,80,0,CADCHF,Pepperstone MT5
2007.05.29,1.13700,1.14150,1.12740,1.14100,9173,80,0,CADCHF,Pepperstone MT5
2007.05.30,1.14090,1.14650,1.13850,1.14070,7536,80,0,CADCHF,Pepperstone MT5
2007.05.31,1.14050,1.14710,1.14010,1.14610,7707,80,0,CADCHF,Pepperstone MT5
2007.06.01,1.14600,1.16030,1.14340,1.15890,7450,80,0,CADCHF,Pepperstone MT5
2007.06.04,1.15810,1.16330,1.15430,1.15550,7438,80,0,CADCHF,Pepperstone MT5
2007.06.05,1.15630,1.15660,1.14400,1.14490,8345,80,0,CADCHF,Pepperstone MT5
2007.06.06,1.14500,1.15210,1.14410,1.14870,8427,80,0,CADCHF,Pepperstone MT5
2007.06.07,1.14880,1.15720,1.14830,1.14920,8659,80,0,CADCHF,Pepperstone MT5
2007.06.08,1.14910,1.16560,1.14710,1.16390,10203,80,0,CADCHF,Pepperstone MT5
2007.06.11,1.16410,1.16830,1.16270,1.16790,6500,80,0,CADCHF,Pepperstone MT5
2007.06.12,1.16770,1.17020,1.16310,1.16310,7354,80,0,CADCHF,Pepperstone MT5
2007.06.13,1.16320,1.16780,1.15890,1.16730,9021,80,0,CADCHF,Pepperstone MT5
2007.06.14,1.16740,1.16830,1.16370,1.16610,8928,80,0,CADCHF,Pepperstone MT5
2007.06.15,1.16600,1.17310,1.16170,1.16190,10827,80,0,CADCHF,Pepperstone MT5
2007.06.18,1.16320,1.16550,1.15260,1.15930,8508,80,0,CADCHF,Pepperstone MT5
2007.06.19,1.15940,1.16830,1.15610,1.16750,7949,80,0,CADCHF,Pepperstone MT5
2007.06.20,1.16720,1.16830,1.15610,1.16010,7702,80,0,CADCHF,Pepperstone MT5
2007.06.21,1.16000,1.16600,1.15380,1.15500,7847,80,0,CADCHF,Pepperstone MT5
2007.06.22,1.15490,1.15710,1.14790,1.15030,8363,80,0,CADCHF,Pepperstone MT5
2007.06.25,1.14980,1.15060,1.14350,1.14760,7174,80,0,CADCHF,Pepperstone MT5
2007.06.26,1.14740,1.15050,1.14400,1.14800,7881,80,0,CADCHF,Pepperstone MT5
2007.06.27,1.14780,1.14890,1.14430,1.14800,7976,80,0,CADCHF,Pepperstone MT5
2007.06.28,1.14780,1.16440,1.14650,1.16190,9171,80,0,CADCHF,Pepperstone MT5
2007.06.29,1.16180,1.17230,1.14590,1.14620,10266,80,0,CADCHF,Pepperstone MT5
2007.07.02,1.14880,1.15110,1.14310,1.14660,8518,80,0,CADCHF,Pepperstone MT5
2007.07.03,1.14640,1.15110,1.14290,1.14520,8127,80,0,CADCHF,Pepperstone MT5
2007.07.04,1.14500,1.15200,1.14470,1.14990,5440,80,0,CADCHF,Pepperstone MT5
2007.07.05,1.15000,1.15270,1.14390,1.15210,6386,80,0,CADCHF,Pepperstone MT5
2007.07.06,1.15220,1.16360,1.15170,1.16030,7632,80,0,CADCHF,Pepperstone MT5
2007.07.09,1.16130,1.16530,1.15800,1.15840,5173,80,0,CADCHF,Pepperstone MT5
2007.07.10,1.15850,1.16070,1.13950,1.14000,9094,80,0,CADCHF,Pepperstone MT5
2007.07.11,1.14020,1.14480,1.13250,1.14410,10477,80,0,CADCHF,Pepperstone MT5
2007.07.12,1.14400,1.15180,1.14130,1.15010,7871,80,0,CADCHF,Pepperstone MT5
2007.07.13,1.15000,1.15200,1.14340,1.14750,6850,80,0,CADCHF,Pepperstone MT5
2007.07.16,1.14710,1.15400,1.14680,1.15290,5488,80,0,CADCHF,Pepperstone MT5
2007.07.17,1.15260,1.15340,1.14730,1.15200,8638,80,0,CADCHF,Pepperstone MT5
2007.07.18,1.15210,1.15350,1.14670,1.15020,11452,80,0,CADCHF,Pepperstone MT5
2007.07.19,1.15030,1.15490,1.14680,1.15340,7373,80,0,CADCHF,Pepperstone MT5
2007.07.20,1.15320,1.15590,1.14360,1.14460,7750,80,0,CADCHF,Pepperstone MT5
2007.07.23,1.14560,1.15570,1.14320,1.15170,7963,80,0,CADCHF,Pepperstone MT5
2007.07.24,1.15160,1.16540,1.14900,1.16100,9116,80,0,CADCHF,Pepperstone MT5
2007.07.25,1.16080,1.16960,1.15870,1.16440,9854,80,0,CADCHF,Pepperstone MT5
2007.07.26,1.16450,1.16600,1.13970,1.14220,10587,80,0,CADCHF,Pepperstone MT5
2007.07.27,1.14230,1.15010,1.13390,1.13510,15937,80,0,CADCHF,Pepperstone MT5
2007.07.30,1.13550,1.13600,1.12310,1.12670,9803,80,0,CADCHF,Pepperstone MT5
2007.07.31,1.12690,1.13800,1.12530,1.12560,12455,80,0,CADCHF,Pepperstone MT5
2007.08.01,1.12570,1.14130,1.11970,1.14000,14303,80,0,CADCHF,Pepperstone MT5
2007.08.02,1.13990,1.14710,1.13540,1.14430,12088,80,0,CADCHF,Pepperstone MT5
2007.08.03,1.14440,1.14490,1.12550,1.12620,12022,80,0,CADCHF,Pepperstone MT5
2007.08.06,1.11890,1.13380,1.11780,1.13170,7541,80,0,CADCHF,Pepperstone MT5
2007.08.07,1.13120,1.13710,1.12670,1.13440,9911,80,0,CADCHF,Pepperstone MT5
2007.08.08,1.13450,1.14180,1.13270,1.14060,11187,80,0,CADCHF,Pepperstone MT5
2007.08.09,1.14070,1.14200,1.12580,1.13060,10884,80,0,CADCHF,Pepperstone MT5
2007.08.10,1.13050,1.13980,1.12560,1.13780,14449,80,0,CADCHF,Pepperstone MT5
2007.08.13,1.13710,1.14830,1.13400,1.14330,10907,80,0,CADCHF,Pepperstone MT5
2007.08.14,1.14320,1.14460,1.13280,1.13420,13463,80,0,CADCHF,Pepperstone MT5
2007.08.15,1.13430,1.13570,1.12560,1.12980,15633,80,0,CADCHF,Pepperstone MT5
2007.08.16,1.12990,1.13960,1.11960,1.12990,24070,80,0,CADCHF,Pepperstone MT5
2007.08.17,1.12980,1.14420,1.11710,1.13940,22791,80,0,CADCHF,Pepperstone MT5
2007.08.20,1.13770,1.14440,1.13440,1.14200,12952,80,0,CADCHF,Pepperstone MT5
2007.08.21,1.14240,1.14360,1.13150,1.13490,13931,80,0,CADCHF,Pepperstone MT5
2007.08.22,1.13530,1.14350,1.12840,1.13550,11121,80,0,CADCHF,Pepperstone MT5
2007.08.23,1.13540,1.15200,1.13410,1.14580,13574,80,0,CADCHF,Pepperstone MT5
2007.08.24,1.14590,1.14740,1.13930,1.14080,12308,80,0,CADCHF,Pepperstone MT5
2007.08.27,1.14140,1.14880,1.13980,1.14040,7437,80,0,CADCHF,Pepperstone MT5
2007.08.28,1.14030,1.14100,1.12700,1.12780,11897,80,0,CADCHF,Pepperstone MT5
2007.08.29,1.12790,1.13500,1.12620,1.13130,13409,80,0,CADCHF,Pepperstone MT5
2007.08.30,1.13120,1.14120,1.12750,1.13780,13621,80,0,CADCHF,Pepperstone MT5
2007.08.31,1.13770,1.14610,1.13520,1.14440,13895,80,0,CADCHF,Pepperstone MT5
2007.09.03,1.14450,1.14980,1.14310,1.14710,6934,80,0,CADCHF,Pepperstone MT5
2007.09.04,1.14730,1.15520,1.14340,1.15500,11273,80,0,CADCHF,Pepperstone MT5
2007.09.05,1.15510,1.15590,1.14110,1.14220,11507,80,0,CADCHF,Pepperstone MT5
2007.09.06,1.14230,1.14620,1.13690,1.14140,11839,80,0,CADCHF,Pepperstone MT5
2007.09.07,1.14160,1.14520,1.12230,1.12610,10492,80,0,CADCHF,Pepperstone MT5
2007.09.10,1.12480,1.12910,1.11930,1.12750,10452,80,0,CADCHF,Pepperstone MT5
2007.09.11,1.12740,1.14230,1.12610,1.14010,16799,80,0,CADCHF,Pepperstone MT5
2007.09.12,1.14020,1.14410,1.13380,1.14250,11719,80,0,CADCHF,Pepperstone MT5
2007.09.13,1.14240,1.15110,1.14110,1.14400,13446,80,0,CADCHF,Pepperstone MT5
2007.09.14,1.14460,1.15810,1.14320,1.15470,13407,80,0,CADCHF,Pepperstone MT5
2007.09.17,1.15350,1.15990,1.14960,1.15480,11957,80,0,CADCHF,Pepperstone MT5
2007.09.18,1.15470,1.16720,1.15300,1.16600,14531,80,0,CADCHF,Pepperstone MT5
2007.09.19,1.16610,1.17120,1.16170,1.16620,16915,80,0,CADCHF,Pepperstone MT5
2007.09.20,1.16630,1.17260,1.15810,1.16940,16190,80,0,CADCHF,Pepperstone MT5
2007.09.21,1.16930,1.17780,1.16810,1.17130,15507,80,0,CADCHF,Pepperstone MT5
2007.09.24,1.17180,1.17440,1.16800,1.16960,10269,80,0,CADCHF,Pepperstone MT5
2007.09.25,1.16970,1.17120,1.16050,1.16160,12858,80,0,CADCHF,Pepperstone MT5
2007.09.26,1.16150,1.16690,1.15740,1.16580,13534,80,0,CADCHF,Pepperstone MT5
2007.09.27,1.16590,1.17220,1.16250,1.17140,14296,80,0,CADCHF,Pepperstone MT5
2007.09.28,1.17150,1.17660,1.16780,1.17250,15775,80,0,CADCHF,Pepperstone MT5
2007.10.01,1.17120,1.17980,1.17010,1.17790,12601,80,0,CADCHF,Pepperstone MT5
2007.10.02,1.17780,1.18000,1.17360,1.17750,13805,80,0,CADCHF,Pepperstone MT5
2007.10.03,1.17710,1.18450,1.17560,1.18220,13172,80,0,CADCHF,Pepperstone MT5
2007.10.04,1.18200,1.18260,1.17550,1.17790,13125,80,0,CADCHF,Pepperstone MT5
2007.10.05,1.17780,1.20170,1.17700,1.20110,12094,80,0,CADCHF,Pepperstone MT5
2007.10.08,1.19950,1.20480,1.19700,1.20170,5711,80,0,CADCHF,Pepperstone MT5
2007.10.09,1.20190,1.20670,1.19990,1.20530,9021,80,0,CADCHF,Pepperstone MT5
2007.10.10,1.20550,1.20810,1.19910,1.20480,8531,80,0,CADCHF,Pepperstone MT5
2007.10.11,1.20470,1.21510,1.20250,1.20980,10920,80,0,CADCHF,Pepperstone MT5
2007.10.12,1.20970,1.21950,1.20540,1.21870,9958,80,0,CADCHF,Pepperstone MT5
2007.10.15,1.21840,1.21890,1.20670,1.20860,8184,80,0,CADCHF,Pepperstone MT5
2007.10.16,1.20850,1.21250,1.20540,1.20750,10931,80,0,CADCHF,Pepperstone MT5
2007.10.17,1.20730,1.21400,1.20040,1.21050,10812,80,0,CADCHF,Pepperstone MT5
2007.10.18,1.21030,1.21140,1.19380,1.20100,10569,80,0,CADCHF,Pepperstone MT5
2007.10.19,1.20090,1.21670,1.19640,1.20560,10455,80,0,CADCHF,Pepperstone MT5
2007.10.22,1.20090,1.20420,1.19300,1.20320,13093,80,0,CADCHF,Pepperstone MT5
2007.10.23,1.20300,1.21740,1.20200,1.21340,11243,80,0,CADCHF,Pepperstone MT5
2007.10.24,1.21320,1.21570,1.20470,1.20940,11595,80,0,CADCHF,Pepperstone MT5
2007.10.25,1.20920,1.21190,1.20420,1.20520,11389,80,0,CADCHF,Pepperstone MT5
2007.10.26,1.20540,1.21320,1.20470,1.20940,9787,80,0,CADCHF,Pepperstone MT5
2007.10.29,1.20810,1.22390,1.20810,1.22160,9515,80,0,CADCHF,Pepperstone MT5
2007.10.30,1.22140,1.22200,1.21440,1.21440,9734,80,0,CADCHF,Pepperstone MT5
2007.10.31,1.21410,1.22980,1.21070,1.22810,12370,80,0,CADCHF,Pepperstone MT5
2007.11.01,1.22800,1.23150,1.21570,1.21720,14556,80,0,CADCHF,Pepperstone MT5
2007.11.02,1.21710,1.23790,1.21500,1.23460,14165,80,0,CADCHF,Pepperstone MT5
2007.11.05,1.23020,1.24010,1.22880,1.23570,9187,80,0,CADCHF,Pepperstone MT5
2007.11.06,1.23580,1.24390,1.22970,1.24330,11133,80,0,CADCHF,Pepperstone MT5
2007.11.07,1.24320,1.25210,1.21740,1.21740,17318,80,0,CADCHF,Pepperstone MT5
2007.11.08,1.21760,1.22440,1.19910,1.20610,16630,80,0,CADCHF,Pepperstone MT5
2007.11.09,1.20530,1.21400,1.18750,1.18770,17916,80,0,CADCHF,Pepperstone MT5
2007.11.12,1.18600,1.19190,1.16260,1.16450,14350,80,0,CADCHF,Pepperstone MT5
2007.11.13,1.16440,1.18140,1.16020,1.17550,14039,80,0,CADCHF,Pepperstone MT5
2007.11.14,1.17510,1.17810,1.16120,1.16190,13692,80,0,CADCHF,Pepperstone MT5
2007.11.15,1.16180,1.16710,1.13810,1.13880,13516,80,0,CADCHF,Pepperstone MT5
2007.11.16,1.13870,1.15070,1.13490,1.14790,13345,80,0,CADCHF,Pepperstone MT5
2007.11.19,1.14480,1.15260,1.13200,1.13300,11225,80,0,CADCHF,Pepperstone MT5
2007.11.20,1.13220,1.14010,1.12330,1.12880,13638,80,0,CADCHF,Pepperstone MT5
2007.11.21,1.12860,1.13120,1.11220,1.11610,12094,80,0,CADCHF,Pepperstone MT5
2007.11.22,1.11620,1.12470,1.11390,1.11610,8471,80,0,CADCHF,Pepperstone MT5
2007.11.23,1.11620,1.11960,1.10900,1.11490,11533,80,0,CADCHF,Pepperstone MT5
2007.11.26,1.11890,1.12560,1.10570,1.10750,9420,80,0,CADCHF,Pepperstone MT5
2007.11.27,1.10730,1.11840,1.09960,1.10900,14948,80,0,CADCHF,Pepperstone MT5
2007.11.28,1.10880,1.13160,1.10720,1.12710,13547,80,0,CADCHF,Pepperstone MT5
2007.11.29,1.12670,1.13680,1.11680,1.11940,12525,80,0,CADCHF,Pepperstone MT5
2007.11.30,1.11930,1.13260,1.11820,1.13200,12026,80,0,CADCHF,Pepperstone MT5
2007.12.03,1.13070,1.13260,1.12290,1.12800,10155,80,0,CADCHF,Pepperstone MT5
2007.12.04,1.12730,1.12850,1.10060,1.10460,12303,80,0,CADCHF,Pepperstone MT5
2007.12.05,1.10480,1.11410,1.09530,1.11400,13202,80,0,CADCHF,Pepperstone MT5
2007.12.06,1.11390,1.12130,1.10940,1.12010,12425,80,0,CADCHF,Pepperstone MT5
2007.12.07,1.11990,1.13000,1.11300,1.12160,11771,80,0,CADCHF,Pepperstone MT5
2007.12.10,1.12310,1.12610,1.11370,1.11940,8394,80,0,CADCHF,Pepperstone MT5
2007.12.11,1.11970,1.12760,1.11110,1.11360,11559,80,0,CADCHF,Pepperstone MT5
2007.12.12,1.11350,1.12900,1.11230,1.12050,13457,80,0,CADCHF,Pepperstone MT5
2007.12.13,1.12030,1.12520,1.11550,1.11760,11787,80,0,CADCHF,Pepperstone MT5
2007.12.14,1.11750,1.13790,1.11650,1.13300,12505,80,0,CADCHF,Pepperstone MT5
2007.12.17,1.13530,1.15180,1.12920,1.14250,14045,80,0,CADCHF,Pepperstone MT5
2007.12.18,1.14260,1.15040,1.13560,1.14480,12542,80,0,CADCHF,Pepperstone MT5
2007.12.19,1.14490,1.15420,1.14190,1.15210,10939,80,0,CADCHF,Pepperstone MT5
2007.12.20,1.15200,1.16250,1.15000,1.15590,12075,80,0,CADCHF,Pepperstone MT5
2007.12.21,1.15570,1.16630,1.15360,1.16420,9532,80,0,CADCHF,Pepperstone MT5
2007.12.24,1.16560,1.17570,1.16120,1.17260,5714,80,0,CADCHF,Pepperstone MT5
2007.12.26,1.17290,1.17400,1.16890,1.17280,1936,80,0,CADCHF,Pepperstone MT5
2007.12.27,1.17260,1.17480,1.15950,1.16120,4325,80,0,CADCHF,Pepperstone MT5
2007.12.28,1.16210,1.16360,1.14670,1.14670,4610,80,0,CADCHF,Pepperstone MT5
2007.12.31,1.15060,1.15160,1.14260,1.14620,4288,80,0,CADCHF,Pepperstone MT5
2008.01.02,1.14090,1.14380,1.12070,1.12620,9077,80,0,CADCHF,Pepperstone MT5
2008.01.03,1.12630,1.12830,1.11520,1.12210,11229,80,0,CADCHF,Pepperstone MT5
2008.01.04,1.12230,1.13040,1.10260,1.10480,11799,80,0,CADCHF,Pepperstone MT5
2008.01.07,1.10400,1.11660,1.10380,1.11080,10859,80,0,CADCHF,Pepperstone MT5
2008.01.08,1.11060,1.11840,1.10370,1.10500,11804,80,0,CADCHF,Pepperstone MT5
2008.01.09,1.10510,1.11050,1.10060,1.10500,11995,80,0,CADCHF,Pepperstone MT5
2008.01.10,1.10540,1.10610,1.08770,1.09200,13903,80,0,CADCHF,Pepperstone MT5
2008.01.11,1.09170,1.09520,1.07810,1.08060,13146,80,0,CADCHF,Pepperstone MT5
2008.01.14,1.07660,1.08030,1.06970,1.07450,10180,80,0,CADCHF,Pepperstone MT5
2008.01.15,1.07430,1.07750,1.06610,1.07270,11984,80,0,CADCHF,Pepperstone MT5
2008.01.16,1.07280,1.07850,1.05980,1.07290,16849,80,0,CADCHF,Pepperstone MT5
2008.01.17,1.07300,1.08610,1.06540,1.06900,15655,80,0,CADCHF,Pepperstone MT5
2008.01.18,1.06910,1.07660,1.06780,1.06880,14321,80,0,CADCHF,Pepperstone MT5
2008.01.21,1.07160,1.07700,1.06580,1.07020,12922,80,0,CADCHF,Pepperstone MT5
2008.01.22,1.07040,1.07680,1.06110,1.06320,17340,80,0,CADCHF,Pepperstone MT5
2008.01.23,1.06330,1.06990,1.05530,1.06520,17894,80,0,CADCHF,Pepperstone MT5
2008.01.24,1.06540,1.08460,1.06110,1.08340,15610,80,0,CADCHF,Pepperstone MT5
2008.01.25,1.08350,1.09390,1.07920,1.08740,16996,80,0,CADCHF,Pepperstone MT5
2008.01.28,1.08570,1.08660,1.07980,1.08500,10210,80,0,CADCHF,Pepperstone MT5
2008.01.29,1.08490,1.10120,1.08210,1.09510,12526,80,0,CADCHF,Pepperstone MT5
2008.01.30,1.09500,1.10120,1.08910,1.09030,13784,80,0,CADCHF,Pepperstone MT5
2008.01.31,1.09020,1.09090,1.07110,1.07780,17460,80,0,CADCHF,Pepperstone MT5
2008.02.01,1.07770,1.09810,1.07170,1.09430,15378,80,0,CADCHF,Pepperstone MT5
2008.02.04,1.09550,1.09830,1.08840,1.09490,11159,80,0,CADCHF,Pepperstone MT5
2008.02.05,1.09500,1.10510,1.08960,1.09050,14393,80,0,CADCHF,Pepperstone MT5
2008.02.06,1.09030,1.09580,1.08580,1.09120,14547,80,0,CADCHF,Pepperstone MT5
2008.02.07,1.09110,1.09830,1.08250,1.09400,16078,80,0,CADCHF,Pepperstone MT5
2008.02.08,1.09410,1.11070,1.09170,1.10380,13768,80,0,CADCHF,Pepperstone MT5
2008.02.11,1.10310,1.10400,1.09420,1.10020,12142,80,0,CADCHF,Pepperstone MT5
2008.02.12,1.10010,1.10780,1.09620,1.09980,10936,80,0,CADCHF,Pepperstone MT5
2008.02.13,1.09970,1.11180,1.09910,1.11120,14867,80,0,CADCHF,Pepperstone MT5
2008.02.14,1.11090,1.11380,1.09620,1.09700,13632,80,0,CADCHF,Pepperstone MT5
2008.02.15,1.09710,1.10340,1.08080,1.08560,13835,80,0,CADCHF,Pepperstone MT5
2008.02.18,1.08420,1.09700,1.08330,1.09340,9283,80,0,CADCHF,Pepperstone MT5
2008.02.19,1.09330,1.09430,1.07470,1.07540,15070,80,0,CADCHF,Pepperstone MT5
2008.02.20,1.07530,1.08600,1.07490,1.08520,15039,80,0,CADCHF,Pepperstone MT5
2008.02.21,1.08510,1.09000,1.07400,1.07720,14604,80,0,CADCHF,Pepperstone MT5
2008.02.22,1.07730,1.07880,1.06630,1.07100,13428,80,0,CADCHF,Pepperstone MT5
2008.02.25,1.07190,1.09470,1.07120,1.09300,3413,80,0,CADCHF,Pepperstone MT5
2008.02.26,1.09320,1.10140,1.08980,1.09540,15875,80,0,CADCHF,Pepperstone MT5
2008.02.27,1.09560,1.09660,1.08120,1.08440,18129,80,0,CADCHF,Pepperstone MT5
2008.02.28,1.08420,1.08750,1.07440,1.07870,16483,80,0,CADCHF,Pepperstone MT5
2008.02.29,1.07850,1.07880,1.05190,1.05370,19167,80,0,CADCHF,Pepperstone MT5
2008.03.03,1.04800,1.05770,1.04580,1.05240,9191,80,0,CADCHF,Pepperstone MT5
2008.03.04,1.05250,1.05490,1.03690,1.04400,15436,80,0,CADCHF,Pepperstone MT5
2008.03.05,1.04410,1.05300,1.04280,1.05280,14167,80,0,CADCHF,Pepperstone MT5
2008.03.06,1.05290,1.05300,1.03410,1.03720,14933,80,0,CADCHF,Pepperstone MT5
2008.03.07,1.03730,1.04620,1.03180,1.03430,11836,80,0,CADCHF,Pepperstone MT5
2008.03.10,1.02990,1.03690,1.01940,1.02230,10348,80,0,CADCHF,Pepperstone MT5
2008.03.11,1.02260,1.04260,1.02090,1.04130,15198,80,0,CADCHF,Pepperstone MT5
2008.03.12,1.04150,1.04500,1.02280,1.02380,13923,80,0,CADCHF,Pepperstone MT5
2008.03.13,1.02370,1.03360,1.01660,1.02560,19246,80,0,CADCHF,Pepperstone MT5
2008.03.14,1.02570,1.02860,1.00820,1.00910,13465,80,0,CADCHF,Pepperstone MT5
2008.03.17,1.00590,1.00780,0.97060,0.98610,27900,80,0,CADCHF,Pepperstone MT5
2008.03.18,0.98600,1.01150,0.98330,1.01130,22091,80,0,CADCHF,Pepperstone MT5
2008.03.19,1.01140,1.01390,0.98160,0.98500,14116,80,0,CADCHF,Pepperstone MT5
2008.03.20,0.98510,0.99220,0.98030,0.98330,8167,80,0,CADCHF,Pepperstone MT5
2008.03.21,0.98360,0.98740,0.98210,0.98570,3119,80,0,CADCHF,Pepperstone MT5
2008.03.24,0.98680,1.00630,0.98540,1.00160,9302,80,0,CADCHF,Pepperstone MT5
2008.03.25,1.00170,1.00330,0.98630,0.98870,16307,80,0,CADCHF,Pepperstone MT5
2008.03.26,0.98850,0.99260,0.97020,0.97110,17895,80,0,CADCHF,Pepperstone MT5
2008.03.27,0.97120,0.98180,0.96980,0.97540,19728,80,0,CADCHF,Pepperstone MT5
2008.03.28,0.97550,0.98270,0.97230,0.97270,17958,80,0,CADCHF,Pepperstone MT5
2008.03.31,0.97100,0.97630,0.96060,0.96790,14588,80,0,CADCHF,Pepperstone MT5
2008.04.01,0.96820,0.99200,0.96670,0.99070,19843,80,0,CADCHF,Pepperstone MT5
2008.04.02,0.99090,0.99790,0.98760,0.99220,18029,80,0,CADCHF,Pepperstone MT5
2008.04.03,0.99230,1.00820,0.99180,1.00520,18657,80,0,CADCHF,Pepperstone MT5
2008.04.04,1.00510,1.00820,0.99390,0.99700,17590,80,0,CADCHF,Pepperstone MT5
2008.04.07,0.99690,1.01130,0.99620,0.99850,13041,80,0,CADCHF,Pepperstone MT5
2008.04.08,0.99860,1.00140,0.99000,1.00020,16146,80,0,CADCHF,Pepperstone MT5
2008.04.09,1.00040,1.00220,0.98040,0.98340,15480,80,0,CADCHF,Pepperstone MT5
2008.04.10,0.98330,0.99130,0.97060,0.98850,19265,80,0,CADCHF,Pepperstone MT5
2008.04.11,0.98860,0.99120,0.97490,0.97770,17809,80,0,CADCHF,Pepperstone MT5
2008.04.14,0.98080,0.98270,0.97020,0.97990,16585,80,0,CADCHF,Pepperstone MT5
2008.04.15,0.97970,0.98970,0.97360,0.98810,14779,80,0,CADCHF,Pepperstone MT5
2008.04.16,0.98790,0.99960,0.98510,0.99900,19108,80,0,CADCHF,Pepperstone MT5
2008.04.17,0.99910,1.00740,0.98950,0.99530,19026,80,0,CADCHF,Pepperstone MT5
2008.04.18,0.99540,1.02100,0.99410,1.01350,18450,80,0,CADCHF,Pepperstone MT5
2008.04.21,1.01230,1.01500,0.99890,1.00280,15905,80,0,CADCHF,Pepperstone MT5
2008.04.22,1.00290,1.00470,0.99280,0.99470,18511,80,0,CADCHF,Pepperstone MT5
2008.04.23,0.99520,1.00090,0.98820,0.99790,16699,80,0,CADCHF,Pepperstone MT5
2008.04.24,0.99770,1.02250,0.99650,1.02070,19429,80,0,CADCHF,Pepperstone MT5
2008.04.25,1.02100,1.02310,1.01490,1.01980,19067,80,0,CADCHF,Pepperstone MT5
2008.04.28,1.02110,1.02800,1.01430,1.02060,16832,80,0,CADCHF,Pepperstone MT5
2008.04.29,1.02020,1.02590,1.01670,1.02440,16954,80,0,CADCHF,Pepperstone MT5
2008.04.30,1.02420,1.03560,1.01890,1.02590,22490,80,0,CADCHF,Pepperstone MT5
2008.05.01,1.02610,1.03550,1.02400,1.02840,13351,80,0,CADCHF,Pepperstone MT5
2008.05.02,1.02690,1.03980,1.02530,1.03670,19075,80,0,CADCHF,Pepperstone MT5
2008.05.05,1.03560,1.04170,1.03290,1.04020,11257,80,0,CADCHF,Pepperstone MT5
2008.05.06,1.04000,1.05010,1.03130,1.04910,18788,80,0,CADCHF,Pepperstone MT5
2008.05.07,1.04920,1.05640,1.04420,1.04510,19029,80,0,CADCHF,Pepperstone MT5
2008.05.08,1.04430,1.05000,1.03240,1.03300,21496,80,0,CADCHF,Pepperstone MT5
2008.05.09,1.03290,1.04000,1.02890,1.03550,19664,80,0,CADCHF,Pepperstone MT5
2008.05.12,1.03600,1.04550,1.03350,1.03850,15229,80,0,CADCHF,Pepperstone MT5
2008.05.13,1.03890,1.05010,1.03430,1.04860,19965,80,0,CADCHF,Pepperstone MT5
2008.05.14,1.04840,1.05920,1.04670,1.05030,18925,80,0,CADCHF,Pepperstone MT5
2008.05.15,1.05010,1.05730,1.04650,1.05690,19850,80,0,CADCHF,Pepperstone MT5
2008.05.16,1.05700,1.06060,1.04420,1.04800,19240,80,0,CADCHF,Pepperstone MT5
2008.05.19,1.04600,1.06530,1.04580,1.06210,13102,80,0,CADCHF,Pepperstone MT5
2008.05.20,1.06230,1.06230,1.04110,1.04520,19745,80,0,CADCHF,Pepperstone MT5
2008.05.21,1.04530,1.04950,1.04060,1.04160,18607,80,0,CADCHF,Pepperstone MT5
2008.05.22,1.04150,1.05040,1.03900,1.04610,15627,80,0,CADCHF,Pepperstone MT5
2008.05.23,1.04630,1.04780,1.03320,1.03430,14894,80,0,CADCHF,Pepperstone MT5
2008.05.26,1.03650,1.03890,1.03130,1.03330,8252,80,0,CADCHF,Pepperstone MT5
2008.05.27,1.03290,1.04120,1.03150,1.03980,16459,80,0,CADCHF,Pepperstone MT5
2008.05.28,1.04000,1.04940,1.03200,1.04800,18078,80,0,CADCHF,Pepperstone MT5
2008.05.29,1.04820,1.06500,1.04700,1.06210,19768,80,0,CADCHF,Pepperstone MT5
2008.05.30,1.06250,1.06330,1.04610,1.04860,18467,80,0,CADCHF,Pepperstone MT5
2008.06.02,1.04660,1.04920,1.03040,1.03570,18075,80,0,CADCHF,Pepperstone MT5
2008.06.03,1.03580,1.04110,1.02870,1.03260,21029,80,0,CADCHF,Pepperstone MT5
2008.06.04,1.03270,1.03370,1.02260,1.02500,20625,80,0,CADCHF,Pepperstone MT5
2008.06.05,1.02510,1.03250,1.01530,1.01930,20127,80,0,CADCHF,Pepperstone MT5
2008.06.06,1.01940,1.02280,0.99860,0.99880,19561,80,0,CADCHF,Pepperstone MT5
2008.06.09,0.99850,1.00660,0.99490,1.00360,20771,80,0,CADCHF,Pepperstone MT5
2008.06.10,1.00380,1.02040,1.00140,1.01910,22357,80,0,CADCHF,Pepperstone MT5
2008.06.11,1.01900,1.02290,1.01030,1.01120,19799,80,0,CADCHF,Pepperstone MT5
2008.06.12,1.01110,1.02360,1.00940,1.01680,20491,80,0,CADCHF,Pepperstone MT5
2008.06.13,1.01660,1.02770,1.01450,1.01680,18472,80,0,CADCHF,Pepperstone MT5
2008.06.16,1.01510,1.02370,1.01250,1.02020,16618,80,0,CADCHF,Pepperstone MT5
2008.06.17,1.02000,1.02610,1.01480,1.02230,18553,80,0,CADCHF,Pepperstone MT5
2008.06.18,1.02240,1.02630,1.01680,1.01830,15696,80,0,CADCHF,Pepperstone MT5
2008.06.19,1.01860,1.03340,1.01410,1.02900,18477,80,0,CADCHF,Pepperstone MT5
2008.06.20,1.02820,1.02930,1.01230,1.01880,16622,80,0,CADCHF,Pepperstone MT5
2008.06.23,1.01720,1.03170,1.01720,1.02870,14600,80,0,CADCHF,Pepperstone MT5
2008.06.24,1.02880,1.03010,1.02040,1.02970,15029,80,0,CADCHF,Pepperstone MT5
2008.06.25,1.02990,1.03130,1.02310,1.02470,16222,80,0,CADCHF,Pepperstone MT5
2008.06.26,1.02480,1.02770,1.00860,1.00930,17991,80,0,CADCHF,Pepperstone MT5
2008.06.27,1.00920,1.01570,1.00430,1.00710,18320,80,0,CADCHF,Pepperstone MT5
2008.06.30,1.00800,1.01060,0.99830,0.99930,18581,80,0,CADCHF,Pepperstone MT5
2008.07.01,0.99920,1.00410,0.99190,0.99730,18022,80,0,CADCHF,Pepperstone MT5
2008.07.02,0.99720,1.00530,0.99530,1.00140,18236,80,0,CADCHF,Pepperstone MT5
2008.07.03,1.00130,1.00850,0.99520,1.00780,16701,80,0,CADCHF,Pepperstone MT5
2008.07.04,1.00760,1.01180,1.00310,1.00520,9664,80,0,CADCHF,Pepperstone MT5
2008.07.07,1.00610,1.01570,1.00520,1.00950,15901,80,0,CADCHF,Pepperstone MT5
2008.07.08,1.00940,1.01560,1.00260,1.01390,16996,80,0,CADCHF,Pepperstone MT5
2008.07.09,1.01380,1.02110,1.00900,1.01590,16448,80,0,CADCHF,Pepperstone MT5
2008.07.10,1.01600,1.02190,1.01510,1.01880,15480,80,0,CADCHF,Pepperstone MT5
2008.07.11,1.01870,1.01980,1.00390,1.00650,18729,80,0,CADCHF,Pepperstone MT5
2008.07.14,1.00700,1.01710,1.00700,1.00930,17761,80,0,CADCHF,Pepperstone MT5
2008.07.15,1.00940,1.01080,1.00090,1.00740,21391,80,0,CADCHF,Pepperstone MT5
2008.07.16,1.00710,1.01620,1.00200,1.01510,18235,80,0,CADCHF,Pepperstone MT5
2008.07.17,1.01500,1.02020,1.01170,1.01310,19445,80,0,CADCHF,Pepperstone MT5
2008.07.18,1.01320,1.02010,1.01220,1.01660,15244,80,0,CADCHF,Pepperstone MT5
2008.07.21,1.01580,1.02000,1.01310,1.01750,13974,80,0,CADCHF,Pepperstone MT5
2008.07.22,1.01760,1.02310,1.01100,1.02140,17175,80,0,CADCHF,Pepperstone MT5
2008.07.23,1.02150,1.03010,1.02020,1.02660,19479,80,0,CADCHF,Pepperstone MT5
2008.07.24,1.02690,1.02980,1.02080,1.02160,17767,80,0,CADCHF,Pepperstone MT5
2008.07.25,1.02140,1.02490,1.01510,1.01580,17860,80,0,CADCHF,Pepperstone MT5
2008.07.28,1.01730,1.01890,1.00770,1.01130,13997,80,0,CADCHF,Pepperstone MT5
2008.07.29,1.01140,1.02260,1.00940,1.02220,14966,80,0,CADCHF,Pepperstone MT5
2008.07.30,1.02210,1.02570,1.01940,1.02400,15387,80,0,CADCHF,Pepperstone MT5
2008.07.31,1.02410,1.02560,1.01440,1.02150,15231,80,0,CADCHF,Pepperstone MT5
2008.08.01,1.02140,1.02530,1.01860,1.02160,16138,80,0,CADCHF,Pepperstone MT5
2008.08.04,1.02100,1.02140,1.00990,1.01080,13603,80,0,CADCHF,Pepperstone MT5
2008.08.05,1.01070,1.01330,1.00690,1.01030,17475,80,0,CADCHF,Pepperstone MT5
2008.08.06,1.01000,1.01290,1.00670,1.01000,14106,80,0,CADCHF,Pepperstone MT5
2008.08.07,1.00990,1.01160,1.00520,1.00860,15345,80,0,CADCHF,Pepperstone MT5
2008.08.08,1.00870,1.01770,1.00680,1.01430,20760,80,0,CADCHF,Pepperstone MT5
2008.08.11,1.01420,1.01750,1.00870,1.01540,18890,80,0,CADCHF,Pepperstone MT5
2008.08.12,1.01550,1.02470,1.01380,1.02120,19105,80,0,CADCHF,Pepperstone MT5
2008.08.13,1.02130,1.02200,1.01590,1.02100,20500,80,0,CADCHF,Pepperstone MT5
2008.08.14,1.02090,1.03110,1.01960,1.02700,18700,80,0,CADCHF,Pepperstone MT5
2008.08.15,1.02720,1.03680,1.02600,1.03440,18364,80,0,CADCHF,Pepperstone MT5
2008.08.18,1.03450,1.03960,1.02950,1.03050,14947,80,0,CADCHF,Pepperstone MT5
2008.08.19,1.03060,1.03430,1.02670,1.02860,12954,80,0,CADCHF,Pepperstone MT5
2008.08.20,1.02880,1.03720,1.02650,1.03650,12160,80,0,CADCHF,Pepperstone MT5
2008.08.21,1.03640,1.04160,1.03180,1.04060,13882,80,0,CADCHF,Pepperstone MT5
2008.08.22,1.04050,1.05120,1.03960,1.04880,7494,80,0,CADCHF,Pepperstone MT5
2008.08.25,1.04770,1.05090,1.04080,1.04200,13222,80,0,CADCHF,Pepperstone MT5
2008.08.26,1.04180,1.05670,1.04120,1.04820,16488,80,0,CADCHF,Pepperstone MT5
2008.08.27,1.04840,1.05160,1.04510,1.04900,16277,80,0,CADCHF,Pepperstone MT5
2008.08.28,1.04890,1.04890,1.04080,1.04490,17792,80,0,CADCHF,Pepperstone MT5
2008.08.29,1.04520,1.04760,1.03340,1.03480,17248,80,0,CADCHF,Pepperstone MT5
2008.09.01,1.03430,1.03760,1.02760,1.03220,13736,80,0,CADCHF,Pepperstone MT5
2008.09.02,1.03200,1.04010,1.03010,1.03640,19819,80,0,CADCHF,Pepperstone MT5
2008.09.03,1.03650,1.04780,1.03310,1.04050,19786,80,0,CADCHF,Pepperstone MT5
2008.09.04,1.04060,1.04670,1.03540,1.03640,22718,80,0,CADCHF,Pepperstone MT5
2008.09.05,1.03650,1.05300,1.03500,1.05300,28217,80,0,CADCHF,Pepperstone MT5
2008.09.08,1.05750,1.06410,1.05270,1.06240,24623,80,0,CADCHF,Pepperstone MT5
2008.09.09,1.06220,1.06440,1.05030,1.05160,22017,80,0,CADCHF,Pepperstone MT5
2008.09.10,1.05150,1.06210,1.05010,1.06050,22122,80,0,CADCHF,Pepperstone MT5
2008.09.11,1.06060,1.06310,1.05390,1.05790,24422,80,0,CADCHF,Pepperstone MT5
2008.09.12,1.05800,1.06960,1.05610,1.06600,22394,80,0,CADCHF,Pepperstone MT5
2008.09.15,1.05160,1.05520,1.03690,1.04180,34592,80,0,CADCHF,Pepperstone MT5
2008.09.16,1.04190,1.05330,1.03180,1.05040,36619,80,0,CADCHF,Pepperstone MT5
2008.09.17,1.05050,1.05450,1.02540,1.02740,35180,80,0,CADCHF,Pepperstone MT5
2008.09.18,1.02730,1.04430,1.02040,1.04070,36767,80,0,CADCHF,Pepperstone MT5
2008.09.19,1.04130,1.06250,1.04090,1.05630,33081,80,0,CADCHF,Pepperstone MT5
2009.01.26,0.93620,0.95270,0.92760,0.92970,55639,70,0,CADCHF,Pepperstone MT5
2009.01.27,0.92970,0.93420,0.92340,0.92810,55624,70,0,CADCHF,Pepperstone MT5
2009.01.28,0.92810,0.95140,0.92500,0.95030,58620,70,0,CADCHF,Pepperstone MT5
2009.01.29,0.95040,0.95240,0.93500,0.93970,54107,70,0,CADCHF,Pepperstone MT5
2009.01.30,0.93970,0.94780,0.93360,0.94450,56462,70,0,CADCHF,Pepperstone MT5
2009.02.02,0.94750,0.94810,0.92940,0.93230,47276,70,0,CADCHF,Pepperstone MT5
2009.02.03,0.93230,0.93640,0.92170,0.92890,53210,70,0,CADCHF,Pepperstone MT5
2009.02.04,0.92880,0.94540,0.92320,0.93950,55338,70,0,CADCHF,Pepperstone MT5
2009.02.05,0.93950,0.95400,0.93700,0.94910,50926,70,0,CADCHF,Pepperstone MT5
2009.02.06,0.94920,0.95280,0.93350,0.95210,50478,70,0,CADCHF,Pepperstone MT5
2009.02.09,0.95110,0.95740,0.94050,0.95580,37507,70,0,CADCHF,Pepperstone MT5
2009.02.10,0.95560,0.96240,0.92740,0.92940,36595,70,0,CADCHF,Pepperstone MT5
2009.02.11,0.92970,0.93540,0.92200,0.93490,30475,70,0,CADCHF,Pepperstone MT5
2009.02.12,0.93480,0.93930,0.92730,0.93470,30967,70,0,CADCHF,Pepperstone MT5
2009.02.13,0.93480,0.94520,0.92900,0.93910,27885,70,0,CADCHF,Pepperstone MT5
2009.02.16,0.93800,0.94180,0.93050,0.93270,17348,70,0,CADCHF,Pepperstone MT5
2009.02.17,0.93260,0.93990,0.92250,0.92360,28979,70,0,CADCHF,Pepperstone MT5
2009.02.18,0.92370,0.93940,0.92270,0.93400,24959,70,0,CADCHF,Pepperstone MT5
2009.02.19,0.93410,0.94450,0.93040,0.93260,23467,70,0,CADCHF,Pepperstone MT5
2009.02.20,0.93240,0.94360,0.91420,0.92300,29174,70,0,CADCHF,Pepperstone MT5
2009.02.23,0.92520,0.93630,0.92020,0.93430,14302,70,0,CADCHF,Pepperstone MT5
2009.02.24,0.93440,0.94070,0.92260,0.93360,26370,70,0,CADCHF,Pepperstone MT5
2009.02.25,0.93330,0.93720,0.92430,0.93000,15951,70,0,CADCHF,Pepperstone MT5
2009.02.26,0.93150,0.94030,0.92700,0.92870,15144,70,0,CADCHF,Pepperstone MT5
2009.02.27,0.92860,0.93580,0.91560,0.91580,18558,70,0,CADCHF,Pepperstone MT5
2009.03.02,0.91680,0.92050,0.90790,0.90840,16421,70,0,CADCHF,Pepperstone MT5
2009.03.03,0.90820,0.91520,0.90370,0.90890,16684,70,0,CADCHF,Pepperstone MT5
2009.03.04,0.90900,0.92180,0.90720,0.91670,21034,70,0,CADCHF,Pepperstone MT5
2009.03.05,0.91680,0.91970,0.90570,0.90740,22030,70,0,CADCHF,Pepperstone MT5
2009.03.06,0.90680,0.91000,0.89360,0.89930,24289,70,0,CADCHF,Pepperstone MT5
2009.03.09,0.90100,0.90320,0.88950,0.89150,21377,70,0,CADCHF,Pepperstone MT5
2009.03.10,0.89140,0.90710,0.88760,0.90520,24887,70,0,CADCHF,Pepperstone MT5
2009.03.11,0.90500,0.90870,0.89500,0.89720,23149,70,0,CADCHF,Pepperstone MT5
2009.03.12,0.89710,0.92960,0.89290,0.92870,26574,70,0,CADCHF,Pepperstone MT5
2009.03.13,0.92880,0.94120,0.92500,0.93150,24989,70,0,CADCHF,Pepperstone MT5
2009.03.16,0.93120,0.93810,0.92820,0.93160,21926,70,0,CADCHF,Pepperstone MT5
2009.03.17,0.93150,0.93630,0.92710,0.93080,20324,70,0,CADCHF,Pepperstone MT5
2009.03.18,0.93070,0.93140,0.90690,0.91370,25584,70,0,CADCHF,Pepperstone MT5
2009.03.19,0.91410,0.92390,0.90500,0.90640,29929,70,0,CADCHF,Pepperstone MT5
2009.03.20,0.90650,0.91202,0.90270,0.90800,27373,70,0,CADCHF,Pepperstone MT5
2009.03.23,0.90814,0.92137,0.90678,0.91910,38332,70,0,CADCHF,Pepperstone MT5
2009.03.24,0.91903,0.92244,0.91630,0.91898,50721,70,0,CADCHF,Pepperstone MT5
2009.03.25,0.91901,0.92051,0.90610,0.91027,47019,70,0,CADCHF,Pepperstone MT5
2009.03.26,0.91035,0.91815,0.90890,0.91705,37954,70,0,CADCHF,Pepperstone MT5
2009.03.27,0.91704,0.92614,0.91395,0.92056,38247,70,0,CADCHF,Pepperstone MT5
2009.03.30,0.92557,0.92559,0.90861,0.90928,43411,70,0,CADCHF,Pepperstone MT5
2009.03.31,0.90930,0.91440,0.90141,0.90366,53307,70,0,CADCHF,Pepperstone MT5
2009.04.01,0.90369,0.91149,0.89706,0.90849,34798,70,0,CADCHF,Pepperstone MT5
2009.04.02,0.90874,0.91752,0.90712,0.91564,43092,70,0,CADCHF,Pepperstone MT5
2009.04.03,0.91565,0.92114,0.91154,0.91921,37805,70,0,CADCHF,Pepperstone MT5
2009.04.06,0.91839,0.92270,0.91248,0.91727,35049,70,0,CADCHF,Pepperstone MT5
2009.04.07,0.91728,0.92811,0.91119,0.92304,45452,70,0,CADCHF,Pepperstone MT5
2009.04.08,0.92308,0.93078,0.92131,0.92720,36340,70,0,CADCHF,Pepperstone MT5
2009.04.09,0.92715,0.94519,0.92628,0.94432,36043,70,0,CADCHF,Pepperstone MT5
2009.04.10,0.94433,0.94822,0.94022,0.94150,19329,70,0,CADCHF,Pepperstone MT5
2009.04.13,0.94215,0.94470,0.92607,0.92847,30228,70,0,CADCHF,Pepperstone MT5
2009.04.14,0.92848,0.94416,0.92659,0.93651,42218,70,0,CADCHF,Pepperstone MT5
2009.04.15,0.93647,0.95230,0.93449,0.94926,36666,70,0,CADCHF,Pepperstone MT5
2009.04.16,0.94928,0.95553,0.94470,0.94933,40603,70,0,CADCHF,Pepperstone MT5
2009.04.17,0.94931,0.96467,0.94643,0.95989,46325,70,0,CADCHF,Pepperstone MT5
2009.04.20,0.96075,0.96296,0.94239,0.94282,41631,70,0,CADCHF,Pepperstone MT5
2009.04.21,0.94286,0.94687,0.93304,0.94453,49718,70,0,CADCHF,Pepperstone MT5
2009.04.22,0.94443,0.94539,0.93539,0.93816,61232,70,0,CADCHF,Pepperstone MT5
2009.04.23,0.93809,0.94742,0.93429,0.94035,66544,70,0,CADCHF,Pepperstone MT5
2009.04.24,0.94038,0.94264,0.93225,0.94177,64096,70,0,CADCHF,Pepperstone MT5
2009.04.27,0.93977,0.95022,0.93696,0.94634,67176,70,0,CADCHF,Pepperstone MT5
2009.04.28,0.94633,0.95011,0.93578,0.93656,67406,70,0,CADCHF,Pepperstone MT5
2009.04.29,0.93662,0.94703,0.93600,0.94459,57930,70,0,CADCHF,Pepperstone MT5
2009.04.30,0.94455,0.96056,0.94309,0.95605,33492,70,0,CADCHF,Pepperstone MT5
2009.05.01,0.95570,0.96070,0.95157,0.95783,46622,70,0,CADCHF,Pepperstone MT5
2009.05.04,0.95584,0.96474,0.95527,0.96054,53217,70,0,CADCHF,Pepperstone MT5
2009.05.05,0.96053,0.96600,0.95866,0.96311,62667,70,0,CADCHF,Pepperstone MT5
2009.05.06,0.96312,0.97060,0.95853,0.97002,100577,70,0,CADCHF,Pepperstone MT5
2009.05.07,0.97003,0.97762,0.96133,0.96588,108424,70,0,CADCHF,Pepperstone MT5
2009.05.08,0.96587,0.97579,0.96025,0.96154,100491,70,0,CADCHF,Pepperstone MT5
2009.05.11,0.96019,0.96435,0.95002,0.95059,73312,70,0,CADCHF,Pepperstone MT5
2009.05.12,0.95063,0.95470,0.94587,0.95068,87310,70,0,CADCHF,Pepperstone MT5
2009.05.13,0.95071,0.95532,0.94004,0.94219,96716,70,0,CADCHF,Pepperstone MT5
2009.05.14,0.94222,0.94655,0.94010,0.94411,79595,70,0,CADCHF,Pepperstone MT5
2009.05.15,0.94413,0.95312,0.94213,0.95188,68079,70,0,CADCHF,Pepperstone MT5
2009.05.18,0.95201,0.96178,0.95184,0.95738,59774,70,0,CADCHF,Pepperstone MT5
2009.05.19,0.95737,0.96408,0.95606,0.95919,71083,70,0,CADCHF,Pepperstone MT5
2009.05.20,0.95914,0.96677,0.95650,0.96315,76441,70,0,CADCHF,Pepperstone MT5
2009.05.21,0.96321,0.96771,0.95806,0.96142,84952,70,0,CADCHF,Pepperstone MT5
2009.05.22,0.96148,0.97007,0.95932,0.96948,80577,70,0,CADCHF,Pepperstone MT5
2009.05.25,0.96748,0.96771,0.96087,0.96289,42064,70,0,CADCHF,Pepperstone MT5
2009.05.26,0.96287,0.97117,0.96044,0.97041,78289,70,0,CADCHF,Pepperstone MT5
2009.05.27,0.97042,0.97896,0.96945,0.97327,87830,70,0,CADCHF,Pepperstone MT5
2009.05.28,0.97318,0.97579,0.96977,0.97324,91073,70,0,CADCHF,Pepperstone MT5
2009.05.29,0.97325,0.98003,0.96984,0.97784,87362,70,0,CADCHF,Pepperstone MT5
2009.06.01,0.97813,0.98782,0.97720,0.97844,85951,70,0,CADCHF,Pepperstone MT5
2009.06.02,0.97843,0.98365,0.97712,0.98158,89855,70,0,CADCHF,Pepperstone MT5
2009.06.03,0.98156,0.98432,0.96277,0.96337,99629,70,0,CADCHF,Pepperstone MT5
2009.06.04,0.96339,0.97604,0.95912,0.97419,94185,70,0,CADCHF,Pepperstone MT5
2009.06.05,0.97417,0.97713,0.96837,0.96973,84736,70,0,CADCHF,Pepperstone MT5
2009.06.08,0.97022,0.97825,0.96953,0.97788,83599,70,0,CADCHF,Pepperstone MT5
2009.06.09,0.97794,0.98687,0.97546,0.97620,88297,70,0,CADCHF,Pepperstone MT5
2009.06.10,0.97622,0.98115,0.97092,0.97432,92171,70,0,CADCHF,Pepperstone MT5
2009.06.11,0.97433,0.98077,0.96957,0.97054,89044,70,0,CADCHF,Pepperstone MT5
2009.06.12,0.97053,0.97156,0.95940,0.96408,81582,70,0,CADCHF,Pepperstone MT5
2009.06.15,0.96469,0.96805,0.96090,0.96262,84478,70,0,CADCHF,Pepperstone MT5
2009.06.16,0.96257,0.96586,0.95668,0.95818,92381,70,0,CADCHF,Pepperstone MT5
2009.06.17,0.95817,0.96190,0.94925,0.95395,91979,70,0,CADCHF,Pepperstone MT5
2009.06.18,0.95394,0.96208,0.94932,0.95902,71838,70,0,CADCHF,Pepperstone MT5
2009.06.19,0.95901,0.96350,0.95018,0.95210,48647,70,0,CADCHF,Pepperstone MT5
2009.06.22,0.95144,0.95468,0.93894,0.94016,77234,70,0,CADCHF,Pepperstone MT5
2009.06.23,0.94018,0.94241,0.92420,0.92748,85276,70,0,CADCHF,Pepperstone MT5
2009.06.24,0.92742,0.95812,0.92647,0.94807,92018,70,0,CADCHF,Pepperstone MT5
2009.06.25,0.94810,0.95206,0.94318,0.94680,65826,70,0,CADCHF,Pepperstone MT5
2009.06.26,0.94700,0.94955,0.93625,0.93971,72693,70,0,CADCHF,Pepperstone MT5
2009.06.29,0.93896,0.94410,0.93399,0.93565,63736,70,0,CADCHF,Pepperstone MT5
2009.06.30,0.93563,0.93820,0.93322,0.93430,72116,70,0,CADCHF,Pepperstone MT5
2009.07.01,0.93427,0.94092,0.93315,0.93492,63084,70,0,CADCHF,Pepperstone MT5
2009.07.02,0.93485,0.94220,0.93137,0.93206,71862,70,0,CADCHF,Pepperstone MT5
2009.07.03,0.93203,0.94029,0.93196,0.93569,41987,70,0,CADCHF,Pepperstone MT5
2009.07.06,0.93599,0.94012,0.93195,0.93495,65692,70,0,CADCHF,Pepperstone MT5
2009.07.07,0.93496,0.93937,0.93208,0.93305,60763,70,0,CADCHF,Pepperstone MT5
2009.07.08,0.93301,0.93916,0.93099,0.93348,74111,70,0,CADCHF,Pepperstone MT5
2009.07.09,0.93349,0.93741,0.92610,0.92756,69811,70,0,CADCHF,Pepperstone MT5
2009.07.10,0.92755,0.93866,0.92724,0.93310,65747,70,0,CADCHF,Pepperstone MT5
2009.07.13,0.93316,0.94094,0.92973,0.94094,68139,70,0,CADCHF,Pepperstone MT5
2009.07.14,0.94086,0.96223,0.93881,0.96065,57141,70,0,CADCHF,Pepperstone MT5
2009.07.15,0.96077,0.96553,0.95289,0.96526,65308,70,0,CADCHF,Pepperstone MT5
2009.07.16,0.96529,0.96598,0.95741,0.96009,72679,70,0,CADCHF,Pepperstone MT5
2009.07.17,0.96011,0.96824,0.95943,0.96672,67268,70,0,CADCHF,Pepperstone MT5
2009.07.20,0.96509,0.97060,0.96289,0.96503,71101,70,0,CADCHF,Pepperstone MT5
2009.07.21,0.96504,0.97120,0.96060,0.96532,71268,70,0,CADCHF,Pepperstone MT5
2009.07.22,0.96534,0.97199,0.96341,0.96871,70276,70,0,CADCHF,Pepperstone MT5
2009.07.23,0.96869,0.98899,0.96778,0.98717,74891,70,0,CADCHF,Pepperstone MT5
2009.07.24,0.98720,0.99203,0.98154,0.98608,65672,70,0,CADCHF,Pepperstone MT5
2009.07.27,0.98462,0.99153,0.98462,0.99002,67650,70,0,CADCHF,Pepperstone MT5
2009.07.28,0.99000,0.99445,0.98757,0.99403,75777,70,0,CADCHF,Pepperstone MT5
2009.07.29,0.99401,1.00042,0.98838,0.99749,86896,70,0,CADCHF,Pepperstone MT5
2009.07.30,0.99751,1.00922,0.99541,1.00339,80069,70,0,CADCHF,Pepperstone MT5
2009.07.31,1.00338,1.00725,0.98773,0.99108,77192,70,0,CADCHF,Pepperstone MT5
2009.08.03,0.99077,0.99936,0.98990,0.99366,74002,70,0,CADCHF,Pepperstone MT5
2009.08.04,0.99365,0.99729,0.98524,0.98781,77393,70,0,CADCHF,Pepperstone MT5
2009.08.05,0.98782,0.99323,0.98495,0.99155,73304,70,0,CADCHF,Pepperstone MT5
2009.08.06,0.99154,0.99472,0.98662,0.98834,71342,70,0,CADCHF,Pepperstone MT5
2009.08.07,0.98833,1.00134,0.97976,0.99941,65545,70,0,CADCHF,Pepperstone MT5
2009.08.10,0.99870,1.00216,0.99500,0.99649,64615,70,0,CADCHF,Pepperstone MT5
2009.08.11,0.99651,0.99779,0.97906,0.98159,69469,70,0,CADCHF,Pepperstone MT5
2009.08.12,0.98152,0.99136,0.97567,0.98938,81307,70,0,CADCHF,Pepperstone MT5
2009.08.13,0.98856,0.99441,0.98189,0.98366,74814,70,0,CADCHF,Pepperstone MT5
2009.08.14,0.98369,0.98887,0.97435,0.97580,75753,70,0,CADCHF,Pepperstone MT5
2009.08.17,0.97565,0.97731,0.97090,0.97203,76526,70,0,CADCHF,Pepperstone MT5
2009.08.18,0.97185,0.97715,0.97177,0.97655,75255,70,0,CADCHF,Pepperstone MT5
2009.08.19,0.97654,0.97661,0.96506,0.97294,81302,70,0,CADCHF,Pepperstone MT5
2009.08.20,0.97291,0.97991,0.97001,0.97749,67061,70,0,CADCHF,Pepperstone MT5
2009.08.21,0.97750,0.98345,0.97289,0.97853,64602,70,0,CADCHF,Pepperstone MT5
2009.08.24,0.97877,0.98942,0.97771,0.98582,55865,70,0,CADCHF,Pepperstone MT5
2009.08.25,0.98584,0.98655,0.97521,0.97640,61533,70,0,CADCHF,Pepperstone MT5
2009.08.26,0.97639,0.97949,0.97049,0.97269,60825,70,0,CADCHF,Pepperstone MT5
2009.08.27,0.97273,0.97992,0.96976,0.97368,62280,70,0,CADCHF,Pepperstone MT5
2009.08.28,0.97373,0.97810,0.96932,0.97024,59555,70,0,CADCHF,Pepperstone MT5
2009.08.31,0.97046,0.97214,0.95701,0.96778,57403,70,0,CADCHF,Pepperstone MT5
2009.09.01,0.96780,0.97110,0.96400,0.96450,65496,70,0,CADCHF,Pepperstone MT5
2009.09.02,0.96440,0.96790,0.95760,0.95940,62436,70,0,CADCHF,Pepperstone MT5
2009.09.03,0.95950,0.96390,0.95790,0.96380,56715,70,0,CADCHF,Pepperstone MT5
2009.09.04,0.96390,0.97880,0.96220,0.97390,56021,70,0,CADCHF,Pepperstone MT5
2009.09.07,0.97600,0.98560,0.97400,0.98270,41844,70,0,CADCHF,Pepperstone MT5
2009.09.08,0.98260,0.98430,0.96640,0.97060,62522,70,0,CADCHF,Pepperstone MT5
2009.09.09,0.97070,0.97140,0.96140,0.96500,39960,70,0,CADCHF,Pepperstone MT5
2009.09.10,0.96510,0.96580,0.95600,0.96370,11172,70,0,CADCHF,Pepperstone MT5
2009.09.11,0.96380,0.96620,0.96100,0.96400,10785,80,0,CADCHF,Pepperstone MT5
2009.09.14,0.96160,0.96220,0.95080,0.95500,11634,80,0,CADCHF,Pepperstone MT5
2009.09.15,0.95490,0.96490,0.95330,0.96460,11129,80,0,CADCHF,Pepperstone MT5
2009.09.16,0.96470,0.97020,0.96290,0.96780,10941,80,0,CADCHF,Pepperstone MT5
2009.09.17,0.96770,0.97210,0.96410,0.96550,11721,80,0,CADCHF,Pepperstone MT5
2009.09.18,0.96560,0.96600,0.95830,0.96260,10179,80,0,CADCHF,Pepperstone MT5
2009.09.21,0.96270,0.96440,0.95370,0.95630,10039,80,0,CADCHF,Pepperstone MT5
2009.09.22,0.95640,0.96060,0.95410,0.95690,11843,80,0,CADCHF,Pepperstone MT5
2009.09.23,0.95700,0.95870,0.95270,0.95530,11784,80,0,CADCHF,Pepperstone MT5
2009.09.24,0.95540,0.95650,0.94170,0.94520,12427,80,0,CADCHF,Pepperstone MT5
2009.09.25,0.94500,0.94590,0.94000,0.94140,13075,80,0,CADCHF,Pepperstone MT5
2009.09.28,0.94050,0.95150,0.93710,0.95150,11983,80,0,CADCHF,Pepperstone MT5
2009.09.29,0.95160,0.95690,0.94980,0.95500,12303,80,0,CADCHF,Pepperstone MT5
2009.09.30,0.95490,0.97110,0.95460,0.96850,13933,80,0,CADCHF,Pepperstone MT5
2009.10.01,0.96840,0.97460,0.95980,0.95990,12969,80,0,CADCHF,Pepperstone MT5
2009.10.02,0.95980,0.96160,0.95090,0.95830,11619,80,0,CADCHF,Pepperstone MT5
2009.10.05,0.95640,0.96470,0.95520,0.96440,8825,80,0,CADCHF,Pepperstone MT5
2009.10.06,0.96460,0.97140,0.95980,0.96910,29956,70,0,CADCHF,Pepperstone MT5
2009.10.07,0.96920,0.97550,0.96790,0.97280,11209,70,0,CADCHF,Pepperstone MT5
2009.10.08,0.97290,0.97690,0.96870,0.97490,11544,80,0,CADCHF,Pepperstone MT5
2009.10.09,0.97500,0.99090,0.97410,0.98920,12053,80,0,CADCHF,Pepperstone MT5
2009.10.12,0.98850,0.99600,0.98820,0.99210,8763,80,0,CADCHF,Pepperstone MT5
2009.10.13,0.99200,0.99410,0.98610,0.98960,11183,80,0,CADCHF,Pepperstone MT5
2009.10.14,0.98970,0.99240,0.98650,0.99130,10816,80,0,CADCHF,Pepperstone MT5
2009.10.15,0.99120,0.99250,0.97970,0.98100,11526,80,0,CADCHF,Pepperstone MT5
2009.10.16,0.98110,0.98760,0.97880,0.98160,11335,80,0,CADCHF,Pepperstone MT5
2009.10.19,0.97960,0.98480,0.97710,0.98310,9806,80,0,CADCHF,Pepperstone MT5
2009.10.20,0.98320,0.98400,0.96310,0.96360,11542,80,0,CADCHF,Pepperstone MT5
2009.10.21,0.96370,0.96750,0.95650,0.96420,10967,80,0,CADCHF,Pepperstone MT5
2009.10.22,0.96410,0.96490,0.95730,0.95860,10277,80,0,CADCHF,Pepperstone MT5
2009.10.23,0.95850,0.96050,0.95440,0.95680,10030,80,0,CADCHF,Pepperstone MT5
2009.10.26,0.95860,0.95890,0.95010,0.95230,10068,80,0,CADCHF,Pepperstone MT5
2009.10.27,0.95220,0.96220,0.94980,0.95900,11099,80,0,CADCHF,Pepperstone MT5
2009.10.28,0.95910,0.95990,0.94900,0.94990,11862,80,0,CADCHF,Pepperstone MT5
2009.10.29,0.94980,0.95520,0.94890,0.95410,10497,80,0,CADCHF,Pepperstone MT5
2009.10.30,0.95400,0.95713,0.94514,0.94571,67019,70,0,CADCHF,Pepperstone MT5
2009.10.31,0.94580,0.94580,0.94580,0.94580,1,80,0,CADCHF,Pepperstone MT5
2009.11.02,0.94386,0.95003,0.94332,0.94844,67004,40,0,CADCHF,Pepperstone MT5
2009.11.03,0.94843,0.96395,0.94670,0.96191,64990,42,0,CADCHF,Pepperstone MT5
2009.11.04,0.96192,0.96600,0.95423,0.95557,65187,40,0,CADCHF,Pepperstone MT5
2009.11.05,0.95558,0.95786,0.95240,0.95363,63664,40,0,CADCHF,Pepperstone MT5
2009.11.06,0.95371,0.95641,0.94398,0.94558,56656,40,0,CADCHF,Pepperstone MT5
2009.11.09,0.94554,0.95590,0.94554,0.95455,57248,47,0,CADCHF,Pepperstone MT5
2009.11.10,0.95453,0.96124,0.95125,0.95970,57098,40,0,CADCHF,Pepperstone MT5
2009.11.11,0.95960,0.96472,0.95851,0.96414,55463,46,0,CADCHF,Pepperstone MT5
2009.11.12,0.96415,0.96819,0.96031,0.96333,61774,40,0,CADCHF,Pepperstone MT5
2009.11.13,0.96334,0.96691,0.96156,0.96227,55153,40,0,CADCHF,Pepperstone MT5
2009.11.16,0.95994,0.96623,0.95916,0.96144,55089,40,0,CADCHF,Pepperstone MT5
2009.11.17,0.96143,0.96736,0.95639,0.96640,64465,40,0,CADCHF,Pepperstone MT5
2009.11.18,0.96639,0.96689,0.95531,0.95705,55345,40,0,CADCHF,Pepperstone MT5
2009.11.19,0.95703,0.96077,0.95119,0.95192,62156,40,0,CADCHF,Pepperstone MT5
2009.11.20,0.95191,0.95384,0.94920,0.95032,60766,42,0,CADCHF,Pepperstone MT5
2009.11.23,0.95102,0.95703,0.94938,0.95641,54767,40,0,CADCHF,Pepperstone MT5
2009.11.24,0.95640,0.95645,0.95160,0.95301,58384,40,0,CADCHF,Pepperstone MT5
2009.11.25,0.95299,0.95769,0.95128,0.95280,57326,45,0,CADCHF,Pepperstone MT5
2009.11.26,0.95278,0.95371,0.94437,0.94641,57924,47,0,CADCHF,Pepperstone MT5
2009.11.27,0.94640,0.94993,0.94087,0.94685,69553,50,0,CADCHF,Pepperstone MT5
2009.11.30,0.94692,0.95285,0.94636,0.95134,64761,40,0,CADCHF,Pepperstone MT5
2009.12.01,0.95133,0.95896,0.95035,0.95490,59101,40,0,CADCHF,Pepperstone MT5
2009.12.02,0.95489,0.95686,0.95229,0.95285,53447,40,0,CADCHF,Pepperstone MT5
2009.12.03,0.95284,0.95350,0.94462,0.94646,54047,40,0,CADCHF,Pepperstone MT5
2009.12.04,0.94652,0.96634,0.94549,0.96047,59501,40,0,CADCHF,Pepperstone MT5
2009.12.07,0.96117,0.97052,0.96026,0.96952,65078,45,0,CADCHF,Pepperstone MT5
2009.12.08,0.96942,0.97045,0.96331,0.96492,68607,40,0,CADCHF,Pepperstone MT5
2009.12.09,0.96488,0.97503,0.96266,0.97314,61993,40,0,CADCHF,Pepperstone MT5
2009.12.10,0.97313,0.97814,0.97071,0.97513,55824,70,0,CADCHF,Pepperstone MT5
2009.12.11,0.97516,0.98251,0.97324,0.97538,51677,47,0,CADCHF,Pepperstone MT5
2009.12.14,0.97555,0.97772,0.96891,0.97393,53942,41,0,CADCHF,Pepperstone MT5
2009.12.15,0.97392,0.98188,0.97314,0.97996,53485,40,0,CADCHF,Pepperstone MT5
2009.12.16,0.97998,0.98214,0.97694,0.97803,55719,40,0,CADCHF,Pepperstone MT5
2009.12.17,0.97805,0.98137,0.97569,0.97764,63088,44,0,CADCHF,Pepperstone MT5
2009.12.18,0.97766,0.98097,0.97183,0.97708,63734,47,0,CADCHF,Pepperstone MT5
2009.12.21,0.97410,0.98891,0.97350,0.98438,51325,45,0,CADCHF,Pepperstone MT5
2009.12.22,0.98443,0.99398,0.98297,0.99153,53011,40,0,CADCHF,Pepperstone MT5
2009.12.23,0.99147,0.99492,0.98705,0.99019,46949,40,0,CADCHF,Pepperstone MT5
2009.12.24,0.99020,0.99134,0.98588,0.98933,32348,49,0,CADCHF,Pepperstone MT5
2009.12.28,0.98790,0.99244,0.98500,0.99137,35188,80,0,CADCHF,Pepperstone MT5
2009.12.29,0.99139,0.99629,0.98790,0.99298,45833,54,0,CADCHF,Pepperstone MT5
2009.12.30,0.99299,0.99357,0.98079,0.98168,46548,52,0,CADCHF,Pepperstone MT5
2009.12.31,0.98172,0.98996,0.97823,0.98892,39747,50,0,CADCHF,Pepperstone MT5
2010.01.04,0.98801,0.99677,0.98495,0.98850,56420,47,0,CADCHF,Pepperstone MT5
2010.01.05,0.98852,0.99587,0.98741,0.99447,59660,43,0,CADCHF,Pepperstone MT5
2010.01.06,0.99448,0.99818,0.99305,0.99499,58718,40,0,CADCHF,Pepperstone MT5
2010.01.07,0.99500,1.00358,0.99273,0.99908,60703,43,0,CADCHF,Pepperstone MT5
2010.01.08,0.99902,1.00527,0.99162,0.99363,46342,40,0,CADCHF,Pepperstone MT5
2010.01.09,0.99371,0.99371,0.99371,0.99371,1,93,0,CADCHF,Pepperstone MT5
2010.01.11,0.99270,0.99329,0.98219,0.98307,57913,40,0,CADCHF,Pepperstone MT5
2010.01.12,0.98304,0.98652,0.97760,0.98002,58843,41,0,CADCHF,Pepperstone MT5
2010.01.13,0.98006,0.98877,0.97898,0.98729,57870,40,0,CADCHF,Pepperstone MT5
2010.01.14,0.98726,0.99592,0.98575,0.99504,54955,40,0,CADCHF,Pepperstone MT5
2010.01.15,0.99506,1.00219,0.99431,0.99588,60126,40,0,CADCHF,Pepperstone MT5
2010.01.18,0.99783,1.00016,0.99645,0.99833,43944,40,0,CADCHF,Pepperstone MT5
2010.01.19,0.99826,1.00437,0.99705,1.00080,60309,41,0,CADCHF,Pepperstone MT5
2010.01.20,1.00079,1.00405,0.99577,0.99735,69522,41,0,CADCHF,Pepperstone MT5
2010.01.21,0.99736,0.99988,0.99006,0.99045,71031,40,0,CADCHF,Pepperstone MT5
2010.01.22,0.99047,0.99348,0.98242,0.98390,68319,40,0,CADCHF,Pepperstone MT5
2010.01.25,0.98436,0.98787,0.98064,0.98249,55595,40,0,CADCHF,Pepperstone MT5
2010.01.26,0.98251,0.98667,0.97861,0.98417,64608,40,0,CADCHF,Pepperstone MT5
2010.01.27,0.98421,0.98663,0.98082,0.98639,63774,40,0,CADCHF,Pepperstone MT5
2010.01.28,0.98637,0.99539,0.98556,0.98635,61946,40,0,CADCHF,Pepperstone MT5
2010.01.29,0.98643,0.99706,0.98227,0.99039,60267,40,0,CADCHF,Pepperstone MT5
2010.02.01,0.99265,0.99553,0.98767,0.99499,48611,40,0,CADCHF,Pepperstone MT5
2010.02.02,0.99475,0.99981,0.99327,0.99758,46528,40,0,CADCHF,Pepperstone MT5
2010.02.03,0.99763,1.00016,0.99303,0.99670,46942,40,0,CADCHF,Pepperstone MT5
2010.02.04,0.99667,1.00014,0.99151,0.99275,50959,40,0,CADCHF,Pepperstone MT5
2010.02.05,0.99270,1.00658,0.99099,1.00043,70560,40,0,CADCHF,Pepperstone MT5
2010.02.08,1.00416,1.00605,0.99730,0.99749,56324,40,0,CADCHF,Pepperstone MT5
2010.02.09,0.99751,1.00122,0.99387,0.99788,64972,40,0,CADCHF,Pepperstone MT5
2010.02.10,0.99775,1.00688,0.99659,1.00466,60508,40,0,CADCHF,Pepperstone MT5
2010.02.11,1.00465,1.02236,1.00329,1.01911,59411,40,0,CADCHF,Pepperstone MT5
2010.02.12,1.01912,1.02726,1.01829,1.02347,62663,40,0,CADCHF,Pepperstone MT5
2010.02.15,1.02363,1.03025,1.02263,1.02643,35919,40,0,CADCHF,Pepperstone MT5
2010.02.16,1.02642,1.02949,1.01997,1.02095,52513,40,0,CADCHF,Pepperstone MT5
2010.02.17,1.02081,1.03166,1.01954,1.03016,53030,40,0,CADCHF,Pepperstone MT5
2010.02.18,1.03019,1.03749,1.02918,1.03454,56188,40,0,CADCHF,Pepperstone MT5
2010.02.19,1.03455,1.03903,1.02965,1.03458,65540,40,0,CADCHF,Pepperstone MT5
2010.02.22,1.03612,1.03739,1.03124,1.03144,47155,40,0,CADCHF,Pepperstone MT5
2010.02.23,1.03141,1.03705,1.02315,1.02547,60171,40,0,CADCHF,Pepperstone MT5
2010.02.24,1.02541,1.02629,1.02006,1.02559,57873,40,0,CADCHF,Pepperstone MT5
2010.02.25,1.02558,1.02931,1.01394,1.01777,60738,40,0,CADCHF,Pepperstone MT5
2010.02.26,1.01776,1.02128,1.01332,1.02011,59794,40,0,CADCHF,Pepperstone MT5
2010.03.02,1.03577,1.04756,1.03449,1.03745,62377,40,0,CADCHF,Pepperstone MT5
2010.03.03,1.03744,1.04072,1.03356,1.03447,61045,40,0,CADCHF,Pepperstone MT5
2010.03.04,1.03445,1.04759,1.03379,1.04366,55779,40,0,CADCHF,Pepperstone MT5
2010.03.05,1.04368,1.05072,1.04084,1.04345,49252,40,0,CADCHF,Pepperstone MT5
2010.03.08,1.04453,1.04538,1.03909,1.04429,44193,27,0,CADCHF,Pepperstone MT5
2010.03.09,1.04424,1.05173,1.04317,1.04754,50390,40,0,CADCHF,Pepperstone MT5
2010.03.10,1.04752,1.04946,1.04186,1.04387,46658,40,0,CADCHF,Pepperstone MT5
2010.03.11,1.04397,1.04551,1.03863,1.04302,44220,40,0,CADCHF,Pepperstone MT5
2010.03.12,1.04303,1.04380,1.03471,1.03731,48664,40,0,CADCHF,Pepperstone MT5
2010.03.15,1.04063,1.04228,1.03865,1.04158,47822,60,0,CADCHF,Pepperstone MT5
2010.03.16,1.04154,1.04253,1.03833,1.03969,51374,40,0,CADCHF,Pepperstone MT5
2010.03.17,1.03970,1.04493,1.03783,1.04346,49897,40,0,CADCHF,Pepperstone MT5
2010.03.18,1.04349,1.04955,1.04032,1.04264,53851,40,0,CADCHF,Pepperstone MT5
2010.03.19,1.04262,1.05339,1.03604,1.04285,52555,40,0,CADCHF,Pepperstone MT5
2010.03.22,1.04339,1.04563,1.03557,1.03842,52827,40,0,CADCHF,Pepperstone MT5
2010.03.23,1.03843,1.04239,1.03604,1.04011,51454,40,0,CADCHF,Pepperstone MT5
2010.03.24,1.04016,1.04917,1.03869,1.04626,57656,40,0,CADCHF,Pepperstone MT5
2010.03.25,1.04632,1.05190,1.04500,1.04751,51277,40,0,CADCHF,Pepperstone MT5
2010.03.26,1.04753,1.04971,1.03322,1.03708,58860,40,0,CADCHF,Pepperstone MT5
2010.03.29,1.03327,1.04465,1.03327,1.03968,50450,40,0,CADCHF,Pepperstone MT5
2010.03.30,1.03967,1.04868,1.03847,1.04518,46766,40,0,CADCHF,Pepperstone MT5
2010.03.31,1.04524,1.04918,1.03257,1.03737,59132,40,0,CADCHF,Pepperstone MT5
2010.04.01,1.03740,1.05305,1.03503,1.04464,54802,40,0,CADCHF,Pepperstone MT5
2010.04.02,1.04463,1.05362,1.04264,1.04878,25370,40,0,CADCHF,Pepperstone MT5
2010.04.05,1.05218,1.06078,1.04720,1.05943,27862,40,0,CADCHF,Pepperstone MT5
2010.04.06,1.05945,1.07129,1.05900,1.06656,50613,40,0,CADCHF,Pepperstone MT5
2010.04.07,1.06653,1.07314,1.06604,1.06676,50188,40,0,CADCHF,Pepperstone MT5
2010.04.08,1.06688,1.07136,1.06387,1.07017,50890,40,0,CADCHF,Pepperstone MT5
2010.04.09,1.07015,1.07226,1.05926,1.06251,51993,40,0,CADCHF,Pepperstone MT5
2010.04.12,1.05338,1.05878,1.04899,1.05615,57127,40,0,CADCHF,Pepperstone MT5
2010.04.13,1.05619,1.05683,1.05053,1.05191,51403,40,0,CADCHF,Pepperstone MT5
2010.04.14,1.05194,1.05929,1.05056,1.05291,57546,40,0,CADCHF,Pepperstone MT5
2010.04.15,1.05286,1.06123,1.05212,1.05343,53522,40,0,CADCHF,Pepperstone MT5
2010.04.16,1.05379,1.05797,1.04464,1.04751,61165,40,0,CADCHF,Pepperstone MT5
2010.04.19,1.04653,1.05032,1.04322,1.04758,54963,40,0,CADCHF,Pepperstone MT5
2010.04.20,1.04754,1.07125,1.04642,1.06999,52694,40,0,CADCHF,Pepperstone MT5
2010.04.21,1.07001,1.07574,1.06823,1.07030,53711,40,0,CADCHF,Pepperstone MT5
2010.04.22,1.07028,1.07837,1.06964,1.07734,57652,40,0,CADCHF,Pepperstone MT5
2010.04.23,1.07735,1.08204,1.06854,1.07352,64072,40,0,CADCHF,Pepperstone MT5
2010.04.24,1.07349,1.07349,1.07349,1.07349,1,88,0,CADCHF,Pepperstone MT5
2010.04.26,1.07503,1.07881,1.07063,1.07144,55657,40,0,CADCHF,Pepperstone MT5
2010.04.27,1.07142,1.07728,1.06436,1.06861,72163,40,0,CADCHF,Pepperstone MT5
2010.04.28,1.06859,1.07866,1.06677,1.07382,81128,40,0,CADCHF,Pepperstone MT5
2010.04.29,1.07384,1.08192,1.07283,1.07766,68137,40,0,CADCHF,Pepperstone MT5
2010.04.30,1.07765,1.07960,1.05738,1.05826,65295,40,0,CADCHF,Pepperstone MT5
2010.05.03,1.05814,1.07441,1.05802,1.07382,49724,40,0,CADCHF,Pepperstone MT5
2010.05.04,1.07381,1.07652,1.06973,1.07619,66410,40,0,CADCHF,Pepperstone MT5
2010.05.05,1.07625,1.08505,1.07512,1.08442,77409,17,0,CADCHF,Pepperstone MT5
2010.05.06,1.08441,1.08674,1.03687,1.05819,95352,40,0,CADCHF,Pepperstone MT5
2010.05.07,1.05816,1.07390,1.05432,1.06150,109064,45,0,CADCHF,Pepperstone MT5
2010.05.10,1.06630,1.08510,1.06216,1.08433,100286,40,0,CADCHF,Pepperstone MT5
2010.05.11,1.08432,1.09164,1.07894,1.08742,92454,40,0,CADCHF,Pepperstone MT5
2010.05.12,1.08734,1.09338,1.08516,1.09006,81333,40,0,CADCHF,Pepperstone MT5
2010.05.13,1.09005,1.10037,1.08841,1.09530,64559,40,0,CADCHF,Pepperstone MT5
2010.05.14,1.09541,1.09818,1.08822,1.09427,73775,40,0,CADCHF,Pepperstone MT5
2010.05.15,1.09425,1.09425,1.09406,1.09412,6,95,0,CADCHF,Pepperstone MT5
2010.05.17,1.09474,1.09837,1.09032,1.09526,44645,40,0,CADCHF,Pepperstone MT5
2010.05.18,1.09524,1.10666,1.09382,1.10385,88042,40,0,CADCHF,Pepperstone MT5
2010.05.19,1.10396,1.10685,1.09226,1.10201,143227,16,63334500000,CADCHF,Pepperstone MT5
2010.05.20,1.10035,1.10667,1.07357,1.07481,96893,14,24365100000,CADCHF,Pepperstone MT5
2010.05.21,1.07492,1.08929,1.06768,1.08460,79747,46,0,CADCHF,Pepperstone MT5
2010.05.22,1.08451,1.08457,1.08443,1.08457,4,100,0,CADCHF,Pepperstone MT5
2010.05.24,1.08240,1.09707,1.07920,1.09027,63083,41,0,CADCHF,Pepperstone MT5
2010.05.25,1.09029,1.09357,1.07378,1.08351,65761,40,0,CADCHF,Pepperstone MT5
2010.05.26,1.08355,1.09399,1.07899,1.08312,59300,40,0,CADCHF,Pepperstone MT5
2010.05.27,1.08319,1.10518,1.08136,1.09769,67078,41,0,CADCHF,Pepperstone MT5
2010.05.28,1.09766,1.10303,1.09591,1.09856,66028,30,0,CADCHF,Pepperstone MT5
2010.05.29,1.09857,1.09862,1.09857,1.09862,3,100,0,CADCHF,Pepperstone MT5
2010.05.31,1.09983,1.10950,1.09636,1.10501,42455,40,0,CADCHF,Pepperstone MT5
2010.06.01,1.10506,1.11406,1.09485,1.09574,80765,40,0,CADCHF,Pepperstone MT5
2010.06.02,1.09577,1.11412,1.09467,1.11184,69621,43,0,CADCHF,Pepperstone MT5
2010.06.03,1.11182,1.11466,1.10524,1.11132,59931,43,0,CADCHF,Pepperstone MT5
2010.06.04,1.11133,1.11231,1.09298,1.09366,64822,41,0,CADCHF,Pepperstone MT5
2010.06.05,1.09344,1.09355,1.09344,1.09355,3,100,0,CADCHF,Pepperstone MT5
2010.06.07,1.09627,1.10379,1.09038,1.09512,73816,40,0,CADCHF,Pepperstone MT5
2010.06.08,1.09507,1.10409,1.08780,1.09991,73028,40,0,CADCHF,Pepperstone MT5
2010.06.09,1.09990,1.10290,1.09542,1.09890,66807,43,0,CADCHF,Pepperstone MT5
2010.06.10,1.09903,1.11118,1.09812,1.10827,68529,40,0,CADCHF,Pepperstone MT5
2010.06.11,1.10836,1.11528,1.10397,1.11269,81754,40,0,CADCHF,Pepperstone MT5
2010.06.12,1.11281,1.11308,1.11281,1.11308,4,100,0,CADCHF,Pepperstone MT5
2010.06.14,1.11006,1.11240,1.10163,1.10422,59401,40,0,CADCHF,Pepperstone MT5
2010.06.15,1.10417,1.11242,1.09660,1.10460,80153,30,0,CADCHF,Pepperstone MT5
2010.06.16,1.10436,1.10573,1.09531,1.10380,52639,40,20000000,CADCHF,Pepperstone MT5
2010.06.17,1.10378,1.10419,1.07645,1.08105,53490,41,0,CADCHF,Pepperstone MT5
2010.06.18,1.08098,1.08663,1.07646,1.08428,46065,40,0,CADCHF,Pepperstone MT5
2010.06.19,1.08426,1.08426,1.08422,1.08425,5,100,0,CADCHF,Pepperstone MT5
2010.06.21,1.08041,1.09400,1.08041,1.08550,58938,40,0,CADCHF,Pepperstone MT5
2010.06.22,1.08542,1.08807,1.07499,1.07511,52639,40,0,CADCHF,Pepperstone MT5
2010.06.23,1.07506,1.07799,1.06055,1.06260,42896,40,0,CADCHF,Pepperstone MT5
2010.06.24,1.06247,1.06476,1.05299,1.05681,58695,40,0,CADCHF,Pepperstone MT5
2010.06.25,1.05668,1.06065,1.05237,1.05518,43270,40,0,CADCHF,Pepperstone MT5
2010.06.28,1.05569,1.05579,1.04342,1.04883,41905,40,0,CADCHF,Pepperstone MT5
2010.06.29,1.04881,1.05110,1.02133,1.02432,43655,40,0,CADCHF,Pepperstone MT5
2010.06.30,1.02424,1.03343,1.01155,1.01232,52714,40,0,CADCHF,Pepperstone MT5
2010.07.01,1.01233,1.01432,0.99486,0.99907,55140,40,0,CADCHF,Pepperstone MT5
2010.07.02,0.99906,1.00900,0.99738,0.99978,49465,39,0,CADCHF,Pepperstone MT5
2010.07.05,1.00062,1.00625,0.99541,1.00070,29849,40,0,CADCHF,Pepperstone MT5
2010.07.06,1.00067,1.01110,0.99527,1.00406,47726,40,0,CADCHF,Pepperstone MT5
2010.07.07,1.00405,1.00700,0.99836,1.00438,44451,37,0,CADCHF,Pepperstone MT5
2010.07.08,1.00446,1.01205,1.00076,1.00647,43800,39,0,CADCHF,Pepperstone MT5
2010.07.09,1.00644,1.02676,1.00492,1.02262,35979,35,0,CADCHF,Pepperstone MT5
2010.07.10,1.02260,1.02260,1.02260,1.02260,1,100,0,CADCHF,Pepperstone MT5
2010.07.12,1.02176,1.03375,1.02057,1.02191,38009,29,0,CADCHF,Pepperstone MT5
2010.07.13,1.02194,1.02919,1.01663,1.02302,70297,28,40922133360,CADCHF,Pepperstone MT5
2010.07.14,1.02261,1.02909,1.01729,1.01885,42032,51,699400000,CADCHF,Pepperstone MT5
2010.07.15,1.01884,1.02006,0.99754,1.00200,47472,40,0,CADCHF,Pepperstone MT5
2010.07.16,1.00259,1.00382,0.98995,0.99246,42546,40,0,CADCHF,Pepperstone MT5
2010.07.19,0.99120,1.00113,0.99044,0.99961,39153,40,0,CADCHF,Pepperstone MT5
2010.07.20,0.99963,1.00907,0.99156,1.00848,44517,40,0,CADCHF,Pepperstone MT5
2010.07.21,1.00846,1.01534,1.00078,1.00178,44945,40,0,CADCHF,Pepperstone MT5
2010.07.22,1.00182,1.00599,0.99572,1.00494,44355,40,0,CADCHF,Pepperstone MT5
2010.07.23,1.00498,1.01799,0.99848,1.01719,45017,40,0,CADCHF,Pepperstone MT5
2010.07.24,1.01721,1.01726,1.01719,1.01726,3,96,0,CADCHF,Pepperstone MT5
2010.07.26,1.01506,1.01741,1.01246,1.01540,38167,40,0,CADCHF,Pepperstone MT5
2010.07.27,1.01536,1.03134,1.01494,1.02367,42632,40,0,CADCHF,Pepperstone MT5
2010.07.28,1.02370,1.02934,1.01579,1.01698,43366,40,0,CADCHF,Pepperstone MT5
2010.07.29,1.01693,1.02076,1.00035,1.00338,41091,40,0,CADCHF,Pepperstone MT5
2010.07.30,1.00333,1.01602,1.00084,1.01078,45763,40,0,CADCHF,Pepperstone MT5
2010.08.02,1.01071,1.02391,1.01010,1.01520,35961,40,0,CADCHF,Pepperstone MT5
2010.08.03,1.01518,1.01630,1.00975,1.01500,37948,40,0,CADCHF,Pepperstone MT5
2010.08.04,1.01495,1.03587,1.01345,1.03385,39435,40,0,CADCHF,Pepperstone MT5
2010.08.05,1.03383,1.03839,1.02709,1.02846,38397,40,0,CADCHF,Pepperstone MT5
2010.08.06,1.02850,1.03315,1.00479,1.01086,38571,40,0,CADCHF,Pepperstone MT5
2010.08.07,1.01079,1.01079,1.01079,1.01079,1,100,0,CADCHF,Pepperstone MT5
2010.08.09,1.00870,1.02201,1.00856,1.02128,31129,40,0,CADCHF,Pepperstone MT5
2010.08.10,1.02125,1.02361,1.01143,1.01665,43224,40,0,CADCHF,Pepperstone MT5
2010.08.11,1.01658,1.02067,1.00653,1.01253,45073,40,0,CADCHF,Pepperstone MT5
2010.08.12,1.01255,1.01454,1.00013,1.00685,45099,40,0,CADCHF,Pepperstone MT5
2010.08.13,1.00682,1.01735,1.00555,1.00820,39586,40,0,CADCHF,Pepperstone MT5
2010.08.14,1.00823,1.00823,1.00823,1.00823,1,100,0,CADCHF,Pepperstone MT5
2010.08.16,1.00520,1.01112,0.99253,0.99570,40758,40,0,CADCHF,Pepperstone MT5
2010.08.17,0.99566,1.01200,0.99361,1.01055,42689,40,0,CADCHF,Pepperstone MT5
2010.08.18,1.01053,1.01405,1.00670,1.01210,38759,40,0,CADCHF,Pepperstone MT5
2010.08.19,1.01211,1.01553,0.98897,0.99155,43979,40,0,CADCHF,Pepperstone MT5
2010.08.20,0.99153,0.99447,0.98459,0.98651,41111,40,0,CADCHF,Pepperstone MT5
2010.08.23,0.98600,0.99173,0.98361,0.98889,37389,40,0,CADCHF,Pepperstone MT5
2010.08.24,0.98886,0.99004,0.97025,0.97269,48502,40,0,CADCHF,Pepperstone MT5
2010.08.25,0.97266,0.97359,0.96265,0.97202,46882,40,0,CADCHF,Pepperstone MT5
2010.08.26,0.97197,0.97810,0.96752,0.96760,44274,40,0,CADCHF,Pepperstone MT5
2010.08.27,0.96753,0.97928,0.96280,0.97789,43895,40,0,CADCHF,Pepperstone MT5
2010.08.28,0.97784,0.97791,0.97784,0.97791,2,100,0,CADCHF,Pepperstone MT5
2010.08.30,0.97700,0.98325,0.96719,0.96758,34042,40,0,CADCHF,Pepperstone MT5
2010.08.31,0.96760,0.96809,0.94999,0.95213,46326,40,0,CADCHF,Pepperstone MT5
2010.09.01,0.95215,0.96928,0.95068,0.96733,30095,40,0,CADCHF,Pepperstone MT5
2010.09.02,0.96713,0.96753,0.95943,0.96188,21586,40,0,CADCHF,Pepperstone MT5
2010.09.03,0.96178,0.98293,0.95886,0.97810,20088,40,0,CADCHF,Pepperstone MT5
2010.09.04,0.97808,0.97808,0.97808,0.97808,1,100,0,CADCHF,Pepperstone MT5
2010.09.06,0.97782,0.98162,0.97583,0.97728,15743,40,0,CADCHF,Pepperstone MT5
2010.09.07,0.97758,0.97761,0.96310,0.96477,23028,40,0,CADCHF,Pepperstone MT5
2010.09.08,0.96476,0.97688,0.95936,0.97446,40912,40,0,CADCHF,Pepperstone MT5
2010.09.09,0.97445,0.98415,0.97169,0.98122,38595,40,0,CADCHF,Pepperstone MT5
2010.09.10,0.98127,0.99614,0.98010,0.98301,43861,40,0,CADCHF,Pepperstone MT5
2010.09.11,0.98298,0.98298,0.98298,0.98298,1,100,0,CADCHF,Pepperstone MT5
2010.09.13,0.98470,0.98831,0.97878,0.98033,41230,40,0,CADCHF,Pepperstone MT5
2010.09.14,0.98032,0.98077,0.96821,0.96895,48209,40,0,CADCHF,Pepperstone MT5
2010.09.15,0.96896,0.97840,0.96782,0.97715,48570,40,0,CADCHF,Pepperstone MT5
2010.09.16,0.97710,0.98973,0.97255,0.98895,43765,40,0,CADCHF,Pepperstone MT5
2010.09.17,0.98892,0.99593,0.97463,0.97698,43087,40,0,CADCHF,Pepperstone MT5
2010.09.20,0.97710,0.98010,0.97190,0.97690,29801,40,0,CADCHF,Pepperstone MT5
2010.09.21,0.97692,0.97916,0.96950,0.96993,46763,40,0,CADCHF,Pepperstone MT5
2010.09.22,0.96989,0.97530,0.95168,0.95623,34361,40,0,CADCHF,Pepperstone MT5
2010.09.23,0.95621,0.95964,0.94599,0.95232,45106,40,0,CADCHF,Pepperstone MT5
2010.09.24,0.95226,0.96155,0.94771,0.96004,23802,40,0,CADCHF,Pepperstone MT5
2010.09.27,0.95890,0.96409,0.95507,0.95677,38204,40,0,CADCHF,Pepperstone MT5
2010.09.28,0.95678,0.95781,0.94323,0.94707,46281,40,0,CADCHF,Pepperstone MT5
2010.09.29,0.94706,0.95403,0.94381,0.94588,33223,40,0,CADCHF,Pepperstone MT5
2010.09.30,0.94578,0.95581,0.94147,0.95415,54500,40,0,CADCHF,Pepperstone MT5
2010.10.01,0.95416,0.95828,0.94902,0.95449,59420,40,0,CADCHF,Pepperstone MT5
2010.10.02,0.95448,0.95448,0.95446,0.95446,2,95,0,CADCHF,Pepperstone MT5
2010.10.04,0.95540,0.95989,0.94835,0.94835,52261,40,0,CADCHF,Pepperstone MT5
2010.10.05,0.94829,0.95272,0.94459,0.95066,56211,40,0,CADCHF,Pepperstone MT5
2010.10.06,0.95063,0.95529,0.94804,0.95060,53684,40,0,CADCHF,Pepperstone MT5
2010.10.07,0.95058,0.95355,0.94639,0.94910,52950,40,0,CADCHF,Pepperstone MT5
2010.10.08,0.94913,0.95300,0.94279,0.95280,42722,42,0,CADCHF,Pepperstone MT5
2010.10.11,0.94900,0.95350,0.94840,0.95110,19261,40,0,CADCHF,Pepperstone MT5
2010.10.12,0.95113,0.95559,0.94513,0.94681,46266,40,0,CADCHF,Pepperstone MT5
2010.10.13,0.94680,0.96123,0.94549,0.95478,40876,40,0,CADCHF,Pepperstone MT5
2010.10.14,0.95480,0.95537,0.94457,0.94871,41123,40,0,CADCHF,Pepperstone MT5
2010.10.15,0.94869,0.95162,0.94453,0.94853,42159,40,0,CADCHF,Pepperstone MT5
2010.10.16,0.94852,0.94852,0.94849,0.94849,2,100,0,CADCHF,Pepperstone MT5
2010.10.18,0.94656,0.94747,0.93714,0.94267,42208,40,0,CADCHF,Pepperstone MT5
2010.10.19,0.94265,0.94499,0.93672,0.94014,52665,40,0,CADCHF,Pepperstone MT5
2010.10.20,0.94010,0.94213,0.93333,0.94152,48533,40,0,CADCHF,Pepperstone MT5
2010.10.21,0.94149,0.94688,0.93799,0.94216,54127,40,0,CADCHF,Pepperstone MT5
2010.10.22,0.94224,0.95456,0.94150,0.95150,49773,40,0,CADCHF,Pepperstone MT5
2010.10.23,0.95157,0.95170,0.95157,0.95170,3,100,0,CADCHF,Pepperstone MT5
2010.10.25,0.95217,0.95468,0.94847,0.95151,48137,40,0,CADCHF,Pepperstone MT5
2010.10.26,0.95146,0.96499,0.95062,0.96096,56948,40,0,CADCHF,Pepperstone MT5
2010.10.27,0.96095,0.96419,0.95717,0.96316,69867,30,0,CADCHF,Pepperstone MT5
2010.10.28,0.96305,0.96501,0.95710,0.96285,59860,30,0,CADCHF,Pepperstone MT5
2010.10.29,0.96290,0.97018,0.96124,0.96320,59852,40,0,CADCHF,Pepperstone MT5
2010.11.01,0.96457,0.98122,0.96337,0.97641,63178,40,0,CADCHF,Pepperstone MT5
2010.11.02,0.97643,0.98069,0.96685,0.97022,63814,40,0,CADCHF,Pepperstone MT5
2010.11.03,0.97026,0.97451,0.95885,0.96211,71455,40,0,CADCHF,Pepperstone MT5
2010.11.04,0.96209,0.96718,0.95380,0.95561,75394,40,0,CADCHF,Pepperstone MT5
2010.11.05,0.95562,0.96211,0.94950,0.96000,69684,40,0,CADCHF,Pepperstone MT5
2010.11.08,0.96003,0.96552,0.95833,0.96214,69919,40,0,CADCHF,Pepperstone MT5
2010.11.09,0.96215,0.96506,0.95682,0.96000,78886,40,0,CADCHF,Pepperstone MT5
2010.11.10,0.96001,0.97345,0.95882,0.96948,79963,40,0,CADCHF,Pepperstone MT5
2010.11.11,0.96946,0.97275,0.96523,0.97146,73106,40,0,CADCHF,Pepperstone MT5
2010.11.12,0.97143,0.97315,0.95979,0.96837,87369,40,0,CADCHF,Pepperstone MT5
2010.11.13,0.96844,0.96852,0.96844,0.96848,4,96,0,CADCHF,Pepperstone MT5
2010.11.15,0.96784,0.97850,0.96644,0.97457,73338,40,0,CADCHF,Pepperstone MT5
2010.11.16,0.97453,0.97727,0.96563,0.97366,83487,40,0,CADCHF,Pepperstone MT5
2010.11.17,0.97374,0.97594,0.96669,0.96691,76392,40,0,CADCHF,Pepperstone MT5
2010.11.18,0.96701,0.98115,0.96643,0.97687,76314,40,0,CADCHF,Pepperstone MT5
2010.11.19,0.97689,0.98060,0.96898,0.97533,70221,40,0,CADCHF,Pepperstone MT5
2010.11.20,0.97530,0.97541,0.97525,0.97541,15,93,0,CADCHF,Pepperstone MT5
2010.11.22,0.97539,0.98006,0.96970,0.97091,69166,40,0,CADCHF,Pepperstone MT5
2010.11.23,0.97093,0.97412,0.96605,0.97291,84654,40,0,CADCHF,Pepperstone MT5
2010.11.24,0.97290,0.98615,0.97286,0.98568,82807,40,0,CADCHF,Pepperstone MT5
2010.11.25,0.98571,0.99238,0.98365,0.99105,67381,42,0,CADCHF,Pepperstone MT5
2010.11.26,0.99106,0.99130,0.97831,0.98161,74764,40,0,CADCHF,Pepperstone MT5
2010.11.27,0.98165,0.98184,0.98157,0.98183,5,97,0,CADCHF,Pepperstone MT5
2010.11.29,0.98429,0.98511,0.97626,0.98179,75819,40,0,CADCHF,Pepperstone MT5
2010.11.30,0.98180,0.98278,0.96744,0.97755,93907,40,0,CADCHF,Pepperstone MT5
2010.12.01,0.97756,0.98896,0.97592,0.98512,93395,40,0,CADCHF,Pepperstone MT5
2010.12.02,0.98509,0.99269,0.98373,0.98963,92614,40,0,CADCHF,Pepperstone MT5
2010.12.03,0.98968,0.99270,0.96884,0.96895,82099,40,0,CADCHF,Pepperstone MT5
2010.12.04,0.96904,0.96921,0.96904,0.96921,3,96,0,CADCHF,Pepperstone MT5
2010.12.06,0.97158,0.98094,0.96835,0.97572,77873,40,0,CADCHF,Pepperstone MT5
2010.12.07,0.97569,0.97829,0.97264,0.97509,79044,40,0,CADCHF,Pepperstone MT5
2010.12.08,0.97508,0.97975,0.97434,0.97441,85127,40,0,CADCHF,Pepperstone MT5
2010.12.09,0.97444,0.97827,0.97197,0.97265,85863,40,0,CADCHF,Pepperstone MT5
2010.12.10,0.97263,0.97469,0.96904,0.97110,70959,39,0,CADCHF,Pepperstone MT5
2010.12.11,0.97115,0.97169,0.97115,0.97146,20,100,0,CADCHF,Pepperstone MT5
2010.12.13,0.97144,0.97566,0.95854,0.96002,66567,40,0,CADCHF,Pepperstone MT5
2010.12.14,0.96001,0.96188,0.95164,0.95321,73943,40,0,CADCHF,Pepperstone MT5
2010.12.15,0.95322,0.96566,0.95182,0.96279,84047,24,0,CADCHF,Pepperstone MT5
2010.12.16,0.96281,0.96745,0.95764,0.95799,75784,15,0,CADCHF,Pepperstone MT5
2010.12.17,0.95805,0.96054,0.94930,0.95495,82190,40,0,CADCHF,Pepperstone MT5
2010.12.18,0.95490,0.95492,0.95488,0.95492,5,91,0,CADCHF,Pepperstone MT5
2010.12.20,0.95760,0.95946,0.94488,0.94847,73429,40,0,CADCHF,Pepperstone MT5
2010.12.21,0.94844,0.94909,0.93874,0.94178,77173,40,0,CADCHF,Pepperstone MT5
2010.12.22,0.94179,0.94245,0.93624,0.93903,75961,40,0,CADCHF,Pepperstone MT5
2010.12.23,0.93902,0.95724,0.93785,0.94934,66843,40,0,CADCHF,Pepperstone MT5
2010.12.24,0.94937,0.95749,0.94651,0.95362,30326,42,0,CADCHF,Pepperstone MT5
2010.12.25,0.95366,0.95366,0.95365,0.95365,2,100,0,CADCHF,Pepperstone MT5
2010.12.27,0.95208,0.95767,0.95103,0.95304,49958,40,0,CADCHF,Pepperstone MT5
2010.12.28,0.95296,0.95388,0.94017,0.95074,63774,40,0,CADCHF,Pepperstone MT5
2010.12.29,0.95086,0.95520,0.94424,0.94451,57717,40,0,CADCHF,Pepperstone MT5
2010.12.30,0.94449,0.94554,0.93456,0.93458,59590,40,0,CADCHF,Pepperstone MT5
2010.12.31,0.93453,0.94264,0.93346,0.93615,46700,43,0,CADCHF,Pepperstone MT5
2011.01.03,0.93942,0.94610,0.93781,0.93883,58440,40,0,CADCHF,Pepperstone MT5
2011.01.04,0.93881,0.95364,0.93833,0.94967,78223,40,0,CADCHF,Pepperstone MT5
2011.01.05,0.94965,0.97252,0.94752,0.96928,81226,40,0,CADCHF,Pepperstone MT5
2011.01.06,0.96935,0.97619,0.96413,0.96843,70753,40,0,CADCHF,Pepperstone MT5
2011.01.07,0.96844,0.97616,0.96214,0.97336,81493,40,0,CADCHF,Pepperstone MT5
2011.01.08,0.97334,0.97334,0.97314,0.97314,8,95,0,CADCHF,Pepperstone MT5
2011.01.10,0.97473,0.97583,0.96687,0.97356,74421,40,0,CADCHF,Pepperstone MT5
2011.01.11,0.97362,0.98577,0.97258,0.98252,80593,40,0,CADCHF,Pepperstone MT5
2011.01.12,0.98255,0.98813,0.97719,0.98026,88435,40,0,CADCHF,Pepperstone MT5
2011.01.13,0.98022,0.98850,0.97223,0.97396,81974,40,0,CADCHF,Pepperstone MT5
2011.01.14,0.97395,0.97633,0.96622,0.97148,84788,40,0,CADCHF,Pepperstone MT5
2011.01.15,0.97151,0.97174,0.97148,0.97174,8,95,0,CADCHF,Pepperstone MT5
2011.01.17,0.97479,0.97901,0.97428,0.97695,66016,29,0,CADCHF,Pepperstone MT5
2011.01.18,0.97688,0.97752,0.96599,0.97133,89470,40,0,CADCHF,Pepperstone MT5
2011.01.19,0.97135,0.97325,0.95648,0.95845,90726,24,0,CADCHF,Pepperstone MT5
2011.01.20,0.95846,0.97020,0.95416,0.96945,96641,40,0,CADCHF,Pepperstone MT5
2011.01.21,0.96949,0.97109,0.96146,0.96435,90378,40,0,CADCHF,Pepperstone MT5
2011.01.22,0.96440,0.96444,0.96440,0.96444,2,99,0,CADCHF,Pepperstone MT5
2011.01.24,0.96383,0.96696,0.95213,0.95495,81445,40,0,CADCHF,Pepperstone MT5
2011.01.25,0.95493,0.95840,0.94172,0.94513,95541,40,0,CADCHF,Pepperstone MT5
2011.01.26,0.94511,0.95058,0.94342,0.94702,85271,20,0,CADCHF,Pepperstone MT5
2011.01.27,0.94701,0.95388,0.94331,0.95125,88391,19,0,CADCHF,Pepperstone MT5
2011.01.28,0.95123,0.95161,0.94006,0.94035,85069,14,0,CADCHF,Pepperstone MT5
2011.01.29,0.94036,0.94036,0.94024,0.94026,13,92,0,CADCHF,Pepperstone MT5
2011.01.31,0.94004,0.94480,0.93629,0.94266,81453,40,0,CADCHF,Pepperstone MT5
2011.02.01,0.94267,0.94919,0.94115,0.94381,85271,40,0,CADCHF,Pepperstone MT5
2011.02.02,0.94380,0.95400,0.94308,0.95116,76212,40,0,CADCHF,Pepperstone MT5
2011.02.03,0.95111,0.96255,0.95032,0.95356,77553,40,0,CADCHF,Pepperstone MT5
2011.02.04,0.95358,0.97093,0.95257,0.96691,53448,40,0,CADCHF,Pepperstone MT5
2011.02.05,0.96692,0.96692,0.96692,0.96692,1,100,0,CADCHF,Pepperstone MT5
2011.02.07,0.96777,0.97144,0.96339,0.96381,51772,40,0,CADCHF,Pepperstone MT5
2011.02.08,0.96380,0.96971,0.96168,0.96755,48016,40,0,CADCHF,Pepperstone MT5
2011.02.09,0.96753,0.97102,0.96139,0.96330,47959,40,0,CADCHF,Pepperstone MT5
2011.02.10,0.96331,0.97420,0.96227,0.97325,62358,40,0,CADCHF,Pepperstone MT5
2011.02.11,0.97327,0.98716,0.97131,0.98429,49872,40,0,CADCHF,Pepperstone MT5
2011.02.12,0.98431,0.98492,0.98425,0.98479,23,93,0,CADCHF,Pepperstone MT5
2011.02.14,0.98474,0.98856,0.97890,0.98007,63404,40,0,CADCHF,Pepperstone MT5
2011.02.15,0.98018,0.98662,0.97554,0.97666,60261,40,0,CADCHF,Pepperstone MT5
2011.02.16,0.97668,0.98608,0.96919,0.97379,63994,40,0,CADCHF,Pepperstone MT5
2011.02.17,0.97381,0.97531,0.96305,0.96418,56349,40,0,CADCHF,Pepperstone MT5
2011.02.18,0.96417,0.96986,0.95571,0.95688,60382,40,0,CADCHF,Pepperstone MT5
2011.02.19,0.95684,0.95684,0.95684,0.95684,1,96,0,CADCHF,Pepperstone MT5
2011.02.21,0.95988,0.96530,0.95715,0.96270,51142,40,0,CADCHF,Pepperstone MT5
2011.02.22,0.96270,0.96418,0.94576,0.94708,86763,40,0,CADCHF,Pepperstone MT5
2011.02.23,0.94710,0.94963,0.93580,0.94236,78321,40,0,CADCHF,Pepperstone MT5
2011.02.24,0.94239,0.94414,0.93669,0.94233,83686,40,0,CADCHF,Pepperstone MT5
2011.02.25,0.94235,0.95000,0.93955,0.94882,73354,40,0,CADCHF,Pepperstone MT5
2011.02.26,0.94879,0.94879,0.94876,0.94876,3,92,0,CADCHF,Pepperstone MT5
2011.02.28,0.94832,0.95685,0.94682,0.95548,73291,40,0,CADCHF,Pepperstone MT5
2011.03.01,0.95547,0.95968,0.95154,0.95235,77578,40,0,CADCHF,Pepperstone MT5
2011.03.02,0.95243,0.95294,0.94639,0.94861,68038,40,0,CADCHF,Pepperstone MT5
2011.03.03,0.94862,0.95862,0.94807,0.95802,71040,40,0,CADCHF,Pepperstone MT5
2011.03.04,0.95801,0.95860,0.94895,0.94941,60326,16,0,CADCHF,Pepperstone MT5
2011.03.05,0.94939,0.94939,0.94936,0.94936,3,96,0,CADCHF,Pepperstone MT5
2011.03.07,0.95172,0.95540,0.94982,0.95165,65760,40,0,CADCHF,Pepperstone MT5
2011.03.08,0.95163,0.96320,0.95071,0.96218,69365,40,0,CADCHF,Pepperstone MT5
2011.03.09,0.96219,0.96479,0.95626,0.95925,62321,40,0,CADCHF,Pepperstone MT5
2011.03.10,0.95923,0.96355,0.95322,0.95448,74468,40,0,CADCHF,Pepperstone MT5
2011.03.11,0.95450,0.96055,0.94886,0.95491,72668,40,0,CADCHF,Pepperstone MT5
2011.03.12,0.95487,0.95487,0.95487,0.95487,1,95,0,CADCHF,Pepperstone MT5
2011.03.14,0.95292,0.95746,0.94577,0.94873,69601,40,0,CADCHF,Pepperstone MT5
2011.03.15,0.94875,0.94917,0.92268,0.92954,93795,40,0,CADCHF,Pepperstone MT5
2011.03.16,0.92965,0.93637,0.90081,0.90581,91898,40,0,CADCHF,Pepperstone MT5
2011.03.17,0.90582,0.91841,0.90304,0.91119,96512,40,0,CADCHF,Pepperstone MT5
2011.03.18,0.91122,0.92404,0.91036,0.91427,85306,40,0,CADCHF,Pepperstone MT5
2011.03.21,0.91538,0.92886,0.91497,0.92482,61029,40,0,CADCHF,Pepperstone MT5
2011.03.22,0.92482,0.92734,0.92000,0.92098,58965,40,0,CADCHF,Pepperstone MT5
2011.03.23,0.92103,0.92728,0.91460,0.92475,59701,40,0,CADCHF,Pepperstone MT5
2011.03.24,0.92477,0.93278,0.92422,0.92979,62354,40,0,CADCHF,Pepperstone MT5
2011.03.25,0.92980,0.93904,0.92878,0.93760,55881,40,0,CADCHF,Pepperstone MT5
2011.03.28,0.93716,0.94197,0.93546,0.93710,55368,40,0,CADCHF,Pepperstone MT5
2011.03.29,0.93708,0.94544,0.93584,0.94389,55219,40,0,CADCHF,Pepperstone MT5
2011.03.30,0.94392,0.95463,0.94375,0.94515,59960,40,0,CADCHF,Pepperstone MT5
2011.03.31,0.94523,0.94730,0.93996,0.94638,65035,40,0,CADCHF,Pepperstone MT5
2011.04.01,0.94638,0.96764,0.94614,0.95857,75734,40,0,CADCHF,Pepperstone MT5
2011.04.02,0.95860,0.95862,0.95855,0.95855,11,96,0,CADCHF,Pepperstone MT5
2011.04.04,0.95835,0.96090,0.94966,0.95418,61324,40,0,CADCHF,Pepperstone MT5
2011.04.05,0.95417,0.96093,0.94978,0.95967,62490,40,0,CADCHF,Pepperstone MT5
2011.04.06,0.95971,0.96451,0.95234,0.95631,71790,40,0,CADCHF,Pepperstone MT5
2011.04.07,0.95627,0.95915,0.95150,0.95559,71492,40,0,CADCHF,Pepperstone MT5
2011.04.08,0.95561,0.96010,0.94769,0.94827,72836,40,0,CADCHF,Pepperstone MT5
2011.04.09,0.94818,0.94827,0.94811,0.94823,23,92,0,CADCHF,Pepperstone MT5
2011.04.11,0.95032,0.95243,0.94623,0.94735,59536,40,0,CADCHF,Pepperstone MT5
2011.04.12,0.94734,0.94859,0.92682,0.93116,78587,40,0,CADCHF,Pepperstone MT5
2011.04.13,0.93117,0.93540,0.92674,0.93105,72848,40,0,CADCHF,Pepperstone MT5
2011.04.14,0.93106,0.93150,0.92284,0.92829,76405,40,0,CADCHF,Pepperstone MT5
2011.04.15,0.92828,0.93153,0.92492,0.92959,64242,40,0,CADCHF,Pepperstone MT5
2011.04.16,0.92958,0.92969,0.92958,0.92965,9,92,0,CADCHF,Pepperstone MT5
2011.04.18,0.93039,0.93212,0.92388,0.92909,72483,40,0,CADCHF,Pepperstone MT5
2011.04.19,0.92909,0.94191,0.92663,0.94073,71247,40,0,CADCHF,Pepperstone MT5
2011.04.20,0.94072,0.94191,0.92919,0.93164,72878,40,0,CADCHF,Pepperstone MT5
2011.04.21,0.93166,0.93643,0.92327,0.92902,72751,40,0,CADCHF,Pepperstone MT5
2011.04.22,0.92911,0.93137,0.92643,0.92733,21247,40,0,CADCHF,Pepperstone MT5
2011.04.23,0.92726,0.92726,0.92726,0.92726,1,225,0,CADCHF,Pepperstone MT5
2011.04.25,0.92815,0.93062,0.92160,0.92280,44415,40,0,CADCHF,Pepperstone MT5
2011.04.26,0.92281,0.92693,0.91822,0.91930,63050,40,0,CADCHF,Pepperstone MT5
2011.04.27,0.91926,0.92428,0.91178,0.92041,71249,40,0,CADCHF,Pepperstone MT5
2011.04.28,0.92039,0.92187,0.91689,0.91856,67043,20,8865000000,CADCHF,Pepperstone MT5
2011.04.29,0.91857,0.91886,0.90714,0.91517,56204,40,0,CADCHF,Pepperstone MT5
2011.04.30,0.91515,0.91515,0.91511,0.91511,2,87,0,CADCHF,Pepperstone MT5
2011.05.02,0.91371,0.91723,0.90773,0.90986,60387,40,0,CADCHF,Pepperstone MT5
2011.05.03,0.90988,0.91495,0.90229,0.90369,63165,40,0,CADCHF,Pepperstone MT5
2011.05.04,0.90370,0.90662,0.89358,0.89785,70229,40,0,CADCHF,Pepperstone MT5
2011.05.05,0.89779,0.90136,0.88722,0.89975,73301,40,0,CADCHF,Pepperstone MT5
2011.05.06,0.89973,0.91703,0.89842,0.90882,85946,40,0,CADCHF,Pepperstone MT5
2011.05.07,0.90883,0.90883,0.90883,0.90883,1,96,0,CADCHF,Pepperstone MT5
2011.05.09,0.90752,0.91163,0.90368,0.90591,72501,40,0,CADCHF,Pepperstone MT5
2011.05.10,0.90592,0.91930,0.90295,0.91892,69039,40,0,CADCHF,Pepperstone MT5
2011.05.11,0.91894,0.92611,0.91819,0.92271,61345,40,0,CADCHF,Pepperstone MT5
2011.05.12,0.92269,0.92296,0.91365,0.91801,57547,40,0,CADCHF,Pepperstone MT5
2011.05.13,0.91800,0.92381,0.91497,0.92050,45275,40,0,CADCHF,Pepperstone MT5
2011.05.14,0.92045,0.92126,0.92025,0.92126,19,95,0,CADCHF,Pepperstone MT5
2011.05.16,0.92088,0.92264,0.90589,0.90616,54246,40,0,CADCHF,Pepperstone MT5
2011.05.17,0.90589,0.91190,0.90329,0.90499,42868,27,0,CADCHF,Pepperstone MT5
2011.05.18,0.90503,0.90838,0.90243,0.90778,21212,25,0,CADCHF,Pepperstone MT5
2011.05.19,0.90728,0.91750,0.90480,0.90976,23860,22,0,CADCHF,Pepperstone MT5
2011.05.20,0.91007,0.91420,0.89751,0.90040,22589,22,0,CADCHF,Pepperstone MT5
2011.05.23,0.90162,0.90441,0.89729,0.90357,19218,22,0,CADCHF,Pepperstone MT5
2011.05.24,0.90342,0.90846,0.89751,0.90080,25334,26,0,CADCHF,Pepperstone MT5
2011.05.25,0.90081,0.90126,0.89070,0.89226,34915,26,0,CADCHF,Pepperstone MT5
2011.05.26,0.89229,0.89335,0.88265,0.88502,83585,16,0,CADCHF,Pepperstone MT5
2011.05.27,0.88506,0.88520,0.86561,0.86918,69137,17,0,CADCHF,Pepperstone MT5
2011.05.28,0.86920,0.86923,0.86915,0.86915,9,219,0,CADCHF,Pepperstone MT5
2011.05.30,0.86949,0.87397,0.86895,0.87184,41539,40,0,CADCHF,Pepperstone MT5
2011.05.31,0.87178,0.88448,0.86753,0.88102,59948,40,0,CADCHF,Pepperstone MT5
2011.06.01,0.88148,0.88189,0.86102,0.86109,62552,40,0,CADCHF,Pepperstone MT5
2011.06.02,0.86107,0.86399,0.85792,0.86292,60863,40,0,CADCHF,Pepperstone MT5
2011.06.03,0.86293,0.86437,0.84710,0.85229,41202,40,0,CADCHF,Pepperstone MT5
2011.06.06,0.85330,0.85605,0.85010,0.85055,46074,40,0,CADCHF,Pepperstone MT5
2011.06.07,0.85057,0.86063,0.85035,0.85792,39755,40,0,CADCHF,Pepperstone MT5
2011.06.08,0.85765,0.85871,0.85130,0.85323,39650,40,0,CADCHF,Pepperstone MT5
2011.06.09,0.85317,0.86489,0.85150,0.86442,35026,40,0,CADCHF,Pepperstone MT5
2011.06.10,0.86440,0.86696,0.85910,0.86004,36813,40,0,CADCHF,Pepperstone MT5
2011.06.11,0.86003,0.86003,0.85989,0.85989,3,95,0,CADCHF,Pepperstone MT5
2011.06.13,0.86012,0.86646,0.85450,0.85720,56010,40,0,CADCHF,Pepperstone MT5
2011.06.14,0.85729,0.87364,0.85425,0.87238,55053,40,0,CADCHF,Pepperstone MT5
2011.06.15,0.87245,0.87880,0.86671,0.87062,57123,40,0,CADCHF,Pepperstone MT5
2011.06.16,0.87061,0.87218,0.85713,0.86320,72571,40,0,CADCHF,Pepperstone MT5
2011.06.17,0.86323,0.86707,0.85891,0.86475,60026,40,0,CADCHF,Pepperstone MT5
2011.06.20,0.86455,0.86623,0.85780,0.86297,57328,40,0,CADCHF,Pepperstone MT5
2011.06.21,0.86302,0.86811,0.85965,0.86498,55639,40,0,CADCHF,Pepperstone MT5
2011.06.22,0.86518,0.86697,0.85755,0.86132,58752,40,0,CADCHF,Pepperstone MT5
2011.06.23,0.86128,0.86609,0.85245,0.85626,60793,40,0,CADCHF,Pepperstone MT5
2011.06.24,0.85628,0.85753,0.84174,0.84265,56709,40,0,CADCHF,Pepperstone MT5
2011.06.25,0.84262,0.84269,0.84234,0.84234,18,95,0,CADCHF,Pepperstone MT5
2011.06.27,0.84397,0.84903,0.84153,0.84647,57795,40,0,CADCHF,Pepperstone MT5
2011.06.28,0.84646,0.84756,0.84100,0.84722,56618,40,0,CADCHF,Pepperstone MT5
2011.06.29,0.84724,0.86176,0.84580,0.85996,51733,40,0,CADCHF,Pepperstone MT5
2011.06.30,0.85995,0.87722,0.85781,0.87191,55002,40,0,CADCHF,Pepperstone MT5
2011.07.01,0.87194,0.88624,0.87108,0.88393,49972,40,0,CADCHF,Pepperstone MT5
2011.07.02,0.88392,0.88393,0.88390,0.88393,3,100,0,CADCHF,Pepperstone MT5
2011.07.04,0.88330,0.88542,0.88133,0.88158,41827,40,0,CADCHF,Pepperstone MT5
2011.07.05,0.88163,0.88439,0.87110,0.87227,56297,40,0,CADCHF,Pepperstone MT5
2011.07.06,0.87221,0.87509,0.86397,0.86915,56544,40,0,CADCHF,Pepperstone MT5
2011.07.07,0.86914,0.88495,0.86690,0.88012,52663,40,0,CADCHF,Pepperstone MT5
2011.07.08,0.88013,0.88902,0.86681,0.86847,59138,40,0,CADCHF,Pepperstone MT5
2011.07.09,0.86778,0.86778,0.86730,0.86730,4,100,0,CADCHF,Pepperstone MT5
2011.07.11,0.86896,0.87043,0.85907,0.86220,63371,40,0,CADCHF,Pepperstone MT5
2011.07.12,0.86223,0.86462,0.85301,0.85910,76996,40,0,CADCHF,Pepperstone MT5
2011.07.13,0.85909,0.86627,0.85122,0.85286,70263,40,0,CADCHF,Pepperstone MT5
2011.07.14,0.85284,0.85472,0.84418,0.84867,71915,40,0,CADCHF,Pepperstone MT5
2011.07.15,0.84868,0.85643,0.84551,0.85316,55751,40,0,CADCHF,Pepperstone MT5
2011.07.16,0.85340,0.85406,0.85276,0.85289,11,241,0,CADCHF,Pepperstone MT5
2011.07.18,0.84833,0.85364,0.84715,0.85186,79736,15,0,CADCHF,Pepperstone MT5
2011.07.19,0.85190,0.87052,0.84878,0.86726,64016,15,0,CADCHF,Pepperstone MT5
2011.07.20,0.86720,0.86797,0.86217,0.86475,50851,19,0,CADCHF,Pepperstone MT5
2011.07.21,0.86476,0.87109,0.86030,0.86324,60531,24,0,CADCHF,Pepperstone MT5
2011.07.22,0.86330,0.87323,0.85695,0.86289,52752,23,0,CADCHF,Pepperstone MT5
2011.07.23,0.86290,0.86290,0.86282,0.86282,6,251,0,CADCHF,Pepperstone MT5
2011.07.25,0.85654,0.85753,0.84554,0.85082,50355,40,0,CADCHF,Pepperstone MT5
2011.07.26,0.85042,0.85350,0.84630,0.84802,52022,40,0,CADCHF,Pepperstone MT5
2011.07.27,0.84814,0.85155,0.84306,0.84350,51548,30,4161000000,CADCHF,Pepperstone MT5
2011.07.28,0.84294,0.84812,0.84088,0.84347,46231,40,8773000000,CADCHF,Pepperstone MT5
2011.07.29,0.84344,0.84428,0.81944,0.82176,57609,25,0,CADCHF,Pepperstone MT5
2011.07.30,0.82170,0.82170,0.82168,0.82168,2,140,0,CADCHF,Pepperstone MT5
2011.08.01,0.83055,0.83571,0.80632,0.81826,61677,40,0,CADCHF,Pepperstone MT5
2011.08.02,0.81828,0.82179,0.79262,0.79280,67524,23,0,CADCHF,Pepperstone MT5
2011.08.03,0.79265,0.81219,0.79126,0.80001,73767,40,0,CADCHF,Pepperstone MT5
2011.08.04,0.80001,0.80758,0.77645,0.77755,80161,26,46451600000,CADCHF,Pepperstone MT5
2011.08.05,0.77790,0.78887,0.77083,0.78110,90313,21,904350000,CADCHF,Pepperstone MT5
2011.08.06,0.78107,0.78108,0.78028,0.78028,19,170,0,CADCHF,Pepperstone MT5
2011.08.08,0.77125,0.78096,0.75645,0.75880,95347,40,0,CADCHF,Pepperstone MT5
2011.08.09,0.75877,0.76526,0.71123,0.73712,110183,23,0,CADCHF,Pepperstone MT5
2011.08.10,0.73711,0.74578,0.72970,0.72987,99327,24,0,CADCHF,Pepperstone MT5
2011.08.11,0.72985,0.77495,0.72855,0.77383,97492,37,0,CADCHF,Pepperstone MT5
2011.08.12,0.77382,0.78763,0.76195,0.78747,83853,29,0,CADCHF,Pepperstone MT5
2011.08.15,0.79136,0.80958,0.79078,0.80048,78412,40,0,CADCHF,Pepperstone MT5
2011.08.16,0.80047,0.80967,0.78779,0.80926,78767,40,0,CADCHF,Pepperstone MT5
2011.08.17,0.80927,0.81570,0.79560,0.80514,80853,34,0,CADCHF,Pepperstone MT5
2011.08.18,0.80519,0.81314,0.79076,0.80141,81741,40,0,CADCHF,Pepperstone MT5
2011.08.19,0.80140,0.80329,0.79149,0.79219,80288,28,0,CADCHF,Pepperstone MT5
2011.08.20,0.79216,0.79216,0.79186,0.79188,20,184,0,CADCHF,Pepperstone MT5
2011.08.22,0.79634,0.80178,0.79247,0.79735,71575,40,0,CADCHF,Pepperstone MT5
2011.08.23,0.79736,0.80214,0.79482,0.80173,67719,40,0,CADCHF,Pepperstone MT5
2011.08.24,0.80174,0.80589,0.79745,0.80583,64100,18,0,CADCHF,Pepperstone MT5
2011.08.25,0.80582,0.81295,0.80160,0.80272,65313,40,0,CADCHF,Pepperstone MT5
2011.08.26,0.80271,0.82397,0.79930,0.82063,67098,40,0,CADCHF,Pepperstone MT5
2011.08.29,0.82152,0.84098,0.82028,0.83573,57513,21,13317590000,CADCHF,Pepperstone MT5
2011.08.30,0.83555,0.84216,0.82917,0.83691,67011,14,70700450000,CADCHF,Pepperstone MT5
2011.08.31,0.83692,0.83871,0.81878,0.82406,70871,13,69597340000,CADCHF,Pepperstone MT5
2011.09.01,0.82405,0.82685,0.81145,0.81353,77893,40,0,CADCHF,Pepperstone MT5
2011.09.02,0.81351,0.81502,0.78678,0.79935,80849,40,0,CADCHF,Pepperstone MT5
2011.09.05,0.80003,0.80103,0.78810,0.79451,72901,40,0,CADCHF,Pepperstone MT5
2011.09.06,0.79450,0.87173,0.78990,0.86985,99082,40,0,CADCHF,Pepperstone MT5
2011.09.07,0.86986,0.87186,0.86513,0.87129,81434,24,0,CADCHF,Pepperstone MT5
2011.09.08,0.87126,0.88660,0.87010,0.88398,83256,40,0,CADCHF,Pepperstone MT5
2011.09.09,0.88400,0.88897,0.87998,0.88574,90722,40,0,CADCHF,Pepperstone MT5
2011.09.12,0.89004,0.89253,0.88048,0.88626,98280,40,0,CADCHF,Pepperstone MT5
2011.09.13,0.88628,0.89254,0.88402,0.89254,97807,24,0,CADCHF,Pepperstone MT5
2011.09.14,0.89255,0.89362,0.88125,0.88482,94025,40,0,CADCHF,Pepperstone MT5
2011.09.15,0.88483,0.88568,0.87839,0.88324,82398,25,0,CADCHF,Pepperstone MT5
2011.09.16,0.88327,0.89580,0.88267,0.89444,80139,40,0,CADCHF,Pepperstone MT5
2011.09.17,0.89444,0.89452,0.89427,0.89447,7,179,0,CADCHF,Pepperstone MT5
2011.09.19,0.89864,0.90011,0.88863,0.88990,84515,40,0,CADCHF,Pepperstone MT5
2011.09.20,0.88991,0.89855,0.88710,0.89346,91110,40,0,CADCHF,Pepperstone MT5
2011.09.21,0.89345,0.90433,0.88840,0.89223,93046,23,0,CADCHF,Pepperstone MT5
2011.09.22,0.89214,0.89472,0.87700,0.88283,110477,26,0,CADCHF,Pepperstone MT5
2011.09.23,0.88284,0.88559,0.87604,0.87928,101299,40,0,CADCHF,Pepperstone MT5
2011.09.24,0.87930,0.87961,0.87925,0.87961,4,171,0,CADCHF,Pepperstone MT5
2011.09.26,0.87874,0.88267,0.87008,0.87888,105480,40,0,CADCHF,Pepperstone MT5
2011.09.27,0.87888,0.88345,0.87515,0.87840,91531,40,0,CADCHF,Pepperstone MT5
2011.09.28,0.87834,0.87899,0.87012,0.87052,88123,14,0,CADCHF,Pepperstone MT5
2011.09.29,0.87054,0.87182,0.86359,0.86507,89660,18,0,CADCHF,Pepperstone MT5
2011.09.30,0.86505,0.87239,0.86110,0.86395,86083,19,0,CADCHF,Pepperstone MT5
2011.10.03,0.86731,0.87660,0.86443,0.87344,95010,40,0,CADCHF,Pepperstone MT5
2011.10.04,0.87331,0.87499,0.86521,0.87046,103109,21,0,CADCHF,Pepperstone MT5
2011.10.05,0.87056,0.88824,0.86919,0.88690,93715,16,0,CADCHF,Pepperstone MT5
2011.10.06,0.88688,0.89396,0.88012,0.88684,88413,40,0,CADCHF,Pepperstone MT5
2011.10.07,0.88688,0.89510,0.88410,0.89070,83288,12,0,CADCHF,Pepperstone MT5
2011.10.08,0.89072,0.89104,0.89072,0.89104,2,199,0,CADCHF,Pepperstone MT5
2011.10.10,0.89177,0.89507,0.87667,0.87987,75539,14,0,CADCHF,Pepperstone MT5
2011.10.11,0.87983,0.88566,0.87490,0.88183,79761,40,0,CADCHF,Pepperstone MT5
2011.10.12,0.88182,0.88578,0.87715,0.87920,85212,40,0,CADCHF,Pepperstone MT5
2011.10.13,0.87919,0.88262,0.87703,0.87916,82387,40,0,CADCHF,Pepperstone MT5
2011.10.14,0.87915,0.88631,0.87805,0.88194,77401,40,0,CADCHF,Pepperstone MT5
2011.10.15,0.88195,0.88195,0.88183,0.88183,9,216,0,CADCHF,Pepperstone MT5
2011.10.17,0.88184,0.88802,0.87787,0.87821,78516,40,0,CADCHF,Pepperstone MT5
2011.10.18,0.87824,0.88759,0.87497,0.88572,87407,40,0,CADCHF,Pepperstone MT5
2011.10.19,0.88571,0.89216,0.88360,0.88411,84390,40,0,CADCHF,Pepperstone MT5
2011.10.20,0.88410,0.88777,0.87645,0.87966,88744,40,0,CADCHF,Pepperstone MT5
2011.10.21,0.87965,0.88202,0.87151,0.87536,77745,40,0,CADCHF,Pepperstone MT5
2011.10.22,0.87537,0.87560,0.87537,0.87558,23,197,0,CADCHF,Pepperstone MT5
2011.10.24,0.87438,0.88171,0.87349,0.87746,76132,40,0,CADCHF,Pepperstone MT5
2011.10.25,0.87745,0.88160,0.86299,0.86306,83252,40,0,CADCHF,Pepperstone MT5
2011.10.26,0.86305,0.87790,0.85866,0.87688,81293,40,0,CADCHF,Pepperstone MT5
2011.10.27,0.87684,0.87949,0.86212,0.86738,87041,12,0,CADCHF,Pepperstone MT5
2011.10.28,0.86734,0.87231,0.86328,0.86949,71646,40,0,CADCHF,Pepperstone MT5
2011.10.29,0.86947,0.86947,0.86933,0.86939,14,215,0,CADCHF,Pepperstone MT5
2011.10.31,0.86827,0.88128,0.86699,0.87579,83055,40,0,CADCHF,Pepperstone MT5
2011.11.01,0.87578,0.88088,0.86799,0.86894,92328,40,0,CADCHF,Pepperstone MT5
2011.11.02,0.86892,0.87265,0.86638,0.87145,86971,40,0,CADCHF,Pepperstone MT5
2011.11.03,0.87146,0.87805,0.86795,0.87100,89528,40,0,CADCHF,Pepperstone MT5
2011.11.04,0.87101,0.87484,0.86433,0.86745,80287,40,0,CADCHF,Pepperstone MT5
2011.11.05,0.86751,0.86775,0.86749,0.86764,19,153,0,CADCHF,Pepperstone MT5
2011.11.07,0.87336,0.88939,0.87315,0.88896,79521,40,0,CADCHF,Pepperstone MT5
2011.11.08,0.88897,0.89231,0.87964,0.88640,77288,40,0,CADCHF,Pepperstone MT5
2011.11.09,0.88639,0.89290,0.88361,0.88731,82619,40,0,CADCHF,Pepperstone MT5
2011.11.10,0.88736,0.89338,0.88409,0.89014,80985,40,0,CADCHF,Pepperstone MT5
2011.11.11,0.89011,0.89151,0.88335,0.89019,65722,40,0,CADCHF,Pepperstone MT5
2011.11.14,0.88831,0.89359,0.88216,0.89307,76411,40,0,CADCHF,Pepperstone MT5
2011.11.15,0.89298,0.89791,0.89250,0.89552,78813,19,0,CADCHF,Pepperstone MT5
2011.11.16,0.89550,0.89942,0.89217,0.89696,87798,19,0,CADCHF,Pepperstone MT5
2011.11.17,0.89695,0.90138,0.89364,0.89538,93070,40,0,CADCHF,Pepperstone MT5
2011.11.18,0.89533,0.89597,0.88701,0.89093,84915,14,0,CADCHF,Pepperstone MT5
2011.11.19,0.89088,0.89100,0.89081,0.89081,11,234,0,CADCHF,Pepperstone MT5
2011.11.21,0.89213,0.89298,0.87996,0.88141,78711,23,0,CADCHF,Pepperstone MT5
2011.11.22,0.88137,0.88402,0.87737,0.87991,77372,18,0,CADCHF,Pepperstone MT5
2011.11.23,0.87989,0.88191,0.87595,0.87680,85361,17,0,CADCHF,Pepperstone MT5
2011.11.24,0.87682,0.88028,0.87594,0.87752,60257,22,0,CADCHF,Pepperstone MT5
2011.11.25,0.87752,0.89193,0.87705,0.88692,74886,16,0,CADCHF,Pepperstone MT5
2011.11.26,0.88712,0.88718,0.88678,0.88718,8,225,0,CADCHF,Pepperstone MT5
2011.11.28,0.88863,0.89484,0.88750,0.89141,77328,15,0,CADCHF,Pepperstone MT5
2011.11.29,0.89142,0.89545,0.88868,0.89178,78308,40,0,CADCHF,Pepperstone MT5
2011.11.30,0.89234,0.89877,0.88980,0.89633,81834,12,0,CADCHF,Pepperstone MT5
2011.12.01,0.89606,0.90362,0.89081,0.90247,77940,13,0,CADCHF,Pepperstone MT5
2011.12.02,0.90257,0.90883,0.89935,0.90281,64521,14,0,CADCHF,Pepperstone MT5
2011.12.05,0.90462,0.90783,0.90338,0.90532,70891,13,0,CADCHF,Pepperstone MT5
2011.12.06,0.90532,0.91735,0.90350,0.91634,79596,14,0,CADCHF,Pepperstone MT5
2011.12.07,0.91635,0.91912,0.91319,0.91415,74375,13,0,CADCHF,Pepperstone MT5
2011.12.08,0.91414,0.91638,0.90445,0.90471,76162,17,0,CADCHF,Pepperstone MT5
2011.12.09,0.90470,0.90886,0.89929,0.90638,80653,14,0,CADCHF,Pepperstone MT5
2011.12.10,0.90646,0.90653,0.90632,0.90637,10,263,0,CADCHF,Pepperstone MT5
2011.12.12,0.90700,0.91355,0.90410,0.91193,77205,40,0,CADCHF,Pepperstone MT5
2011.12.13,0.91200,0.91701,0.91060,0.91420,81082,16,0,CADCHF,Pepperstone MT5
2011.12.14,0.91421,0.91715,0.91036,0.91671,75731,44,0,CADCHF,Pepperstone MT5
2011.12.15,0.91672,0.91852,0.90668,0.90786,78325,49,0,CADCHF,Pepperstone MT5
2011.12.16,0.90785,0.91175,0.90039,0.90124,73575,40,0,CADCHF,Pepperstone MT5
2011.12.17,0.90129,0.90151,0.90119,0.90119,16,88,0,CADCHF,Pepperstone MT5
2011.12.19,0.90115,0.90572,0.90047,0.90201,80200,6,0,CADCHF,Pepperstone MT5
2011.12.20,0.90193,0.90606,0.89953,0.90415,75772,6,0,CADCHF,Pepperstone MT5
2011.12.21,0.90413,0.91282,0.90313,0.91080,73982,6,0,CADCHF,Pepperstone MT5
2011.12.22,0.91040,0.91756,0.90819,0.91646,70186,16,0,CADCHF,Pepperstone MT5
2011.12.23,0.91647,0.92116,0.91476,0.91636,56431,40,0,CADCHF,Pepperstone MT5
2011.12.26,0.91568,0.92026,0.91360,0.91609,12452,45,0,CADCHF,Pepperstone MT5
2011.12.27,0.91566,0.91901,0.91320,0.91633,43542,40,0,CADCHF,Pepperstone MT5
2011.12.28,0.91634,0.92405,0.91470,0.91951,62559,40,0,CADCHF,Pepperstone MT5
2011.12.29,0.91956,0.92501,0.91853,0.92110,67639,40,0,CADCHF,Pepperstone MT5
2011.12.30,0.92112,0.92388,0.91713,0.91713,65250,40,0,CADCHF,Pepperstone MT5
2011.12.31,0.91712,0.91823,0.91711,0.91767,44,232,0,CADCHF,Pepperstone MT5
2012.01.02,0.91777,0.92323,0.91679,0.92182,32338,40,0,CADCHF,Pepperstone MT5
2012.01.03,0.92179,0.92675,0.91978,0.92172,70577,40,0,CADCHF,Pepperstone MT5
2012.01.04,0.92173,0.93146,0.92000,0.92928,69554,40,0,CADCHF,Pepperstone MT5
2012.01.05,0.92929,0.93675,0.92811,0.93346,78647,40,0,CADCHF,Pepperstone MT5
2012.01.06,0.93347,0.93705,0.92797,0.92837,68121,40,0,CADCHF,Pepperstone MT5
2012.01.07,0.92838,0.92842,0.92817,0.92818,17,100,0,CADCHF,Pepperstone MT5
2012.01.09,0.92960,0.93168,0.92425,0.92731,72557,40,0,CADCHF,Pepperstone MT5
2012.01.10,0.92732,0.93461,0.92623,0.93390,67053,40,0,CADCHF,Pepperstone MT5
2012.01.11,0.93391,0.93956,0.93265,0.93548,67960,40,0,CADCHF,Pepperstone MT5
2012.01.12,0.93547,0.93638,0.92391,0.92646,67234,40,0,CADCHF,Pepperstone MT5
2012.01.13,0.92647,0.93257,0.92447,0.93025,75949,12,0,CADCHF,Pepperstone MT5
2012.01.14,0.93023,0.93025,0.93021,0.93021,4,86,0,CADCHF,Pepperstone MT5
2012.01.16,0.93198,0.93834,0.93038,0.93696,57693,40,0,CADCHF,Pepperstone MT5
2012.01.17,0.93695,0.93971,0.93206,0.93454,69648,14,0,CADCHF,Pepperstone MT5
2012.01.18,0.93460,0.93501,0.92641,0.92855,69694,40,0,CADCHF,Pepperstone MT5
2012.01.19,0.92854,0.93111,0.92078,0.92112,67264,40,0,CADCHF,Pepperstone MT5
2012.01.20,0.92114,0.92348,0.91840,0.92159,61111,60,0,CADCHF,Pepperstone MT5
2012.01.21,0.92158,0.92168,0.92154,0.92168,18,110,0,CADCHF,Pepperstone MT5
2012.01.23,0.92274,0.92523,0.91774,0.91907,59961,6,0,CADCHF,Pepperstone MT5
2012.01.24,0.91909,0.92079,0.91469,0.91881,60359,9,0,CADCHF,Pepperstone MT5
2012.01.25,0.91880,0.92056,0.91572,0.91686,63818,40,0,CADCHF,Pepperstone MT5
2012.01.26,0.91685,0.92004,0.91481,0.91804,64645,17,0,CADCHF,Pepperstone MT5
2012.01.27,0.91793,0.92017,0.90947,0.90983,67093,40,0,CADCHF,Pepperstone MT5
2012.01.28,0.90983,0.91006,0.90977,0.91006,39,182,0,CADCHF,Pepperstone MT5
2012.01.30,0.91104,0.91580,0.91047,0.91532,60139,40,0,CADCHF,Pepperstone MT5
2012.01.31,0.91533,0.91854,0.91215,0.91745,66865,9,0,CADCHF,Pepperstone MT5
2012.02.01,0.91745,0.92054,0.91381,0.91606,67257,40,0,CADCHF,Pepperstone MT5
2012.02.02,0.91604,0.91973,0.91499,0.91682,62616,8,0,CADCHF,Pepperstone MT5
2012.02.03,0.91682,0.92634,0.91181,0.92349,64996,6,0,CADCHF,Pepperstone MT5
2012.02.06,0.92502,0.92817,0.92120,0.92181,62798,13,0,CADCHF,Pepperstone MT5
2012.02.07,0.92180,0.92375,0.91562,0.91628,67667,40,0,CADCHF,Pepperstone MT5
2012.02.08,0.91627,0.91869,0.91400,0.91572,64194,40,0,CADCHF,Pepperstone MT5
2012.02.09,0.91571,0.91766,0.91349,0.91576,66606,18,0,CADCHF,Pepperstone MT5
2012.02.10,0.91579,0.91744,0.91211,0.91465,62166,11,0,CADCHF,Pepperstone MT5
2012.02.13,0.91302,0.91714,0.91176,0.91636,59014,40,0,CADCHF,Pepperstone MT5
2012.02.14,0.91634,0.92114,0.91519,0.92043,65169,40,0,CADCHF,Pepperstone MT5
2012.02.15,0.92042,0.92662,0.91896,0.92303,70099,40,0,CADCHF,Pepperstone MT5
2012.02.16,0.92306,0.92667,0.91973,0.92156,70781,58,0,CADCHF,Pepperstone MT5
2012.02.17,0.92156,0.92378,0.91959,0.92154,62741,40,0,CADCHF,Pepperstone MT5
2012.02.18,0.92160,0.92164,0.92160,0.92164,4,148,0,CADCHF,Pepperstone MT5
2012.02.20,0.92220,0.92320,0.91510,0.91714,51770,40,0,CADCHF,Pepperstone MT5
2012.02.21,0.91712,0.91837,0.91358,0.91476,67293,8,0,CADCHF,Pepperstone MT5
2012.02.22,0.91477,0.91607,0.90964,0.90975,62299,40,0,CADCHF,Pepperstone MT5
2012.02.23,0.90974,0.91043,0.90277,0.90320,60654,9,0,CADCHF,Pepperstone MT5
2012.02.24,0.90323,0.90407,0.89400,0.89589,59866,40,0,CADCHF,Pepperstone MT5
2012.02.27,0.89497,0.90088,0.89335,0.89973,61700,40,0,CADCHF,Pepperstone MT5
2012.02.28,0.89972,0.90223,0.89765,0.89909,60789,60,0,CADCHF,Pepperstone MT5
2012.02.29,0.89908,0.91548,0.89856,0.91323,70761,40,0,CADCHF,Pepperstone MT5
2012.03.01,0.91324,0.92006,0.91210,0.91853,67230,40,0,CADCHF,Pepperstone MT5
2012.03.02,0.91854,0.92586,0.91768,0.92321,59765,40,0,CADCHF,Pepperstone MT5
2012.03.03,0.92316,0.92317,0.92303,0.92315,23,114,0,CADCHF,Pepperstone MT5
2012.03.05,0.92311,0.92441,0.91587,0.91696,57804,40,0,CADCHF,Pepperstone MT5
2012.03.06,0.91695,0.91877,0.91548,0.91654,62044,45,0,CADCHF,Pepperstone MT5
2012.03.07,0.91653,0.91855,0.91517,0.91831,55836,60,0,CADCHF,Pepperstone MT5
2012.03.08,0.91826,0.91968,0.91209,0.91659,57273,60,0,CADCHF,Pepperstone MT5
2012.03.09,0.91657,0.93028,0.91601,0.92687,58348,40,0,CADCHF,Pepperstone MT5
2012.03.10,0.92690,0.92690,0.92686,0.92689,3,128,0,CADCHF,Pepperstone MT5
2012.03.12,0.92772,0.92861,0.92138,0.92342,54669,40,0,CADCHF,Pepperstone MT5
2012.03.13,0.92336,0.93401,0.92216,0.93314,57259,40,0,CADCHF,Pepperstone MT5
2012.03.14,0.93313,0.94021,0.93189,0.93645,61167,40,0,CADCHF,Pepperstone MT5
2012.03.15,0.93643,0.93805,0.92752,0.93011,60099,40,0,CADCHF,Pepperstone MT5
2012.03.16,0.93009,0.93109,0.92168,0.92255,51688,40,0,CADCHF,Pepperstone MT5
2012.03.19,0.92312,0.92579,0.91901,0.92275,48085,40,0,CADCHF,Pepperstone MT5
2012.03.20,0.92274,0.92309,0.91537,0.91887,51765,40,0,CADCHF,Pepperstone MT5
2012.03.21,0.91888,0.92136,0.91721,0.91923,54272,40,0,CADCHF,Pepperstone MT5
2012.03.22,0.91919,0.92117,0.91272,0.91351,58510,40,0,CADCHF,Pepperstone MT5
2012.03.23,0.91351,0.91430,0.90666,0.90952,55768,11,0,CADCHF,Pepperstone MT5
2012.03.26,0.90917,0.91435,0.90854,0.91083,53525,40,0,CADCHF,Pepperstone MT5
2012.03.27,0.91084,0.91286,0.90819,0.90897,51258,6,0,CADCHF,Pepperstone MT5
2012.03.28,0.90899,0.91073,0.90484,0.90609,58357,17,0,CADCHF,Pepperstone MT5
2012.03.29,0.90612,0.90950,0.90440,0.90882,60549,60,0,CADCHF,Pepperstone MT5
2012.03.30,0.90883,0.90921,0.90260,0.90322,56023,60,0,CADCHF,Pepperstone MT5
2012.03.31,0.90321,0.90326,0.90299,0.90302,15,110,0,CADCHF,Pepperstone MT5
2012.04.02,0.90437,0.91295,0.90307,0.91194,53449,40,0,CADCHF,Pepperstone MT5
2012.04.03,0.91193,0.91885,0.90842,0.91754,59559,40,0,CADCHF,Pepperstone MT5
2012.04.04,0.91754,0.92120,0.91645,0.91878,62042,11,0,CADCHF,Pepperstone MT5
2012.04.05,0.91877,0.92830,0.91703,0.92572,59021,40,0,CADCHF,Pepperstone MT5
2012.04.06,0.92571,0.92713,0.91795,0.91906,35572,40,0,CADCHF,Pepperstone MT5
2012.04.07,0.91826,0.91826,0.91826,0.91826,1,360,0,CADCHF,Pepperstone MT5
2012.04.09,0.91883,0.92407,0.91750,0.91900,38547,40,0,CADCHF,Pepperstone MT5
2012.04.10,0.91899,0.92154,0.91360,0.91396,61990,40,0,CADCHF,Pepperstone MT5
2012.04.11,0.91400,0.91527,0.91136,0.91348,60936,12,0,CADCHF,Pepperstone MT5
2012.04.12,0.91345,0.91689,0.91270,0.91599,62254,8,0,CADCHF,Pepperstone MT5
2012.04.13,0.91597,0.92190,0.91503,0.91938,62148,40,0,CADCHF,Pepperstone MT5
2012.04.14,0.91931,0.91931,0.91929,0.91929,2,117,0,CADCHF,Pepperstone MT5
2012.04.16,0.92030,0.92439,0.91380,0.91479,66352,40,0,CADCHF,Pepperstone MT5
2012.04.17,0.91478,0.92759,0.91409,0.92387,63163,40,0,CADCHF,Pepperstone MT5
2012.04.18,0.92386,0.92956,0.92313,0.92358,64539,40,0,CADCHF,Pepperstone MT5
2012.04.19,0.92358,0.92671,0.91863,0.91883,65291,40,0,CADCHF,Pepperstone MT5
2012.04.20,0.91882,0.91948,0.91482,0.91529,60364,13,0,CADCHF,Pepperstone MT5
2012.04.21,0.91524,0.91524,0.91518,0.91518,2,165,0,CADCHF,Pepperstone MT5
2012.04.23,0.91700,0.92182,0.91516,0.92124,55485,40,0,CADCHF,Pepperstone MT5
2012.04.24,0.92122,0.92296,0.91911,0.92200,59908,18,0,CADCHF,Pepperstone MT5
2012.04.25,0.92199,0.92632,0.92024,0.92425,62022,40,0,CADCHF,Pepperstone MT5
2012.04.26,0.92426,0.92668,0.92137,0.92255,59016,40,0,CADCHF,Pepperstone MT5
2012.04.27,0.92256,0.92560,0.92105,0.92394,64222,40,0,CADCHF,Pepperstone MT5
2012.04.28,0.92393,0.92395,0.92319,0.92321,10,85,0,CADCHF,Pepperstone MT5
2012.04.30,0.92435,0.92613,0.91732,0.91874,54836,40,0,CADCHF,Pepperstone MT5
2012.05.01,0.91873,0.92383,0.91399,0.92034,47971,40,0,CADCHF,Pepperstone MT5
2012.05.02,0.92037,0.92736,0.92011,0.92529,59541,40,0,CADCHF,Pepperstone MT5
2012.05.03,0.92528,0.93172,0.92322,0.92371,63402,40,0,CADCHF,Pepperstone MT5
2012.05.04,0.92372,0.92735,0.91802,0.92175,64531,40,0,CADCHF,Pepperstone MT5
2012.05.05,0.92179,0.92181,0.92148,0.92148,26,86,0,CADCHF,Pepperstone MT5
2012.05.07,0.92645,0.92877,0.92361,0.92653,72927,40,0,CADCHF,Pepperstone MT5
2012.05.08,0.92654,0.92786,0.92180,0.92433,73137,40,0,CADCHF,Pepperstone MT5
2012.05.09,0.92434,0.92683,0.92064,0.92619,82245,40,0,CADCHF,Pepperstone MT5
2012.05.10,0.92617,0.92832,0.92435,0.92615,76001,40,0,CADCHF,Pepperstone MT5
2012.05.11,0.92616,0.93235,0.92259,0.92887,74974,40,0,CADCHF,Pepperstone MT5
2012.05.12,0.92886,0.92887,0.92883,0.92884,10,84,0,CADCHF,Pepperstone MT5
2012.05.14,0.92987,0.93368,0.92801,0.93281,69490,40,0,CADCHF,Pepperstone MT5
2012.05.15,0.93282,0.93897,0.93233,0.93631,74375,40,0,CADCHF,Pepperstone MT5
2012.05.16,0.93629,0.93728,0.93186,0.93270,84048,40,0,CADCHF,Pepperstone MT5
2012.05.17,0.93269,0.93403,0.92715,0.92720,77451,40,0,CADCHF,Pepperstone MT5
2012.05.18,0.92839,0.93108,0.91841,0.91843,86126,40,0,CADCHF,Pepperstone MT5
2012.05.19,0.91844,0.91863,0.91840,0.91861,30,126,0,CADCHF,Pepperstone MT5
2012.05.21,0.91984,0.92321,0.91903,0.92058,78711,40,0,CADCHF,Pepperstone MT5
2012.05.22,0.92057,0.92764,0.92034,0.92764,85726,40,0,CADCHF,Pepperstone MT5
2012.05.23,0.92765,0.93240,0.92580,0.93068,95907,40,0,CADCHF,Pepperstone MT5
2012.05.24,0.93063,0.93564,0.92926,0.93314,94672,40,0,CADCHF,Pepperstone MT5
2012.05.25,0.93315,0.93442,0.92960,0.93147,77440,9,0,CADCHF,Pepperstone MT5
2012.05.26,0.93150,0.93150,0.93124,0.93128,10,139,0,CADCHF,Pepperstone MT5
2012.05.28,0.93079,0.93635,0.93010,0.93561,53186,40,0,CADCHF,Pepperstone MT5
2012.05.29,0.93560,0.93972,0.93457,0.93939,69496,40,0,CADCHF,Pepperstone MT5
2012.05.30,0.93938,0.94307,0.93743,0.94218,72333,20,0,CADCHF,Pepperstone MT5
2012.05.31,0.94219,0.94297,0.93762,0.94014,71945,40,0,CADCHF,Pepperstone MT5
2012.06.01,0.94011,0.94111,0.92707,0.92757,77859,40,0,CADCHF,Pepperstone MT5
2012.06.02,0.92757,0.92757,0.92740,0.92752,17,81,0,CADCHF,Pepperstone MT5
2012.06.04,0.92872,0.93031,0.92084,0.92385,71241,40,0,CADCHF,Pepperstone MT5
2012.06.05,0.92390,0.93014,0.92309,0.92910,72375,40,0,CADCHF,Pepperstone MT5
2012.06.06,0.92911,0.93143,0.92800,0.92831,78311,15,0,CADCHF,Pepperstone MT5
2012.06.07,0.92831,0.93399,0.92777,0.92976,76069,40,0,CADCHF,Pepperstone MT5
2012.06.08,0.92975,0.93526,0.92916,0.93399,80339,40,0,CADCHF,Pepperstone MT5
2012.06.09,0.93407,0.93462,0.93407,0.93429,12,94,0,CADCHF,Pepperstone MT5
2012.06.11,0.92812,0.93464,0.92668,0.93231,72971,40,0,CADCHF,Pepperstone MT5
2012.06.12,0.93230,0.93754,0.93145,0.93551,76564,40,0,CADCHF,Pepperstone MT5
2012.06.13,0.93552,0.93627,0.92701,0.92805,75267,40,0,CADCHF,Pepperstone MT5
2012.06.14,0.92806,0.93177,0.92744,0.92912,73877,40,0,CADCHF,Pepperstone MT5
2012.06.15,0.92912,0.93116,0.92627,0.92939,67659,40,0,CADCHF,Pepperstone MT5
2012.06.16,0.92945,0.92959,0.92942,0.92954,20,113,0,CADCHF,Pepperstone MT5
2012.06.18,0.92361,0.93243,0.92280,0.93196,76861,40,0,CADCHF,Pepperstone MT5
2012.06.19,0.93195,0.93293,0.92684,0.92962,73661,40,0,CADCHF,Pepperstone MT5
2012.06.20,0.92963,0.93031,0.92591,0.92779,72984,19,0,CADCHF,Pepperstone MT5
2012.06.21,0.92780,0.93203,0.92630,0.92975,77851,40,0,CADCHF,Pepperstone MT5
2012.06.22,0.92976,0.93363,0.92919,0.93176,68645,40,0,CADCHF,Pepperstone MT5
2012.06.23,0.93175,0.93175,0.93162,0.93162,5,124,0,CADCHF,Pepperstone MT5
2012.06.25,0.93249,0.93587,0.93170,0.93278,61550,40,0,CADCHF,Pepperstone MT5
2012.06.26,0.93274,0.93868,0.93240,0.93848,67169,40,0,CADCHF,Pepperstone MT5
2012.06.27,0.93848,0.94009,0.93615,0.93929,63538,40,0,CADCHF,Pepperstone MT5
2012.06.28,0.93934,0.94185,0.93285,0.93360,73660,40,0,CADCHF,Pepperstone MT5
2012.06.29,0.93359,0.93489,0.92530,0.93267,85745,40,0,CADCHF,Pepperstone MT5
2012.06.30,0.93264,0.93268,0.93254,0.93254,13,83,0,CADCHF,Pepperstone MT5
2012.07.02,0.93270,0.93859,0.93160,0.93857,64717,40,0,CADCHF,Pepperstone MT5
2012.07.03,0.93860,0.94257,0.93770,0.94074,60630,40,0,CADCHF,Pepperstone MT5
2012.07.04,0.94073,0.94838,0.94020,0.94563,57009,40,0,CADCHF,Pepperstone MT5
2012.07.05,0.94565,0.95825,0.94519,0.95527,69674,13,0,CADCHF,Pepperstone MT5
2012.07.06,0.95528,0.96023,0.95377,0.95805,67160,40,0,CADCHF,Pepperstone MT5
2012.07.07,0.95791,0.95801,0.95787,0.95787,10,136,0,CADCHF,Pepperstone MT5
2012.07.09,0.95929,0.96105,0.95480,0.95636,59203,37,0,CADCHF,Pepperstone MT5
2012.07.10,0.95639,0.96087,0.95565,0.95833,63345,40,0,CADCHF,Pepperstone MT5
2012.07.11,0.95833,0.96258,0.95750,0.96164,64446,40,0,CADCHF,Pepperstone MT5
2012.07.12,0.96163,0.96663,0.96020,0.96523,67291,15,0,CADCHF,Pepperstone MT5
2012.07.13,0.96521,0.96993,0.96440,0.96668,64083,40,0,CADCHF,Pepperstone MT5
2012.07.14,0.96660,0.96660,0.96562,0.96563,10,94,0,CADCHF,Pepperstone MT5
2012.07.16,0.96675,0.97096,0.96289,0.96370,55538,40,0,CADCHF,Pepperstone MT5
2012.07.17,0.96371,0.96876,0.96010,0.96503,64225,40,0,CADCHF,Pepperstone MT5
2012.07.18,0.96505,0.96934,0.96430,0.96744,60903,40,0,CADCHF,Pepperstone MT5
2012.07.19,0.96743,0.97427,0.96563,0.97046,64368,40,0,CADCHF,Pepperstone MT5
2012.07.20,0.97047,0.97683,0.96979,0.97500,63758,13,0,CADCHF,Pepperstone MT5
2012.07.21,0.97499,0.97499,0.97499,0.97499,1,83,0,CADCHF,Pepperstone MT5
2012.07.23,0.97700,0.97746,0.97180,0.97243,69766,40,0,CADCHF,Pepperstone MT5
2012.07.24,0.97241,0.97689,0.97150,0.97382,70727,40,0,CADCHF,Pepperstone MT5
2012.07.25,0.97383,0.97528,0.96933,0.97251,73053,40,0,CADCHF,Pepperstone MT5
2012.07.26,0.97250,0.97554,0.96545,0.96777,71647,40,0,CADCHF,Pepperstone MT5
2012.07.27,0.96778,0.97235,0.96421,0.97142,72494,40,0,CADCHF,Pepperstone MT5
2012.07.28,0.97130,0.97130,0.97112,0.97114,16,101,0,CADCHF,Pepperstone MT5
2012.07.30,0.97165,0.97856,0.97110,0.97768,60372,40,0,CADCHF,Pepperstone MT5
2012.07.31,0.97769,0.97840,0.97209,0.97286,66075,40,0,CADCHF,Pepperstone MT5
2012.08.01,0.97282,0.97808,0.97257,0.97706,64641,8,0,CADCHF,Pepperstone MT5
2012.08.02,0.97704,0.98448,0.96845,0.97856,73816,40,0,CADCHF,Pepperstone MT5
2012.08.03,0.97859,0.98106,0.96796,0.96812,70629,12,0,CADCHF,Pepperstone MT5
2012.08.04,0.96815,0.96821,0.96815,0.96821,2,131,0,CADCHF,Pepperstone MT5
2012.08.06,0.96762,0.97319,0.96523,0.96812,59724,21,0,CADCHF,Pepperstone MT5
2012.08.07,0.96813,0.97173,0.96763,0.97149,56796,40,0,CADCHF,Pepperstone MT5
2012.08.08,0.97149,0.97749,0.97080,0.97672,60083,40,0,CADCHF,Pepperstone MT5
2012.08.09,0.97673,0.98632,0.97484,0.98425,60283,40,0,CADCHF,Pepperstone MT5
2012.08.10,0.98424,0.98621,0.98212,0.98527,57108,40,0,CADCHF,Pepperstone MT5
2012.08.11,0.98528,0.98545,0.98519,0.98526,24,95,0,CADCHF,Pepperstone MT5
2012.08.13,0.98581,0.98710,0.97746,0.98079,53001,40,0,CADCHF,Pepperstone MT5
2012.08.14,0.98076,0.98289,0.97724,0.98198,55358,40,0,CADCHF,Pepperstone MT5
2012.08.15,0.98199,0.98866,0.97988,0.98751,49949,40,0,CADCHF,Pepperstone MT5
2012.08.16,0.98751,0.98992,0.98184,0.98463,52467,40,0,CADCHF,Pepperstone MT5
2012.08.17,0.98463,0.98813,0.98169,0.98415,51119,40,0,CADCHF,Pepperstone MT5
2012.08.18,0.98417,0.98434,0.98362,0.98362,22,83,0,CADCHF,Pepperstone MT5
2012.08.20,0.98447,0.98740,0.98150,0.98386,46724,6,0,CADCHF,Pepperstone MT5
2012.08.21,0.98384,0.98471,0.97291,0.97306,53012,40,0,CADCHF,Pepperstone MT5
2012.08.22,0.97305,0.97361,0.96525,0.96648,57617,40,0,CADCHF,Pepperstone MT5
2012.08.23,0.96649,0.96836,0.96000,0.96137,58181,40,0,CADCHF,Pepperstone MT5
2012.08.24,0.96136,0.96792,0.96083,0.96677,55504,40,0,CADCHF,Pepperstone MT5
2012.08.25,0.96678,0.96694,0.96678,0.96685,13,83,0,CADCHF,Pepperstone MT5
2012.08.27,0.96774,0.97009,0.96695,0.96946,33590,6,0,CADCHF,Pepperstone MT5
2012.08.28,0.96947,0.97149,0.96630,0.96665,44922,40,0,CADCHF,Pepperstone MT5
2012.08.29,0.96666,0.97136,0.96580,0.96828,40269,40,0,CADCHF,Pepperstone MT5
2012.08.30,0.96829,0.96854,0.96290,0.96708,41389,40,0,CADCHF,Pepperstone MT5
2012.08.31,0.96708,0.96911,0.96068,0.96764,57940,40,0,CADCHF,Pepperstone MT5
2012.09.01,0.96765,0.96774,0.96747,0.96747,19,171,0,CADCHF,Pepperstone MT5
2012.09.03,0.96683,0.96956,0.96530,0.96688,44188,6,0,CADCHF,Pepperstone MT5
2012.09.04,0.96686,0.97041,0.96460,0.96914,53383,40,0,CADCHF,Pepperstone MT5
2012.09.05,0.96913,0.97195,0.96155,0.96436,60895,40,0,CADCHF,Pepperstone MT5
2012.09.06,0.96435,0.97356,0.96305,0.96990,63222,12,0,CADCHF,Pepperstone MT5
2012.09.07,0.96992,0.97645,0.96374,0.96406,61669,12,0,CADCHF,Pepperstone MT5
2012.09.08,0.96409,0.96409,0.96409,0.96409,1,160,0,CADCHF,Pepperstone MT5
2012.09.10,0.96515,0.97034,0.96500,0.96742,49376,40,0,CADCHF,Pepperstone MT5
2012.09.11,0.96744,0.97184,0.96403,0.96442,55728,40,0,CADCHF,Pepperstone MT5
2012.09.12,0.96441,0.96634,0.95930,0.95968,59439,40,0,CADCHF,Pepperstone MT5
2012.09.13,0.95966,0.96765,0.95780,0.96528,60019,40,0,CADCHF,Pepperstone MT5
2012.09.14,0.96527,0.96794,0.95240,0.95269,62386,40,0,CADCHF,Pepperstone MT5
2012.09.15,0.95267,0.95269,0.95229,0.95243,18,133,0,CADCHF,Pepperstone MT5
2012.09.17,0.95451,0.95656,0.95045,0.95105,51731,40,0,CADCHF,Pepperstone MT5
2012.09.18,0.95102,0.95384,0.94778,0.95262,56385,40,0,CADCHF,Pepperstone MT5
2012.09.19,0.95267,0.95438,0.94934,0.95142,56392,40,0,CADCHF,Pepperstone MT5
2012.09.20,0.95144,0.95560,0.94930,0.95481,59437,40,0,CADCHF,Pepperstone MT5
2012.09.21,0.95482,0.95798,0.95258,0.95506,59045,40,0,CADCHF,Pepperstone MT5
2012.09.22,0.95504,0.95505,0.95479,0.95485,14,107,0,CADCHF,Pepperstone MT5
2012.09.24,0.95538,0.95717,0.95300,0.95583,49692,32,0,CADCHF,Pepperstone MT5
2012.09.25,0.95582,0.95796,0.95280,0.95555,59977,40,0,CADCHF,Pepperstone MT5
2012.09.26,0.95558,0.95825,0.95255,0.95274,60630,40,0,CADCHF,Pepperstone MT5
2012.09.27,0.95279,0.95709,0.95201,0.95542,61885,40,0,CADCHF,Pepperstone MT5
2012.09.28,0.95543,0.95704,0.95230,0.95440,64625,40,0,CADCHF,Pepperstone MT5
2012.09.29,0.95442,0.95442,0.95439,0.95439,2,171,0,CADCHF,Pepperstone MT5
2012.10.01,0.95558,0.95836,0.95260,0.95466,57742,37,0,CADCHF,Pepperstone MT5
2012.10.02,0.95470,0.95560,0.94997,0.95097,54899,40,0,CADCHF,Pepperstone MT5
2012.10.03,0.95098,0.95261,0.94800,0.94993,54311,40,0,CADCHF,Pepperstone MT5
2012.10.04,0.94990,0.95103,0.94600,0.94858,58063,40,0,CADCHF,Pepperstone MT5
2012.10.05,0.94859,0.95541,0.94765,0.94765,40372,40,0,CADCHF,Pepperstone MT5
2012.10.08,0.95058,0.95665,0.94961,0.95475,52077,6,0,CADCHF,Pepperstone MT5
2012.10.09,0.95469,0.96197,0.95405,0.96078,55492,40,0,CADCHF,Pepperstone MT5
2012.10.10,0.96077,0.96259,0.95544,0.95629,54471,40,0,CADCHF,Pepperstone MT5
2012.10.11,0.95634,0.95850,0.95360,0.95504,52378,18,0,CADCHF,Pepperstone MT5
2012.10.12,0.95503,0.95588,0.95089,0.95179,48017,40,0,CADCHF,Pepperstone MT5
2012.10.15,0.95258,0.95538,0.95099,0.95105,45350,40,0,CADCHF,Pepperstone MT5
2012.10.16,0.95107,0.95156,0.93775,0.93817,50999,40,0,CADCHF,Pepperstone MT5
2012.10.17,0.93816,0.94296,0.93435,0.94281,52389,40,0,CADCHF,Pepperstone MT5
2012.10.18,0.94280,0.94496,0.93740,0.93806,50164,40,0,CADCHF,Pepperstone MT5
2012.10.19,0.93807,0.93920,0.93355,0.93376,49196,40,0,CADCHF,Pepperstone MT5
2012.10.22,0.93278,0.93447,0.92940,0.93374,45492,40,0,CADCHF,Pepperstone MT5
2012.10.23,0.93375,0.94224,0.93167,0.93916,50296,40,0,CADCHF,Pepperstone MT5
2012.10.24,0.93918,0.94477,0.93693,0.93808,51945,40,0,CADCHF,Pepperstone MT5
2012.10.25,0.93807,0.94033,0.93615,0.93973,41811,40,0,CADCHF,Pepperstone MT5
2012.10.26,0.93973,0.94126,0.93525,0.93708,31388,6,0,CADCHF,Pepperstone MT5
2012.10.29,0.93596,0.93818,0.93511,0.93514,14943,21,0,CADCHF,Pepperstone MT5
2012.10.30,0.93515,0.93550,0.93036,0.93264,15047,60,0,CADCHF,Pepperstone MT5
2012.10.31,0.93263,0.93355,0.92724,0.93102,45251,13,0,CADCHF,Pepperstone MT5
2012.11.01,0.93106,0.93550,0.92992,0.93449,59715,40,0,CADCHF,Pepperstone MT5
2012.11.02,0.93419,0.94680,0.93417,0.94277,62356,6,0,CADCHF,Pepperstone MT5
2012.11.05,0.94530,0.94773,0.94376,0.94656,57056,40,0,CADCHF,Pepperstone MT5
2012.11.06,0.94655,0.95059,0.94605,0.94994,64598,7,0,CADCHF,Pepperstone MT5
2012.11.07,0.94995,0.95408,0.94674,0.94739,84449,40,0,CADCHF,Pepperstone MT5
2012.11.08,0.94742,0.95105,0.94471,0.94510,76209,40,0,CADCHF,Pepperstone MT5
2012.11.09,0.94512,0.94845,0.94375,0.94657,71734,40,0,CADCHF,Pepperstone MT5
2012.11.10,0.94657,0.94657,0.94657,0.94657,1,114,0,CADCHF,Pepperstone MT5
2012.11.12,0.94762,0.94998,0.94625,0.94795,55887,40,0,CADCHF,Pepperstone MT5
2012.11.13,0.94794,0.95021,0.94467,0.94496,66214,14,0,CADCHF,Pepperstone MT5
2012.11.14,0.94499,0.94631,0.93997,0.94094,64940,40,0,CADCHF,Pepperstone MT5
2012.11.15,0.94093,0.94299,0.93825,0.94074,68648,40,0,CADCHF,Pepperstone MT5
2012.11.16,0.94073,0.94635,0.94065,0.94388,69672,40,0,CADCHF,Pepperstone MT5
2012.11.19,0.94393,0.94640,0.94265,0.94299,61370,13,0,CADCHF,Pepperstone MT5
2012.11.20,0.94298,0.94558,0.94152,0.94258,67725,40,0,CADCHF,Pepperstone MT5
2012.11.21,0.94257,0.94662,0.94050,0.94176,67047,16,0,CADCHF,Pepperstone MT5
2012.11.22,0.94174,0.94203,0.93630,0.93701,60157,40,0,CADCHF,Pepperstone MT5
2012.11.23,0.93702,0.93775,0.93377,0.93395,63863,40,0,CADCHF,Pepperstone MT5
2012.11.24,0.93392,0.93392,0.93389,0.93389,2,156,0,CADCHF,Pepperstone MT5
2012.11.26,0.93505,0.93667,0.93221,0.93337,59190,14,0,CADCHF,Pepperstone MT5
2012.11.27,0.93338,0.93883,0.93195,0.93519,67661,8,0,CADCHF,Pepperstone MT5
2012.11.28,0.93520,0.93830,0.93492,0.93613,67430,13,0,CADCHF,Pepperstone MT5
2012.11.29,0.93615,0.93728,0.93259,0.93421,51346,14,0,CADCHF,Pepperstone MT5
2012.11.30,0.93420,0.93500,0.93089,0.93280,68146,17,0,CADCHF,Pepperstone MT5
2012.12.03,0.93317,0.93389,0.92946,0.92972,60837,17,0,CADCHF,Pepperstone MT5
2012.12.04,0.92974,0.93473,0.92949,0.93292,63638,11,0,CADCHF,Pepperstone MT5
2012.12.05,0.93290,0.93709,0.93215,0.93379,48590,14,0,CADCHF,Pepperstone MT5
2012.12.06,0.93377,0.94217,0.93290,0.94010,65399,8,0,CADCHF,Pepperstone MT5
2012.12.07,0.94008,0.94926,0.93965,0.94484,65615,13,0,CADCHF,Pepperstone MT5
2012.12.08,0.94482,0.94482,0.94481,0.94481,2,127,0,CADCHF,Pepperstone MT5
2012.12.10,0.94842,0.94857,0.94391,0.94592,58193,9,0,CADCHF,Pepperstone MT5
2012.12.11,0.94602,0.94938,0.94308,0.94500,61505,12,0,CADCHF,Pepperstone MT5
2012.12.12,0.94499,0.94578,0.93957,0.94041,59805,13,0,CADCHF,Pepperstone MT5
2012.12.13,0.94044,0.94247,0.93699,0.93734,64387,13,0,CADCHF,Pepperstone MT5
2012.12.14,0.93735,0.93914,0.92968,0.93039,62045,8,0,CADCHF,Pepperstone MT5
2012.12.15,0.93042,0.93042,0.93042,0.93042,1,124,0,CADCHF,Pepperstone MT5
2012.12.17,0.92975,0.93307,0.92863,0.93256,59090,11,0,CADCHF,Pepperstone MT5
2012.12.18,0.93259,0.93371,0.92554,0.92585,54773,6,0,CADCHF,Pepperstone MT5
2012.12.19,0.92587,0.92629,0.92030,0.92327,62886,6,0,CADCHF,Pepperstone MT5
2012.12.20,0.92329,0.92511,0.91880,0.92233,63380,6,0,CADCHF,Pepperstone MT5
2012.12.21,0.92234,0.92462,0.92030,0.92125,70782,13,0,CADCHF,Pepperstone MT5
2012.12.22,0.92127,0.92127,0.92127,0.92127,1,108,0,CADCHF,Pepperstone MT5
2012.12.24,0.92238,0.92439,0.91887,0.92347,41647,6,0,CADCHF,Pepperstone MT5
2012.12.26,0.92248,0.92264,0.91685,0.91810,35689,14,0,CADCHF,Pepperstone MT5
2012.12.27,0.91811,0.92089,0.91588,0.91721,64827,13,0,CADCHF,Pepperstone MT5
2012.12.28,0.91724,0.92260,0.91543,0.91562,59974,26,0,CADCHF,Pepperstone MT5
2012.12.29,0.91561,0.91561,0.91560,0.91560,2,131,0,CADCHF,Pepperstone MT5
2012.12.31,0.91736,0.92343,0.91615,0.91904,48073,30,0,CADCHF,Pepperstone MT5
2013.01.02,0.92075,0.93213,0.91634,0.93152,76262,30,0,CADCHF,Pepperstone MT5
2013.01.03,0.93153,0.93805,0.93004,0.93777,66027,24,0,CADCHF,Pepperstone MT5
2013.01.04,0.93781,0.94118,0.93510,0.93612,70100,40,0,CADCHF,Pepperstone MT5
2013.01.07,0.93678,0.94018,0.93371,0.93397,62570,40,0,CADCHF,Pepperstone MT5
2013.01.08,0.93402,0.93742,0.93223,0.93617,66472,23,0,CADCHF,Pepperstone MT5
2013.01.09,0.93618,0.93996,0.93536,0.93648,64527,40,0,CADCHF,Pepperstone MT5
2013.01.10,0.93649,0.93874,0.92658,0.92933,69135,23,0,CADCHF,Pepperstone MT5
2013.01.11,0.92932,0.93373,0.92606,0.92721,74989,22,0,CADCHF,Pepperstone MT5
2013.01.12,0.92723,0.92723,0.92714,0.92714,2,94,0,CADCHF,Pepperstone MT5
2013.01.14,0.92801,0.93769,0.92664,0.93667,66653,25,0,CADCHF,Pepperstone MT5
2013.01.15,0.93666,0.94702,0.93604,0.94639,82483,40,0,CADCHF,Pepperstone MT5
2013.01.16,0.94637,0.94684,0.94124,0.94383,76711,40,0,CADCHF,Pepperstone MT5
2013.01.17,0.94383,0.94956,0.94120,0.94568,77187,40,0,CADCHF,Pepperstone MT5
2013.01.18,0.94562,0.95103,0.93607,0.94114,82756,18,0,CADCHF,Pepperstone MT5
2013.01.21,0.94186,0.94287,0.93675,0.93876,62002,34,0,CADCHF,Pepperstone MT5
2013.01.22,0.93879,0.94116,0.93346,0.93641,77919,40,0,CADCHF,Pepperstone MT5
2013.01.23,0.93636,0.93949,0.92856,0.92969,70605,20,0,CADCHF,Pepperstone MT5
2013.01.24,0.92969,0.93214,0.92460,0.92596,72359,24,0,CADCHF,Pepperstone MT5
2013.01.25,0.92593,0.92769,0.91435,0.92029,78636,27,0,CADCHF,Pepperstone MT5
2013.01.26,0.92039,0.92039,0.92039,0.92039,1,120,0,CADCHF,Pepperstone MT5
2013.01.28,0.92050,0.92163,0.91643,0.92007,65297,19,0,CADCHF,Pepperstone MT5
2013.01.29,0.91999,0.92139,0.91474,0.91996,72217,40,0,CADCHF,Pepperstone MT5
2013.01.30,0.91995,0.92107,0.90747,0.90900,70198,18,0,CADCHF,Pepperstone MT5
2013.01.31,0.90897,0.91340,0.90568,0.91216,69678,40,0,CADCHF,Pepperstone MT5
2013.02.01,0.91213,0.91294,0.90229,0.91063,74660,40,0,CADCHF,Pepperstone MT5
2013.02.02,0.91064,0.91064,0.91063,0.91063,2,110,0,CADCHF,Pepperstone MT5
2013.02.04,0.91090,0.91565,0.90823,0.90895,64110,22,0,CADCHF,Pepperstone MT5
2013.02.05,0.90898,0.91233,0.90842,0.91190,71045,40,0,CADCHF,Pepperstone MT5
2013.02.06,0.91189,0.91717,0.90855,0.91353,70385,40,0,CADCHF,Pepperstone MT5
2013.02.07,0.91352,0.92150,0.91028,0.91976,71390,40,0,CADCHF,Pepperstone MT5
2013.02.08,0.91973,0.92091,0.91341,0.91440,66234,36,0,CADCHF,Pepperstone MT5
2013.02.11,0.91460,0.91595,0.90928,0.91553,62506,22,0,CADCHF,Pepperstone MT5
2013.02.12,0.91549,0.91640,0.90822,0.91466,70566,24,0,CADCHF,Pepperstone MT5
2013.02.13,0.91461,0.91731,0.91156,0.91482,62796,21,0,CADCHF,Pepperstone MT5
2013.02.14,0.91483,0.92329,0.91483,0.91980,69692,34,0,CADCHF,Pepperstone MT5
2013.02.15,0.91977,0.92198,0.91424,0.91549,62784,26,0,CADCHF,Pepperstone MT5
2013.02.16,0.91542,0.91542,0.91542,0.91542,1,118,0,CADCHF,Pepperstone MT5
2013.02.18,0.91518,0.91866,0.91200,0.91337,50377,27,0,CADCHF,Pepperstone MT5
2013.02.19,0.91335,0.91420,0.90981,0.91190,52612,34,0,CADCHF,Pepperstone MT5
2013.02.20,0.91190,0.91229,0.90701,0.91164,60149,19,0,CADCHF,Pepperstone MT5
2013.02.21,0.91161,0.91548,0.91099,0.91344,65154,30,0,CADCHF,Pepperstone MT5
2013.02.22,0.91349,0.91521,0.90852,0.90957,62757,34,0,CADCHF,Pepperstone MT5
2013.02.23,0.90964,0.90967,0.90964,0.90967,2,75,0,CADCHF,Pepperstone MT5
2013.02.25,0.91044,0.91052,0.90275,0.90784,70211,34,0,CADCHF,Pepperstone MT5
2013.02.26,0.90780,0.90957,0.90498,0.90787,78342,34,0,CADCHF,Pepperstone MT5
2013.02.27,0.90791,0.91003,0.90483,0.90821,67229,34,0,CADCHF,Pepperstone MT5
2013.02.28,0.90822,0.91009,0.90516,0.90847,63635,23,0,CADCHF,Pepperstone MT5
2013.03.01,0.90842,0.91953,0.90749,0.91771,68502,34,0,CADCHF,Pepperstone MT5
2013.03.02,0.91769,0.91769,0.91752,0.91752,2,124,0,CADCHF,Pepperstone MT5
2013.03.04,0.91690,0.91715,0.91351,0.91560,10698,15,0,CADCHF,Pepperstone MT5
2013.03.05,0.91559,0.91796,0.91490,0.91585,11655,34,0,CADCHF,Pepperstone MT5
2013.03.06,0.91582,0.91942,0.91451,0.91898,19737,9,0,CADCHF,Pepperstone MT5
2013.03.07,0.91898,0.92006,0.91352,0.91521,32673,10,0,CADCHF,Pepperstone MT5
2013.03.08,0.91527,0.93133,0.91347,0.92382,27539,11,0,CADCHF,Pepperstone MT5
2013.03.11,0.92563,0.92641,0.92212,0.92254,26026,16,0,CADCHF,Pepperstone MT5
2013.03.12,0.92253,0.92521,0.91952,0.92305,32644,12,0,CADCHF,Pepperstone MT5
2013.03.13,0.92305,0.92741,0.91906,0.92619,34010,1,0,CADCHF,Pepperstone MT5
2013.03.14,0.92623,0.93252,0.92391,0.92612,42730,1,0,CADCHF,Pepperstone MT5
2013.03.15,0.92620,0.92687,0.91916,0.92032,34441,5,0,CADCHF,Pepperstone MT5
2013.03.18,0.92319,0.92656,0.91997,0.92577,44055,8,0,CADCHF,Pepperstone MT5
2013.03.19,0.92577,0.92687,0.91872,0.92181,50688,4,0,CADCHF,Pepperstone MT5
2013.03.20,0.92181,0.92391,0.91851,0.92037,47628,4,0,CADCHF,Pepperstone MT5
2013.03.21,0.92047,0.92751,0.92037,0.92374,48808,10,0,CADCHF,Pepperstone MT5
2013.03.22,0.92363,0.92483,0.91814,0.91867,41920,7,0,CADCHF,Pepperstone MT5
2013.03.25,0.91947,0.92886,0.91441,0.92867,42876,7,0,CADCHF,Pepperstone MT5
2013.03.26,0.92867,0.93412,0.92789,0.93281,42395,6,0,CADCHF,Pepperstone MT5
2013.03.27,0.93279,0.93964,0.93186,0.93832,40595,7,0,CADCHF,Pepperstone MT5
2013.03.28,0.93827,0.93896,0.93182,0.93414,41238,8,0,CADCHF,Pepperstone MT5
2013.03.29,0.93401,0.93547,0.93055,0.93202,23996,15,0,CADCHF,Pepperstone MT5
2013.04.01,0.93371,0.93589,0.92989,0.93098,24418,9,0,CADCHF,Pepperstone MT5
2013.04.02,0.93098,0.93656,0.92971,0.93481,39538,10,0,CADCHF,Pepperstone MT5
2013.04.03,0.93472,0.93849,0.93066,0.93120,37684,11,0,CADCHF,Pepperstone MT5
2013.04.04,0.93123,0.93721,0.92686,0.92761,47028,7,0,CADCHF,Pepperstone MT5
2013.04.05,0.92757,0.93027,0.91175,0.91772,41438,3,0,CADCHF,Pepperstone MT5
2013.04.08,0.91823,0.92012,0.91489,0.91906,38721,9,0,CADCHF,Pepperstone MT5
2013.04.09,0.91911,0.92184,0.91569,0.91735,43984,12,0,CADCHF,Pepperstone MT5
2013.04.10,0.91729,0.91983,0.91572,0.91934,37712,12,0,CADCHF,Pepperstone MT5
2013.04.11,0.91930,0.92258,0.91814,0.92087,37868,15,0,CADCHF,Pepperstone MT5
2013.04.12,0.92087,0.92180,0.91322,0.91424,38030,12,0,CADCHF,Pepperstone MT5
2013.04.15,0.91444,0.91581,0.90749,0.90759,48049,7,0,CADCHF,Pepperstone MT5
2013.04.16,0.90755,0.91017,0.90137,0.90331,50179,14,0,CADCHF,Pepperstone MT5
2013.04.17,0.90346,0.90925,0.89844,0.90819,53531,11,0,CADCHF,Pepperstone MT5
2013.04.18,0.90821,0.91055,0.90574,0.90815,52763,13,0,CADCHF,Pepperstone MT5
2013.04.19,0.90819,0.91024,0.90454,0.90904,43520,10,0,CADCHF,Pepperstone MT5
2013.04.22,0.90874,0.91217,0.90844,0.91067,34082,5,0,CADCHF,Pepperstone MT5
2013.04.23,0.91057,0.92152,0.90824,0.92121,43196,10,0,CADCHF,Pepperstone MT5
2013.04.24,0.92122,0.92481,0.91992,0.92280,36046,5,0,CADCHF,Pepperstone MT5
2013.04.25,0.92271,0.92903,0.92145,0.92612,30653,5,0,CADCHF,Pepperstone MT5
2013.04.26,0.92612,0.92778,0.92116,0.92665,41635,7,0,CADCHF,Pepperstone MT5
2013.04.29,0.92520,0.92747,0.92215,0.92593,38567,11,0,CADCHF,Pepperstone MT5
2013.04.30,0.92593,0.92709,0.91967,0.92189,43614,7,0,CADCHF,Pepperstone MT5
2013.05.01,0.92187,0.92500,0.91738,0.91945,34011,5,0,CADCHF,Pepperstone MT5
2013.05.02,0.91944,0.92866,0.91884,0.92500,41512,8,0,CADCHF,Pepperstone MT5
2013.05.03,0.92502,0.93019,0.91998,0.92717,42225,8,0,CADCHF,Pepperstone MT5
2013.05.06,0.92773,0.93227,0.92659,0.93179,27594,12,0,CADCHF,Pepperstone MT5
2013.05.07,0.93177,0.93713,0.92973,0.93612,36443,2,0,CADCHF,Pepperstone MT5
2013.05.08,0.93617,0.93623,0.93011,0.93246,39739,9,0,CADCHF,Pepperstone MT5
2013.05.09,0.93267,0.94573,0.93127,0.94121,40754,10,0,CADCHF,Pepperstone MT5
2013.05.10,0.94119,0.95136,0.93976,0.94691,46039,9,0,CADCHF,Pepperstone MT5
2013.05.13,0.94740,0.94954,0.94393,0.94736,40376,3,0,CADCHF,Pepperstone MT5
2013.05.14,0.94717,0.95074,0.94144,0.94952,40436,1,0,CADCHF,Pepperstone MT5
2013.05.15,0.94941,0.95428,0.94654,0.94963,37536,1,0,CADCHF,Pepperstone MT5
2013.05.16,0.94965,0.95324,0.94336,0.94591,33939,1,0,CADCHF,Pepperstone MT5
2013.05.17,0.94550,0.94863,0.94004,0.94537,32483,1,0,CADCHF,Pepperstone MT5
2013.05.18,0.94567,0.94567,0.94567,0.94567,1,136,0,CADCHF,Pepperstone MT5
2013.05.20,0.94324,0.94529,0.93991,0.94382,36680,3,0,CADCHF,Pepperstone MT5
2013.05.21,0.94384,0.94576,0.93930,0.94467,43691,8,0,CADCHF,Pepperstone MT5
2013.05.22,0.94456,0.95046,0.94157,0.94336,54886,1,0,CADCHF,Pepperstone MT5
2013.05.23,0.94337,0.94529,0.92973,0.94004,62689,1,0,CADCHF,Pepperstone MT5
2013.05.24,0.93939,0.94110,0.92804,0.93060,52701,1,0,CADCHF,Pepperstone MT5
2013.05.27,0.93218,0.93401,0.92905,0.93070,21952,1,0,CADCHF,Pepperstone MT5
2013.05.28,0.93072,0.94065,0.93055,0.93918,49798,1,0,CADCHF,Pepperstone MT5
2013.05.29,0.93918,0.93959,0.92409,0.92867,58476,1,0,CADCHF,Pepperstone MT5
2013.05.30,0.92845,0.93035,0.92100,0.92521,53604,1,0,CADCHF,Pepperstone MT5
2013.05.31,0.92521,0.92989,0.91901,0.91985,55705,1,0,CADCHF,Pepperstone MT5
2013.06.01,0.91995,0.91995,0.91995,0.91995,1,157,0,CADCHF,Pepperstone MT5
2013.06.03,0.92368,0.92964,0.91419,0.92135,51519,1,0,CADCHF,Pepperstone MT5
2013.06.04,0.92124,0.92264,0.91464,0.91518,49874,1,0,CADCHF,Pepperstone MT5
2013.06.05,0.91519,0.91747,0.90780,0.91057,53873,1,0,CADCHF,Pepperstone MT5
2013.06.06,0.91065,0.91340,0.90260,0.90612,65352,19,0,CADCHF,Pepperstone MT5
2013.06.07,0.90611,0.91821,0.90003,0.91772,66550,34,0,CADCHF,Pepperstone MT5
2013.06.08,0.91763,0.91807,0.91645,0.91686,1763,74,0,CADCHF,Pepperstone MT5
2013.06.10,0.91655,0.92333,0.91444,0.91551,52528,34,0,CADCHF,Pepperstone MT5
2013.06.11,0.91550,0.91623,0.90338,0.90727,61145,34,0,CADCHF,Pepperstone MT5
2013.06.12,0.90728,0.91360,0.89906,0.90141,54517,34,0,CADCHF,Pepperstone MT5
2013.06.13,0.90140,0.91056,0.89375,0.90652,60141,34,0,CADCHF,Pepperstone MT5
2013.06.14,0.90650,0.91123,0.90400,0.90495,45467,1,0,CADCHF,Pepperstone MT5
2013.06.17,0.90602,0.91107,0.90490,0.90540,32748,1,0,CADCHF,Pepperstone MT5
2013.06.18,0.90544,0.90890,0.89893,0.90047,36306,1,0,CADCHF,Pepperstone MT5
2013.06.19,0.90052,0.90757,0.89873,0.90295,42402,1,0,CADCHF,Pepperstone MT5
2013.06.20,0.90300,0.90462,0.89230,0.89230,61929,1,0,CADCHF,Pepperstone MT5
2013.06.21,0.89226,0.89599,0.88812,0.89238,46820,1,0,CADCHF,Pepperstone MT5
2013.06.22,0.89270,0.89270,0.89270,0.89270,1,210,0,CADCHF,Pepperstone MT5
2013.06.24,0.89272,0.89377,0.88461,0.88833,49132,1,0,CADCHF,Pepperstone MT5
2013.06.25,0.88748,0.89447,0.88625,0.89178,46992,1,0,CADCHF,Pepperstone MT5
2013.06.26,0.89186,0.90168,0.89145,0.89998,44246,1,0,CADCHF,Pepperstone MT5
2013.06.27,0.89978,0.90703,0.89918,0.90133,50268,17,0,CADCHF,Pepperstone MT5
2013.06.28,0.90134,0.90388,0.89615,0.89763,55662,34,0,CADCHF,Pepperstone MT5
2013.06.29,0.89770,0.89878,0.89712,0.89712,1990,74,0,CADCHF,Pepperstone MT5
2013.07.01,0.89786,0.90438,0.89682,0.90018,34456,1,0,CADCHF,Pepperstone MT5
2013.07.02,0.90018,0.90299,0.89711,0.90138,40645,1,0,CADCHF,Pepperstone MT5
2013.07.03,0.90123,0.90333,0.89769,0.90073,43580,1,0,CADCHF,Pepperstone MT5
2013.07.04,0.90077,0.91343,0.89878,0.90910,36864,1,0,CADCHF,Pepperstone MT5
2013.07.05,0.90894,0.91308,0.90717,0.91015,42905,1,0,CADCHF,Pepperstone MT5
2013.07.08,0.91255,0.91492,0.91041,0.91232,32828,1,0,CADCHF,Pepperstone MT5
2013.07.09,0.91207,0.92562,0.91176,0.92382,41770,1,0,CADCHF,Pepperstone MT5
2013.07.10,0.92366,0.92532,0.91439,0.91493,46704,1,0,CADCHF,Pepperstone MT5
2013.07.11,0.91510,0.91761,0.90552,0.91334,66405,1,0,CADCHF,Pepperstone MT5
2013.07.12,0.91318,0.91736,0.90872,0.90943,42627,1,0,CADCHF,Pepperstone MT5
2013.07.13,0.90948,0.90948,0.90948,0.90948,1,214,0,CADCHF,Pepperstone MT5
2013.07.15,0.90985,0.91426,0.90909,0.90909,38638,1,0,CADCHF,Pepperstone MT5
2013.07.16,0.90909,0.90973,0.90286,0.90524,44818,1,0,CADCHF,Pepperstone MT5
2013.07.17,0.90518,0.90674,0.89918,0.90411,47305,1,0,CADCHF,Pepperstone MT5
2013.07.18,0.90411,0.91136,0.90339,0.90980,40661,1,0,CADCHF,Pepperstone MT5
2013.07.19,0.90978,0.91059,0.90611,0.90628,40654,1,0,CADCHF,Pepperstone MT5
2013.07.22,0.90773,0.90935,0.90191,0.90544,35424,1,0,CADCHF,Pepperstone MT5
2013.07.23,0.90544,0.91160,0.90492,0.90853,39583,1,0,CADCHF,Pepperstone MT5
2013.07.24,0.90858,0.91275,0.90642,0.90867,43980,1,0,CADCHF,Pepperstone MT5
2013.07.25,0.90828,0.91121,0.90288,0.90394,40574,1,0,CADCHF,Pepperstone MT5
2013.07.26,0.90389,0.90512,0.90161,0.90236,36637,1,0,CADCHF,Pepperstone MT5
2013.07.29,0.90281,0.90801,0.90237,0.90663,37110,1,0,CADCHF,Pepperstone MT5
2013.07.30,0.90673,0.90789,0.90093,0.90180,39724,1,0,CADCHF,Pepperstone MT5
2013.07.31,0.90163,0.90489,0.89888,0.90073,47657,1,0,CADCHF,Pepperstone MT5
2013.08.01,0.90072,0.90576,0.89992,0.90508,42403,1,0,CADCHF,Pepperstone MT5
2013.08.02,0.90513,0.90658,0.89310,0.89415,45104,2,0,CADCHF,Pepperstone MT5
2013.08.05,0.89366,0.89779,0.89319,0.89478,32997,2,0,CADCHF,Pepperstone MT5
2013.08.06,0.89483,0.89678,0.89017,0.89203,34705,1,0,CADCHF,Pepperstone MT5
2013.08.07,0.89193,0.89284,0.88368,0.88390,43742,1,0,CADCHF,Pepperstone MT5
2013.08.08,0.88383,0.89181,0.88298,0.89069,40944,1,0,CADCHF,Pepperstone MT5
2013.08.09,0.89040,0.89757,0.88933,0.89584,36085,1,0,CADCHF,Pepperstone MT5
2013.08.12,0.89516,0.90116,0.89513,0.89785,32423,1,0,CADCHF,Pepperstone MT5
2013.08.13,0.89793,0.90423,0.89747,0.90169,44801,1,0,CADCHF,Pepperstone MT5
2013.08.14,0.90169,0.90745,0.90077,0.90426,42989,1,0,CADCHF,Pepperstone MT5
2013.08.15,0.90449,0.90834,0.89689,0.89826,56190,1,0,CADCHF,Pepperstone MT5
2013.08.16,0.89828,0.90089,0.89154,0.89598,46208,1,0,CADCHF,Pepperstone MT5
2013.08.19,0.89613,0.89857,0.89220,0.89286,37761,1,0,CADCHF,Pepperstone MT5
2013.08.20,0.89308,0.89415,0.88071,0.88238,50195,1,0,CADCHF,Pepperstone MT5
2013.08.21,0.88243,0.88257,0.87913,0.88022,51851,1,0,CADCHF,Pepperstone MT5
2013.08.22,0.88028,0.88512,0.87666,0.87765,49219,1,0,CADCHF,Pepperstone MT5
2013.08.23,0.87773,0.87876,0.87313,0.87740,50125,1,0,CADCHF,Pepperstone MT5
2013.08.26,0.87572,0.87955,0.87559,0.87878,28921,1,0,CADCHF,Pepperstone MT5
2013.08.27,0.87880,0.87888,0.87217,0.87567,45047,1,0,CADCHF,Pepperstone MT5
2013.08.28,0.87567,0.88083,0.87359,0.87908,46446,1,0,CADCHF,Pepperstone MT5
2013.08.29,0.87910,0.88705,0.87855,0.88350,46825,1,0,CADCHF,Pepperstone MT5
2013.08.30,0.88365,0.88552,0.88128,0.88153,43602,1,0,CADCHF,Pepperstone MT5
2013.09.02,0.88433,0.88695,0.88335,0.88553,27562,1,0,CADCHF,Pepperstone MT5
2013.09.03,0.88553,0.89091,0.88488,0.88878,37525,1,0,CADCHF,Pepperstone MT5
2013.09.04,0.88877,0.89437,0.88812,0.89093,35321,1,0,CADCHF,Pepperstone MT5
2013.09.05,0.89093,0.89969,0.89093,0.89924,34550,1,0,CADCHF,Pepperstone MT5
2013.09.06,0.89916,0.90657,0.89879,0.90063,31694,1,0,CADCHF,Pepperstone MT5
2013.09.09,0.90159,0.90355,0.89716,0.89860,29214,1,0,CADCHF,Pepperstone MT5
2013.09.10,0.89868,0.90648,0.89822,0.90304,33289,1,0,CADCHF,Pepperstone MT5
2013.09.11,0.90299,0.90455,0.89948,0.90138,33911,1,0,CADCHF,Pepperstone MT5
2013.09.12,0.90138,0.90374,0.89838,0.90118,34740,1,0,CADCHF,Pepperstone MT5
2013.09.13,0.90124,0.90375,0.89701,0.89783,32385,1,0,CADCHF,Pepperstone MT5
2013.09.16,0.89591,0.90103,0.89568,0.89798,30181,2,0,CADCHF,Pepperstone MT5
2013.09.17,0.89798,0.90250,0.89623,0.89909,27788,2,0,CADCHF,Pepperstone MT5
2013.09.18,0.89920,0.90036,0.89106,0.89203,36229,1,0,CADCHF,Pepperstone MT5
2013.09.19,0.89185,0.89430,0.88659,0.88686,40902,1,0,CADCHF,Pepperstone MT5
2013.09.20,0.88674,0.88746,0.88282,0.88307,33125,2,0,CADCHF,Pepperstone MT5
2013.09.23,0.88255,0.88686,0.88252,0.88557,27931,3,0,CADCHF,Pepperstone MT5
2013.09.24,0.88540,0.88846,0.88426,0.88587,28917,2,0,CADCHF,Pepperstone MT5
2013.09.25,0.88587,0.88672,0.88108,0.88137,28454,1,0,CADCHF,Pepperstone MT5
2013.09.26,0.88132,0.88393,0.88046,0.88267,28191,1,0,CADCHF,Pepperstone MT5
2013.09.27,0.88262,0.88295,0.87432,0.87867,27589,2,0,CADCHF,Pepperstone MT5
2013.09.30,0.87864,0.88051,0.87702,0.87753,30790,1,0,CADCHF,Pepperstone MT5
2013.10.01,0.87728,0.87919,0.87348,0.87677,35099,2,0,CADCHF,Pepperstone MT5
2013.10.02,0.87682,0.87784,0.86973,0.87316,32042,2,0,CADCHF,Pepperstone MT5
2013.10.03,0.87309,0.87461,0.86867,0.87014,32640,1,0,CADCHF,Pepperstone MT5
2013.10.04,0.87014,0.88170,0.86938,0.88077,30847,1,0,CADCHF,Pepperstone MT5
2013.10.05,0.88087,0.88087,0.88087,0.88087,1,51,0,CADCHF,Pepperstone MT5
2013.10.07,0.88026,0.88034,0.87347,0.87530,28594,3,0,CADCHF,Pepperstone MT5
2013.10.08,0.87531,0.87801,0.87121,0.87155,31635,1,0,CADCHF,Pepperstone MT5
2013.10.09,0.87157,0.87930,0.87043,0.87512,36443,2,0,CADCHF,Pepperstone MT5
2013.10.10,0.87498,0.87814,0.87389,0.87627,31515,1,0,CADCHF,Pepperstone MT5
2013.10.11,0.87633,0.88119,0.87197,0.88002,33895,1,0,CADCHF,Pepperstone MT5
2013.10.14,0.87760,0.88117,0.87542,0.87892,23805,3,0,CADCHF,Pepperstone MT5
2013.10.15,0.87892,0.88582,0.87787,0.87852,37635,2,0,CADCHF,Pepperstone MT5
2013.10.16,0.87822,0.88664,0.87704,0.88414,38148,1,0,CADCHF,Pepperstone MT5
2013.10.17,0.88414,0.88546,0.87493,0.87656,40396,1,0,CADCHF,Pepperstone MT5
2013.10.18,0.87664,0.87824,0.87511,0.87622,28085,2,0,CADCHF,Pepperstone MT5
2013.10.19,0.87617,0.87617,0.87617,0.87617,1,106,0,CADCHF,Pepperstone MT5
2013.10.21,0.87594,0.87838,0.87444,0.87507,26285,1,0,CADCHF,Pepperstone MT5
2013.10.22,0.87523,0.87800,0.86886,0.86958,31070,1,0,CADCHF,Pepperstone MT5
2013.10.23,0.86962,0.86994,0.85770,0.85919,38900,1,0,CADCHF,Pepperstone MT5
2013.10.24,0.85916,0.85983,0.85426,0.85596,36335,1,0,CADCHF,Pepperstone MT5
2013.10.25,0.85607,0.85893,0.85270,0.85353,34828,1,0,CADCHF,Pepperstone MT5
2013.10.26,0.85363,0.85363,0.85363,0.85363,1,147,0,CADCHF,Pepperstone MT5
2013.10.28,0.85408,0.85807,0.85403,0.85737,28896,1,0,CADCHF,Pepperstone MT5
2013.10.29,0.85735,0.86137,0.85683,0.85842,36963,1,0,CADCHF,Pepperstone MT5
2013.10.30,0.85842,0.86089,0.85582,0.85797,34914,1,0,CADCHF,Pepperstone MT5
2013.10.31,0.85825,0.87053,0.85776,0.86867,41681,1,0,CADCHF,Pepperstone MT5
2013.11.01,0.86871,0.87576,0.86853,0.87487,37588,1,0,CADCHF,Pepperstone MT5
2013.11.04,0.87525,0.87774,0.87239,0.87252,22102,4,0,CADCHF,Pepperstone MT5
2013.11.05,0.87257,0.87520,0.87145,0.87356,33821,1,0,CADCHF,Pepperstone MT5
2013.11.06,0.87347,0.87544,0.87158,0.87527,29392,1,0,CADCHF,Pepperstone MT5
2013.11.07,0.87527,0.88566,0.87404,0.87500,39970,1,0,CADCHF,Pepperstone MT5
2013.11.08,0.87500,0.88114,0.87334,0.87852,36503,1,0,CADCHF,Pepperstone MT5
2013.11.09,0.87859,0.87859,0.87859,0.87859,1,134,0,CADCHF,Pepperstone MT5
2013.11.11,0.87956,0.88087,0.87692,0.87737,24569,3,0,CADCHF,Pepperstone MT5
2013.11.12,0.87737,0.87939,0.87309,0.87392,34523,2,0,CADCHF,Pepperstone MT5
2013.11.13,0.87390,0.87724,0.87220,0.87297,33327,3,0,CADCHF,Pepperstone MT5
2013.11.14,0.87262,0.87573,0.87039,0.87546,38058,2,0,CADCHF,Pepperstone MT5
2013.11.15,0.87472,0.87753,0.87212,0.87597,30468,2,0,CADCHF,Pepperstone MT5
2013.11.18,0.87617,0.87745,0.87238,0.87525,28784,4,0,CADCHF,Pepperstone MT5
2013.11.19,0.87525,0.87554,0.86869,0.86989,33353,1,0,CADCHF,Pepperstone MT5
2013.11.20,0.86988,0.87945,0.86813,0.87617,38283,1,0,CADCHF,Pepperstone MT5
2013.11.21,0.87617,0.87745,0.86737,0.86771,38248,1,0,CADCHF,Pepperstone MT5
2013.11.22,0.86767,0.86912,0.86024,0.86161,33719,1,0,CADCHF,Pepperstone MT5
2013.11.25,0.86141,0.86517,0.85828,0.86464,28381,1,0,CADCHF,Pepperstone MT5
2013.11.26,0.86449,0.86539,0.85903,0.85981,31248,1,0,CADCHF,Pepperstone MT5
2013.11.27,0.85955,0.86062,0.85484,0.85642,35296,1,0,CADCHF,Pepperstone MT5
2013.11.28,0.85627,0.85852,0.85381,0.85544,24694,1,0,CADCHF,Pepperstone MT5
2013.11.29,0.85537,0.85620,0.84963,0.85317,33680,2,0,CADCHF,Pepperstone MT5
2013.12.02,0.85307,0.85642,0.85117,0.85343,33231,1,0,CADCHF,Pepperstone MT5
2013.12.03,0.85345,0.85476,0.84607,0.84897,34889,3,0,CADCHF,Pepperstone MT5
2013.12.04,0.84897,0.85143,0.84251,0.84447,40710,1,0,CADCHF,Pepperstone MT5
2013.12.05,0.84442,0.84869,0.84012,0.84141,41290,2,0,CADCHF,Pepperstone MT5
2013.12.06,0.84139,0.84287,0.83641,0.83777,36832,5,0,CADCHF,Pepperstone MT5
2013.12.09,0.83744,0.83855,0.83554,0.83760,25733,2,0,CADCHF,Pepperstone MT5
2013.12.10,0.83759,0.83786,0.83357,0.83682,29547,2,0,CADCHF,Pepperstone MT5
2013.12.11,0.83673,0.83857,0.83341,0.83672,28992,3,0,CADCHF,Pepperstone MT5
2013.12.12,0.83682,0.84093,0.83371,0.83562,38581,2,0,CADCHF,Pepperstone MT5
2013.12.13,0.83567,0.84123,0.83382,0.83929,31641,1,0,CADCHF,Pepperstone MT5
2013.12.16,0.83976,0.84061,0.83513,0.83712,27479,2,0,CADCHF,Pepperstone MT5
2013.12.17,0.83712,0.83944,0.83272,0.83407,28464,1,0,CADCHF,Pepperstone MT5
2013.12.18,0.83417,0.83818,0.83100,0.83483,39507,2,0,CADCHF,Pepperstone MT5
2013.12.19,0.83483,0.84263,0.83327,0.84184,34934,2,0,CADCHF,Pepperstone MT5
2013.12.20,0.84172,0.84315,0.83528,0.84187,34849,3,0,CADCHF,Pepperstone MT5
2013.12.23,0.84143,0.84503,0.84064,0.84247,24342,4,0,CADCHF,Pepperstone MT5
2013.12.24,0.84247,0.84546,0.84002,0.84366,16988,3,0,CADCHF,Pepperstone MT5
2013.12.26,0.84191,0.84416,0.84125,0.84170,13002,7,0,CADCHF,Pepperstone MT5
2013.12.27,0.84157,0.84217,0.82495,0.83202,30606,1,0,CADCHF,Pepperstone MT5
2013.12.30,0.83187,0.83442,0.82969,0.83314,25970,1,0,CADCHF,Pepperstone MT5
2013.12.31,0.83302,0.83899,0.83156,0.83591,19221,4,0,CADCHF,Pepperstone MT5
2014.01.02,0.83777,0.85150,0.83670,0.84216,46569,1,0,CADCHF,Pepperstone MT5
2014.01.03,0.84220,0.85305,0.84187,0.85037,33397,2,0,CADCHF,Pepperstone MT5
2014.01.06,0.85077,0.85378,0.84619,0.84813,32472,1,0,CADCHF,Pepperstone MT5
2014.01.07,0.84827,0.84997,0.84313,0.84371,37203,1,0,CADCHF,Pepperstone MT5
2014.01.08,0.84388,0.84480,0.83973,0.84178,40503,1,0,CADCHF,Pepperstone MT5
2014.01.09,0.84176,0.84243,0.83493,0.83617,37703,4,0,CADCHF,Pepperstone MT5
2014.01.10,0.83617,0.83697,0.82474,0.82782,38305,2,0,CADCHF,Pepperstone MT5
2014.01.11,0.82772,0.82772,0.82772,0.82772,1,166,0,CADCHF,Pepperstone MT5
2014.01.13,0.82709,0.83148,0.82582,0.82732,31919,1,0,CADCHF,Pepperstone MT5
2014.01.14,0.82743,0.82882,0.82307,0.82429,33303,2,0,CADCHF,Pepperstone MT5
2014.01.15,0.82401,0.83228,0.82347,0.83076,33021,1,0,CADCHF,Pepperstone MT5
2014.01.16,0.83072,0.83153,0.82715,0.82754,31396,2,0,CADCHF,Pepperstone MT5
2014.01.17,0.82755,0.83129,0.82694,0.82937,28094,1,0,CADCHF,Pepperstone MT5
2014.01.18,0.82942,0.82942,0.82942,0.82942,1,146,0,CADCHF,Pepperstone MT5
2014.01.20,0.83044,0.83388,0.82875,0.83072,21048,1,0,CADCHF,Pepperstone MT5
2014.01.21,0.83072,0.83296,0.82781,0.82949,31412,1,0,CADCHF,Pepperstone MT5
2014.01.22,0.82947,0.83165,0.82169,0.82194,31299,1,0,CADCHF,Pepperstone MT5
2014.01.23,0.82194,0.82227,0.80404,0.80805,46205,1,0,CADCHF,Pepperstone MT5
2014.01.24,0.80804,0.81184,0.80343,0.80587,41476,1,0,CADCHF,Pepperstone MT5
2014.01.27,0.80791,0.81393,0.80608,0.80612,32873,1,0,CADCHF,Pepperstone MT5
2014.01.28,0.80612,0.81019,0.80195,0.80417,29997,1,0,CADCHF,Pepperstone MT5
2014.01.29,0.80414,0.80894,0.80019,0.80033,38175,1,0,CADCHF,Pepperstone MT5
2014.01.30,0.80017,0.81028,0.79963,0.80877,33604,1,0,CADCHF,Pepperstone MT5
2014.01.31,0.80877,0.81633,0.80443,0.81372,38167,1,0,CADCHF,Pepperstone MT5
2014.02.03,0.81485,0.81919,0.81012,0.81012,33713,1,0,CADCHF,Pepperstone MT5
2014.02.04,0.81007,0.81912,0.80990,0.81541,31805,1,0,CADCHF,Pepperstone MT5
2014.02.05,0.81512,0.81971,0.81128,0.81494,39563,1,0,CADCHF,Pepperstone MT5
2014.02.06,0.81487,0.81950,0.80635,0.81362,39060,1,0,CADCHF,Pepperstone MT5
2014.02.07,0.81367,0.82136,0.81003,0.81388,38546,1,0,CADCHF,Pepperstone MT5
2014.02.10,0.81347,0.81535,0.81080,0.81107,24017,1,0,CADCHF,Pepperstone MT5
2014.02.11,0.81102,0.81619,0.80667,0.81575,29776,1,0,CADCHF,Pepperstone MT5
2014.02.12,0.81575,0.82203,0.81470,0.81837,29691,1,0,CADCHF,Pepperstone MT5
2014.02.13,0.81832,0.81956,0.80985,0.81354,31897,1,0,CADCHF,Pepperstone MT5
2014.02.14,0.81365,0.81578,0.81139,0.81252,28052,4,0,CADCHF,Pepperstone MT5
2014.02.17,0.81250,0.81449,0.81117,0.81267,18408,2,0,CADCHF,Pepperstone MT5
2014.02.18,0.81262,0.81521,0.80859,0.81082,29283,1,0,CADCHF,Pepperstone MT5
2014.02.19,0.81082,0.81428,0.80065,0.80178,30941,1,0,CADCHF,Pepperstone MT5
2014.02.20,0.80167,0.80538,0.79943,0.80124,31830,2,0,CADCHF,Pepperstone MT5
2014.02.21,0.80122,0.80180,0.79422,0.79894,31038,1,0,CADCHF,Pepperstone MT5
2014.02.24,0.79897,0.80439,0.79609,0.80337,25340,5,0,CADCHF,Pepperstone MT5
2014.02.25,0.80332,0.80397,0.79887,0.79982,25766,2,0,CADCHF,Pepperstone MT5
2014.02.26,0.79982,0.80461,0.79918,0.80012,31001,2,0,CADCHF,Pepperstone MT5
2014.02.27,0.79977,0.80168,0.79622,0.79852,30554,2,0,CADCHF,Pepperstone MT5
2014.02.28,0.79817,0.79911,0.78952,0.79444,35812,1,0,CADCHF,Pepperstone MT5
2014.03.03,0.79275,0.79763,0.79245,0.79712,29291,2,0,CADCHF,Pepperstone MT5
2014.03.04,0.79707,0.80009,0.79567,0.79987,29696,1,0,CADCHF,Pepperstone MT5
2014.03.05,0.79972,0.80450,0.79927,0.80422,27662,1,0,CADCHF,Pepperstone MT5
2014.03.06,0.80407,0.80576,0.80033,0.80114,31481,3,0,CADCHF,Pepperstone MT5
2014.03.07,0.80112,0.80129,0.79014,0.79127,39855,1,0,CADCHF,Pepperstone MT5
2014.03.10,0.79138,0.79174,0.78725,0.79007,35448,1,0,CADCHF,Pepperstone MT5
2014.03.11,0.79004,0.79291,0.78918,0.79034,36987,2,0,CADCHF,Pepperstone MT5
2014.03.12,0.79032,0.79117,0.78432,0.78586,44286,1,0,CADCHF,Pepperstone MT5
2014.03.13,0.78586,0.79261,0.78528,0.78958,58556,1,0,CADCHF,Pepperstone MT5
2014.03.14,0.78953,0.79025,0.78447,0.78500,47840,2,0,CADCHF,Pepperstone MT5
2014.03.17,0.78624,0.79268,0.78543,0.78941,56742,1,0,CADCHF,Pepperstone MT5
2014.03.18,0.78939,0.79341,0.78350,0.78385,69216,1,0,CADCHF,Pepperstone MT5
2014.03.19,0.78383,0.78577,0.78060,0.78443,83163,1,0,CADCHF,Pepperstone MT5
2014.03.20,0.78449,0.78703,0.78197,0.78606,76652,1,0,CADCHF,Pepperstone MT5
2014.03.21,0.78606,0.79046,0.78434,0.78630,64921,1,0,CADCHF,Pepperstone MT5
2014.03.24,0.78617,0.79054,0.78392,0.78685,65305,3,0,CADCHF,Pepperstone MT5
2014.03.25,0.78659,0.79453,0.78548,0.79031,75673,1,0,CADCHF,Pepperstone MT5
2014.03.26,0.79031,0.79798,0.79015,0.79689,79242,1,0,CADCHF,Pepperstone MT5
2014.03.27,0.79688,0.80474,0.79651,0.80351,86338,1,0,CADCHF,Pepperstone MT5
2014.03.28,0.80351,0.80881,0.80053,0.80152,72951,1,0,CADCHF,Pepperstone MT5
2014.03.31,0.80189,0.80361,0.79881,0.80040,80219,1,0,CADCHF,Pepperstone MT5
2014.04.01,0.80044,0.80152,0.79725,0.80124,66586,1,0,CADCHF,Pepperstone MT5
2014.04.02,0.80128,0.80497,0.79918,0.80343,62868,1,0,CADCHF,Pepperstone MT5
2014.04.03,0.80349,0.81090,0.80207,0.80717,74292,1,0,CADCHF,Pepperstone MT5
2014.04.04,0.80719,0.81592,0.80677,0.81182,79901,1,0,CADCHF,Pepperstone MT5
2014.04.07,0.81210,0.81320,0.80696,0.80899,51595,2,0,CADCHF,Pepperstone MT5
2014.04.08,0.80896,0.81137,0.80735,0.80838,67621,1,0,CADCHF,Pepperstone MT5
2014.04.09,0.80835,0.81083,0.80587,0.80834,54943,1,0,CADCHF,Pepperstone MT5
2014.04.10,0.80827,0.80892,0.80128,0.80129,52815,1,0,CADCHF,Pepperstone MT5
2014.04.11,0.80134,0.80213,0.79687,0.79747,51616,1,0,CADCHF,Pepperstone MT5
2014.04.14,0.79878,0.80337,0.79771,0.80239,45899,4,0,CADCHF,Pepperstone MT5
2014.04.15,0.80240,0.80285,0.79870,0.80152,46930,1,0,CADCHF,Pepperstone MT5
2014.04.16,0.80151,0.80301,0.79859,0.80063,47976,1,0,CADCHF,Pepperstone MT5
2014.04.17,0.80061,0.80261,0.79693,0.80253,39114,3,0,CADCHF,Pepperstone MT5
2014.04.18,0.80253,0.80301,0.80051,0.80101,15774,3,0,CADCHF,Pepperstone MT5
2014.04.21,0.80104,0.80395,0.79998,0.80364,22657,2,0,CADCHF,Pepperstone MT5
2014.04.22,0.80365,0.80381,0.80160,0.80252,35001,1,0,CADCHF,Pepperstone MT5
2014.04.23,0.80239,0.80246,0.79753,0.80061,42069,5,0,CADCHF,Pepperstone MT5
2014.04.24,0.80062,0.80319,0.79870,0.79977,39484,4,0,CADCHF,Pepperstone MT5
2014.04.25,0.79977,0.80014,0.79739,0.79836,34013,2,0,CADCHF,Pepperstone MT5
2014.04.28,0.79812,0.80016,0.79558,0.79786,37703,3,0,CADCHF,Pepperstone MT5
2014.04.29,0.79785,0.80754,0.79749,0.80715,44117,1,0,CADCHF,Pepperstone MT5
2014.04.30,0.80712,0.80817,0.80146,0.80299,51600,1,0,CADCHF,Pepperstone MT5
2014.05.01,0.80300,0.80345,0.79877,0.80236,28976,5,0,CADCHF,Pepperstone MT5
2014.05.02,0.80235,0.80491,0.79914,0.79979,50080,1,0,CADCHF,Pepperstone MT5
2014.05.05,0.79923,0.80147,0.79768,0.80114,29344,1,0,CADCHF,Pepperstone MT5
2014.05.06,0.80115,0.80366,0.79781,0.80250,48600,2,0,CADCHF,Pepperstone MT5
2014.05.07,0.80241,0.80443,0.80189,0.80371,57898,1,0,CADCHF,Pepperstone MT5
2014.05.08,0.80332,0.81303,0.79919,0.81252,58753,1,0,CADCHF,Pepperstone MT5
2014.05.09,0.81251,0.81716,0.80985,0.81242,54039,2,0,CADCHF,Pepperstone MT5
2014.05.12,0.81343,0.81579,0.81266,0.81478,38164,3,0,CADCHF,Pepperstone MT5
2014.05.13,0.81477,0.81791,0.81164,0.81623,52820,2,0,CADCHF,Pepperstone MT5
2014.05.14,0.81623,0.81898,0.81351,0.81705,39536,5,0,CADCHF,Pepperstone MT5
2014.05.15,0.81704,0.82401,0.81586,0.81821,44413,2,0,CADCHF,Pepperstone MT5
2014.05.16,0.81837,0.82180,0.81741,0.82151,36702,6,0,CADCHF,Pepperstone MT5
2014.05.19,0.82097,0.82173,0.81939,0.82019,29804,12,0,CADCHF,Pepperstone MT5
2014.05.20,0.82019,0.82197,0.81676,0.81753,32074,12,0,CADCHF,Pepperstone MT5
2014.05.21,0.81751,0.82038,0.81585,0.81831,35631,1,0,CADCHF,Pepperstone MT5
2014.05.22,0.81831,0.82185,0.81716,0.82078,39059,1,0,CADCHF,Pepperstone MT5
2014.05.23,0.82078,0.82468,0.82025,0.82386,33662,1,0,CADCHF,Pepperstone MT5
2014.05.26,0.82389,0.82555,0.82314,0.82359,26625,6,0,CADCHF,Pepperstone MT5
2014.05.27,0.82353,0.82698,0.82340,0.82561,37989,1,0,CADCHF,Pepperstone MT5
2014.05.28,0.82557,0.82781,0.82496,0.82576,38204,6,0,CADCHF,Pepperstone MT5
2014.05.29,0.82578,0.82841,0.82427,0.82823,38626,7,0,CADCHF,Pepperstone MT5
2014.05.30,0.82825,0.82906,0.82280,0.82501,41494,6,0,CADCHF,Pepperstone MT5
2014.06.02,0.82543,0.82766,0.82232,0.82437,38113,5,0,CADCHF,Pepperstone MT5
2014.06.03,0.82437,0.82514,0.81994,0.82161,40176,5,0,CADCHF,Pepperstone MT5
2014.06.04,0.82161,0.82190,0.81765,0.81992,46564,1,0,CADCHF,Pepperstone MT5
2014.06.05,0.81992,0.82637,0.81487,0.81567,57824,2,0,CADCHF,Pepperstone MT5
2014.06.06,0.81562,0.81849,0.81493,0.81712,49292,5,0,CADCHF,Pepperstone MT5
2014.06.09,0.81712,0.82319,0.81633,0.82256,40680,5,0,CADCHF,Pepperstone MT5
2014.06.10,0.82256,0.82524,0.82221,0.82447,47167,5,0,CADCHF,Pepperstone MT5
2014.06.11,0.82443,0.82835,0.82424,0.82801,47645,6,0,CADCHF,Pepperstone MT5
2014.06.12,0.82763,0.82993,0.82606,0.82726,46164,6,0,CADCHF,Pepperstone MT5
2014.06.13,0.82723,0.82948,0.82537,0.82852,45282,1,0,CADCHF,Pepperstone MT5
2014.06.16,0.82905,0.83013,0.82567,0.82709,44336,1,0,CADCHF,Pepperstone MT5
2014.06.17,0.82709,0.82936,0.82625,0.82788,42846,6,0,CADCHF,Pepperstone MT5
2014.06.18,0.82792,0.82816,0.82392,0.82646,48277,4,0,CADCHF,Pepperstone MT5
2014.06.19,0.82633,0.82807,0.82288,0.82625,48829,6,0,CADCHF,Pepperstone MT5
2014.06.20,0.82628,0.83406,0.82481,0.83162,45609,4,0,CADCHF,Pepperstone MT5
2014.06.21,0.83157,0.83157,0.83157,0.83157,1,77,0,CADCHF,Pepperstone MT5
2014.06.23,0.83228,0.83601,0.83197,0.83319,41961,5,0,CADCHF,Pepperstone MT5
2014.06.24,0.83314,0.83497,0.83164,0.83172,39329,5,0,CADCHF,Pepperstone MT5
2014.06.25,0.83170,0.83293,0.83062,0.83272,34658,6,0,CADCHF,Pepperstone MT5
2014.06.26,0.83272,0.83640,0.83210,0.83581,34453,3,0,CADCHF,Pepperstone MT5
2014.06.27,0.83577,0.83608,0.83365,0.83482,35345,6,0,CADCHF,Pepperstone MT5
2014.06.30,0.83539,0.83558,0.83016,0.83084,25792,2,0,CADCHF,Pepperstone MT5
2014.07.01,0.83079,0.83466,0.83038,0.83452,28821,12,0,CADCHF,Pepperstone MT5
2014.07.02,0.83449,0.83607,0.83278,0.83306,29680,12,0,CADCHF,Pepperstone MT5
2014.07.03,0.83318,0.84151,0.83291,0.83981,33527,3,0,CADCHF,Pepperstone MT5
2014.07.04,0.83977,0.84199,0.83872,0.83872,25419,3,0,CADCHF,Pepperstone MT5
2014.07.07,0.83955,0.84091,0.83593,0.83617,27904,3,0,CADCHF,Pepperstone MT5
2014.07.08,0.83616,0.83798,0.83535,0.83612,28496,3,0,CADCHF,Pepperstone MT5
2014.07.09,0.83606,0.83818,0.83527,0.83631,31283,3,0,CADCHF,Pepperstone MT5
2014.07.10,0.83628,0.83833,0.83487,0.83761,32441,3,0,CADCHF,Pepperstone MT5
2014.07.11,0.83754,0.83957,0.83045,0.83097,49666,3,0,CADCHF,Pepperstone MT5
2014.07.14,0.83119,0.83319,0.82840,0.83238,42718,4,0,CADCHF,Pepperstone MT5
2014.07.15,0.83241,0.83318,0.83012,0.83228,39439,1,0,CADCHF,Pepperstone MT5
2014.07.16,0.83222,0.83771,0.83202,0.83608,18017,6,0,CADCHF,Pepperstone MT5
2014.07.17,0.83584,0.83727,0.83346,0.83350,17552,6,0,CADCHF,Pepperstone MT5
2014.07.18,0.83350,0.83886,0.83335,0.83630,17919,7,0,CADCHF,Pepperstone MT5
2014.07.21,0.83616,0.83727,0.83493,0.83597,20946,13,0,CADCHF,Pepperstone MT5
2014.07.22,0.83532,0.84072,0.83532,0.84015,30314,1,0,CADCHF,Pepperstone MT5
2014.07.23,0.84007,0.84276,0.83928,0.84030,27188,10,0,CADCHF,Pepperstone MT5
2014.07.24,0.84062,0.84159,0.83919,0.83952,28814,8,0,CADCHF,Pepperstone MT5
2014.07.25,0.83960,0.84091,0.83585,0.83585,24374,6,0,CADCHF,Pepperstone MT5
2014.07.28,0.83643,0.83772,0.83571,0.83686,20083,9,0,CADCHF,Pepperstone MT5
2014.07.29,0.83676,0.83779,0.83475,0.83555,27766,7,0,CADCHF,Pepperstone MT5
2014.07.30,0.83522,0.83572,0.83310,0.83320,27995,7,0,CADCHF,Pepperstone MT5
2014.07.31,0.83259,0.83560,0.83154,0.83310,30248,8,0,CADCHF,Pepperstone MT5
2014.08.01,0.83304,0.83334,0.82785,0.82861,34022,9,0,CADCHF,Pepperstone MT5
2014.08.04,0.82934,0.83134,0.82869,0.83115,24573,12,0,CADCHF,Pepperstone MT5
2014.08.05,0.83116,0.83234,0.82861,0.82918,37494,12,0,CADCHF,Pepperstone MT5
2014.08.06,0.82913,0.83259,0.82846,0.83129,41553,12,0,CADCHF,Pepperstone MT5
2014.08.07,0.83114,0.83395,0.82973,0.83169,43309,12,0,CADCHF,Pepperstone MT5
2014.08.08,0.83169,0.83224,0.82360,0.82485,47132,12,0,CADCHF,Pepperstone MT5
2014.08.11,0.82529,0.83023,0.82516,0.82991,31603,12,0,CADCHF,Pepperstone MT5
2014.08.12,0.82976,0.83164,0.82923,0.83062,35081,12,0,CADCHF,Pepperstone MT5
2014.08.13,0.83059,0.83315,0.82818,0.83117,38855,12,0,CADCHF,Pepperstone MT5
2014.08.14,0.83128,0.83237,0.82863,0.83124,36375,12,0,CADCHF,Pepperstone MT5
2014.08.15,0.83126,0.83268,0.82673,0.82762,41723,12,0,CADCHF,Pepperstone MT5
2014.08.18,0.82955,0.83285,0.82911,0.83240,25368,12,0,CADCHF,Pepperstone MT5
2014.08.19,0.83235,0.83315,0.83017,0.83068,36664,12,0,CADCHF,Pepperstone MT5
2014.08.20,0.83066,0.83335,0.83066,0.83237,45129,12,0,CADCHF,Pepperstone MT5
2014.08.21,0.83244,0.83359,0.83099,0.83280,36975,12,0,CADCHF,Pepperstone MT5
2014.08.22,0.83276,0.83586,0.83026,0.83421,42327,12,0,CADCHF,Pepperstone MT5
2014.08.25,0.83626,0.83770,0.83261,0.83322,31757,12,0,CADCHF,Pepperstone MT5
2014.08.26,0.83332,0.83803,0.83289,0.83761,39162,12,0,CADCHF,Pepperstone MT5
2014.08.27,0.83751,0.84462,0.83726,0.84171,51488,12,0,CADCHF,Pepperstone MT5
2014.08.28,0.84174,0.84436,0.84078,0.84245,43196,3,0,CADCHF,Pepperstone MT5
2014.08.29,0.84246,0.84608,0.84214,0.84399,37790,3,0,CADCHF,Pepperstone MT5
2014.09.01,0.84471,0.84644,0.84440,0.84561,25756,12,0,CADCHF,Pepperstone MT5
2014.09.02,0.84557,0.84595,0.84053,0.84069,41118,12,0,CADCHF,Pepperstone MT5
2014.09.03,0.84064,0.84509,0.84027,0.84262,47385,1,0,CADCHF,Pepperstone MT5
2014.09.04,0.84256,0.85893,0.84158,0.85676,63377,1,0,CADCHF,Pepperstone MT5
2014.09.05,0.85685,0.85767,0.85193,0.85536,53845,1,0,CADCHF,Pepperstone MT5
2014.09.08,0.85528,0.85636,0.85059,0.85244,48788,1,0,CADCHF,Pepperstone MT5
2014.09.09,0.85165,0.85299,0.84790,0.84909,59430,1,0,CADCHF,Pepperstone MT5
2014.09.10,0.84913,0.85746,0.84772,0.85606,50221,1,0,CADCHF,Pepperstone MT5
2014.09.11,0.85593,0.85631,0.84600,0.84771,32574,1,0,CADCHF,Pepperstone MT5
2014.09.12,0.84767,0.84840,0.84120,0.84136,54970,1,0,CADCHF,Pepperstone MT5
2014.09.15,0.84170,0.84769,0.84106,0.84578,45194,1,0,CADCHF,Pepperstone MT5
2014.09.16,0.84571,0.85053,0.84306,0.85004,58353,1,0,CADCHF,Pepperstone MT5
2014.09.17,0.84983,0.85613,0.84957,0.85561,63296,1,0,CADCHF,Pepperstone MT5
2014.09.18,0.85530,0.85593,0.85135,0.85372,61302,1,0,CADCHF,Pepperstone MT5
2014.09.19,0.85334,0.86092,0.85197,0.85789,62109,1,0,CADCHF,Pepperstone MT5
2014.09.22,0.85844,0.85900,0.85079,0.85079,72318,1,0,CADCHF,Pepperstone MT5
2014.09.23,0.85088,0.85305,0.84735,0.84821,54105,1,0,CADCHF,Pepperstone MT5
2014.09.24,0.84823,0.85524,0.84757,0.85494,54263,1,0,CADCHF,Pepperstone MT5
2014.09.25,0.85489,0.85686,0.85171,0.85172,65128,1,0,CADCHF,Pepperstone MT5
2014.09.26,0.85180,0.85435,0.85088,0.85273,52810,1,0,CADCHF,Pepperstone MT5
2014.09.29,0.85298,0.85450,0.85077,0.85197,54839,1,0,CADCHF,Pepperstone MT5
2014.09.30,0.85205,0.85860,0.85138,0.85275,65445,1,0,CADCHF,Pepperstone MT5
2014.10.01,0.85268,0.85723,0.85191,0.85616,66901,1,0,CADCHF,Pepperstone MT5
2014.10.02,0.85608,0.86143,0.85329,0.85481,81024,1,0,CADCHF,Pepperstone MT5
2014.10.03,0.85479,0.86032,0.85395,0.86018,61085,1,0,CADCHF,Pepperstone MT5
2014.10.06,0.85984,0.86374,0.85902,0.86064,53490,1,0,CADCHF,Pepperstone MT5
2014.10.07,0.86059,0.86208,0.85595,0.85612,73736,1,0,CADCHF,Pepperstone MT5
2014.10.08,0.85612,0.85872,0.85357,0.85672,76265,1,0,CADCHF,Pepperstone MT5
2014.10.09,0.85652,0.85806,0.85279,0.85281,79481,1,0,CADCHF,Pepperstone MT5
2014.10.10,0.85289,0.85762,0.85098,0.85452,66014,1,0,CADCHF,Pepperstone MT5
2014.10.13,0.85406,0.85477,0.84612,0.84633,57712,1,0,CADCHF,Pepperstone MT5
2014.10.14,0.84608,0.85057,0.84345,0.84389,65871,1,0,CADCHF,Pepperstone MT5
2014.10.15,0.84406,0.84509,0.83320,0.83492,95537,1,0,CADCHF,Pepperstone MT5
2014.10.16,0.83509,0.83934,0.83172,0.83690,90312,1,0,CADCHF,Pepperstone MT5
2014.10.17,0.83687,0.84293,0.83600,0.83859,54937,1,0,CADCHF,Pepperstone MT5
2014.10.20,0.83891,0.84088,0.83463,0.83504,49054,10,0,CADCHF,Pepperstone MT5
2014.10.21,0.83503,0.84583,0.83460,0.84556,61760,10,0,CADCHF,Pepperstone MT5
2014.10.22,0.84556,0.85173,0.84318,0.84842,61840,10,0,CADCHF,Pepperstone MT5
2014.10.23,0.84855,0.85005,0.84633,0.84938,58273,10,0,CADCHF,Pepperstone MT5
2014.10.24,0.84937,0.85093,0.84653,0.84687,46806,1,0,CADCHF,Pepperstone MT5
2014.10.27,0.84646,0.84714,0.84291,0.84398,44136,1,0,CADCHF,Pepperstone MT5
2014.10.28,0.84392,0.84823,0.84289,0.84797,52878,1,0,CADCHF,Pepperstone MT5
2014.10.29,0.84798,0.85376,0.84737,0.85327,60695,13,0,CADCHF,Pepperstone MT5
2014.10.30,0.85315,0.85756,0.85261,0.85426,69553,13,0,CADCHF,Pepperstone MT5
2014.10.31,0.85415,0.85812,0.85102,0.85407,87332,13,0,CADCHF,Pepperstone MT5
2014.11.03,0.85482,0.85804,0.84806,0.85003,83297,13,0,CADCHF,Pepperstone MT5
2014.11.04,0.85000,0.85035,0.83997,0.84094,80690,13,0,CADCHF,Pepperstone MT5
2014.11.05,0.84073,0.84780,0.84011,0.84655,91216,10,0,CADCHF,Pepperstone MT5
2014.11.06,0.84647,0.85237,0.84262,0.85172,97910,4,0,CADCHF,Pepperstone MT5
2014.11.07,0.85166,0.85644,0.84837,0.85204,93145,10,0,CADCHF,Pepperstone MT5
2014.11.10,0.85195,0.85445,0.85022,0.85055,70280,10,0,CADCHF,Pepperstone MT5
2014.11.11,0.85053,0.85397,0.84947,0.85059,66446,4,0,CADCHF,Pepperstone MT5
2014.11.12,0.85061,0.85632,0.84930,0.85355,84566,10,0,CADCHF,Pepperstone MT5
2014.11.13,0.85360,0.85443,0.84562,0.84737,71995,2,0,CADCHF,Pepperstone MT5
2014.11.14,0.84694,0.85372,0.84641,0.84926,73201,4,0,CADCHF,Pepperstone MT5
2014.11.17,0.84952,0.85445,0.84738,0.85320,72738,1,0,CADCHF,Pepperstone MT5
2014.11.18,0.85306,0.85501,0.84626,0.84809,48966,4,0,CADCHF,Pepperstone MT5
2014.11.19,0.84832,0.84832,0.84195,0.84359,44192,5,0,CADCHF,Pepperstone MT5
2014.11.20,0.84352,0.84889,0.84204,0.84753,65473,13,0,CADCHF,Pepperstone MT5
2014.11.21,0.84753,0.86419,0.84625,0.86313,63057,8,0,CADCHF,Pepperstone MT5
2014.11.22,0.86339,0.86339,0.86339,0.86339,1,68,0,CADCHF,Pepperstone MT5
2014.11.24,0.86526,0.86562,0.85510,0.85609,36103,9,8594000000,CADCHF,Pepperstone MT5
2014.11.25,0.85609,0.85992,0.85443,0.85647,52974,11,33600000,CADCHF,Pepperstone MT5
2014.11.26,0.85655,0.85779,0.85325,0.85538,56092,7,0,CADCHF,Pepperstone MT5
2014.11.27,0.85542,0.85693,0.84780,0.85063,28228,7,0,CADCHF,Pepperstone MT5
2014.11.28,0.85065,0.85117,0.84192,0.84445,52639,13,0,CADCHF,Pepperstone MT5
2014.11.29,0.84445,0.84582,0.84397,0.84516,1331,13,0,CADCHF,Pepperstone MT5
2014.12.01,0.84466,0.85213,0.84411,0.85133,64533,13,0,CADCHF,Pepperstone MT5
2014.12.02,0.85130,0.85389,0.84989,0.85317,48308,10,0,CADCHF,Pepperstone MT5
2014.12.03,0.85323,0.86109,0.85173,0.85996,43283,6,0,CADCHF,Pepperstone MT5
2014.12.04,0.85996,0.86228,0.84814,0.85344,63968,13,0,CADCHF,Pepperstone MT5
2014.12.05,0.85343,0.85714,0.85152,0.85559,42727,8,0,CADCHF,Pepperstone MT5
2014.12.06,0.85559,0.85591,0.85502,0.85555,608,20,0,CADCHF,Pepperstone MT5
2014.12.08,0.85383,0.85834,0.84971,0.85040,26351,2,24882200000,CADCHF,Pepperstone MT5
2014.12.09,0.85042,0.85088,0.84599,0.84904,44814,2,17390500000,CADCHF,Pepperstone MT5
2014.12.10,0.84905,0.84915,0.84093,0.84217,40596,3,21518000000,CADCHF,Pepperstone MT5
2014.12.11,0.84217,0.84445,0.83893,0.84084,32496,1,29720300000,CADCHF,Pepperstone MT5
2014.12.12,0.84084,0.84092,0.83187,0.83298,31081,1,23026500000,CADCHF,Pepperstone MT5
2014.12.13,0.83297,0.83367,0.83122,0.83122,1853,68,0,CADCHF,Pepperstone MT5
2014.12.15,0.82946,0.83577,0.82710,0.82848,31086,3,29528400000,CADCHF,Pepperstone MT5
2014.12.16,0.82854,0.82956,0.81985,0.82454,40088,1,37503400000,CADCHF,Pepperstone MT5
2014.12.17,0.82458,0.83625,0.82454,0.83601,38539,1,36007600000,CADCHF,Pepperstone MT5
2014.12.18,0.83596,0.84620,0.83496,0.84482,39133,1,35775500000,CADCHF,Pepperstone MT5
2014.12.19,0.84481,0.84866,0.84138,0.84792,27243,2,28409300000,CADCHF,Pepperstone MT5
2014.12.20,0.84811,0.84842,0.84634,0.84634,796,14,546500000,CADCHF,Pepperstone MT5
2014.12.22,0.84740,0.84833,0.84209,0.84563,83648,7,89846030000,CADCHF,Pepperstone MT5
2014.12.23,0.84563,0.85105,0.84488,0.84938,94064,1,92490890000,CADCHF,Pepperstone MT5
2014.12.24,0.84938,0.85028,0.84713,0.84855,60278,4,66624650000,CADCHF,Pepperstone MT5
2014.12.26,0.84745,0.85126,0.84740,0.84950,29781,7,32561800000,CADCHF,Pepperstone MT5
2014.12.27,0.84948,0.84966,0.84852,0.84874,1574,16,1367700000,CADCHF,Pepperstone MT5
2014.12.29,0.84956,0.85118,0.84644,0.85099,75479,4,81201200000,CADCHF,Pepperstone MT5
2014.12.30,0.85097,0.85276,0.84866,0.85195,88010,3,100799650000,CADCHF,Pepperstone MT5
2014.12.31,0.85195,0.85900,0.85114,0.85548,66752,3,75066150000,CADCHF,Pepperstone MT5
2015.01.02,0.85500,0.85756,0.85105,0.85115,95140,6,108122300000,CADCHF,Pepperstone MT5
2015.01.03,0.85115,0.85129,0.84914,0.84914,2277,11,1564400000,CADCHF,Pepperstone MT5
2015.01.05,0.85270,0.87208,0.84975,0.85650,123334,7,136261800000,CADCHF,Pepperstone MT5
2015.01.06,0.85650,0.85827,0.85087,0.85322,126783,3,132537900000,CADCHF,Pepperstone MT5
2015.01.07,0.85321,0.85915,0.85210,0.85844,131795,2,133360950000,CADCHF,Pepperstone MT5
2015.01.08,0.85844,0.86493,0.85741,0.86065,113230,2,120522200000,CADCHF,Pepperstone MT5
2015.01.09,0.86066,0.86204,0.85434,0.85440,116165,1,114589950000,CADCHF,Pepperstone MT5
2015.01.10,0.85440,0.85537,0.85375,0.85420,2807,13,1507700000,CADCHF,Pepperstone MT5
2015.01.12,0.85381,0.85746,0.84737,0.84776,114040,2,118196010000,CADCHF,Pepperstone MT5
2015.01.13,0.84775,0.85553,0.84619,0.85341,127251,1,137852670000,CADCHF,Pepperstone MT5
2015.01.14,0.85341,0.85422,0.84790,0.85265,139239,4,153649200000,CADCHF,Pepperstone MT5
2015.01.15,0.85262,0.85471,0.67890,0.72602,82444,8,56551450000,CADCHF,Pepperstone MT5
2015.01.16,0.72594,0.73608,0.70480,0.71509,128913,8,0,CADCHF,Pepperstone MT5
2015.01.17,0.71498,0.71925,0.71475,0.71649,4405,68,0,CADCHF,Pepperstone MT5
2015.01.19,0.71896,0.73596,0.71480,0.73583,61005,22,0,CADCHF,Pepperstone MT5
2015.01.20,0.73583,0.73764,0.71941,0.72330,45440,34,0,CADCHF,Pepperstone MT5
2015.01.21,0.72323,0.72557,0.69376,0.69562,53640,26,0,CADCHF,Pepperstone MT5
2015.01.22,0.69561,0.70624,0.68874,0.70346,55831,34,0,CADCHF,Pepperstone MT5
2015.01.23,0.70349,0.70939,0.70076,0.70809,57835,34,0,CADCHF,Pepperstone MT5
2015.01.24,0.70810,0.70897,0.70679,0.70699,1312,73,0,CADCHF,Pepperstone MT5
2015.01.26,0.70648,0.72554,0.70320,0.72408,53173,43,0,CADCHF,Pepperstone MT5
2015.01.27,0.72411,0.73560,0.71557,0.72565,53584,3,1650500000,CADCHF,Pepperstone MT5
2015.01.28,0.72565,0.73135,0.71875,0.72356,51560,42,0,CADCHF,Pepperstone MT5
2015.01.29,0.72357,0.73629,0.72109,0.73171,44171,27,7200000,CADCHF,Pepperstone MT5
2015.01.30,0.73166,0.73391,0.72040,0.72200,47568,39,0,CADCHF,Pepperstone MT5
2015.01.31,0.72197,0.72409,0.72117,0.72122,1835,68,0,CADCHF,Pepperstone MT5
2015.02.02,0.72921,0.73878,0.72436,0.73700,52136,47,0,CADCHF,Pepperstone MT5
2015.02.03,0.73695,0.74564,0.73050,0.74560,62044,52,0,CADCHF,Pepperstone MT5
2015.02.04,0.74555,0.74664,0.73272,0.73422,62873,37,0,CADCHF,Pepperstone MT5
2015.02.05,0.73423,0.74492,0.73358,0.74175,85605,53,0,CADCHF,Pepperstone MT5
2015.02.06,0.74169,0.74447,0.73663,0.73836,76517,47,0,CADCHF,Pepperstone MT5
2015.02.07,0.73834,0.73978,0.73774,0.73911,2210,105,0,CADCHF,Pepperstone MT5
2015.02.09,0.73837,0.74345,0.73657,0.74064,66646,75,0,CADCHF,Pepperstone MT5
2015.02.10,0.74060,0.74334,0.73366,0.73630,71608,38,0,CADCHF,Pepperstone MT5
2015.02.11,0.73629,0.73726,0.73008,0.73455,60599,42,0,CADCHF,Pepperstone MT5
2015.02.12,0.73455,0.74713,0.73271,0.74434,75603,53,0,CADCHF,Pepperstone MT5
2015.02.13,0.74435,0.74937,0.73994,0.74777,77910,49,0,CADCHF,Pepperstone MT5
2015.02.14,0.74783,0.74891,0.74717,0.74806,1905,90,0,CADCHF,Pepperstone MT5
2015.02.16,0.74817,0.74924,0.74403,0.74703,62131,74,0,CADCHF,Pepperstone MT5
2015.02.17,0.74703,0.75677,0.74630,0.75632,76355,73,0,CADCHF,Pepperstone MT5
2015.02.18,0.75627,0.76022,0.75169,0.75814,74871,49,0,CADCHF,Pepperstone MT5
2015.02.19,0.75813,0.76006,0.75185,0.75963,63483,46,0,CADCHF,Pepperstone MT5
2015.02.20,0.75964,0.76537,0.74870,0.74950,63517,31,0,CADCHF,Pepperstone MT5
2015.02.21,0.74946,0.75016,0.74703,0.74827,1368,91,0,CADCHF,Pepperstone MT5
2015.02.23,0.75044,0.75775,0.74828,0.75552,52050,63,0,CADCHF,Pepperstone MT5
2015.02.24,0.75548,0.76088,0.74985,0.76032,56485,24,0,CADCHF,Pepperstone MT5
2015.02.25,0.76033,0.76534,0.75948,0.76277,52802,39,0,CADCHF,Pepperstone MT5
2015.02.26,0.76230,0.76495,0.75929,0.76086,58991,26,0,CADCHF,Pepperstone MT5
2015.02.27,0.76078,0.76283,0.75761,0.76215,62085,39,0,CADCHF,Pepperstone MT5
2015.02.28,0.76211,0.76333,0.76165,0.76179,1380,83,0,CADCHF,Pepperstone MT5
2015.03.02,0.76191,0.76599,0.76086,0.76434,44339,67,0,CADCHF,Pepperstone MT5
2015.03.03,0.76433,0.77236,0.76228,0.76948,50320,30,0,CADCHF,Pepperstone MT5
2015.03.04,0.76947,0.77657,0.76494,0.77542,53029,37,0,CADCHF,Pepperstone MT5
2015.03.05,0.77541,0.78038,0.77430,0.77864,49655,46,0,CADCHF,Pepperstone MT5
2015.03.06,0.77865,0.78432,0.77619,0.78071,48528,42,0,CADCHF,Pepperstone MT5
2015.03.07,0.78065,0.78164,0.78032,0.78046,1907,72,0,CADCHF,Pepperstone MT5
2015.03.09,0.78159,0.78381,0.77950,0.78163,43052,33,0,CADCHF,Pepperstone MT5
2015.03.10,0.78153,0.79124,0.78049,0.78736,67173,27,0,CADCHF,Pepperstone MT5
2015.03.11,0.78723,0.79461,0.78606,0.79084,66669,31,0,CADCHF,Pepperstone MT5
2015.03.12,0.79083,0.79383,0.78779,0.78941,65564,29,0,CADCHF,Pepperstone MT5
2015.03.13,0.78925,0.79148,0.78443,0.78584,65926,1,0,CADCHF,Pepperstone MT5
2015.03.16,0.78563,0.78946,0.78405,0.78873,60521,1,0,CADCHF,Pepperstone MT5
2015.03.17,0.78795,0.78954,0.78294,0.78670,44661,1,0,CADCHF,Pepperstone MT5
2015.03.18,0.78661,0.78689,0.77293,0.77776,65204,1,0,CADCHF,Pepperstone MT5
2015.03.19,0.77784,0.78748,0.77584,0.77773,88036,10,0,CADCHF,Pepperstone MT5
2015.03.20,0.77750,0.78065,0.77069,0.77606,63450,50,0,CADCHF,Pepperstone MT5
2015.03.23,0.77628,0.77861,0.77064,0.77087,65456,20,0,CADCHF,Pepperstone MT5
2015.03.24,0.77089,0.77288,0.76238,0.76663,65394,34,0,CADCHF,Pepperstone MT5
2015.03.25,0.76655,0.76775,0.76293,0.76582,55175,67,0,CADCHF,Pepperstone MT5
2015.03.26,0.76579,0.77245,0.76322,0.77081,60011,15,0,CADCHF,Pepperstone MT5
2015.03.27,0.77085,0.77382,0.75946,0.76178,61279,15,0,CADCHF,Pepperstone MT5
2015.03.30,0.76248,0.76438,0.76041,0.76252,57217,46,0,CADCHF,Pepperstone MT5
2015.03.31,0.76251,0.76804,0.75788,0.76687,39922,33,0,CADCHF,Pepperstone MT5
2015.04.01,0.76690,0.76738,0.76266,0.76439,55421,66,0,CADCHF,Pepperstone MT5
2015.04.02,0.76489,0.76618,0.75828,0.76253,49332,4,0,CADCHF,Pepperstone MT5
2015.04.03,0.76330,0.76413,0.75891,0.76325,25074,29,0,CADCHF,Pepperstone MT5
2015.04.04,0.76325,0.76330,0.75989,0.76014,1068,128,0,CADCHF,Pepperstone MT5
2015.04.06,0.76014,0.76755,0.76014,0.76722,28058,15,0,CADCHF,Pepperstone MT5
2015.04.07,0.76717,0.77275,0.76581,0.77240,41927,12,0,CADCHF,Pepperstone MT5
2015.04.08,0.77241,0.77435,0.76845,0.76992,37916,25,0,CADCHF,Pepperstone MT5
2015.04.09,0.76995,0.77670,0.76910,0.77642,36875,19,0,CADCHF,Pepperstone MT5
2015.04.10,0.77643,0.77881,0.77371,0.77735,35151,20,0,CADCHF,Pepperstone MT5
2015.04.11,0.77738,0.77927,0.77698,0.77889,742,78,0,CADCHF,Pepperstone MT5
2015.04.13,0.77889,0.78006,0.77430,0.77526,33201,15,0,CADCHF,Pepperstone MT5
2015.04.14,0.77523,0.77908,0.77483,0.77816,40290,21,0,CADCHF,Pepperstone MT5
2015.04.15,0.77817,0.78597,0.77348,0.78363,46469,14,0,CADCHF,Pepperstone MT5
2015.04.16,0.78367,0.78941,0.78168,0.78483,98304,17,0,CADCHF,Pepperstone MT5
2015.04.17,0.78481,0.78874,0.77640,0.77772,74807,16,0,CADCHF,Pepperstone MT5
2015.04.18,0.77771,0.77903,0.77510,0.77775,911,39,0,CADCHF,Pepperstone MT5
2015.04.20,0.77775,0.78532,0.77713,0.78137,45116,9,0,CADCHF,Pepperstone MT5
2015.04.21,0.78135,0.78573,0.77511,0.77743,55193,6,0,CADCHF,Pepperstone MT5
2015.04.22,0.77743,0.79377,0.77671,0.79319,50737,7,0,CADCHF,Pepperstone MT5
2015.04.23,0.79315,0.79405,0.78476,0.78534,51609,3,0,CADCHF,Pepperstone MT5
2015.04.24,0.78532,0.78849,0.78228,0.78360,49726,1,0,CADCHF,Pepperstone MT5
2015.04.25,0.78361,0.78436,0.78078,0.78281,960,17,0,CADCHF,Pepperstone MT5
2015.04.27,0.78253,0.79075,0.78223,0.79012,56806,1,0,CADCHF,Pepperstone MT5
2015.04.28,0.79006,0.79547,0.78825,0.79467,89698,1,0,CADCHF,Pepperstone MT5
2015.04.29,0.79467,0.79578,0.77951,0.78192,105036,1,0,CADCHF,Pepperstone MT5
2015.04.30,0.78190,0.78265,0.76970,0.77286,114210,1,0,CADCHF,Pepperstone MT5
2015.05.01,0.77297,0.77354,0.76372,0.76715,76763,3,0,CADCHF,Pepperstone MT5
2015.05.02,0.76714,0.76722,0.76555,0.76619,2120,10,0,CADCHF,Pepperstone MT5
2015.05.04,0.76744,0.77327,0.76601,0.77191,43099,4,0,CADCHF,Pepperstone MT5
2015.05.05,0.77186,0.77645,0.76707,0.76780,15914,1,0,CADCHF,Pepperstone MT5
2015.05.06,0.76768,0.76994,0.75862,0.76052,28772,1,0,CADCHF,Pepperstone MT5
2015.05.07,0.76052,0.76131,0.75148,0.75991,14552,1,0,CADCHF,Pepperstone MT5
2015.05.08,0.76006,0.77066,0.75898,0.76991,19959,1,0,CADCHF,Pepperstone MT5
2015.05.09,0.77011,0.77126,0.76936,0.77096,350,30,0,CADCHF,Pepperstone MT5
2015.05.11,0.77024,0.77341,0.76623,0.77129,30192,12,0,CADCHF,Pepperstone MT5
2015.05.12,0.77119,0.77477,0.76377,0.77310,69013,1,0,CADCHF,Pepperstone MT5
2015.05.13,0.77299,0.77535,0.76516,0.76661,47965,10,0,CADCHF,Pepperstone MT5
2015.05.14,0.76659,0.76767,0.75972,0.76049,62540,13,0,CADCHF,Pepperstone MT5
2015.05.15,0.76039,0.76819,0.75974,0.76167,53124,12,0,CADCHF,Pepperstone MT5
2015.05.16,0.76149,0.76225,0.76120,0.76160,477,19,0,CADCHF,Pepperstone MT5
2015.05.18,0.76203,0.76506,0.75857,0.76068,30487,9,0,CADCHF,Pepperstone MT5
2015.05.19,0.76066,0.76837,0.76025,0.76628,69353,43,0,CADCHF,Pepperstone MT5
2015.05.20,0.76628,0.76957,0.76502,0.76729,74943,33,0,CADCHF,Pepperstone MT5
2015.05.21,0.76730,0.76933,0.76291,0.76678,68975,15,0,CADCHF,Pepperstone MT5
2015.05.22,0.76676,0.76970,0.76113,0.76718,67591,43,0,CADCHF,Pepperstone MT5
2015.05.23,0.76718,0.76787,0.76589,0.76787,1052,43,0,CADCHF,Pepperstone MT5
2015.05.25,0.76718,0.76820,0.76507,0.76752,35757,43,0,CADCHF,Pepperstone MT5
2015.05.26,0.76747,0.77077,0.76241,0.76675,73479,7,0,CADCHF,Pepperstone MT5
2015.05.27,0.76676,0.76708,0.75998,0.76255,75788,43,0,CADCHF,Pepperstone MT5
2015.05.28,0.76242,0.76269,0.75584,0.75903,85168,43,0,CADCHF,Pepperstone MT5
2015.05.29,0.75901,0.76143,0.74870,0.75535,80798,37,0,CADCHF,Pepperstone MT5
2015.05.30,0.75535,0.75564,0.75410,0.75518,1737,43,0,CADCHF,Pepperstone MT5
2015.06.01,0.75537,0.75932,0.75248,0.75472,78444,13,0,CADCHF,Pepperstone MT5
2015.06.02,0.75470,0.75558,0.74841,0.75202,108602,4,0,CADCHF,Pepperstone MT5
2015.06.03,0.75197,0.75473,0.74768,0.75032,63153,1,0,CADCHF,Pepperstone MT5
2015.06.04,0.75021,0.75078,0.74533,0.74602,24852,1,0,CADCHF,Pepperstone MT5
2015.06.05,0.74591,0.76009,0.74259,0.75555,112320,13,0,CADCHF,Pepperstone MT5
2015.06.06,0.75541,0.75576,0.75389,0.75542,1920,13,0,CADCHF,Pepperstone MT5
2015.06.08,0.75567,0.75650,0.74719,0.74889,94878,13,0,CADCHF,Pepperstone MT5
2015.06.09,0.74889,0.75604,0.74416,0.75398,105619,13,0,CADCHF,Pepperstone MT5
2015.06.10,0.75403,0.76018,0.75235,0.75914,124810,13,0,CADCHF,Pepperstone MT5
2015.06.11,0.75906,0.76230,0.75708,0.75991,102874,13,0,CADCHF,Pepperstone MT5
2015.06.12,0.75981,0.76164,0.75151,0.75461,30578,13,0,CADCHF,Pepperstone MT5
2015.06.13,0.75463,0.75474,0.75302,0.75337,374,46,0,CADCHF,Pepperstone MT5
2015.06.15,0.75402,0.75995,0.75207,0.75386,65471,17,0,CADCHF,Pepperstone MT5
2015.06.16,0.75381,0.75732,0.75249,0.75732,64965,13,0,CADCHF,Pepperstone MT5
2015.06.17,0.75730,0.75864,0.74905,0.75338,91733,13,0,CADCHF,Pepperstone MT5
2015.06.18,0.75341,0.75593,0.75184,0.75300,103840,13,0,CADCHF,Pepperstone MT5
2015.06.19,0.75301,0.75605,0.74687,0.74764,75001,13,0,CADCHF,Pepperstone MT5
2015.06.20,0.74768,0.74846,0.74627,0.74768,1569,13,0,CADCHF,Pepperstone MT5
2015.06.22,0.74763,0.75414,0.74576,0.74776,84248,13,0,CADCHF,Pepperstone MT5
2015.06.23,0.74766,0.76005,0.74717,0.75749,88297,13,0,CADCHF,Pepperstone MT5
2015.06.24,0.75739,0.75875,0.75278,0.75328,90634,13,0,CADCHF,Pepperstone MT5
2015.06.25,0.75310,0.76080,0.75252,0.76013,74235,13,0,CADCHF,Pepperstone MT5
2015.06.26,0.76008,0.76041,0.75344,0.75824,71181,13,0,CADCHF,Pepperstone MT5
2015.06.27,0.75803,0.75840,0.75688,0.75719,1671,13,0,CADCHF,Pepperstone MT5
2015.06.29,0.76006,0.76480,0.74612,0.74671,110603,13,0,CADCHF,Pepperstone MT5
2015.06.30,0.74670,0.75307,0.74514,0.74846,96409,13,0,CADCHF,Pepperstone MT5
2015.07.01,0.74845,0.75396,0.74773,0.75321,85577,13,0,CADCHF,Pepperstone MT5
2015.07.02,0.75318,0.75364,0.74884,0.75207,106216,10,0,CADCHF,Pepperstone MT5
2015.07.03,0.75207,0.75229,0.74655,0.74765,93733,12,0,CADCHF,Pepperstone MT5
2015.07.04,0.74762,0.74855,0.74677,0.74700,498,91,0,CADCHF,Pepperstone MT5
2015.07.06,0.74815,0.75036,0.74360,0.74455,115063,13,0,CADCHF,Pepperstone MT5
2015.07.07,0.74461,0.74675,0.74215,0.74381,116324,16,0,CADCHF,Pepperstone MT5
2015.07.08,0.74373,0.74790,0.73924,0.74207,125750,16,0,CADCHF,Pepperstone MT5
2015.07.09,0.74199,0.75031,0.74066,0.74616,115721,20,0,CADCHF,Pepperstone MT5
2015.07.10,0.74614,0.74678,0.73472,0.74105,118267,16,0,CADCHF,Pepperstone MT5
2015.07.11,0.74104,0.74120,0.73781,0.73918,1576,44,0,CADCHF,Pepperstone MT5
2015.07.13,0.73927,0.74599,0.73792,0.74550,106398,17,0,CADCHF,Pepperstone MT5
2015.07.14,0.74551,0.74686,0.73646,0.74179,111435,18,0,CADCHF,Pepperstone MT5
2015.07.15,0.74178,0.74497,0.73491,0.73617,114260,17,0,CADCHF,Pepperstone MT5
2015.07.16,0.73617,0.74114,0.73611,0.73806,108891,18,0,CADCHF,Pepperstone MT5
2015.07.17,0.73802,0.74039,0.73696,0.73946,95118,21,0,CADCHF,Pepperstone MT5
2015.07.18,0.73947,0.74101,0.73941,0.74068,1020,35,0,CADCHF,Pepperstone MT5
2015.07.20,0.73988,0.74281,0.73966,0.74126,96058,21,0,CADCHF,Pepperstone MT5
2015.07.21,0.74125,0.74210,0.73797,0.74022,120493,16,0,CADCHF,Pepperstone MT5
2015.07.22,0.74024,0.74056,0.73613,0.73672,106145,11,0,CADCHF,Pepperstone MT5
2015.07.23,0.73672,0.73903,0.73252,0.73558,104003,11,99644000000,CADCHF,Pepperstone MT5
2015.07.24,0.73558,0.73864,0.73324,0.73794,86187,16,101489450000,CADCHF,Pepperstone MT5
2015.07.25,0.73795,0.73805,0.73715,0.73740,1755,30,1769000000,CADCHF,Pepperstone MT5
2015.07.27,0.73798,0.73938,0.73262,0.73799,91081,15,101402800000,CADCHF,Pepperstone MT5
2015.07.28,0.73799,0.74527,0.73670,0.74398,90282,15,102679200000,CADCHF,Pepperstone MT5
2015.07.29,0.74397,0.74812,0.74152,0.74753,96898,16,111481500000,CADCHF,Pepperstone MT5
2015.07.30,0.74753,0.74898,0.74302,0.74463,103121,15,122973900000,CADCHF,Pepperstone MT5
2015.07.31,0.74463,0.74584,0.73226,0.73820,128866,14,142900250000,CADCHF,Pepperstone MT5
2015.08.01,0.73818,0.73874,0.73632,0.73691,1839,20,1907750000,CADCHF,Pepperstone MT5
2015.08.03,0.73776,0.73902,0.73371,0.73671,109121,11,124421700000,CADCHF,Pepperstone MT5
2015.08.04,0.73670,0.74251,0.73547,0.74174,125727,8,145056500000,CADCHF,Pepperstone MT5
2015.08.05,0.74176,0.74607,0.74018,0.74214,118993,13,140007400000,CADCHF,Pepperstone MT5
2015.08.06,0.74215,0.74817,0.74179,0.74784,96510,14,111439240000,CADCHF,Pepperstone MT5
2015.08.07,0.74784,0.75273,0.74686,0.74927,98511,6,112402191000,CADCHF,Pepperstone MT5
2015.08.08,0.74929,0.74975,0.74728,0.74853,1423,18,1493500000,CADCHF,Pepperstone MT5
2015.08.10,0.74768,0.75650,0.74487,0.75642,84734,12,98228000000,CADCHF,Pepperstone MT5
2015.08.11,0.75647,0.75649,0.74825,0.75394,109480,24,121836000000,CADCHF,Pepperstone MT5
2015.08.12,0.75393,0.75483,0.74585,0.75095,111298,23,126172000000,CADCHF,Pepperstone MT5
2015.08.13,0.75113,0.75341,0.74546,0.74637,96295,27,108065500000,CADCHF,Pepperstone MT5
2015.08.14,0.74637,0.74882,0.74396,0.74539,81898,27,89935250000,CADCHF,Pepperstone MT5
2015.08.15,0.74542,0.74542,0.74393,0.74455,1071,43,1067500000,CADCHF,Pepperstone MT5
2015.08.17,0.74508,0.74781,0.74226,0.74620,73971,22,85923700000,CADCHF,Pepperstone MT5
2015.08.18,0.74619,0.74893,0.74324,0.74820,76870,28,91652950000,CADCHF,Pepperstone MT5
2015.08.19,0.74818,0.74918,0.73530,0.73577,88212,27,101256200000,CADCHF,Pepperstone MT5
2015.08.20,0.73575,0.73832,0.73033,0.73359,96991,21,114862900000,CADCHF,Pepperstone MT5
2015.08.21,0.73357,0.73434,0.71835,0.71980,111466,26,131958750000,CADCHF,Pepperstone MT5
2015.08.22,0.71984,0.72049,0.71657,0.71696,2541,53,2557500000,CADCHF,Pepperstone MT5
2015.08.24,0.71699,0.71877,0.69678,0.70276,161154,28,98488148000,CADCHF,Pepperstone MT5
2015.08.25,0.70276,0.71685,0.69916,0.70447,129540,17,139675498000,CADCHF,Pepperstone MT5
2015.08.26,0.70448,0.71587,0.70285,0.71537,142252,30,158203253000,CADCHF,Pepperstone MT5
2015.08.27,0.71535,0.73317,0.71479,0.73078,116121,13,129987900000,CADCHF,Pepperstone MT5
2015.08.28,0.73080,0.73334,0.72042,0.72791,117374,13,131251200000,CADCHF,Pepperstone MT5
2015.08.29,0.72793,0.72867,0.72704,0.72866,1761,39,1818500000,CADCHF,Pepperstone MT5
2015.08.31,0.72806,0.73480,0.72372,0.73472,91796,13,96820749000,CADCHF,Pepperstone MT5
2015.09.01,0.73465,0.73708,0.72406,0.72608,112235,17,124424200000,CADCHF,Pepperstone MT5
2015.09.02,0.72606,0.73318,0.72223,0.73047,109917,21,125852950000,CADCHF,Pepperstone MT5
2015.09.03,0.73047,0.74226,0.72932,0.73742,100182,21,115381650000,CADCHF,Pepperstone MT5
2015.09.04,0.73742,0.74042,0.73284,0.73287,99397,25,118294000000,CADCHF,Pepperstone MT5
2015.09.05,0.73288,0.73316,0.73074,0.73075,1779,40,1864000000,CADCHF,Pepperstone MT5
2015.09.07,0.73157,0.73512,0.73078,0.73264,64178,24,73660500000,CADCHF,Pepperstone MT5
2015.09.08,0.73264,0.74367,0.72927,0.74177,76628,25,92118478000,CADCHF,Pepperstone MT5
2015.09.09,0.74179,0.74465,0.73458,0.73582,91072,21,109815200000,CADCHF,Pepperstone MT5
2015.09.10,0.73582,0.74101,0.73166,0.73566,107603,21,125028000000,CADCHF,Pepperstone MT5
2015.09.11,0.73569,0.73975,0.73009,0.73067,93313,11,110531000000,CADCHF,Pepperstone MT5
2015.09.12,0.73068,0.73090,0.72966,0.72997,1621,25,1651750000,CADCHF,Pepperstone MT5
2015.09.14,0.73051,0.73397,0.72834,0.73000,61122,11,71614875000,CADCHF,Pepperstone MT5
2015.09.15,0.73002,0.73658,0.72898,0.73521,62229,22,72932500000,CADCHF,Pepperstone MT5
2015.09.16,0.73524,0.73735,0.73150,0.73696,70677,19,82085200000,CADCHF,Pepperstone MT5
2015.09.17,0.73694,0.73754,0.72750,0.72800,86076,21,99014300000,CADCHF,Pepperstone MT5
2015.09.18,0.72796,0.73419,0.72741,0.73331,103140,24,120873500000,CADCHF,Pepperstone MT5
2015.09.19,0.73329,0.73330,0.73131,0.73133,2442,31,2741000000,CADCHF,Pepperstone MT5
2015.09.21,0.73235,0.73592,0.72961,0.73323,86705,19,103581500000,CADCHF,Pepperstone MT5
2015.09.22,0.73325,0.73642,0.73122,0.73489,78709,20,92053230000,CADCHF,Pepperstone MT5
2015.09.23,0.73489,0.73776,0.73192,0.73374,90839,21,102619000000,CADCHF,Pepperstone MT5
2015.09.24,0.73373,0.73631,0.72367,0.73243,94763,23,107232700000,CADCHF,Pepperstone MT5
2015.09.25,0.73243,0.73826,0.73067,0.73511,95450,20,109130000000,CADCHF,Pepperstone MT5
2015.09.26,0.73513,0.73521,0.73302,0.73338,1180,36,1251500000,CADCHF,Pepperstone MT5
2015.09.28,0.73265,0.73670,0.72715,0.72753,76010,18,86809000000,CADCHF,Pepperstone MT5
2015.09.29,0.72748,0.72789,0.72096,0.72418,92174,21,106572900000,CADCHF,Pepperstone MT5
2015.09.30,0.72416,0.73071,0.72267,0.72980,98982,19,112079410000,CADCHF,Pepperstone MT5
2015.10.01,0.72987,0.73926,0.72894,0.73689,99232,21,114373720000,CADCHF,Pepperstone MT5
2015.10.02,0.73691,0.73982,0.72846,0.73823,91745,20,104591000000,CADCHF,Pepperstone MT5
2015.10.03,0.73820,0.73849,0.73701,0.73817,2370,38,2529500000,CADCHF,Pepperstone MT5
2015.10.05,0.73791,0.74619,0.73706,0.74524,88966,17,103259750000,CADCHF,Pepperstone MT5
2015.10.06,0.74522,0.74697,0.74040,0.74174,89462,18,106630950000,CADCHF,Pepperstone MT5
2015.10.07,0.74175,0.74976,0.74053,0.74473,104621,19,123237000000,CADCHF,Pepperstone MT5
2015.10.08,0.74473,0.74561,0.73979,0.74208,97132,16,109073400000,CADCHF,Pepperstone MT5
2015.10.09,0.74211,0.74591,0.73925,0.74311,97447,19,114691475000,CADCHF,Pepperstone MT5
2015.10.10,0.74315,0.74319,0.74197,0.74210,1985,28,2030500000,CADCHF,Pepperstone MT5
2015.10.12,0.74118,0.74505,0.73919,0.73983,66878,20,78694390000,CADCHF,Pepperstone MT5
2015.10.13,0.73983,0.74115,0.73197,0.73477,96771,18,113950500000,CADCHF,Pepperstone MT5
2015.10.14,0.73476,0.73703,0.73110,0.73443,93026,15,110931000000,CADCHF,Pepperstone MT5
2015.10.15,0.73446,0.74133,0.73311,0.73982,94573,39,107088910000,CADCHF,Pepperstone MT5
2015.10.16,0.73980,0.74094,0.73505,0.73837,79662,39,91883918000,CADCHF,Pepperstone MT5
2015.10.17,0.73839,0.73874,0.73715,0.73755,2670,51,2827500000,CADCHF,Pepperstone MT5
2015.10.19,0.73849,0.74114,0.73334,0.73431,71843,39,86080811000,CADCHF,Pepperstone MT5
2015.10.20,0.73431,0.73793,0.72928,0.73674,77679,39,91013750000,CADCHF,Pepperstone MT5
2015.10.21,0.73676,0.73924,0.72834,0.73018,93263,39,109460040000,CADCHF,Pepperstone MT5
2015.10.22,0.73015,0.74313,0.72937,0.74214,102658,39,121237000000,CADCHF,Pepperstone MT5
2015.10.23,0.74209,0.74796,0.73921,0.74291,107385,39,125032750000,CADCHF,Pepperstone MT5
2015.10.24,0.74286,0.74324,0.74236,0.74293,1967,51,2061000000,CADCHF,Pepperstone MT5
2015.10.26,0.74307,0.74877,0.74125,0.74726,80830,39,95582000000,CADCHF,Pepperstone MT5
2015.10.27,0.74744,0.74744,0.74223,0.74291,82973,39,89563500000,CADCHF,Pepperstone MT5
2015.10.28,0.74359,0.75505,0.74216,0.75328,88276,39,100186000000,CADCHF,Pepperstone MT5
2015.10.29,0.75306,0.75429,0.74740,0.75078,76486,30,83430500000,CADCHF,Pepperstone MT5
2015.10.30,0.75065,0.75628,0.74934,0.75470,76060,39,83357200000,CADCHF,Pepperstone MT5
2015.11.02,0.75306,0.75541,0.75124,0.75297,80620,39,98238000000,CADCHF,Pepperstone MT5
2015.11.03,0.75297,0.76024,0.75148,0.75870,88907,39,108759998000,CADCHF,Pepperstone MT5
2015.11.04,0.75869,0.76054,0.75374,0.75484,94970,39,113909250000,CADCHF,Pepperstone MT5
2015.11.05,0.75483,0.75784,0.75324,0.75588,101570,39,123153250000,CADCHF,Pepperstone MT5
2015.11.06,0.75590,0.75848,0.75364,0.75628,91099,39,108566500000,CADCHF,Pepperstone MT5
2015.11.07,0.75627,0.75675,0.75473,0.75499,1688,44,1766500000,CADCHF,Pepperstone MT5
2015.11.09,0.75447,0.75797,0.75265,0.75556,90427,39,112522200000,CADCHF,Pepperstone MT5
2015.11.10,0.75556,0.76026,0.75460,0.75854,93740,34,118274500000,CADCHF,Pepperstone MT5
2015.11.11,0.75855,0.75955,0.75535,0.75707,86906,39,108272150000,CADCHF,Pepperstone MT5
2015.11.12,0.75707,0.76005,0.75097,0.75329,105139,39,126232410000,CADCHF,Pepperstone MT5
2015.11.13,0.75326,0.75730,0.75175,0.75598,99305,39,120549000000,CADCHF,Pepperstone MT5
2015.11.14,0.75598,0.75598,0.75319,0.75388,2189,50,2178000000,CADCHF,Pepperstone MT5
2015.11.16,0.75589,0.75797,0.75296,0.75757,96720,39,115976750000,CADCHF,Pepperstone MT5
2015.11.17,0.75758,0.76317,0.75521,0.76165,99132,39,118853750000,CADCHF,Pepperstone MT5
2015.11.18,0.76167,0.76543,0.76080,0.76527,95933,39,114278350000,CADCHF,Pepperstone MT5
2015.11.19,0.76525,0.76843,0.76102,0.76147,107780,39,131083090000,CADCHF,Pepperstone MT5
2015.11.20,0.76146,0.76521,0.76068,0.76308,104514,39,129029900000,CADCHF,Pepperstone MT5
2015.11.21,0.76310,0.76331,0.76150,0.76181,2096,50,2344750000,CADCHF,Pepperstone MT5
2015.11.23,0.76376,0.76486,0.75926,0.76156,108478,39,134513148000,CADCHF,Pepperstone MT5
2015.11.24,0.76158,0.76440,0.76017,0.76308,109766,39,137239373000,CADCHF,Pepperstone MT5
2015.11.25,0.76308,0.76956,0.76240,0.76851,117137,21,142477644000,CADCHF,Pepperstone MT5
2015.11.26,0.76852,0.77060,0.76694,0.76993,75920,39,90792300000,CADCHF,Pepperstone MT5
2015.11.27,0.76994,0.77400,0.76743,0.76963,93445,39,113792495000,CADCHF,Pepperstone MT5
2015.11.28,0.76957,0.76982,0.76715,0.76718,1613,62,1273500000,CADCHF,Pepperstone MT5
2015.11.30,0.77003,0.77243,0.76874,0.77014,96123,39,121348950000,CADCHF,Pepperstone MT5
2015.12.01,0.77010,0.77269,0.76701,0.76812,108813,16,135067500000,CADCHF,Pepperstone MT5
2015.12.02,0.76819,0.77316,0.76168,0.76331,109193,39,131899500000,CADCHF,Pepperstone MT5
2015.12.03,0.76332,0.76920,0.74006,0.74311,137716,39,164053990000,CADCHF,Pepperstone MT5
2015.12.04,0.74305,0.75032,0.74205,0.74498,146858,39,175670500000,CADCHF,Pepperstone MT5
2015.12.05,0.74495,0.74585,0.74369,0.74435,2515,54,2697000000,CADCHF,Pepperstone MT5
2015.12.07,0.74536,0.74668,0.73928,0.73996,109633,39,142575995000,CADCHF,Pepperstone MT5
2015.12.08,0.73999,0.74069,0.72877,0.72973,124384,39,161867500000,CADCHF,Pepperstone MT5
2015.12.09,0.72971,0.73222,0.72261,0.72530,127386,39,157077500000,CADCHF,Pepperstone MT5
2015.12.10,0.72528,0.73072,0.72328,0.72444,112336,39,140801498000,CADCHF,Pepperstone MT5
2015.12.11,0.72446,0.72507,0.71405,0.71563,110130,39,142202000000,CADCHF,Pepperstone MT5
2015.12.12,0.71561,0.71629,0.71267,0.71274,2147,47,2318499000,CADCHF,Pepperstone MT5
2015.12.14,0.71607,0.71996,0.71152,0.71783,127204,39,163693750000,CADCHF,Pepperstone MT5
2015.12.15,0.71784,0.72419,0.71437,0.72178,112753,39,141876588000,CADCHF,Pepperstone MT5
2015.12.16,0.72178,0.72192,0.71025,0.71816,119016,39,148045000000,CADCHF,Pepperstone MT5
2015.12.17,0.71823,0.72248,0.71118,0.71428,116089,30,148654000000,CADCHF,Pepperstone MT5
2015.12.18,0.71426,0.71734,0.71001,0.71089,109385,39,138211000000,CADCHF,Pepperstone MT5
2015.12.19,0.71083,0.71199,0.70827,0.70871,2036,50,2174000000,CADCHF,Pepperstone MT5
2015.12.21,0.71134,0.71555,0.70734,0.70987,95221,39,124074499000,CADCHF,Pepperstone MT5
2015.12.22,0.70986,0.71320,0.70699,0.70847,78173,39,98746000000,CADCHF,Pepperstone MT5
2015.12.23,0.70848,0.71835,0.70775,0.71406,77053,39,96088500000,CADCHF,Pepperstone MT5
2015.12.24,0.71408,0.71582,0.71062,0.71284,40569,39,49441500000,CADCHF,Pepperstone MT5
2015.12.28,0.71134,0.71390,0.70998,0.71009,56436,30,66963750000,CADCHF,Pepperstone MT5
2015.12.29,0.71010,0.71755,0.70852,0.71731,61419,39,75452000000,CADCHF,Pepperstone MT5
2015.12.30,0.71732,0.71752,0.70913,0.70989,64903,39,77932500000,CADCHF,Pepperstone MT5
2015.12.31,0.70991,0.72439,0.70987,0.72290,60358,30,73141600000,CADCHF,Pepperstone MT5
2016.01.04,0.72402,0.72427,0.71197,0.71900,113894,39,140905000000,CADCHF,Pepperstone MT5
2016.01.05,0.71901,0.72569,0.71750,0.72093,104762,30,131964000000,CADCHF,Pepperstone MT5
2016.01.06,0.72092,0.72140,0.71324,0.71492,121947,30,153382500000,CADCHF,Pepperstone MT5
2016.01.07,0.71492,0.71591,0.70401,0.70403,150239,30,186930149000,CADCHF,Pepperstone MT5
2016.01.08,0.70403,0.71344,0.70153,0.70279,133248,30,164954500000,CADCHF,Pepperstone MT5
2016.01.09,0.70272,0.70284,0.70101,0.70123,2491,50,2700500000,CADCHF,Pepperstone MT5
2016.01.11,0.69981,0.70944,0.69642,0.70407,115108,39,132498000000,CADCHF,Pepperstone MT5
2016.01.12,0.70407,0.70640,0.69867,0.70297,123482,30,150882900000,CADCHF,Pepperstone MT5
2016.01.13,0.70297,0.71109,0.69926,0.70069,127837,30,156746500000,CADCHF,Pepperstone MT5
2016.01.14,0.70070,0.70333,0.69544,0.69969,155411,30,194249450000,CADCHF,Pepperstone MT5
2016.01.15,0.69968,0.70085,0.68549,0.68945,153144,30,187243120000,CADCHF,Pepperstone MT5
2016.01.16,0.68945,0.68985,0.68750,0.68777,2892,48,3334000000,CADCHF,Pepperstone MT5
2016.01.18,0.68509,0.69441,0.68441,0.68985,105692,39,127974800000,CADCHF,Pepperstone MT5
2016.01.19,0.68987,0.69772,0.68672,0.68888,137317,39,170737000000,CADCHF,Pepperstone MT5
2016.01.20,0.68887,0.69436,0.68019,0.69282,169937,39,214664872000,CADCHF,Pepperstone MT5
2016.01.21,0.69285,0.71052,0.68872,0.70438,174961,39,230815841000,CADCHF,Pepperstone MT5
2016.01.22,0.70437,0.71911,0.70402,0.71788,153879,30,207025337000,CADCHF,Pepperstone MT5
2016.01.23,0.71787,0.71934,0.71709,0.71794,2945,46,3497640000,CADCHF,Pepperstone MT5
2016.01.25,0.71723,0.71898,0.70932,0.70945,143973,30,187939451000,CADCHF,Pepperstone MT5
2016.01.26,0.70947,0.72565,0.70656,0.72231,155048,30,205755532000,CADCHF,Pepperstone MT5
2016.01.27,0.72231,0.72538,0.71603,0.71960,174081,30,223767154000,CADCHF,Pepperstone MT5
2016.01.28,0.71963,0.72662,0.71746,0.72142,184187,16,228950012000,CADCHF,Pepperstone MT5
2016.01.29,0.72143,0.73275,0.72110,0.73111,190517,20,232366487000,CADCHF,Pepperstone MT5
2016.01.30,0.73108,0.73208,0.73058,0.73166,3098,45,3529223000,CADCHF,Pepperstone MT5
2016.02.01,0.73044,0.73317,0.72225,0.73127,150430,22,192309095000,CADCHF,Pepperstone MT5
2016.02.02,0.73128,0.73208,0.72216,0.72599,153389,29,198805490000,CADCHF,Pepperstone MT5
2016.02.03,0.72599,0.73284,0.72141,0.72909,195937,13,248787763000,CADCHF,Pepperstone MT5
2016.02.04,0.72908,0.73391,0.72172,0.72233,205950,18,253162841000,CADCHF,Pepperstone MT5
2016.02.05,0.72233,0.72523,0.71279,0.71303,171816,39,213932000000,CADCHF,Pepperstone MT5
2016.02.06,0.71312,0.71381,0.71132,0.71143,3810,39,4544250000,CADCHF,Pepperstone MT5
2016.02.08,0.71321,0.71713,0.70569,0.70793,189184,39,241534749000,CADCHF,Pepperstone MT5
2016.02.09,0.70796,0.71057,0.69841,0.69960,215216,39,266741500000,CADCHF,Pepperstone MT5
2016.02.10,0.69960,0.70893,0.69715,0.69747,212352,39,264926750000,CADCHF,Pepperstone MT5
2016.02.11,0.69746,0.70040,0.69016,0.69802,219343,39,261018000000,CADCHF,Pepperstone MT5
2016.02.12,0.69803,0.70753,0.69697,0.70416,185539,39,218662500000,CADCHF,Pepperstone MT5
2016.02.13,0.70414,0.70541,0.70290,0.70290,3204,45,3505250000,CADCHF,Pepperstone MT5
2016.02.15,0.70409,0.71478,0.70287,0.71367,127348,39,149839000000,CADCHF,Pepperstone MT5
2016.02.16,0.71367,0.71982,0.70969,0.71174,183391,39,225293500000,CADCHF,Pepperstone MT5
2016.02.17,0.71176,0.72590,0.70914,0.72354,183371,39,215906000000,CADCHF,Pepperstone MT5
2016.02.18,0.72355,0.72853,0.72187,0.72206,181437,31,215479000000,CADCHF,Pepperstone MT5
2016.02.19,0.72210,0.72390,0.71515,0.71894,166538,31,194932000000,CADCHF,Pepperstone MT5
2016.02.20,0.71895,0.71897,0.71669,0.71685,2470,44,2716500000,CADCHF,Pepperstone MT5
2016.02.22,0.71708,0.73069,0.71676,0.72820,141065,39,172367200000,CADCHF,Pepperstone MT5
2016.02.23,0.72816,0.72964,0.71625,0.71989,154169,39,184997500000,CADCHF,Pepperstone MT5
2016.02.24,0.71989,0.72263,0.71287,0.72245,166755,39,204541499000,CADCHF,Pepperstone MT5
2016.02.25,0.72247,0.73252,0.71946,0.73107,158871,39,194260700000,CADCHF,Pepperstone MT5
2016.02.26,0.73105,0.73865,0.72876,0.73682,159880,36,196033700000,CADCHF,Pepperstone MT5
2016.02.27,0.73682,0.73694,0.73544,0.73545,2561,47,2880250000,CADCHF,Pepperstone MT5
2016.02.29,0.73684,0.74108,0.73404,0.73762,160127,39,194895300000,CADCHF,Pepperstone MT5
2016.03.01,0.73766,0.74599,0.73580,0.74274,160190,30,195276450000,CADCHF,Pepperstone MT5
2016.03.02,0.74283,0.74478,0.73944,0.74206,148964,39,175171000000,CADCHF,Pepperstone MT5
2016.03.03,0.74206,0.74412,0.73686,0.73935,138145,30,160860350000,CADCHF,Pepperstone MT5
2016.03.04,0.73937,0.74668,0.73663,0.74543,144335,39,165586000000,CADCHF,Pepperstone MT5
2016.03.05,0.74543,0.74590,0.74422,0.74511,2795,46,3115500000,CADCHF,Pepperstone MT5
2016.03.07,0.74397,0.75145,0.74373,0.74973,128184,39,158958750000,CADCHF,Pepperstone MT5
2016.03.08,0.74973,0.74985,0.73900,0.74206,134031,39,159044500000,CADCHF,Pepperstone MT5
2016.03.09,0.74207,0.75333,0.74108,0.75231,141094,39,171653250000,CADCHF,Pepperstone MT5
2016.03.10,0.75227,0.75935,0.73318,0.73771,165797,30,189470500000,CADCHF,Pepperstone MT5
2016.03.11,0.73767,0.74676,0.73566,0.74247,138147,39,163191000000,CADCHF,Pepperstone MT5
2016.03.12,0.74246,0.74366,0.74218,0.74253,2029,45,2137000000,CADCHF,Pepperstone MT5
2016.03.14,0.74278,0.74623,0.74090,0.74430,127366,39,154053999000,CADCHF,Pepperstone MT5
2016.03.15,0.74380,0.74428,0.73614,0.73874,122622,38,154419000000,CADCHF,Pepperstone MT5
2016.03.16,0.73888,0.74623,0.73720,0.74499,126368,39,153793999000,CADCHF,Pepperstone MT5
2016.03.17,0.74538,0.75151,0.74094,0.74539,156430,39,185059300000,CADCHF,Pepperstone MT5
2016.03.18,0.74529,0.74833,0.74254,0.74441,133384,39,157522500000,CADCHF,Pepperstone MT5
2016.03.21,0.74390,0.74537,0.73988,0.74005,122727,19,151276000000,CADCHF,Pepperstone MT5
2016.03.22,0.74009,0.74641,0.73942,0.74529,127477,34,152395100000,CADCHF,Pepperstone MT5
2016.03.23,0.74498,0.74672,0.73622,0.73821,119805,39,133670250000,CADCHF,Pepperstone MT5
2016.03.24,0.73789,0.73868,0.73316,0.73636,118224,39,134308500000,CADCHF,Pepperstone MT5
2016.03.25,0.73579,0.73899,0.73410,0.73437,38333,39,42376500000,CADCHF,Pepperstone MT5
2016.03.28,0.73519,0.73912,0.73481,0.73863,78775,39,91051500000,CADCHF,Pepperstone MT5
2016.03.29,0.73862,0.74261,0.73682,0.73962,137168,39,161237500000,CADCHF,Pepperstone MT5
2016.03.30,0.73961,0.74452,0.73830,0.74373,159820,39,182802000000,CADCHF,Pepperstone MT5
2016.03.31,0.74372,0.74551,0.73704,0.74020,156257,39,187220350000,CADCHF,Pepperstone MT5
2016.04.01,0.74020,0.74074,0.72993,0.73651,150548,30,182910500000,CADCHF,Pepperstone MT5
2016.04.02,0.73651,0.73665,0.73418,0.73418,3571,46,4776750000,CADCHF,Pepperstone MT5
2016.04.04,0.73453,0.73655,0.73314,0.73365,128550,39,156393000000,CADCHF,Pepperstone MT5
2016.04.05,0.73363,0.73392,0.72432,0.72653,141860,39,170595000000,CADCHF,Pepperstone MT5
2016.04.06,0.72651,0.73122,0.72524,0.72974,152331,39,178848500000,CADCHF,Pepperstone MT5
2016.04.07,0.72977,0.73225,0.72384,0.72713,148365,39,175700000000,CADCHF,Pepperstone MT5
2016.04.08,0.72713,0.73591,0.72587,0.73328,149534,33,183318079000,CADCHF,Pepperstone MT5
2016.04.09,0.73327,0.73397,0.73229,0.73229,3190,46,3964000000,CADCHF,Pepperstone MT5
2016.04.11,0.73265,0.74034,0.73144,0.73977,147109,39,176866000000,CADCHF,Pepperstone MT5
2016.04.12,0.73978,0.74899,0.73730,0.74831,144243,39,176716500000,CADCHF,Pepperstone MT5
2016.04.13,0.74832,0.75727,0.74729,0.75404,160456,34,190531500000,CADCHF,Pepperstone MT5
2016.04.14,0.75403,0.75471,0.75008,0.75276,133653,34,157673750000,CADCHF,Pepperstone MT5
2016.04.15,0.75278,0.75628,0.74779,0.75391,122185,37,138050500000,CADCHF,Pepperstone MT5
2016.04.16,0.75390,0.75505,0.75379,0.75427,2978,46,3985000000,CADCHF,Pepperstone MT5
2016.04.18,0.74486,0.75400,0.74339,0.75390,131864,39,151449300000,CADCHF,Pepperstone MT5
2016.04.19,0.75387,0.75976,0.75302,0.75909,129982,39,149515274000,CADCHF,Pepperstone MT5
2016.04.20,0.75911,0.77005,0.75529,0.76861,138511,33,163842500000,CADCHF,Pepperstone MT5
2016.04.21,0.76862,0.76888,0.76131,0.76563,127676,39,149109000000,CADCHF,Pepperstone MT5
2016.04.22,0.76561,0.77340,0.76490,0.77234,132700,39,153959600000,CADCHF,Pepperstone MT5
2016.04.23,0.77233,0.77271,0.76968,0.76979,2605,47,2876000000,CADCHF,Pepperstone MT5
2016.04.25,0.77275,0.77339,0.76691,0.76905,122985,30,142772000000,CADCHF,Pepperstone MT5
2016.04.26,0.76904,0.77235,0.76718,0.77191,123143,39,144995500000,CADCHF,Pepperstone MT5
2016.04.27,0.77191,0.77319,0.76688,0.77034,124163,39,144071500000,CADCHF,Pepperstone MT5
2016.04.28,0.77035,0.77337,0.76639,0.77001,152607,39,177808200000,CADCHF,Pepperstone MT5
2016.04.29,0.76998,0.77059,0.76240,0.76413,146568,32,166550000000,CADCHF,Pepperstone MT5
2016.04.30,0.76414,0.76476,0.76267,0.76309,2921,46,3205000000,CADCHF,Pepperstone MT5
2016.05.02,0.76150,0.76580,0.76030,0.76198,119002,39,135681099000,CADCHF,Pepperstone MT5
2016.05.03,0.76198,0.76341,0.74850,0.75046,145491,30,179919000000,CADCHF,Pepperstone MT5
2016.05.04,0.75047,0.75223,0.74183,0.74338,135760,39,160665600000,CADCHF,Pepperstone MT5
2016.05.05,0.74334,0.75438,0.74282,0.75214,123795,39,139089250000,CADCHF,Pepperstone MT5
2016.05.06,0.75215,0.75315,0.74829,0.75201,131735,39,155705600000,CADCHF,Pepperstone MT5
2016.05.07,0.75202,0.75393,0.75030,0.75030,2645,45,3018000000,CADCHF,Pepperstone MT5
2016.05.09,0.74984,0.75254,0.74563,0.74887,114769,39,138179150000,CADCHF,Pepperstone MT5
2016.05.10,0.74887,0.75574,0.74759,0.75533,109229,39,132370400000,CADCHF,Pepperstone MT5
2016.05.11,0.75535,0.75701,0.75173,0.75543,102857,39,120012500000,CADCHF,Pepperstone MT5
2016.05.12,0.75546,0.75907,0.75334,0.75657,106210,30,123758900000,CADCHF,Pepperstone MT5
2016.05.13,0.75658,0.75727,0.75280,0.75342,91555,39,105686750000,CADCHF,Pepperstone MT5
2016.05.14,0.75341,0.75407,0.75078,0.75078,1787,48,1901500000,CADCHF,Pepperstone MT5
2016.05.16,0.75194,0.75845,0.75181,0.75801,72384,39,83732100000,CADCHF,Pepperstone MT5
2016.05.17,0.75802,0.76110,0.75361,0.75956,94071,39,110243250000,CADCHF,Pepperstone MT5
2016.05.18,0.75954,0.76096,0.75567,0.75801,115710,39,141803100000,CADCHF,Pepperstone MT5
2016.05.19,0.75800,0.75890,0.75165,0.75589,118395,39,141731650000,CADCHF,Pepperstone MT5
2016.05.20,0.75589,0.75799,0.75331,0.75495,84961,39,102456592000,CADCHF,Pepperstone MT5
2016.05.21,0.75497,0.75525,0.75331,0.75331,1739,45,2059000000,CADCHF,Pepperstone MT5
2016.05.23,0.75392,0.75551,0.75189,0.75248,81514,39,96711500000,CADCHF,Pepperstone MT5
2016.05.24,0.75249,0.75817,0.75101,0.75537,91880,39,109116400000,CADCHF,Pepperstone MT5
2016.05.25,0.75538,0.76103,0.75414,0.76093,90937,39,109903998000,CADCHF,Pepperstone MT5
2016.05.26,0.76092,0.76707,0.75953,0.76281,89465,39,104256500000,CADCHF,Pepperstone MT5
2016.05.27,0.76279,0.76333,0.75846,0.76263,80161,30,95456500000,CADCHF,Pepperstone MT5
2016.05.28,0.76261,0.76365,0.76225,0.76316,1923,48,2042000000,CADCHF,Pepperstone MT5
2016.05.30,0.76298,0.76326,0.75864,0.76029,64727,39,69558500000,CADCHF,Pepperstone MT5
2016.05.31,0.76032,0.76208,0.75586,0.75800,98655,39,114386700000,CADCHF,Pepperstone MT5
2016.06.01,0.75801,0.76163,0.75272,0.75600,106004,39,119674000000,CADCHF,Pepperstone MT5
2016.06.02,0.75601,0.75712,0.75203,0.75563,104219,39,120411100000,CADCHF,Pepperstone MT5
2016.06.03,0.75564,0.75845,0.75279,0.75404,103346,39,117479450000,CADCHF,Pepperstone MT5
2016.06.04,0.75403,0.75489,0.75316,0.75336,2173,46,2313000000,CADCHF,Pepperstone MT5
2016.06.06,0.75337,0.75784,0.75164,0.75782,99481,39,115816000000,CADCHF,Pepperstone MT5
2016.06.07,0.75781,0.75828,0.75435,0.75578,92219,35,108411000000,CADCHF,Pepperstone MT5
2016.06.08,0.75578,0.75903,0.75327,0.75538,95582,39,110380500000,CADCHF,Pepperstone MT5
2016.06.09,0.75539,0.75899,0.75342,0.75798,102686,30,128038000000,CADCHF,Pepperstone MT5
2016.06.10,0.75801,0.75959,0.75380,0.75563,102476,39,117947200000,CADCHF,Pepperstone MT5
2016.06.11,0.75559,0.75581,0.75365,0.75365,2026,41,2235000000,CADCHF,Pepperstone MT5
2016.06.13,0.75262,0.75729,0.75211,0.75215,106636,30,123876895000,CADCHF,Pepperstone MT5
2016.06.14,0.75215,0.75261,0.74774,0.74946,110222,39,129815000000,CADCHF,Pepperstone MT5
2016.06.15,0.74948,0.75226,0.74363,0.74417,108441,39,124277500000,CADCHF,Pepperstone MT5
2016.06.16,0.74417,0.74676,0.73824,0.74332,136577,39,156551325000,CADCHF,Pepperstone MT5
2016.06.17,0.74333,0.74894,0.74327,0.74508,104636,39,114556000000,CADCHF,Pepperstone MT5
2016.06.18,0.74506,0.74509,0.74180,0.74180,1766,44,1958000000,CADCHF,Pepperstone MT5
2016.06.20,0.74353,0.75183,0.74353,0.75124,96627,39,111572000000,CADCHF,Pepperstone MT5
2016.06.21,0.75127,0.75205,0.74694,0.75065,90583,39,101993500000,CADCHF,Pepperstone MT5
2016.06.22,0.75063,0.75296,0.74580,0.74678,85799,39,95676050000,CADCHF,Pepperstone MT5
2016.06.23,0.74677,0.75356,0.74476,0.75013,119433,39,130097500000,CADCHF,Pepperstone MT5
2016.06.24,0.75010,0.75683,0.74164,0.74896,162714,39,178452100000,CADCHF,Pepperstone MT5
2016.06.25,0.74902,0.74968,0.74503,0.74643,2484,42,2479250000,CADCHF,Pepperstone MT5
2016.06.27,0.74621,0.75062,0.74429,0.74837,144799,39,160007997000,CADCHF,Pepperstone MT5
2016.06.28,0.74840,0.75570,0.74664,0.75221,110468,39,138512000000,CADCHF,Pepperstone MT5
2016.06.29,0.75221,0.75598,0.75143,0.75546,74701,39,77179749000,CADCHF,Pepperstone MT5
2016.06.30,0.75546,0.75722,0.74875,0.75572,117305,39,132306390000,CADCHF,Pepperstone MT5
2016.07.02,0.75374,0.75421,0.75185,0.75315,1206,48,1287500000,CADCHF,Pepperstone MT5
2016.07.04,0.75217,0.75759,0.75178,0.75455,63491,39,67643500000,CADCHF,Pepperstone MT5
2016.07.05,0.75455,0.75572,0.74888,0.75047,96441,39,116461300000,CADCHF,Pepperstone MT5
2016.07.06,0.75045,0.75493,0.74809,0.75185,119541,18,136349000000,CADCHF,Pepperstone MT5
2016.07.07,0.75184,0.75742,0.75108,0.75248,104578,39,122035500000,CADCHF,Pepperstone MT5
2016.07.08,0.75248,0.75720,0.74997,0.75421,101043,39,116188500000,CADCHF,Pepperstone MT5
2016.07.09,0.75420,0.75422,0.75047,0.75047,2185,47,2415500000,CADCHF,Pepperstone MT5
2016.07.11,0.75181,0.75418,0.74728,0.74857,99579,39,118982000000,CADCHF,Pepperstone MT5
2016.07.12,0.74858,0.75960,0.74833,0.75863,105091,39,121323000000,CADCHF,Pepperstone MT5
2016.07.13,0.75862,0.76003,0.75259,0.75786,104665,39,121792655000,CADCHF,Pepperstone MT5
2016.07.14,0.75786,0.76197,0.75447,0.76015,109953,39,129753500000,CADCHF,Pepperstone MT5
2016.07.15,0.76016,0.76228,0.75675,0.75954,96002,39,109630500000,CADCHF,Pepperstone MT5
2016.07.16,0.75955,0.75960,0.75411,0.75412,4852,45,5180248000,CADCHF,Pepperstone MT5
2016.07.18,0.75758,0.76090,0.75509,0.75922,86320,39,98023500000,CADCHF,Pepperstone MT5
2016.07.19,0.75923,0.75932,0.75426,0.75623,88341,39,106089500000,CADCHF,Pepperstone MT5
2016.07.20,0.75624,0.75792,0.75391,0.75585,86225,34,104304999000,CADCHF,Pepperstone MT5
2016.07.21,0.75588,0.75923,0.75249,0.75345,102490,30,118255250000,CADCHF,Pepperstone MT5
2016.07.22,0.75343,0.75509,0.74864,0.75088,93522,39,108774000000,CADCHF,Pepperstone MT5
2016.07.23,0.75090,0.75136,0.75028,0.75119,1974,45,2016000000,CADCHF,Pepperstone MT5
2016.07.25,0.75150,0.75292,0.74506,0.74591,73963,39,85482249000,CADCHF,Pepperstone MT5
2016.07.26,0.74592,0.75284,0.74407,0.75192,89131,39,104140500000,CADCHF,Pepperstone MT5
2016.07.27,0.75193,0.75466,0.74749,0.74751,99169,30,113803600000,CADCHF,Pepperstone MT5
2016.07.28,0.74751,0.75073,0.74327,0.74506,92897,39,114132500000,CADCHF,Pepperstone MT5
2016.07.29,0.74505,0.74587,0.73842,0.74212,103347,30,117026643000,CADCHF,Pepperstone MT5
2016.07.30,0.74214,0.74362,0.74146,0.74314,2780,45,2865250000,CADCHF,Pepperstone MT5
2016.08.01,0.74299,0.74364,0.73752,0.73785,75434,31,84534300000,CADCHF,Pepperstone MT5
2016.08.02,0.73787,0.74164,0.73487,0.73603,100513,39,115160564000,CADCHF,Pepperstone MT5
2016.08.03,0.73602,0.74431,0.73453,0.74425,89218,39,99121900000,CADCHF,Pepperstone MT5
2016.08.04,0.74427,0.74899,0.74348,0.74749,91827,39,105160700000,CADCHF,Pepperstone MT5
2016.08.05,0.74748,0.74903,0.74248,0.74431,78688,30,86833900000,CADCHF,Pepperstone MT5
2016.08.06,0.74432,0.74458,0.74348,0.74377,2202,45,2277200000,CADCHF,Pepperstone MT5
2016.08.08,0.74161,0.74843,0.74161,0.74628,66393,30,77019800000,CADCHF,Pepperstone MT5
2016.08.09,0.74628,0.74932,0.74513,0.74799,70757,30,76994600000,CADCHF,Pepperstone MT5
2016.08.10,0.74798,0.75100,0.74613,0.74632,81027,39,85442500000,CADCHF,Pepperstone MT5
2016.08.11,0.74631,0.75256,0.74518,0.75107,76813,30,84179700000,CADCHF,Pepperstone MT5
2016.08.12,0.75107,0.75294,0.74931,0.75203,72132,40,76978600000,CADCHF,Pepperstone MT5
2016.08.13,0.75202,0.75211,0.75112,0.75140,1919,46,2192800000,CADCHF,Pepperstone MT5
2016.08.15,0.75085,0.75403,0.74957,0.75265,62770,39,71424850000,CADCHF,Pepperstone MT5
2016.08.16,0.75266,0.75287,0.74672,0.74851,97009,39,101906250000,CADCHF,Pepperstone MT5
2016.08.17,0.74850,0.74890,0.74552,0.74853,91417,30,94842100000,CADCHF,Pepperstone MT5
2016.08.18,0.74852,0.74992,0.74657,0.74699,92702,30,100276000000,CADCHF,Pepperstone MT5
2016.08.19,0.74699,0.74731,0.74278,0.74591,85401,39,88213650000,CADCHF,Pepperstone MT5
2016.08.20,0.74592,0.74641,0.74580,0.74596,1995,46,1697500000,CADCHF,Pepperstone MT5
2016.08.22,0.74482,0.74717,0.74152,0.74246,81078,39,84021250000,CADCHF,Pepperstone MT5
2016.08.23,0.74246,0.74708,0.74241,0.74569,80000,30,82469570000,CADCHF,Pepperstone MT5
2016.08.24,0.74569,0.74921,0.74420,0.74775,89263,39,95032400000,CADCHF,Pepperstone MT5
2016.08.25,0.74776,0.74876,0.74635,0.74865,73019,39,80441100000,CADCHF,Pepperstone MT5
2016.08.26,0.74867,0.75321,0.74776,0.75223,106997,39,114780000000,CADCHF,Pepperstone MT5
2016.08.27,0.75222,0.75265,0.75135,0.75135,2242,42,2323450000,CADCHF,Pepperstone MT5
2016.08.29,0.75238,0.75263,0.75028,0.75110,88731,39,94909800000,CADCHF,Pepperstone MT5
2016.08.30,0.75107,0.75284,0.74994,0.75105,90399,39,95975846000,CADCHF,Pepperstone MT5
2016.08.31,0.75104,0.75172,0.74752,0.74969,96489,39,103551625000,CADCHF,Pepperstone MT5
2016.09.01,0.74967,0.75281,0.74650,0.74827,101431,39,108226559000,CADCHF,Pepperstone MT5
2016.09.02,0.74827,0.75475,0.74576,0.75443,102037,30,106290382000,CADCHF,Pepperstone MT5
2016.09.03,0.75446,0.75478,0.75232,0.75232,1767,43,1484400000,CADCHF,Pepperstone MT5
2016.09.05,0.75325,0.75884,0.75232,0.75770,68467,39,70984828000,CADCHF,Pepperstone MT5
2016.09.06,0.75770,0.76000,0.75457,0.75466,94125,34,99771880000,CADCHF,Pepperstone MT5
2016.09.07,0.75466,0.75520,0.75017,0.75163,91595,39,96084970000,CADCHF,Pepperstone MT5
2016.09.08,0.75164,0.75362,0.74867,0.75231,107492,30,119441243000,CADCHF,Pepperstone MT5
2016.09.09,0.75232,0.75259,0.74809,0.74815,97177,39,104560405000,CADCHF,Pepperstone MT5
2016.09.10,0.74816,0.74853,0.74521,0.74521,1818,40,1190750000,CADCHF,Pepperstone MT5
2016.09.12,0.74612,0.74767,0.74156,0.74481,105367,39,108494350000,CADCHF,Pepperstone MT5
2016.09.13,0.74479,0.74565,0.73757,0.74161,117231,39,125253499000,CADCHF,Pepperstone MT5
2016.09.14,0.74162,0.74431,0.73546,0.73735,107281,39,112697959000,CADCHF,Pepperstone MT5
2016.09.15,0.73734,0.74029,0.73512,0.73840,118814,39,118764210000,CADCHF,Pepperstone MT5
2016.09.16,0.73840,0.74272,0.73669,0.74188,107769,39,114604364000,CADCHF,Pepperstone MT5
2016.09.17,0.74188,0.74210,0.74085,0.74085,2093,40,1942800000,CADCHF,Pepperstone MT5
2016.09.19,0.74031,0.74629,0.74022,0.74185,81088,32,81862380000,CADCHF,Pepperstone MT5
2016.09.20,0.74183,0.74306,0.73846,0.74091,98533,30,99052744000,CADCHF,Pepperstone MT5
2016.09.21,0.74089,0.74408,0.73754,0.74306,129360,39,135261080000,CADCHF,Pepperstone MT5
2016.09.22,0.74306,0.74485,0.74082,0.74223,113203,30,123441570000,CADCHF,Pepperstone MT5
2016.09.23,0.74224,0.74468,0.73527,0.73612,107613,30,116233199000,CADCHF,Pepperstone MT5
2016.09.24,0.73611,0.73654,0.73581,0.73599,2045,39,1548250000,CADCHF,Pepperstone MT5
2016.09.26,0.73604,0.73713,0.73126,0.73174,83320,30,92298949000,CADCHF,Pepperstone MT5
2016.09.27,0.73173,0.73663,0.73037,0.73472,110233,30,122571290000,CADCHF,Pepperstone MT5
2016.09.28,0.73474,0.74184,0.73237,0.74067,122297,39,129946799000,CADCHF,Pepperstone MT5
2016.09.29,0.74067,0.74372,0.73346,0.73442,134623,30,149750318000,CADCHF,Pepperstone MT5
2016.09.30,0.73446,0.74242,0.73283,0.74033,123673,30,133555787000,CADCHF,Pepperstone MT5
2016.10.01,0.74032,0.74043,0.73940,0.73979,2228,46,1919350000,CADCHF,Pepperstone MT5
2016.10.03,0.73961,0.74322,0.73742,0.74224,89854,39,97515393000,CADCHF,Pepperstone MT5
2016.10.04,0.74222,0.74678,0.74077,0.74207,117606,31,125393822000,CADCHF,Pepperstone MT5
2016.10.05,0.74206,0.74250,0.73846,0.73885,97468,39,105316742000,CADCHF,Pepperstone MT5
2016.10.06,0.73883,0.74267,0.73833,0.74205,95062,34,100563450000,CADCHF,Pepperstone MT5
2016.10.07,0.74204,0.74459,0.73549,0.73563,138074,32,151182306000,CADCHF,Pepperstone MT5
2016.10.08,0.73565,0.73636,0.73351,0.73351,1763,41,1202250000,CADCHF,Pepperstone MT5
2016.10.10,0.73694,0.74792,0.73601,0.74578,75529,32,78545781000,CADCHF,Pepperstone MT5
2016.10.11,0.74578,0.74774,0.74430,0.74636,115655,39,130694245000,CADCHF,Pepperstone MT5
2016.10.12,0.74636,0.74861,0.74458,0.74659,109012,32,119152208000,CADCHF,Pepperstone MT5
2016.10.13,0.74660,0.74781,0.74203,0.74708,95419,39,105380417000,CADCHF,Pepperstone MT5
2016.10.14,0.74709,0.75427,0.74632,0.75326,108018,30,115364882000,CADCHF,Pepperstone MT5
2016.10.15,0.75327,0.75393,0.75045,0.75087,1894,37,1636952000,CADCHF,Pepperstone MT5
2016.10.17,0.75133,0.75381,0.75015,0.75266,84304,39,87959395000,CADCHF,Pepperstone MT5
2016.10.18,0.75262,0.75762,0.75221,0.75422,84558,31,89271072000,CADCHF,Pepperstone MT5
2016.10.19,0.75424,0.76063,0.75275,0.75352,94390,39,100546953000,CADCHF,Pepperstone MT5
2016.10.20,0.75354,0.75419,0.74532,0.75061,100272,39,106092492000,CADCHF,Pepperstone MT5
2016.10.21,0.75060,0.75179,0.74478,0.74536,91960,32,100503540000,CADCHF,Pepperstone MT5
2016.10.22,0.74531,0.74540,0.74255,0.74255,1829,37,1790458000,CADCHF,Pepperstone MT5
2016.10.24,0.74595,0.74613,0.74052,0.74240,82315,39,90304924000,CADCHF,Pepperstone MT5
2016.10.25,0.74241,0.75062,0.74229,0.74456,106682,32,115488238000,CADCHF,Pepperstone MT5
2016.10.26,0.74456,0.74552,0.74078,0.74247,112779,39,114396945000,CADCHF,Pepperstone MT5
2016.10.27,0.74245,0.74346,0.74087,0.74211,104388,31,114685533000,CADCHF,Pepperstone MT5
2016.10.28,0.74209,0.74356,0.73466,0.73757,115857,30,124963233000,CADCHF,Pepperstone MT5
2016.10.29,0.73759,0.73784,0.73421,0.73492,2319,47,1946987000,CADCHF,Pepperstone MT5
2016.10.31,0.73610,0.73924,0.73595,0.73734,90428,32,96087066000,CADCHF,Pepperstone MT5
2016.11.01,0.73697,0.73841,0.72644,0.72823,105150,39,112552070000,CADCHF,Pepperstone MT5
2016.11.02,0.72820,0.72836,0.72278,0.72650,112197,30,120270292000,CADCHF,Pepperstone MT5
2016.11.03,0.72637,0.72910,0.72376,0.72678,112141,30,122515610000,CADCHF,Pepperstone MT5
2016.11.04,0.72688,0.72809,0.71985,0.71985,105943,30,116275228000,CADCHF,Pepperstone MT5
2016.11.07,0.73194,0.73194,0.72625,0.72815,84818,30,91317636000,CADCHF,Pepperstone MT5
2016.11.08,0.72820,0.73510,0.72747,0.73504,85731,39,95270973000,CADCHF,Pepperstone MT5
2016.11.09,0.73503,0.74080,0.70591,0.73575,250109,39,263254337000,CADCHF,Pepperstone MT5
2016.11.10,0.73573,0.73611,0.73072,0.73213,168545,39,182062361000,CADCHF,Pepperstone MT5
2016.11.11,0.73214,0.73323,0.72715,0.72928,174311,30,180057856000,CADCHF,Pepperstone MT5
2016.11.12,0.72927,0.72994,0.72795,0.72795,2016,45,1419087000,CADCHF,Pepperstone MT5
2016.11.14,0.73208,0.73741,0.73048,0.73638,166178,31,184275126000,CADCHF,Pepperstone MT5
2016.11.15,0.73637,0.74435,0.73456,0.74427,145108,30,160424819000,CADCHF,Pepperstone MT5
2016.11.16,0.74427,0.74886,0.74311,0.74553,138908,38,149165934000,CADCHF,Pepperstone MT5
2016.11.17,0.74552,0.74855,0.74356,0.74523,125670,30,132836215000,CADCHF,Pepperstone MT5
2016.11.18,0.74523,0.74921,0.74343,0.74730,139968,39,152736961000,CADCHF,Pepperstone MT5
2016.11.19,0.74732,0.74784,0.74553,0.74553,3083,30,2388500000,CADCHF,Pepperstone MT5
2016.11.21,0.74791,0.75405,0.74733,0.75207,118584,39,127295207000,CADCHF,Pepperstone MT5
2016.11.22,0.75208,0.75484,0.74996,0.75155,120667,30,133393552000,CADCHF,Pepperstone MT5
2016.11.23,0.75156,0.75491,0.75011,0.75313,106183,30,115985020000,CADCHF,Pepperstone MT5
2016.11.24,0.75311,0.75425,0.75100,0.75373,92899,34,101513708000,CADCHF,Pepperstone MT5
2016.11.25,0.75373,0.75410,0.74861,0.74966,129506,39,131228724000,CADCHF,Pepperstone MT5
2016.11.26,0.74971,0.75021,0.74761,0.74761,2019,64,1740171000,CADCHF,Pepperstone MT5
2016.11.28,0.74848,0.75803,0.74746,0.75483,124149,39,137535547000,CADCHF,Pepperstone MT5
2016.11.29,0.75485,0.75583,0.75287,0.75300,117583,39,131291115000,CADCHF,Pepperstone MT5
2016.11.30,0.75299,0.76046,0.75225,0.75698,149215,37,164851035000,CADCHF,Pepperstone MT5
2016.12.01,0.75697,0.76169,0.75383,0.75826,136474,30,149604489000,CADCHF,Pepperstone MT5
2016.12.02,0.75824,0.76120,0.75582,0.76068,125452,39,133742702000,CADCHF,Pepperstone MT5
2016.12.03,0.76070,0.76070,0.75786,0.75786,2060,46,1187300000,CADCHF,Pepperstone MT5
2016.12.05,0.75959,0.76307,0.75729,0.75832,143894,39,153388842000,CADCHF,Pepperstone MT5
2016.12.06,0.75831,0.76112,0.75734,0.76024,103040,30,116334215000,CADCHF,Pepperstone MT5
2016.12.07,0.76025,0.76143,0.75862,0.76053,92028,30,103607018000,CADCHF,Pepperstone MT5
2016.12.08,0.76056,0.77107,0.75873,0.77021,120860,39,132034342000,CADCHF,Pepperstone MT5
2016.12.09,0.77025,0.77545,0.76929,0.77176,104942,39,116409954000,CADCHF,Pepperstone MT5
2016.12.10,0.77178,0.77252,0.76981,0.76981,2109,45,2059850000,CADCHF,Pepperstone MT5
2016.12.12,0.77322,0.77641,0.77061,0.77181,112500,39,124106269000,CADCHF,Pepperstone MT5
2016.12.13,0.77181,0.77281,0.76976,0.77103,100813,30,107965882000,CADCHF,Pepperstone MT5
2016.12.14,0.77102,0.77153,0.76585,0.76829,124885,39,135282258000,CADCHF,Pepperstone MT5
2016.12.15,0.76828,0.77363,0.76732,0.77168,178178,30,189007685000,CADCHF,Pepperstone MT5
2016.12.16,0.77170,0.77241,0.76770,0.76956,158085,39,172779726000,CADCHF,Pepperstone MT5
2016.12.17,0.76956,0.77018,0.76715,0.76715,2577,42,1925999000,CADCHF,Pepperstone MT5
2016.12.19,0.76931,0.77028,0.76260,0.76541,121341,39,135063659000,CADCHF,Pepperstone MT5
2016.12.20,0.76540,0.77017,0.76505,0.76950,118277,39,131315438000,CADCHF,Pepperstone MT5
2016.12.21,0.76951,0.76970,0.76383,0.76523,90189,39,97989481000,CADCHF,Pepperstone MT5
2016.12.22,0.76524,0.76598,0.75699,0.75989,104317,30,113949062000,CADCHF,Pepperstone MT5
2016.12.23,0.75989,0.76104,0.75674,0.75910,77392,30,83063975000,CADCHF,Pepperstone MT5
2016.12.24,0.75911,0.75919,0.75422,0.75422,1615,46,1423850000,CADCHF,Pepperstone MT5
2016.12.26,0.75792,0.76117,0.75687,0.75947,12148,52,15489350000,CADCHF,Pepperstone MT5
2016.12.27,0.75939,0.76095,0.75684,0.75696,74029,30,76473718000,CADCHF,Pepperstone MT5
2016.12.28,0.75695,0.76064,0.75610,0.75872,86082,39,96542954000,CADCHF,Pepperstone MT5
2016.12.29,0.75872,0.75928,0.75546,0.75801,111132,39,109910208000,CADCHF,Pepperstone MT5
2016.12.30,0.75801,0.75898,0.74469,0.75809,158248,39,150530147000,CADCHF,Pepperstone MT5
2016.12.31,0.75810,0.75858,0.75347,0.75519,1387,51,1039773000,CADCHF,Pepperstone MT5
2017.01.02,0.75543,0.76309,0.75462,0.76132,71136,39,60428880000,CADCHF,Pepperstone MT5
2017.01.03,0.76107,0.76880,0.75968,0.76487,128310,39,147346181000,CADCHF,Pepperstone MT5
2017.01.04,0.76488,0.77094,0.76353,0.76707,141910,30,158609688000,CADCHF,Pepperstone MT5
2017.01.05,0.76705,0.76793,0.76263,0.76267,182632,31,209971757000,CADCHF,Pepperstone MT5
2017.01.06,0.76268,0.76973,0.76194,0.76860,156110,32,181880305000,CADCHF,Pepperstone MT5
2017.01.07,0.76862,0.76911,0.76659,0.76685,2429,44,2604777000,CADCHF,Pepperstone MT5
2017.01.09,0.76728,0.76975,0.76646,0.76700,124807,30,147728255000,CADCHF,Pepperstone MT5
2017.01.10,0.76702,0.76998,0.76481,0.76806,149588,39,176880096000,CADCHF,Pepperstone MT5
2017.01.11,0.76806,0.77312,0.76692,0.77026,177765,30,210515305000,CADCHF,Pepperstone MT5
2017.01.12,0.77026,0.77364,0.76588,0.76887,184595,37,209787098000,CADCHF,Pepperstone MT5
2017.01.13,0.76888,0.76983,0.76493,0.76843,156662,34,187879805000,CADCHF,Pepperstone MT5
2017.01.14,0.76845,0.76902,0.76628,0.76652,2156,36,1964664000,CADCHF,Pepperstone MT5
2017.01.16,0.76810,0.77090,0.76650,0.76671,101232,39,115174017000,CADCHF,Pepperstone MT5
2017.01.17,0.76669,0.76972,0.76504,0.76735,193088,39,218977609000,CADCHF,Pepperstone MT5
2017.01.18,0.76735,0.76827,0.75761,0.75907,151407,39,179122182000,CADCHF,Pepperstone MT5
2017.01.19,0.75915,0.76084,0.75519,0.75573,166957,39,198200128000,CADCHF,Pepperstone MT5
2017.01.20,0.75573,0.75636,0.75163,0.75190,158065,30,186290575000,CADCHF,Pepperstone MT5
2017.01.21,0.75190,0.75230,0.74957,0.74957,3008,43,2514700000,CADCHF,Pepperstone MT5
2017.01.23,0.75064,0.75361,0.74974,0.75268,145608,30,172135565000,CADCHF,Pepperstone MT5
2017.01.24,0.75269,0.76204,0.75141,0.76018,143966,34,165244285000,CADCHF,Pepperstone MT5
2017.01.25,0.76020,0.76595,0.75753,0.76433,148111,39,176546806000,CADCHF,Pepperstone MT5
2017.01.26,0.76434,0.76478,0.75975,0.76405,144829,30,176333685000,CADCHF,Pepperstone MT5
2017.01.27,0.76407,0.76432,0.76003,0.76035,129372,39,152630188000,CADCHF,Pepperstone MT5
2017.01.28,0.76035,0.76036,0.75656,0.75678,2244,44,2134670000,CADCHF,Pepperstone MT5
2017.01.30,0.75835,0.76345,0.75795,0.75824,126948,30,151805684000,CADCHF,Pepperstone MT5
2017.01.31,0.75820,0.76142,0.75619,0.76029,164763,39,192657304000,CADCHF,Pepperstone MT5
2017.02.01,0.76029,0.76164,0.75616,0.76102,150745,30,178511711000,CADCHF,Pepperstone MT5
2017.02.02,0.76102,0.76233,0.75751,0.76205,144545,38,164123295000,CADCHF,Pepperstone MT5
2017.02.03,0.76206,0.76450,0.76078,0.76167,139287,31,160296111000,CADCHF,Pepperstone MT5
2017.02.04,0.76162,0.76233,0.75971,0.75971,2817,39,3078062000,CADCHF,Pepperstone MT5
2017.02.06,0.76019,0.76509,0.75599,0.75710,142013,30,172709823000,CADCHF,Pepperstone MT5
2017.02.07,0.75709,0.75917,0.75578,0.75698,147397,38,183829390000,CADCHF,Pepperstone MT5
2017.02.08,0.75699,0.75967,0.75409,0.75646,146529,36,182329596000,CADCHF,Pepperstone MT5
2017.02.09,0.75648,0.76341,0.75610,0.76153,140652,30,171244966000,CADCHF,Pepperstone MT5
2017.02.10,0.76153,0.76882,0.76126,0.76621,144564,30,171769081000,CADCHF,Pepperstone MT5
2017.02.11,0.76618,0.76647,0.76369,0.76369,1858,38,1993568000,CADCHF,Pepperstone MT5
2017.02.13,0.76545,0.76972,0.76476,0.76909,127828,39,155427056000,CADCHF,Pepperstone MT5
2017.02.14,0.76910,0.77117,0.76828,0.76984,141403,39,168032525000,CADCHF,Pepperstone MT5
2017.02.15,0.76984,0.77220,0.76831,0.76847,146058,39,172718825000,CADCHF,Pepperstone MT5
2017.02.16,0.76847,0.76952,0.76221,0.76226,143506,34,172808086000,CADCHF,Pepperstone MT5
2017.02.17,0.76230,0.76552,0.76213,0.76543,129847,30,154110276000,CADCHF,Pepperstone MT5
2017.02.18,0.76543,0.76594,0.76245,0.76245,2404,34,1743694000,CADCHF,Pepperstone MT5
2017.02.20,0.76421,0.76685,0.76400,0.76500,80909,39,94397620000,CADCHF,Pepperstone MT5
2017.02.21,0.76502,0.76879,0.76436,0.76762,125900,39,156160931000,CADCHF,Pepperstone MT5
2017.02.22,0.76764,0.77022,0.76572,0.76801,132254,30,161513706000,CADCHF,Pepperstone MT5
2017.02.23,0.76800,0.76964,0.76639,0.76721,119011,39,146038072000,CADCHF,Pepperstone MT5
2017.02.24,0.76721,0.76915,0.76479,0.76831,120320,30,135590064000,CADCHF,Pepperstone MT5
2017.02.25,0.76833,0.76942,0.76809,0.76809,1749,32,1269635000,CADCHF,Pepperstone MT5
2017.02.27,0.76841,0.76916,0.76617,0.76619,122656,39,146390552000,CADCHF,Pepperstone MT5
2017.02.28,0.76619,0.76636,0.75435,0.75593,133817,39,157371650000,CADCHF,Pepperstone MT5
2017.03.01,0.75596,0.76045,0.75425,0.75638,160660,30,190959474000,CADCHF,Pepperstone MT5
2017.03.02,0.75639,0.75858,0.75516,0.75616,125801,30,157144625000,CADCHF,Pepperstone MT5
2017.03.03,0.75617,0.75677,0.75281,0.75394,132499,39,158825018000,CADCHF,Pepperstone MT5
2017.03.04,0.75390,0.75444,0.74997,0.75073,2094,30,1458346000,CADCHF,Pepperstone MT5
2017.03.06,0.75314,0.75506,0.75197,0.75440,121853,39,152510186000,CADCHF,Pepperstone MT5
2017.03.07,0.75441,0.75808,0.75409,0.75490,114164,30,144563228000,CADCHF,Pepperstone MT5
2017.03.08,0.75492,0.75605,0.75134,0.75175,131112,30,166742863000,CADCHF,Pepperstone MT5
2017.03.09,0.75176,0.75288,0.74671,0.74870,161013,39,198669900000,CADCHF,Pepperstone MT5
2017.03.10,0.74869,0.75285,0.74819,0.75020,147023,30,179312534000,CADCHF,Pepperstone MT5
2017.03.11,0.75021,0.75106,0.74912,0.74912,2628,41,1602274000,CADCHF,Pepperstone MT5
2017.03.13,0.75018,0.75223,0.74807,0.74893,121699,39,153661733000,CADCHF,Pepperstone MT5
2017.03.14,0.74889,0.75017,0.74670,0.74897,124091,39,159526702000,CADCHF,Pepperstone MT5
2017.03.15,0.74896,0.75173,0.74817,0.75160,138036,39,163871352000,CADCHF,Pepperstone MT5
2017.03.16,0.75169,0.75298,0.74579,0.74798,150344,39,182540520000,CADCHF,Pepperstone MT5
2017.03.17,0.74779,0.74877,0.74580,0.74796,117373,39,143450344000,CADCHF,Pepperstone MT5
2017.03.20,0.74719,0.74853,0.74502,0.74771,107943,30,136810020000,CADCHF,Pepperstone MT5
2017.03.21,0.74767,0.74932,0.74369,0.74423,142183,30,175615125000,CADCHF,Pepperstone MT5
2017.03.22,0.74416,0.74430,0.73774,0.74365,138697,30,172033228000,CADCHF,Pepperstone MT5
2017.03.23,0.74359,0.74540,0.74314,0.74385,122051,30,152201481000,CADCHF,Pepperstone MT5
2017.03.24,0.74388,0.74468,0.73918,0.73941,113413,30,138127147000,CADCHF,Pepperstone MT5
2017.03.27,0.74026,0.74141,0.73292,0.73659,117225,39,144606035000,CADCHF,Pepperstone MT5
2017.03.28,0.73660,0.74274,0.73437,0.74112,110005,32,134340451000,CADCHF,Pepperstone MT5
2017.03.29,0.74111,0.74791,0.74036,0.74661,115950,39,141329273000,CADCHF,Pepperstone MT5
2017.03.30,0.74662,0.75194,0.74592,0.75049,123439,30,133528214000,CADCHF,Pepperstone MT5
2017.03.31,0.75048,0.75334,0.74882,0.75282,117915,30,138096243000,CADCHF,Pepperstone MT5
2017.04.01,0.75282,0.75352,0.75023,0.75023,4468,30,2982665000,CADCHF,Pepperstone MT5
2017.04.03,0.75213,0.75349,0.74740,0.74801,95121,39,118798249000,CADCHF,Pepperstone MT5
2017.04.04,0.74800,0.74888,0.74404,0.74720,96909,30,117447016000,CADCHF,Pepperstone MT5
2017.04.05,0.74719,0.75047,0.74677,0.74753,101039,30,127367882000,CADCHF,Pepperstone MT5
2017.04.06,0.74753,0.74960,0.74598,0.74906,100057,30,125633014000,CADCHF,Pepperstone MT5
2017.04.07,0.74907,0.75382,0.74723,0.75219,122472,30,142073740000,CADCHF,Pepperstone MT5
2017.04.08,0.75218,0.75274,0.75022,0.75022,2470,39,2091764000,CADCHF,Pepperstone MT5
2017.04.10,0.75119,0.75665,0.75074,0.75658,81879,39,101765009000,CADCHF,Pepperstone MT5
2017.04.11,0.75658,0.75750,0.75282,0.75560,96442,39,120203971000,CADCHF,Pepperstone MT5
2017.04.12,0.75559,0.75898,0.75481,0.75583,108959,30,132640909000,CADCHF,Pepperstone MT5
2017.04.13,0.75583,0.76019,0.75371,0.75415,106805,30,123812649000,CADCHF,Pepperstone MT5
2017.04.14,0.75416,0.75476,0.75253,0.75379,61964,39,60259015000,CADCHF,Pepperstone MT5
2017.04.15,0.75379,0.75409,0.75038,0.75349,652,68,434250000,CADCHF,Pepperstone MT5
2017.04.17,0.75371,0.75537,0.75122,0.75423,64913,39,77476215000,CADCHF,Pepperstone MT5
2017.04.18,0.75422,0.75455,0.74321,0.74398,118880,39,148491122000,CADCHF,Pepperstone MT5
2017.04.19,0.74398,0.74461,0.73927,0.74006,102763,39,126827863000,CADCHF,Pepperstone MT5
2017.04.20,0.74007,0.74126,0.73667,0.74096,98538,33,120127525000,CADCHF,Pepperstone MT5
2017.04.21,0.74096,0.74241,0.73763,0.73824,90428,30,111807539000,CADCHF,Pepperstone MT5
2017.04.22,0.73823,0.73915,0.73556,0.73556,3673,35,3487742000,CADCHF,Pepperstone MT5
2017.04.24,0.73573,0.74201,0.73470,0.73678,117909,39,138785784000,CADCHF,Pepperstone MT5
2017.04.25,0.73680,0.73750,0.72814,0.73176,107074,31,135772996000,CADCHF,Pepperstone MT5
2017.04.26,0.73175,0.73402,0.72930,0.72941,121472,35,151171853000,CADCHF,Pepperstone MT5
2017.04.27,0.72944,0.73389,0.72740,0.72951,118433,39,141973838000,CADCHF,Pepperstone MT5
2017.04.28,0.72952,0.72967,0.72479,0.72880,105793,37,120776552000,CADCHF,Pepperstone MT5
2017.04.29,0.72878,0.72933,0.72808,0.72812,2792,42,1991182000,CADCHF,Pepperstone MT5
2017.05.01,0.72682,0.72942,0.72641,0.72833,60484,39,72197360000,CADCHF,Pepperstone MT5
2017.05.02,0.72831,0.72907,0.72085,0.72313,95762,39,121249143000,CADCHF,Pepperstone MT5
2017.05.03,0.72316,0.72548,0.72008,0.72419,102942,39,125787697000,CADCHF,Pepperstone MT5
2017.05.04,0.72419,0.72524,0.71646,0.71665,122352,39,148087195000,CADCHF,Pepperstone MT5
2017.05.05,0.71666,0.72282,0.71492,0.72221,119917,39,146770907000,CADCHF,Pepperstone MT5
2017.05.06,0.72224,0.72383,0.72194,0.72233,3678,41,3701130000,CADCHF,Pepperstone MT5
2017.05.08,0.72223,0.72944,0.72223,0.72867,112302,39,134701244000,CADCHF,Pepperstone MT5
2017.05.09,0.72868,0.73528,0.72843,0.73342,112045,39,133014155000,CADCHF,Pepperstone MT5
2017.05.10,0.73343,0.73921,0.73240,0.73857,110255,39,131895532000,CADCHF,Pepperstone MT5
2017.05.11,0.73858,0.73887,0.73258,0.73577,107587,39,126933036000,CADCHF,Pepperstone MT5
2017.05.12,0.73578,0.73625,0.72796,0.72985,96661,39,118054747000,CADCHF,Pepperstone MT5
2017.05.13,0.72986,0.73006,0.72883,0.72883,1914,30,2155814000,CADCHF,Pepperstone MT5
2017.05.15,0.72945,0.73420,0.72881,0.73005,101460,39,123885339000,CADCHF,Pepperstone MT5
2017.05.16,0.73007,0.73100,0.72455,0.72520,107588,39,132233231000,CADCHF,Pepperstone MT5
2017.05.17,0.72520,0.72533,0.71734,0.71886,125752,39,149527748000,CADCHF,Pepperstone MT5
2017.05.18,0.71887,0.72092,0.71537,0.71941,151824,39,172629380000,CADCHF,Pepperstone MT5
2017.05.19,0.71943,0.72136,0.71740,0.71971,112259,39,126680393000,CADCHF,Pepperstone MT5
2017.05.20,0.71974,0.72008,0.71945,0.71946,1835,31,1838700000,CADCHF,Pepperstone MT5
2017.05.22,0.71919,0.72248,0.71756,0.72062,87800,39,100085185000,CADCHF,Pepperstone MT5
2017.05.23,0.72062,0.72250,0.71948,0.72177,112531,39,125198137000,CADCHF,Pepperstone MT5
2017.05.24,0.72180,0.72712,0.72067,0.72572,119322,39,130655543000,CADCHF,Pepperstone MT5
2017.05.25,0.72572,0.72621,0.72081,0.72150,108462,39,121659689000,CADCHF,Pepperstone MT5
2017.05.26,0.72151,0.72496,0.71988,0.72406,102094,39,114853190000,CADCHF,Pepperstone MT5
2017.05.27,0.72404,0.72491,0.72323,0.72323,2018,42,1730314000,CADCHF,Pepperstone MT5
2017.05.29,0.72410,0.72667,0.72309,0.72540,49672,39,51108712000,CADCHF,Pepperstone MT5
2017.05.30,0.72539,0.72771,0.72189,0.72393,89334,39,101891158000,CADCHF,Pepperstone MT5
2017.05.31,0.72392,0.72535,0.71512,0.71690,102847,39,117454006000,CADCHF,Pepperstone MT5
2017.06.01,0.71689,0.72044,0.71576,0.71822,98682,39,112538207000,CADCHF,Pepperstone MT5
2017.06.02,0.71826,0.71894,0.71181,0.71308,94901,39,101713834000,CADCHF,Pepperstone MT5
2017.06.03,0.71307,0.71370,0.71263,0.71264,1547,38,0,CADCHF,Pepperstone MT5
2017.06.05,0.71342,0.71675,0.71122,0.71595,70884,39,0,CADCHF,Pepperstone MT5
2017.06.06,0.71594,0.71725,0.71356,0.71553,86698,30,0,CADCHF,Pepperstone MT5
2017.06.07,0.71554,0.71962,0.71270,0.71310,95053,39,0,CADCHF,Pepperstone MT5
2017.06.08,0.71311,0.71780,0.71196,0.71587,100438,39,0,CADCHF,Pepperstone MT5
2017.06.09,0.71588,0.72271,0.71231,0.71972,106601,39,0,CADCHF,Pepperstone MT5
2017.06.10,0.71971,0.72000,0.71916,0.71916,1754,42,0,CADCHF,Pepperstone MT5
2017.06.12,0.71920,0.72699,0.71861,0.72646,82387,39,0,CADCHF,Pepperstone MT5
2017.06.13,0.72645,0.73308,0.72593,0.73173,84982,39,0,CADCHF,Pepperstone MT5
2017.06.14,0.73172,0.73559,0.72960,0.73371,128564,39,0,CADCHF,Pepperstone MT5
2017.06.15,0.73373,0.73547,0.73204,0.73455,107035,39,0,CADCHF,Pepperstone MT5
2017.06.16,0.73455,0.73707,0.73362,0.73577,83012,39,0,CADCHF,Pepperstone MT5
2017.06.17,0.73572,0.73706,0.73546,0.73576,2070,41,0,CADCHF,Pepperstone MT5
2017.06.19,0.73602,0.73852,0.73296,0.73799,89716,160,0,CADCHF,Pepperstone MT5
2017.06.20,0.73760,0.73823,0.73227,0.73482,95215,160,0,CADCHF,Pepperstone MT5
2017.06.21,0.73462,0.73502,0.72926,0.72929,102033,160,0,CADCHF,Pepperstone MT5
2017.06.22,0.72907,0.73612,0.72866,0.73413,89870,160,0,CADCHF,Pepperstone MT5
2017.06.23,0.73428,0.73498,0.72943,0.73019,77426,160,0,CADCHF,Pepperstone MT5
2017.06.26,0.73047,0.73568,0.72968,0.73404,82734,160,0,CADCHF,Pepperstone MT5
2017.06.27,0.73383,0.73516,0.72716,0.72752,124536,160,0,CADCHF,Pepperstone MT5
2017.06.28,0.72750,0.73729,0.72733,0.73573,158066,160,0,CADCHF,Pepperstone MT5
2017.06.29,0.73517,0.73734,0.73373,0.73497,140381,160,0,CADCHF,Pepperstone MT5
2017.06.30,0.73477,0.74038,0.73432,0.73930,126538,160,0,CADCHF,Pepperstone MT5
2017.07.03,0.73852,0.74217,0.73816,0.74072,92353,160,0,CADCHF,Pepperstone MT5
2017.07.04,0.74067,0.74759,0.74014,0.74605,80423,160,0,CADCHF,Pepperstone MT5
2017.07.05,0.74559,0.74736,0.74240,0.74397,109226,160,0,CADCHF,Pepperstone MT5
2017.07.06,0.74377,0.74670,0.73998,0.74009,110718,160,0,CADCHF,Pepperstone MT5
2017.07.07,0.73983,0.75000,0.73872,0.74849,112047,160,0,CADCHF,Pepperstone MT5
2017.07.10,0.74737,0.75112,0.74697,0.74912,86742,160,0,CADCHF,Pepperstone MT5
2017.07.11,0.74892,0.75060,0.74497,0.74626,95854,160,0,CADCHF,Pepperstone MT5
2017.07.12,0.74587,0.76028,0.74355,0.75697,145322,160,0,CADCHF,Pepperstone MT5
2017.07.13,0.75692,0.76058,0.75476,0.76012,128660,160,0,CADCHF,Pepperstone MT5
2017.07.14,0.75972,0.76295,0.75682,0.76151,114624,5,11315799886840,CADCHF,Pepperstone MT5
2017.07.17,0.76124,0.76269,0.75773,0.75784,107808,5,10780799892192,CADCHF,Pepperstone MT5
2017.07.18,0.75763,0.75977,0.75171,0.75621,155570,5,15556999844430,CADCHF,Pepperstone MT5
2017.07.19,0.75592,0.75914,0.75411,0.75806,117852,5,11785199882148,CADCHF,Pepperstone MT5
2017.07.20,0.75773,0.76252,0.75352,0.75537,165531,5,16553099834453,CADCHF,Pepperstone MT5
2017.07.21,0.75542,0.75690,0.75283,0.75428,264429,5,26442899735566,CADCHF,Pepperstone MT5
2017.07.24,0.75322,0.75779,0.75251,0.75659,244901,5,24490099755093,CADCHF,Pepperstone MT5
2017.07.25,0.75616,0.76179,0.75486,0.76144,286436,5,28643599713559,CADCHF,Pepperstone MT5
2017.07.26,0.76133,0.76710,0.76076,0.76382,335660,5,33565999664340,CADCHF,Pepperstone MT5
2017.07.27,0.76383,0.77158,0.76294,0.76866,338432,5,33843199661566,CADCHF,Pepperstone MT5
2017.07.28,0.76828,0.78055,0.76779,0.77898,336748,5,33674799663251,CADCHF,Pepperstone MT5
2017.07.31,0.77777,0.77950,0.77063,0.77468,295570,5,29556999704430,CADCHF,Pepperstone MT5
2017.08.01,0.77428,0.77622,0.76922,0.77009,298963,5,29896299701037,CADCHF,Pepperstone MT5
2017.08.02,0.76996,0.77291,0.76693,0.77259,294074,5,29407399705926,CADCHF,Pepperstone MT5
2017.08.03,0.77201,0.77244,0.76709,0.76937,276512,5,27651199723486,CADCHF,Pepperstone MT5
2017.08.04,0.76913,0.77287,0.76773,0.76882,251882,5,25188199748118,CADCHF,Pepperstone MT5
2017.08.07,0.76784,0.77024,0.76512,0.76755,210025,5,21002499789975,CADCHF,Pepperstone MT5
2017.08.08,0.76703,0.77162,0.76536,0.76893,230718,5,23071799769282,CADCHF,Pepperstone MT5
2017.08.09,0.76898,0.76915,0.75710,0.75888,285319,5,28531899714681,CADCHF,Pepperstone MT5
2017.08.10,0.75844,0.76216,0.75499,0.75522,269090,5,26908999730910,CADCHF,Pepperstone MT5
2017.08.11,0.75518,0.76012,0.75316,0.75846,265057,5,26505699734943,CADCHF,Pepperstone MT5
2017.08.14,0.75875,0.76574,0.75835,0.76400,121011,3,12101099878989,CADCHF,Pepperstone MT5
2017.08.15,0.76356,0.76599,0.76188,0.76232,236691,5,23669099763309,CADCHF,Pepperstone MT5
2017.08.16,0.76193,0.76816,0.76165,0.76521,249495,5,24949499750505,CADCHF,Pepperstone MT5
2017.08.17,0.76523,0.76771,0.75897,0.75925,259218,5,25921799740782,CADCHF,Pepperstone MT5
2017.08.18,0.75923,0.76991,0.75826,0.76698,255641,5,25564099744358,CADCHF,Pepperstone MT5
2017.08.21,0.76626,0.76866,0.76289,0.76591,89468,3,8946799910532,CADCHF,Pepperstone MT5
2017.08.22,0.76581,0.77264,0.76517,0.77071,89008,3,8900699910993,CADCHF,Pepperstone MT5
2017.08.23,0.77022,0.77116,0.76564,0.76931,102102,3,10210099897899,CADCHF,Pepperstone MT5
2017.08.24,0.76871,0.77151,0.76710,0.77115,86050,3,8604899913951,CADCHF,Pepperstone MT5
2017.08.25,0.77094,0.77223,0.76520,0.76633,109791,3,10978999890210,CADCHF,Pepperstone MT5
2017.08.28,0.76382,0.76764,0.76360,0.76375,168594,5,16859399831406,CADCHF,Pepperstone MT5
2017.08.29,0.76343,0.76371,0.75594,0.76356,256835,5,25683499743165,CADCHF,Pepperstone MT5
2017.08.30,0.76342,0.76483,0.75929,0.76345,223881,5,22388099776119,CADCHF,Pepperstone MT5
2017.08.31,0.76311,0.77084,0.76072,0.76787,259223,5,25922299740777,CADCHF,Pepperstone MT5
2017.09.01,0.76776,0.77932,0.76696,0.77839,258406,5,25840599741594,CADCHF,Pepperstone MT5
2017.09.04,0.77199,0.77673,0.76926,0.77136,182744,5,18274399817256,CADCHF,Pepperstone MT5
2017.09.05,0.77116,0.77585,0.76993,0.77195,278871,5,27887099721123,CADCHF,Pepperstone MT5
2017.09.06,0.77142,0.78654,0.76949,0.78237,242640,5,24263999757358,CADCHF,Pepperstone MT5
2017.09.07,0.78207,0.78572,0.77993,0.78433,250521,5,25052099749478,CADCHF,Pepperstone MT5
2017.09.08,0.78419,0.78454,0.77683,0.77728,247125,5,24712499752868,CADCHF,Pepperstone MT5
2017.09.11,0.77854,0.78979,0.77759,0.78971,206076,5,20607599793924,CADCHF,Pepperstone MT5
2017.09.12,0.78949,0.79171,0.78676,0.78772,163422,3,16342199836578,CADCHF,Pepperstone MT5
2017.09.13,0.78776,0.79203,0.78660,0.79197,200980,5,20097999799020,CADCHF,Pepperstone MT5
2017.09.14,0.79171,0.79583,0.78952,0.79200,236379,5,23637899763621,CADCHF,Pepperstone MT5
2017.09.15,0.79127,0.79288,0.78596,0.78668,211499,5,21149799788502,CADCHF,Pepperstone MT5
2017.09.18,0.78735,0.78968,0.78018,0.78240,184995,5,18499499815005,CADCHF,Pepperstone MT5
2017.09.19,0.78188,0.78584,0.77930,0.78281,195855,5,19585499804145,CADCHF,Pepperstone MT5
2017.09.20,0.78273,0.78733,0.78198,0.78673,225804,5,22580399774196,CADCHF,Pepperstone MT5
2017.09.21,0.78663,0.78915,0.78546,0.78733,212643,5,21264299787357,CADCHF,Pepperstone MT5
2017.09.22,0.78711,0.79085,0.78459,0.78587,200015,5,20001499799985,CADCHF,Pepperstone MT5
2017.09.25,0.78634,0.79112,0.77971,0.78116,193943,5,19394299806057,CADCHF,Pepperstone MT5
2017.09.26,0.78101,0.78666,0.77947,0.78449,210571,5,21057099789429,CADCHF,Pepperstone MT5
2017.09.27,0.78419,0.79013,0.77850,0.77916,241171,5,24117099758829,CADCHF,Pepperstone MT5
2017.09.28,0.77867,0.78182,0.77797,0.78060,215392,5,21539199784608,CADCHF,Pepperstone MT5
2017.09.29,0.78026,0.78173,0.77292,0.77546,199132,5,19913199800861,CADCHF,Pepperstone MT5
2017.10.02,0.77417,0.78001,0.77417,0.77925,186108,5,18610799813892,CADCHF,Pepperstone MT5
2017.10.03,0.77891,0.78097,0.77795,0.77975,181139,5,18113899818861,CADCHF,Pepperstone MT5
2017.10.04,0.77955,0.78203,0.77851,0.78144,176502,5,17650199823498,CADCHF,Pepperstone MT5
2017.10.05,0.78162,0.78342,0.77804,0.77855,173034,5,17303399826965,CADCHF,Pepperstone MT5
2017.10.06,0.77848,0.78250,0.77724,0.78006,199687,5,19968699800311,CADCHF,Pepperstone MT5
2017.10.09,0.78034,0.78188,0.77929,0.78053,111276,5,11127599888724,CADCHF,Pepperstone MT5
2017.10.10,0.78020,0.78206,0.77876,0.77908,184692,5,18469199815308,CADCHF,Pepperstone MT5
2017.10.11,0.77891,0.78123,0.77674,0.78096,193912,5,19391199806088,CADCHF,Pepperstone MT5
2017.10.12,0.78114,0.78313,0.78007,0.78185,206885,5,20688499793115,CADCHF,Pepperstone MT5
2017.10.13,0.78183,0.78319,0.77802,0.78144,190326,5,19032599809674,CADCHF,Pepperstone MT5
2017.10.16,0.78020,0.78298,0.77615,0.77918,264662,3,407300348356,CADCHF,Pepperstone MT5
2017.10.17,0.77889,0.78167,0.77823,0.78134,282556,3,378144,CADCHF,Pepperstone MT5
2017.10.18,0.78114,0.78772,0.78102,0.78744,300420,3,393500,CADCHF,Pepperstone MT5
2017.10.19,0.78727,0.78790,0.78018,0.78184,334317,3,460877,CADCHF,Pepperstone MT5
2017.10.20,0.78184,0.78707,0.77897,0.77938,354239,3,460625,CADCHF,Pepperstone MT5
2017.10.23,0.78004,0.78219,0.77852,0.77871,104818,3,0,CADCHF,Pepperstone MT5
2017.10.24,0.77859,0.78218,0.77793,0.78181,125213,3,0,CADCHF,Pepperstone MT5
2017.10.25,0.78169,0.78363,0.77074,0.77337,159460,3,0,CADCHF,Pepperstone MT5
2017.10.26,0.77327,0.77724,0.77199,0.77667,141392,3,0,CADCHF,Pepperstone MT5
2017.10.27,0.77629,0.77930,0.77454,0.77800,158081,3,0,CADCHF,Pepperstone MT5
2017.10.30,0.77742,0.77864,0.77474,0.77477,111900,3,0,CADCHF,Pepperstone MT5
2017.10.31,0.77475,0.77795,0.77188,0.77398,112991,3,0,CADCHF,Pepperstone MT5
2017.11.01,0.77389,0.78056,0.77304,0.77994,118801,3,0,CADCHF,Pepperstone MT5
2017.11.02,0.77969,0.78047,0.77625,0.78013,127460,3,0,CADCHF,Pepperstone MT5
2017.11.03,0.78004,0.78546,0.77695,0.78388,109920,3,0,CADCHF,Pepperstone MT5
2017.11.06,0.78354,0.78585,0.78212,0.78443,89665,3,0,CADCHF,Pepperstone MT5
2017.11.07,0.78469,0.78634,0.77940,0.78256,99670,3,0,CADCHF,Pepperstone MT5
2017.11.08,0.78247,0.78654,0.78109,0.78608,94673,3,0,CADCHF,Pepperstone MT5
2017.11.09,0.78589,0.78736,0.78212,0.78433,134964,3,0,CADCHF,Pepperstone MT5
2017.11.10,0.78429,0.78582,0.78279,0.78536,96560,3,0,CADCHF,Pepperstone MT5
2017.11.13,0.78515,0.78594,0.78138,0.78237,83242,3,0,CADCHF,Pepperstone MT5
2017.11.14,0.78244,0.78266,0.77603,0.77718,107693,3,0,CADCHF,Pepperstone MT5
2017.11.15,0.77704,0.77736,0.77076,0.77409,131819,3,0,CADCHF,Pepperstone MT5
2017.11.16,0.77413,0.78023,0.77375,0.77923,115474,3,0,CADCHF,Pepperstone MT5
2017.11.17,0.77922,0.77973,0.77230,0.77447,135848,3,0,CADCHF,Pepperstone MT5
2017.11.20,0.77351,0.77631,0.77205,0.77567,125640,3,0,CADCHF,Pepperstone MT5
2017.11.21,0.77578,0.77774,0.77348,0.77549,121426,3,0,CADCHF,Pepperstone MT5
2017.11.22,0.77539,0.77621,0.77174,0.77329,125759,3,0,CADCHF,Pepperstone MT5
2017.11.23,0.77309,0.77457,0.77038,0.77186,128561,3,0,CADCHF,Pepperstone MT5
2017.11.24,0.77184,0.77238,0.76950,0.77057,129714,3,0,CADCHF,Pepperstone MT5
2017.11.27,0.76929,0.77384,0.76846,0.76910,109387,3,0,CADCHF,Pepperstone MT5
2017.11.28,0.76907,0.77015,0.76666,0.76830,129997,3,0,CADCHF,Pepperstone MT5
2017.11.29,0.76821,0.76965,0.76475,0.76534,136414,3,0,CADCHF,Pepperstone MT5
2017.11.30,0.76539,0.76655,0.76162,0.76258,136209,3,0,CADCHF,Pepperstone MT5
2017.12.04,0.77199,0.77731,0.77060,0.77600,132977,3,0,CADCHF,Pepperstone MT5
2017.12.05,0.77582,0.78059,0.77582,0.77772,114951,3,0,CADCHF,Pepperstone MT5
2017.12.06,0.77763,0.78214,0.77350,0.77351,115046,3,0,CADCHF,Pepperstone MT5
2017.12.07,0.77353,0.77457,0.77063,0.77357,94297,3,0,CADCHF,Pepperstone MT5
2017.12.08,0.77366,0.77719,0.77099,0.77158,99576,3,0,CADCHF,Pepperstone MT5
2017.12.11,0.77269,0.77279,0.76957,0.77148,79791,3,0,CADCHF,Pepperstone MT5
2017.12.12,0.77148,0.77358,0.76884,0.77049,92883,3,0,CADCHF,Pepperstone MT5
2017.12.13,0.77028,0.77215,0.76624,0.76880,115845,3,0,CADCHF,Pepperstone MT5
2017.12.14,0.76867,0.77711,0.76715,0.77428,137623,3,0,CADCHF,Pepperstone MT5
2017.12.15,0.77437,0.77641,0.76867,0.76901,140510,3,0,CADCHF,Pepperstone MT5
2017.12.18,0.76864,0.77075,0.76560,0.76630,98610,3,0,CADCHF,Pepperstone MT5
2017.12.19,0.76637,0.76690,0.76365,0.76486,110293,3,0,CADCHF,Pepperstone MT5
2017.12.20,0.76499,0.77017,0.76439,0.76891,99901,3,0,CADCHF,Pepperstone MT5
2017.12.21,0.76909,0.77912,0.76799,0.77545,107724,3,0,CADCHF,Pepperstone MT5
2017.12.22,0.77528,0.77974,0.77344,0.77746,95894,3,0,CADCHF,Pepperstone MT5
2017.12.26,0.77614,0.77985,0.77553,0.77951,36307,3,0,CADCHF,Pepperstone MT5
2017.12.27,0.77953,0.78348,0.77924,0.78042,80393,3,0,CADCHF,Pepperstone MT5
2017.12.28,0.78052,0.78063,0.77639,0.77903,73332,3,0,CADCHF,Pepperstone MT5
2017.12.29,0.77901,0.77953,0.77548,0.77553,85138,3,0,CADCHF,Pepperstone MT5
2018.01.02,0.77534,0.77776,0.77375,0.77684,93742,3,0,CADCHF,Pepperstone MT5
2018.01.03,0.77691,0.78172,0.77584,0.77925,93905,3,0,CADCHF,Pepperstone MT5
2018.01.04,0.77903,0.78085,0.77750,0.77997,102385,3,0,CADCHF,Pepperstone MT5
2018.01.05,0.77992,0.79020,0.77919,0.78583,114044,3,0,CADCHF,Pepperstone MT5
2018.01.08,0.78489,0.78909,0.78458,0.78677,82880,3,0,CADCHF,Pepperstone MT5
2018.01.09,0.78669,0.79131,0.78571,0.78870,105118,3,0,CADCHF,Pepperstone MT5
2018.01.10,0.78874,0.78965,0.77744,0.77929,158912,3,0,CADCHF,Pepperstone MT5
2018.01.11,0.77926,0.78165,0.77544,0.77913,146926,3,0,CADCHF,Pepperstone MT5
2018.01.12,0.77915,0.77981,0.77424,0.77629,159577,3,0,CADCHF,Pepperstone MT5
2018.01.15,0.77567,0.77784,0.77237,0.77498,157369,3,0,CADCHF,Pepperstone MT5
2018.01.16,0.77493,0.77803,0.77063,0.77125,144916,3,0,CADCHF,Pepperstone MT5
2018.01.17,0.77127,0.77746,0.76799,0.77471,190231,3,0,CADCHF,Pepperstone MT5
2018.01.18,0.77467,0.77668,0.76830,0.77214,162360,3,0,CADCHF,Pepperstone MT5
2018.01.19,0.77220,0.77297,0.76850,0.77005,143693,3,0,CADCHF,Pepperstone MT5
2018.01.22,0.77004,0.77345,0.76917,0.77263,105529,3,0,CADCHF,Pepperstone MT5
2018.01.23,0.77264,0.77305,0.76813,0.77090,132188,3,0,CADCHF,Pepperstone MT5
2018.01.24,0.77096,0.77169,0.76386,0.76711,161577,3,0,CADCHF,Pepperstone MT5
2018.01.25,0.76717,0.76731,0.75482,0.76055,236771,3,0,CADCHF,Pepperstone MT5
2018.01.26,0.76076,0.76135,0.75704,0.75754,194244,3,0,CADCHF,Pepperstone MT5
2018.01.29,0.75791,0.76069,0.75667,0.76034,149798,3,0,CADCHF,Pepperstone MT5
2018.01.30,0.76028,0.76039,0.75508,0.75825,155271,3,0,CADCHF,Pepperstone MT5
2018.01.31,0.75833,0.76234,0.75523,0.75661,190685,3,0,CADCHF,Pepperstone MT5
2018.02.01,0.75659,0.75848,0.75451,0.75500,156840,3,0,CADCHF,Pepperstone MT5
2018.02.02,0.75495,0.75640,0.74899,0.74944,190680,3,0,CADCHF,Pepperstone MT5
2018.02.05,0.74952,0.75157,0.74588,0.74605,180572,3,0,CADCHF,Pepperstone MT5
2018.02.06,0.74607,0.75129,0.74150,0.74878,274308,3,0,CADCHF,Pepperstone MT5
2018.02.07,0.74897,0.75379,0.74664,0.75105,171319,3,0,CADCHF,Pepperstone MT5
2018.02.08,0.75097,0.75219,0.74173,0.74246,216213,3,0,CADCHF,Pepperstone MT5
2018.02.09,0.74217,0.74708,0.73896,0.74669,226641,3,0,CADCHF,Pepperstone MT5
2018.02.12,0.74583,0.74723,0.74337,0.74524,118499,3,0,CADCHF,Pepperstone MT5
2018.02.13,0.74532,0.74698,0.73968,0.74251,125338,3,0,CADCHF,Pepperstone MT5
2018.02.14,0.74246,0.74414,0.73951,0.74303,161909,3,0,CADCHF,Pepperstone MT5
2018.02.15,0.74293,0.74393,0.73652,0.73800,150303,3,0,CADCHF,Pepperstone MT5
2018.02.16,0.73815,0.74030,0.73670,0.73887,136540,3,0,CADCHF,Pepperstone MT5
2018.02.19,0.73814,0.74106,0.73720,0.73933,93621,3,0,CADCHF,Pepperstone MT5
2018.02.20,0.73936,0.74269,0.73878,0.74015,117879,3,0,CADCHF,Pepperstone MT5
2018.02.21,0.74008,0.74114,0.73872,0.73950,136659,3,0,CADCHF,Pepperstone MT5
2018.02.22,0.73945,0.74100,0.73352,0.73368,121694,3,0,CADCHF,Pepperstone MT5
2018.02.23,0.73390,0.74135,0.73339,0.73967,112283,3,0,CADCHF,Pepperstone MT5
2018.02.26,0.74019,0.74122,0.73788,0.74011,97331,3,0,CADCHF,Pepperstone MT5
2018.02.27,0.74007,0.74037,0.73492,0.73501,130348,3,0,CADCHF,Pepperstone MT5
2018.02.28,0.73484,0.73912,0.73440,0.73601,120769,3,0,CADCHF,Pepperstone MT5
2018.03.01,0.73575,0.73887,0.73365,0.73375,163099,3,0,CADCHF,Pepperstone MT5
2018.03.02,0.73329,0.73463,0.72528,0.72779,142903,3,0,CADCHF,Pepperstone MT5
2018.03.05,0.72533,0.72755,0.72240,0.72486,138675,3,0,CADCHF,Pepperstone MT5
2018.03.06,0.72479,0.73062,0.72315,0.73043,140634,3,0,CADCHF,Pepperstone MT5
2018.03.07,0.73049,0.73181,0.72390,0.73064,162529,3,0,CADCHF,Pepperstone MT5
2018.03.08,0.73059,0.73809,0.73018,0.73737,153922,3,0,CADCHF,Pepperstone MT5
2018.03.09,0.73724,0.74263,0.73653,0.74258,139494,3,0,CADCHF,Pepperstone MT5
2018.03.12,0.74195,0.74248,0.73644,0.73783,92900,3,0,CADCHF,Pepperstone MT5
2018.03.13,0.73783,0.73870,0.72689,0.72794,146103,3,0,CADCHF,Pepperstone MT5
2018.03.14,0.72789,0.73222,0.72776,0.72929,123881,3,0,CADCHF,Pepperstone MT5
2018.03.15,0.72914,0.73044,0.72593,0.72892,120714,3,0,CADCHF,Pepperstone MT5
2018.03.16,0.72869,0.72979,0.72527,0.72716,116150,3,0,CADCHF,Pepperstone MT5
2018.03.19,0.72704,0.72959,0.72524,0.72724,130147,3,0,CADCHF,Pepperstone MT5
2018.03.20,0.72712,0.73188,0.72664,0.73176,118409,3,0,CADCHF,Pepperstone MT5
2018.03.21,0.73171,0.73724,0.73020,0.73567,156239,3,0,CADCHF,Pepperstone MT5
2018.03.22,0.73584,0.73807,0.73255,0.73344,172150,3,0,CADCHF,Pepperstone MT5
2018.03.23,0.73349,0.73980,0.73123,0.73454,158572,3,0,CADCHF,Pepperstone MT5
2018.03.26,0.73425,0.73803,0.73061,0.73611,122042,3,0,CADCHF,Pepperstone MT5
2018.03.27,0.73587,0.73872,0.73416,0.73462,130667,3,0,CADCHF,Pepperstone MT5
2018.03.28,0.73461,0.74191,0.73424,0.74015,121114,3,0,CADCHF,Pepperstone MT5
2018.03.29,0.74009,0.74321,0.73893,0.74219,114347,3,0,CADCHF,Pepperstone MT5
2018.03.30,0.74215,0.74226,0.73854,0.73933,43202,3,0,CADCHF,Pepperstone MT5
2018.04.02,0.73819,0.74094,0.73718,0.73973,77385,3,0,CADCHF,Pepperstone MT5
2018.04.03,0.73917,0.75055,0.73810,0.74857,122646,3,0,CADCHF,Pepperstone MT5
2018.04.04,0.74841,0.75291,0.74457,0.75267,132383,3,0,CADCHF,Pepperstone MT5
2018.04.05,0.75224,0.75599,0.75108,0.75554,109533,3,0,CADCHF,Pepperstone MT5
2018.04.06,0.75559,0.75677,0.74972,0.75078,138818,3,0,CADCHF,Pepperstone MT5
2018.04.09,0.75019,0.75461,0.74823,0.75309,112464,3,0,CADCHF,Pepperstone MT5
2018.04.10,0.75292,0.76008,0.75184,0.75944,114110,3,0,CADCHF,Pepperstone MT5
2018.04.11,0.75908,0.76287,0.75795,0.76142,113318,3,0,CADCHF,Pepperstone MT5
2018.04.12,0.76102,0.76581,0.76044,0.76444,122374,3,0,CADCHF,Pepperstone MT5
2018.04.13,0.76419,0.76676,0.76214,0.76244,95171,3,0,CADCHF,Pepperstone MT5
2018.04.16,0.76225,0.76478,0.76078,0.76390,86159,3,0,CADCHF,Pepperstone MT5
2018.04.17,0.76366,0.77160,0.76297,0.76975,94392,3,0,CADCHF,Pepperstone MT5
2018.04.18,0.76970,0.77036,0.76379,0.76708,120986,3,0,CADCHF,Pepperstone MT5
2018.04.19,0.76667,0.76993,0.76624,0.76650,122457,3,0,CADCHF,Pepperstone MT5
2018.04.20,0.76645,0.77014,0.76396,0.76405,115976,3,0,CADCHF,Pepperstone MT5
2018.04.23,0.76334,0.76528,0.76050,0.76124,112030,3,0,CADCHF,Pepperstone MT5
2018.04.24,0.76124,0.76492,0.76093,0.76280,111772,3,0,CADCHF,Pepperstone MT5
2018.04.25,0.76263,0.76579,0.76224,0.76520,110040,3,0,CADCHF,Pepperstone MT5
2018.04.26,0.76527,0.76874,0.76348,0.76834,126073,3,0,CADCHF,Pepperstone MT5
2018.04.27,0.76840,0.77007,0.76710,0.76960,101702,3,0,CADCHF,Pepperstone MT5
2018.04.30,0.76904,0.77361,0.76849,0.77136,104910,3,0,CADCHF,Pepperstone MT5
2018.05.01,0.77134,0.77598,0.77069,0.77568,117996,3,0,CADCHF,Pepperstone MT5
2018.05.02,0.77530,0.77738,0.77427,0.77565,149432,3,0,CADCHF,Pepperstone MT5
2018.05.03,0.77499,0.77802,0.77194,0.77659,147764,3,0,CADCHF,Pepperstone MT5
2018.05.04,0.77639,0.77933,0.77491,0.77821,104784,3,0,CADCHF,Pepperstone MT5
2018.05.07,0.77814,0.78085,0.77704,0.77831,92053,3,0,CADCHF,Pepperstone MT5
2018.05.08,0.77835,0.77861,0.77077,0.77339,136291,3,0,CADCHF,Pepperstone MT5
2018.05.09,0.77319,0.78315,0.77296,0.78191,118513,3,0,CADCHF,Pepperstone MT5
2018.05.10,0.78178,0.78651,0.78113,0.78544,143081,3,0,CADCHF,Pepperstone MT5
2018.05.11,0.78534,0.78672,0.78113,0.78154,105904,3,0,CADCHF,Pepperstone MT5
2018.05.14,0.78136,0.78330,0.77991,0.78089,86446,3,0,CADCHF,Pepperstone MT5
2018.05.15,0.78074,0.78238,0.77604,0.77777,122175,3,0,CADCHF,Pepperstone MT5
2018.05.16,0.77754,0.78329,0.77655,0.78263,131420,3,0,CADCHF,Pepperstone MT5
2018.05.17,0.78269,0.78551,0.78090,0.78200,117614,3,0,CADCHF,Pepperstone MT5
2018.05.18,0.78169,0.78222,0.77167,0.77414,110526,3,0,CADCHF,Pepperstone MT5
2018.05.21,0.77397,0.78003,0.77389,0.77981,93220,3,0,CADCHF,Pepperstone MT5
2018.05.22,0.77949,0.78182,0.77391,0.77445,111369,3,0,CADCHF,Pepperstone MT5
2018.05.23,0.77424,0.77678,0.76682,0.77560,153602,3,0,CADCHF,Pepperstone MT5
2018.05.24,0.77539,0.77579,0.76532,0.76967,137827,3,0,CADCHF,Pepperstone MT5
2018.05.25,0.76952,0.77034,0.76254,0.76256,134290,3,0,CADCHF,Pepperstone MT5
2018.05.28,0.76374,0.76665,0.76272,0.76452,88337,3,0,CADCHF,Pepperstone MT5
2018.05.29,0.76454,0.76610,0.75659,0.76127,175682,3,0,CADCHF,Pepperstone MT5
2018.05.30,0.76129,0.77097,0.75888,0.76824,163653,3,0,CADCHF,Pepperstone MT5
2018.05.31,0.76809,0.76908,0.75732,0.76089,167131,3,0,CADCHF,Pepperstone MT5
2018.06.01,0.76054,0.76445,0.76011,0.76179,137569,3,0,CADCHF,Pepperstone MT5
2018.06.04,0.76202,0.76523,0.76110,0.76385,115753,3,0,CADCHF,Pepperstone MT5
2018.06.05,0.76354,0.76480,0.75677,0.75943,128835,3,0,CADCHF,Pepperstone MT5
2018.06.06,0.75889,0.76831,0.75849,0.76219,131993,3,0,CADCHF,Pepperstone MT5
2018.06.07,0.76164,0.76209,0.75344,0.75575,121901,3,0,CADCHF,Pepperstone MT5
2018.06.08,0.75559,0.76233,0.75334,0.76207,124087,3,0,CADCHF,Pepperstone MT5
2018.06.11,0.75694,0.76125,0.75644,0.75907,89208,3,0,CADCHF,Pepperstone MT5
2018.06.12,0.75899,0.76031,0.75610,0.75813,117494,3,0,CADCHF,Pepperstone MT5
2018.06.13,0.75785,0.75999,0.75706,0.75894,117446,3,0,CADCHF,Pepperstone MT5
2018.06.14,0.75854,0.76462,0.75720,0.76079,133998,3,0,CADCHF,Pepperstone MT5
2018.06.15,0.76044,0.76092,0.75361,0.75555,132015,3,0,CADCHF,Pepperstone MT5
2018.06.18,0.75519,0.75778,0.75161,0.75376,94240,3,0,CADCHF,Pepperstone MT5
2018.06.19,0.75369,0.75428,0.74776,0.74812,154285,3,0,CADCHF,Pepperstone MT5
2018.06.20,0.74815,0.75090,0.74745,0.74821,121643,3,0,CADCHF,Pepperstone MT5
2018.06.21,0.74809,0.75007,0.74406,0.74454,143108,3,0,CADCHF,Pepperstone MT5
2018.06.22,0.74492,0.74630,0.73960,0.74399,125048,3,0,CADCHF,Pepperstone MT5
2018.06.25,0.74365,0.74475,0.74058,0.74225,115201,3,0,CADCHF,Pepperstone MT5
2018.06.26,0.74194,0.74563,0.74140,0.74448,118816,3,0,CADCHF,Pepperstone MT5
2018.06.27,0.74430,0.75021,0.74305,0.74716,141058,3,0,CADCHF,Pepperstone MT5
2018.06.28,0.74700,0.75347,0.74654,0.75266,113712,3,0,CADCHF,Pepperstone MT5
2018.06.29,0.75264,0.75605,0.74799,0.75389,155094,3,0,CADCHF,Pepperstone MT5
2018.07.02,0.75214,0.75527,0.75091,0.75349,101189,3,0,CADCHF,Pepperstone MT5
2018.07.03,0.75329,0.75659,0.75254,0.75527,113434,3,0,CADCHF,Pepperstone MT5
2018.07.04,0.75499,0.75614,0.75359,0.75510,105819,3,0,CADCHF,Pepperstone MT5
2018.07.05,0.75484,0.75707,0.75431,0.75638,97241,3,0,CADCHF,Pepperstone MT5
2018.07.06,0.75584,0.75781,0.75296,0.75609,88636,3,0,CADCHF,Pepperstone MT5
2018.07.09,0.75473,0.75749,0.75357,0.75629,85776,3,0,CADCHF,Pepperstone MT5
2018.07.10,0.75614,0.75797,0.75497,0.75643,85496,3,0,CADCHF,Pepperstone MT5
2018.07.11,0.75609,0.75899,0.75374,0.75384,132550,3,0,CADCHF,Pepperstone MT5
2018.07.12,0.75371,0.76207,0.75289,0.76194,94815,3,0,CADCHF,Pepperstone MT5
2018.07.13,0.76179,0.76323,0.76020,0.76130,84892,3,0,CADCHF,Pepperstone MT5
2018.07.16,0.75990,0.76209,0.75796,0.75869,86623,3,0,CADCHF,Pepperstone MT5
2018.07.17,0.75849,0.75956,0.75530,0.75804,90662,3,0,CADCHF,Pepperstone MT5
2018.07.18,0.75804,0.75897,0.75371,0.75859,89476,3,0,CADCHF,Pepperstone MT5
2018.07.19,0.75839,0.75894,0.75242,0.75309,115951,3,0,CADCHF,Pepperstone MT5
2018.07.20,0.75269,0.75831,0.75128,0.75556,117643,3,0,CADCHF,Pepperstone MT5
2018.07.23,0.75464,0.75579,0.75334,0.75366,89173,3,0,CADCHF,Pepperstone MT5
2018.07.24,0.75319,0.75598,0.75261,0.75534,90412,3,0,CADCHF,Pepperstone MT5
2018.07.25,0.75514,0.76107,0.75452,0.76009,114362,3,0,CADCHF,Pepperstone MT5
2018.07.26,0.75999,0.76247,0.75871,0.76016,97972,3,0,CADCHF,Pepperstone MT5
2018.07.27,0.76019,0.76404,0.75969,0.76144,80157,3,0,CADCHF,Pepperstone MT5
2018.07.30,0.76063,0.76193,0.75805,0.75812,61679,3,0,CADCHF,Pepperstone MT5
2018.07.31,0.75779,0.76241,0.75434,0.76115,94972,3,0,CADCHF,Pepperstone MT5
2018.08.01,0.76124,0.76520,0.76031,0.76319,83094,3,0,CADCHF,Pepperstone MT5
2018.08.02,0.76259,0.76530,0.76194,0.76424,70555,3,0,CADCHF,Pepperstone MT5
2018.08.03,0.76363,0.76614,0.76201,0.76515,83952,3,0,CADCHF,Pepperstone MT5
2018.08.06,0.76374,0.76680,0.76374,0.76630,55326,3,0,CADCHF,Pepperstone MT5
2018.08.07,0.76621,0.76778,0.76146,0.76255,65543,3,0,CADCHF,Pepperstone MT5
2018.08.08,0.76244,0.76357,0.75984,0.76269,81027,3,0,CADCHF,Pepperstone MT5
2018.08.09,0.76234,0.76450,0.75919,0.76144,70401,3,0,CADCHF,Pepperstone MT5
2018.08.10,0.76119,0.76241,0.75695,0.75770,121735,3,0,CADCHF,Pepperstone MT5
2018.08.13,0.75379,0.75838,0.75344,0.75604,102035,3,0,CADCHF,Pepperstone MT5
2018.08.14,0.75586,0.76138,0.75533,0.76134,80384,3,0,CADCHF,Pepperstone MT5
2018.08.15,0.76109,0.76304,0.75455,0.75619,92907,3,0,CADCHF,Pepperstone MT5
2018.08.16,0.75579,0.75832,0.75480,0.75747,90076,3,0,CADCHF,Pepperstone MT5
2018.08.17,0.75749,0.76254,0.75659,0.76203,78584,3,0,CADCHF,Pepperstone MT5
2018.08.20,0.76163,0.76261,0.75946,0.76010,62860,3,0,CADCHF,Pepperstone MT5
2018.08.21,0.75944,0.76021,0.75488,0.75509,79665,3,0,CADCHF,Pepperstone MT5
2018.08.22,0.75505,0.75660,0.75224,0.75629,77268,3,0,CADCHF,Pepperstone MT5
2018.08.23,0.75599,0.75663,0.75234,0.75369,59643,3,0,CADCHF,Pepperstone MT5
2018.08.24,0.75329,0.75497,0.75118,0.75458,68182,3,0,CADCHF,Pepperstone MT5
2018.08.27,0.75559,0.75724,0.75244,0.75544,57631,3,0,CADCHF,Pepperstone MT5
2018.08.28,0.75509,0.75696,0.75407,0.75514,61403,3,0,CADCHF,Pepperstone MT5
2018.08.29,0.75454,0.75685,0.75014,0.75169,63978,3,0,CADCHF,Pepperstone MT5
2018.08.30,0.75178,0.75219,0.74594,0.74659,66276,3,0,CADCHF,Pepperstone MT5
2018.08.31,0.74614,0.74679,0.74054,0.74264,82930,3,0,CADCHF,Pepperstone MT5
2018.09.03,0.74086,0.74374,0.73954,0.73984,40035,3,0,CADCHF,Pepperstone MT5
2018.09.04,0.73979,0.74125,0.73830,0.73869,69266,3,0,CADCHF,Pepperstone MT5
2018.09.05,0.73859,0.74005,0.73541,0.73735,72596,3,0,CADCHF,Pepperstone MT5
2018.09.06,0.73717,0.73751,0.73154,0.73439,72255,3,0,CADCHF,Pepperstone MT5
2018.09.07,0.73434,0.73685,0.73277,0.73604,78111,3,0,CADCHF,Pepperstone MT5
2018.09.10,0.73477,0.74119,0.73477,0.74064,46525,3,0,CADCHF,Pepperstone MT5
2018.09.11,0.74039,0.74540,0.73944,0.74414,51654,3,0,CADCHF,Pepperstone MT5
2018.09.12,0.74368,0.74783,0.74364,0.74654,62426,3,0,CADCHF,Pepperstone MT5
2018.09.13,0.74631,0.74694,0.74207,0.74300,54903,3,0,CADCHF,Pepperstone MT5
2018.09.14,0.74254,0.74341,0.74073,0.74209,52202,3,0,CADCHF,Pepperstone MT5
2018.09.17,0.74109,0.74246,0.73755,0.73800,47731,3,0,CADCHF,Pepperstone MT5
2018.09.18,0.73764,0.74365,0.73684,0.74309,66770,3,0,CADCHF,Pepperstone MT5
2018.09.19,0.74324,0.74993,0.74230,0.74864,63122,3,0,CADCHF,Pepperstone MT5
2018.09.20,0.74794,0.74941,0.74276,0.74319,65301,3,0,CADCHF,Pepperstone MT5
2018.09.21,0.74299,0.74347,0.73839,0.74189,62151,3,0,CADCHF,Pepperstone MT5
2018.09.24,0.74119,0.74531,0.74029,0.74479,55052,3,0,CADCHF,Pepperstone MT5
2018.09.25,0.74414,0.74630,0.74191,0.74504,57883,3,0,CADCHF,Pepperstone MT5
2018.09.26,0.74474,0.74851,0.74139,0.74170,73360,3,0,CADCHF,Pepperstone MT5
2018.09.27,0.74159,0.75087,0.73981,0.74936,66492,3,0,CADCHF,Pepperstone MT5
2018.09.28,0.74919,0.76033,0.74791,0.76032,69526,3,0,CADCHF,Pepperstone MT5
2018.10.01,0.76239,0.76981,0.76138,0.76751,77155,3,0,CADCHF,Pepperstone MT5
2018.10.02,0.76742,0.76954,0.76572,0.76729,70135,3,0,CADCHF,Pepperstone MT5
2018.10.03,0.76714,0.77199,0.76652,0.77079,75744,3,0,CADCHF,Pepperstone MT5
2018.10.04,0.77089,0.77113,0.76672,0.76724,74378,3,0,CADCHF,Pepperstone MT5
2018.10.05,0.76724,0.77006,0.76570,0.76629,68446,3,0,CADCHF,Pepperstone MT5
2018.10.08,0.76557,0.76691,0.76251,0.76570,55188,3,0,CADCHF,Pepperstone MT5
2018.10.09,0.76509,0.76750,0.76474,0.76594,75399,3,0,CADCHF,Pepperstone MT5
2018.10.10,0.76584,0.76684,0.75764,0.75774,70898,3,0,CADCHF,Pepperstone MT5
2018.10.11,0.75744,0.76205,0.75514,0.75899,114988,3,0,CADCHF,Pepperstone MT5
2018.10.12,0.75889,0.76263,0.75884,0.76139,85090,3,0,CADCHF,Pepperstone MT5
2018.10.15,0.76078,0.76247,0.75525,0.75959,83669,3,0,CADCHF,Pepperstone MT5
2018.10.16,0.75929,0.76655,0.75929,0.76588,71594,3,0,CADCHF,Pepperstone MT5
2018.10.17,0.76579,0.76649,0.76305,0.76413,81930,3,0,CADCHF,Pepperstone MT5
2018.10.18,0.76415,0.76450,0.76040,0.76088,91968,3,0,CADCHF,Pepperstone MT5
2018.10.19,0.76072,0.76453,0.75893,0.76004,93681,3,0,CADCHF,Pepperstone MT5
2018.10.22,0.75916,0.76269,0.75839,0.76023,74600,3,0,CADCHF,Pepperstone MT5
2018.10.23,0.76003,0.76139,0.75839,0.76029,73837,3,0,CADCHF,Pepperstone MT5
2018.10.24,0.76024,0.76931,0.75984,0.76434,82116,3,0,CADCHF,Pepperstone MT5
2018.10.25,0.76409,0.76729,0.76284,0.76494,93278,3,0,CADCHF,Pepperstone MT5
2018.10.26,0.76429,0.76510,0.75984,0.76144,79079,3,0,CADCHF,Pepperstone MT5
2018.10.29,0.76147,0.76440,0.76052,0.76289,56416,3,0,CADCHF,Pepperstone MT5
2018.10.30,0.76257,0.76669,0.76179,0.76664,64381,3,0,CADCHF,Pepperstone MT5
2018.10.31,0.76652,0.76738,0.76455,0.76644,61723,3,0,CADCHF,Pepperstone MT5
2018.11.01,0.76627,0.76799,0.76406,0.76579,91138,3,0,CADCHF,Pepperstone MT5
2018.11.02,0.76567,0.76727,0.76216,0.76589,109363,3,0,CADCHF,Pepperstone MT5
2018.11.05,0.76577,0.76867,0.76487,0.76612,59637,3,0,CADCHF,Pepperstone MT5
2018.11.06,0.76597,0.76673,0.76326,0.76377,57569,3,0,CADCHF,Pepperstone MT5
2018.11.07,0.76372,0.76464,0.76095,0.76442,101852,3,0,CADCHF,Pepperstone MT5
2018.11.08,0.76392,0.76704,0.75990,0.76483,76633,3,0,CADCHF,Pepperstone MT5
2018.11.09,0.76452,0.76551,0.76004,0.76145,74271,3,0,CADCHF,Pepperstone MT5
2018.11.12,0.76082,0.76508,0.76067,0.76301,60734,4,0,CADCHF,Pepperstone MT5
2018.11.13,0.76298,0.76487,0.76019,0.76083,78112,3,0,CADCHF,Pepperstone MT5
2018.11.14,0.76005,0.76398,0.75865,0.75969,85075,3,0,CADCHF,Pepperstone MT5
2018.11.15,0.75997,0.76465,0.75879,0.76395,91316,4,0,CADCHF,Pepperstone MT5
2018.11.16,0.76227,0.76564,0.75900,0.76040,73969,4,0,CADCHF,Pepperstone MT5
2018.11.19,0.75921,0.76076,0.75241,0.75446,61557,4,0,CADCHF,Pepperstone MT5
2018.11.20,0.75425,0.75461,0.74711,0.74753,72548,4,0,CADCHF,Pepperstone MT5
2018.11.21,0.74777,0.75176,0.74479,0.75158,65214,3,0,CADCHF,Pepperstone MT5
2018.11.22,0.75165,0.75463,0.75010,0.75346,53305,5,0,CADCHF,Pepperstone MT5
2018.11.23,0.75365,0.75645,0.75161,0.75273,63419,3,0,CADCHF,Pepperstone MT5
2018.11.26,0.75280,0.75633,0.75269,0.75350,61811,4,0,CADCHF,Pepperstone MT5
2018.11.27,0.75197,0.75459,0.74997,0.75090,69854,4,0,CADCHF,Pepperstone MT5
2018.11.28,0.75075,0.75134,0.74785,0.74838,75277,3,0,CADCHF,Pepperstone MT5
2018.11.29,0.74833,0.75186,0.74722,0.74966,74160,4,0,CADCHF,Pepperstone MT5
2018.11.30,0.74691,0.75231,0.74684,0.75123,75196,4,0,CADCHF,Pepperstone MT5
2018.12.03,0.75417,0.75879,0.75225,0.75611,71638,3,0,CADCHF,Pepperstone MT5
2018.12.04,0.75461,0.75650,0.75179,0.75193,85514,3,0,CADCHF,Pepperstone MT5
2018.12.05,0.75155,0.75286,0.74503,0.74681,61491,4,0,CADCHF,Pepperstone MT5
2018.12.06,0.74679,0.74686,0.73757,0.74194,93251,3,0,CADCHF,Pepperstone MT5
2018.12.07,0.74112,0.74827,0.74057,0.74290,74459,3,0,CADCHF,Pepperstone MT5
2018.12.10,0.74194,0.74371,0.73758,0.73886,77977,4,0,CADCHF,Pepperstone MT5
2018.12.11,0.73904,0.74193,0.73523,0.74170,75604,4,0,CADCHF,Pepperstone MT5
2018.12.12,0.74122,0.74531,0.74064,0.74405,79403,4,0,CADCHF,Pepperstone MT5
2018.12.13,0.74369,0.74503,0.74135,0.74407,68164,4,0,CADCHF,Pepperstone MT5
2018.12.14,0.74425,0.74632,0.74246,0.74539,63586,4,0,CADCHF,Pepperstone MT5
2018.12.17,0.74244,0.74625,0.73939,0.74060,71982,3,0,CADCHF,Pepperstone MT5
2018.12.18,0.74036,0.74152,0.73522,0.73710,71467,3,0,CADCHF,Pepperstone MT5
2018.12.19,0.73622,0.74011,0.73544,0.73784,91074,4,0,CADCHF,Pepperstone MT5
2018.12.20,0.73741,0.73825,0.72766,0.73153,106217,4,0,CADCHF,Pepperstone MT5
2018.12.21,0.73117,0.73453,0.72964,0.73205,89595,5,0,CADCHF,Pepperstone MT5
2018.12.24,0.73045,0.73306,0.72374,0.72429,62041,4,0,CADCHF,Pepperstone MT5
2018.12.26,0.72462,0.73401,0.72381,0.73331,33352,4,0,CADCHF,Pepperstone MT5
2018.12.27,0.73312,0.73332,0.72115,0.72529,93019,4,0,CADCHF,Pepperstone MT5
2018.12.28,0.72528,0.72583,0.71768,0.72128,54453,3,0,CADCHF,Pepperstone MT5
2018.12.31,0.72038,0.72449,0.71813,0.71896,47894,6,0,CADCHF,Pepperstone MT5
2019.01.02,0.71894,0.73015,0.71853,0.72886,82873,4,0,CADCHF,Pepperstone MT5
2019.01.03,0.72895,0.73467,0.72051,0.73159,117855,4,0,CADCHF,Pepperstone MT5
2019.01.04,0.73109,0.73759,0.73047,0.73744,86855,4,0,CADCHF,Pepperstone MT5
2019.01.07,0.73595,0.73827,0.73311,0.73653,60313,5,0,CADCHF,Pepperstone MT5
2019.01.08,0.73607,0.73973,0.73596,0.73926,60975,3,0,CADCHF,Pepperstone MT5
2019.01.09,0.73879,0.74210,0.73554,0.73761,86276,3,0,CADCHF,Pepperstone MT5
2019.01.10,0.73731,0.74428,0.73463,0.74380,79791,4,0,CADCHF,Pepperstone MT5
2019.01.11,0.74351,0.74563,0.74054,0.74171,65179,4,0,CADCHF,Pepperstone MT5
2019.01.14,0.74173,0.74242,0.73822,0.73853,57835,4,0,CADCHF,Pepperstone MT5
2019.01.15,0.73826,0.74536,0.73783,0.74445,75366,4,0,CADCHF,Pepperstone MT5
2019.01.16,0.74459,0.74847,0.74239,0.74701,61610,4,0,CADCHF,Pepperstone MT5
2019.01.17,0.74684,0.75010,0.74501,0.74867,62871,4,0,CADCHF,Pepperstone MT5
2019.01.18,0.74841,0.75181,0.74714,0.75041,62097,4,0,CADCHF,Pepperstone MT5
2019.01.21,0.74861,0.75102,0.74860,0.74961,54634,5,0,CADCHF,Pepperstone MT5
2019.01.22,0.74984,0.75032,0.74619,0.74677,57617,3,0,CADCHF,Pepperstone MT5
2019.01.23,0.74668,0.75022,0.74403,0.74549,61971,4,0,CADCHF,Pepperstone MT5
2019.01.24,0.74533,0.74710,0.74383,0.74595,76427,4,0,CADCHF,Pepperstone MT5
2019.01.25,0.74567,0.75110,0.74428,0.75100,76822,4,0,CADCHF,Pepperstone MT5
2019.01.28,0.75054,0.75166,0.74623,0.74795,51766,4,0,CADCHF,Pepperstone MT5
2019.01.29,0.74724,0.75106,0.74666,0.74958,67686,3,0,CADCHF,Pepperstone MT5
2019.01.30,0.74934,0.75814,0.74835,0.75579,80954,4,0,CADCHF,Pepperstone MT5
2019.01.31,0.75603,0.75784,0.75396,0.75775,80065,3,0,CADCHF,Pepperstone MT5
2019.02.01,0.75702,0.76101,0.75475,0.75988,72697,3,0,CADCHF,Pepperstone MT5
2019.02.04,0.75842,0.76211,0.75842,0.76109,43388,4,0,CADCHF,Pepperstone MT5
2019.02.05,0.76103,0.76440,0.75997,0.76172,41660,4,0,CADCHF,Pepperstone MT5
2019.02.06,0.76158,0.76184,0.75749,0.75872,46059,3,0,CADCHF,Pepperstone MT5
2019.02.07,0.75665,0.75876,0.75175,0.75323,46620,4,0,CADCHF,Pepperstone MT5
2019.02.08,0.75221,0.75662,0.75164,0.75341,43240,4,0,CADCHF,Pepperstone MT5
2019.02.11,0.75322,0.76068,0.75190,0.75491,42148,3,0,CADCHF,Pepperstone MT5
2019.02.12,0.75382,0.76124,0.75373,0.76023,42068,4,0,CADCHF,Pepperstone MT5
2019.02.13,0.75985,0.76219,0.75839,0.76137,44867,3,0,CADCHF,Pepperstone MT5
2019.02.14,0.76126,0.76212,0.75440,0.75599,50975,4,0,CADCHF,Pepperstone MT5
2019.02.15,0.75508,0.75967,0.75497,0.75852,46747,4,0,CADCHF,Pepperstone MT5
2019.02.18,0.75763,0.75929,0.75701,0.75800,31820,4,0,CADCHF,Pepperstone MT5
2019.02.19,0.75782,0.75911,0.75425,0.75777,46309,4,0,CADCHF,Pepperstone MT5
2019.02.20,0.75747,0.76040,0.75672,0.75967,48263,3,0,CADCHF,Pepperstone MT5
2019.02.21,0.75737,0.76074,0.75655,0.75671,60913,4,0,CADCHF,Pepperstone MT5
2019.02.22,0.75652,0.76133,0.75524,0.76110,47524,3,0,CADCHF,Pepperstone MT5
2019.02.25,0.76074,0.76184,0.75795,0.75861,52227,4,0,CADCHF,Pepperstone MT5
2019.02.26,0.75857,0.75963,0.75581,0.75946,49702,4,0,CADCHF,Pepperstone MT5
2019.02.27,0.75882,0.76185,0.75773,0.76116,94229,3,0,CADCHF,Pepperstone MT5
2019.02.28,0.76112,0.76159,0.75303,0.75739,61009,3,0,CADCHF,Pepperstone MT5
2019.03.01,0.75754,0.76173,0.75060,0.75067,59902,4,0,CADCHF,Pepperstone MT5
2019.03.04,0.75117,0.75384,0.74920,0.75067,49419,4,0,CADCHF,Pepperstone MT5
2019.03.05,0.75069,0.75323,0.74939,0.75232,45394,3,0,CADCHF,Pepperstone MT5
2019.03.06,0.75202,0.75234,0.74593,0.74778,51145,3,0,CADCHF,Pepperstone MT5
2019.03.07,0.74757,0.75333,0.74684,0.75164,59897,3,0,CADCHF,Pepperstone MT5
2019.03.08,0.75162,0.75309,0.74956,0.75119,55503,3,0,CADCHF,Pepperstone MT5
2019.03.11,0.75052,0.75463,0.75040,0.75459,37595,3,0,CADCHF,Pepperstone MT5
2019.03.12,0.75452,0.75484,0.75159,0.75459,53925,3,0,CADCHF,Pepperstone MT5
2019.03.13,0.75456,0.75565,0.75226,0.75452,57419,3,0,CADCHF,Pepperstone MT5
2019.03.14,0.75433,0.75495,0.75260,0.75271,68019,3,0,CADCHF,Pepperstone MT5
2019.03.15,0.75203,0.75491,0.74975,0.75104,54876,3,0,CADCHF,Pepperstone MT5
2019.03.18,0.74941,0.75286,0.74916,0.75056,45041,3,0,CADCHF,Pepperstone MT5
2019.03.19,0.75065,0.75451,0.74959,0.74986,49051,4,0,CADCHF,Pepperstone MT5
2019.03.20,0.74983,0.75048,0.74523,0.74614,61394,3,0,CADCHF,Pepperstone MT5
2019.03.21,0.74580,0.74688,0.74126,0.74223,93198,3,0,CADCHF,Pepperstone MT5
2019.03.22,0.74124,0.74532,0.73960,0.73960,112445,3,0,CADCHF,Pepperstone MT5
2019.03.25,0.74012,0.74174,0.73833,0.74044,56173,3,0,CADCHF,Pepperstone MT5
2019.03.26,0.74037,0.74384,0.73926,0.74314,57179,3,0,CADCHF,Pepperstone MT5
2019.03.27,0.74300,0.74421,0.73949,0.74169,66430,3,0,CADCHF,Pepperstone MT5
2019.03.28,0.74166,0.74382,0.74042,0.74074,52217,3,0,CADCHF,Pepperstone MT5
2019.03.29,0.74094,0.74677,0.73896,0.74520,56755,3,0,CADCHF,Pepperstone MT5
2019.04.01,0.74489,0.75135,0.74331,0.75064,52604,3,0,CADCHF,Pepperstone MT5
2019.04.02,0.75017,0.75101,0.74669,0.74839,49960,3,0,CADCHF,Pepperstone MT5
2019.04.03,0.74817,0.75061,0.74620,0.74789,42880,3,0,CADCHF,Pepperstone MT5
2019.04.04,0.74792,0.74916,0.74685,0.74854,35919,3,0,CADCHF,Pepperstone MT5
2019.04.05,0.74842,0.74905,0.74623,0.74714,39731,3,0,CADCHF,Pepperstone MT5
2019.04.08,0.74631,0.75091,0.74616,0.75029,34377,3,0,CADCHF,Pepperstone MT5
2019.04.09,0.74987,0.75243,0.74903,0.74999,40581,3,0,CADCHF,Pepperstone MT5
2019.04.10,0.74987,0.75312,0.74929,0.75254,47901,3,0,CADCHF,Pepperstone MT5
2019.04.11,0.75256,0.75294,0.74899,0.74964,37399,3,0,CADCHF,Pepperstone MT5
2019.04.12,0.74917,0.75249,0.74815,0.75234,41637,3,0,CADCHF,Pepperstone MT5
2019.04.15,0.75059,0.75427,0.74906,0.75119,34922,3,0,CADCHF,Pepperstone MT5
2019.04.16,0.75102,0.75487,0.74914,0.75480,40412,3,0,CADCHF,Pepperstone MT5
2019.04.17,0.75477,0.75965,0.75355,0.75774,43503,3,0,CADCHF,Pepperstone MT5
2019.04.18,0.75727,0.75935,0.75538,0.75874,38376,3,0,CADCHF,Pepperstone MT5
2019.04.19,0.75902,0.75949,0.75689,0.75724,20876,3,0,CADCHF,Pepperstone MT5
2019.04.22,0.75662,0.76150,0.75662,0.76088,17164,3,0,CADCHF,Pepperstone MT5
2019.04.23,0.76044,0.76333,0.75889,0.75975,35500,3,0,CADCHF,Pepperstone MT5
2019.04.24,0.75973,0.76014,0.75297,0.75610,48628,3,0,CADCHF,Pepperstone MT5
2019.04.25,0.75592,0.75723,0.75475,0.75669,35282,3,0,CADCHF,Pepperstone MT5
2019.04.26,0.75652,0.75878,0.75581,0.75758,41352,3,0,CADCHF,Pepperstone MT5
2019.04.29,0.75677,0.75906,0.75601,0.75769,27429,3,0,CADCHF,Pepperstone MT5
2019.04.30,0.75760,0.76124,0.75598,0.76109,45349,3,0,CADCHF,Pepperstone MT5
2019.05.01,0.76130,0.76207,0.75494,0.75744,43174,3,0,CADCHF,Pepperstone MT5
2019.05.02,0.75682,0.75894,0.75554,0.75659,45035,3,0,CADCHF,Pepperstone MT5
2019.05.03,0.75627,0.75927,0.75540,0.75703,42791,3,0,CADCHF,Pepperstone MT5
2019.05.06,0.75432,0.75741,0.75295,0.75679,42744,3,0,CADCHF,Pepperstone MT5
2019.05.07,0.75662,0.75907,0.75531,0.75654,47337,3,0,CADCHF,Pepperstone MT5
2019.05.08,0.75647,0.75764,0.75418,0.75709,51988,3,0,CADCHF,Pepperstone MT5
2019.05.09,0.75666,0.75761,0.75024,0.75329,53511,3,0,CADCHF,Pepperstone MT5
2019.05.10,0.75298,0.75649,0.75132,0.75369,57676,3,0,CADCHF,Pepperstone MT5
2019.05.13,0.75263,0.75387,0.74588,0.74619,49804,3,0,CADCHF,Pepperstone MT5
2019.05.14,0.74625,0.74998,0.74517,0.74909,41019,3,0,CADCHF,Pepperstone MT5
2019.05.15,0.74907,0.75162,0.74637,0.75069,43149,3,0,CADCHF,Pepperstone MT5
2019.05.16,0.75047,0.75302,0.74945,0.75025,35543,3,0,CADCHF,Pepperstone MT5
2019.05.17,0.75009,0.75255,0.74757,0.75073,44788,3,0,CADCHF,Pepperstone MT5
2019.05.20,0.75119,0.75360,0.75023,0.75094,34838,3,0,CADCHF,Pepperstone MT5
2019.05.21,0.75067,0.75480,0.75038,0.75424,40580,3,0,CADCHF,Pepperstone MT5
2019.05.22,0.75417,0.75496,0.75073,0.75134,39212,3,0,CADCHF,Pepperstone MT5
2019.05.23,0.75120,0.75161,0.74329,0.74474,50135,3,0,CADCHF,Pepperstone MT5
2019.05.24,0.74463,0.74639,0.74334,0.74534,41033,3,0,CADCHF,Pepperstone MT5
2019.05.27,0.74486,0.74843,0.74469,0.74649,22693,3,0,CADCHF,Pepperstone MT5
2019.05.28,0.74642,0.74930,0.74485,0.74674,44819,3,0,CADCHF,Pepperstone MT5
2019.05.29,0.74653,0.74707,0.74344,0.74554,49239,3,0,CADCHF,Pepperstone MT5
2019.05.30,0.74547,0.74853,0.74485,0.74654,35421,3,0,CADCHF,Pepperstone MT5
2019.05.31,0.74652,0.74674,0.73934,0.74030,59284,3,0,CADCHF,Pepperstone MT5
2019.06.03,0.73983,0.74245,0.73633,0.73834,61033,3,0,CADCHF,Pepperstone MT5
2019.06.04,0.73847,0.74141,0.73739,0.74069,54038,3,0,CADCHF,Pepperstone MT5
2019.06.05,0.74047,0.74224,0.73654,0.74129,59197,3,0,CADCHF,Pepperstone MT5
2019.06.06,0.74147,0.74302,0.73861,0.74189,60282,3,0,CADCHF,Pepperstone MT5
2019.06.07,0.74182,0.74484,0.74132,0.74399,53342,3,0,CADCHF,Pepperstone MT5
2019.06.10,0.74717,0.74759,0.74488,0.74594,39738,3,0,CADCHF,Pepperstone MT5
2019.06.11,0.74584,0.74938,0.74500,0.74704,46711,3,0,CADCHF,Pepperstone MT5
2019.06.12,0.74692,0.74915,0.74499,0.74609,49501,3,0,CADCHF,Pepperstone MT5
2019.06.13,0.74602,0.74770,0.74473,0.74584,42844,3,0,CADCHF,Pepperstone MT5
2019.06.14,0.74552,0.74804,0.74380,0.74469,45376,3,0,CADCHF,Pepperstone MT5
2019.06.17,0.74455,0.74620,0.74348,0.74479,36980,3,0,CADCHF,Pepperstone MT5
2019.06.18,0.74482,0.74778,0.74240,0.74760,66317,3,0,CADCHF,Pepperstone MT5
2019.06.19,0.74757,0.74890,0.74470,0.74849,61150,3,0,CADCHF,Pepperstone MT5
2019.06.20,0.74852,0.74913,0.74184,0.74414,72726,3,0,CADCHF,Pepperstone MT5
2019.06.21,0.74399,0.74609,0.73849,0.73859,68426,3,0,CADCHF,Pepperstone MT5
2019.06.24,0.73876,0.74161,0.73576,0.73741,48638,3,0,CADCHF,Pepperstone MT5
2019.06.25,0.73739,0.74169,0.73526,0.74079,62755,3,0,CADCHF,Pepperstone MT5
2019.06.26,0.74052,0.74584,0.73942,0.74494,66998,3,0,CADCHF,Pepperstone MT5
2019.06.27,0.74479,0.74740,0.74385,0.74574,55710,3,0,CADCHF,Pepperstone MT5
2019.06.28,0.74572,0.74693,0.74357,0.74539,56097,3,0,CADCHF,Pepperstone MT5
2019.07.01,0.74832,0.75214,0.74716,0.75209,52503,3,0,CADCHF,Pepperstone MT5
2019.07.02,0.75182,0.75377,0.75035,0.75255,49108,3,0,CADCHF,Pepperstone MT5
2019.07.03,0.75236,0.75529,0.75044,0.75514,45065,3,0,CADCHF,Pepperstone MT5
2019.07.04,0.75552,0.75616,0.75370,0.75454,29125,3,0,CADCHF,Pepperstone MT5
2019.07.05,0.75422,0.75887,0.75354,0.75849,48757,3,0,CADCHF,Pepperstone MT5
2019.07.08,0.75803,0.76118,0.75695,0.75884,37885,3,0,CADCHF,Pepperstone MT5
2019.07.09,0.75872,0.75945,0.75578,0.75664,49694,3,0,CADCHF,Pepperstone MT5
2019.07.10,0.75653,0.75755,0.75363,0.75644,55263,3,0,CADCHF,Pepperstone MT5
2019.07.11,0.75617,0.75833,0.75420,0.75779,52912,3,0,CADCHF,Pepperstone MT5
2019.07.12,0.75742,0.75944,0.75404,0.75524,50320,3,0,CADCHF,Pepperstone MT5
2019.07.15,0.75419,0.75610,0.75330,0.75444,43433,3,0,CADCHF,Pepperstone MT5
2019.07.16,0.75447,0.75866,0.75339,0.75479,46765,3,0,CADCHF,Pepperstone MT5
2019.07.17,0.75472,0.75878,0.75457,0.75631,39908,3,0,CADCHF,Pepperstone MT5
2019.07.18,0.75631,0.75744,0.75252,0.75344,55872,3,0,CADCHF,Pepperstone MT5
2019.07.19,0.75332,0.75531,0.74981,0.75174,57567,3,0,CADCHF,Pepperstone MT5
2019.07.22,0.75149,0.75330,0.74779,0.74854,42042,3,0,CADCHF,Pepperstone MT5
2019.07.23,0.74847,0.75068,0.74700,0.75010,47120,3,0,CADCHF,Pepperstone MT5
2019.07.24,0.74987,0.75165,0.74909,0.74939,45476,3,0,CADCHF,Pepperstone MT5
2019.07.25,0.74903,0.75451,0.74868,0.75264,63351,3,0,CADCHF,Pepperstone MT5
2019.07.26,0.75259,0.75487,0.75199,0.75424,46238,3,0,CADCHF,Pepperstone MT5
2019.07.29,0.75351,0.75479,0.75216,0.75334,32250,3,0,CADCHF,Pepperstone MT5
2019.07.30,0.75307,0.75356,0.75061,0.75285,46632,3,0,CADCHF,Pepperstone MT5
2019.07.31,0.75285,0.75556,0.75198,0.75359,58343,3,0,CADCHF,Pepperstone MT5
2019.08.01,0.75347,0.75500,0.74749,0.74949,72231,3,0,CADCHF,Pepperstone MT5
2019.08.02,0.74947,0.74976,0.74200,0.74404,88747,3,0,CADCHF,Pepperstone MT5
2019.08.05,0.74432,0.74432,0.73567,0.73639,88873,3,0,CADCHF,Pepperstone MT5
2019.08.06,0.73622,0.74058,0.73426,0.73539,87086,3,0,CADCHF,Pepperstone MT5
2019.08.07,0.73487,0.73732,0.72653,0.73314,115433,3,0,CADCHF,Pepperstone MT5
2019.08.08,0.73312,0.73736,0.73203,0.73685,81487,3,0,CADCHF,Pepperstone MT5
2019.08.09,0.73677,0.73775,0.73241,0.73584,71268,3,0,CADCHF,Pepperstone MT5
2019.08.12,0.73674,0.73718,0.73124,0.73199,76372,3,0,CADCHF,Pepperstone MT5
2019.08.13,0.73187,0.74006,0.72697,0.73849,102621,3,0,CADCHF,Pepperstone MT5
2019.08.14,0.73847,0.73906,0.72957,0.73084,125007,3,0,CADCHF,Pepperstone MT5
2019.08.15,0.73057,0.73416,0.72925,0.73337,142666,3,0,CADCHF,Pepperstone MT5
2019.08.16,0.73337,0.73824,0.73280,0.73714,91948,3,0,CADCHF,Pepperstone MT5
2019.08.19,0.73614,0.74061,0.73504,0.73674,60364,3,0,CADCHF,Pepperstone MT5
2019.08.20,0.73643,0.73706,0.73380,0.73405,60646,3,0,CADCHF,Pepperstone MT5
2019.08.21,0.73417,0.73981,0.73363,0.73914,60053,3,0,CADCHF,Pepperstone MT5
2019.08.22,0.73902,0.74134,0.73675,0.73944,66559,3,0,CADCHF,Pepperstone MT5
2019.08.23,0.73937,0.74164,0.73153,0.73369,91570,3,0,CADCHF,Pepperstone MT5
2019.08.26,0.73139,0.73956,0.72966,0.73869,117920,3,0,CADCHF,Pepperstone MT5
2019.08.27,0.73712,0.74263,0.73712,0.73859,79575,3,0,CADCHF,Pepperstone MT5
2019.08.28,0.73852,0.73898,0.73641,0.73750,67239,3,0,CADCHF,Pepperstone MT5
2019.08.29,0.73752,0.74248,0.73601,0.74234,69539,3,0,CADCHF,Pepperstone MT5
2019.08.30,0.74252,0.74620,0.74169,0.74334,75850,3,0,CADCHF,Pepperstone MT5
2019.09.02,0.74247,0.74454,0.74207,0.74329,44235,3,0,CADCHF,Pepperstone MT5
2019.09.03,0.74282,0.74453,0.73868,0.73969,71224,3,0,CADCHF,Pepperstone MT5
2019.09.04,0.73965,0.74197,0.73782,0.74190,65001,3,0,CADCHF,Pepperstone MT5
2019.09.05,0.74162,0.74645,0.74024,0.74529,64899,3,0,CADCHF,Pepperstone MT5
2019.09.06,0.74517,0.75145,0.74459,0.74984,63739,3,0,CADCHF,Pepperstone MT5
2019.09.09,0.74881,0.75415,0.74881,0.75329,52199,3,0,CADCHF,Pepperstone MT5
2019.09.10,0.75332,0.75482,0.75082,0.75419,55551,3,0,CADCHF,Pepperstone MT5
2019.09.11,0.75399,0.75637,0.75140,0.75249,54237,3,0,CADCHF,Pepperstone MT5
2019.09.12,0.75247,0.75425,0.74846,0.74971,91692,3,0,CADCHF,Pepperstone MT5
2019.09.13,0.74954,0.74994,0.74494,0.74535,60677,3,0,CADCHF,Pepperstone MT5
2019.09.16,0.74661,0.75007,0.74530,0.74964,70501,3,0,CADCHF,Pepperstone MT5
2019.09.17,0.74972,0.75121,0.74730,0.74979,64238,3,0,CADCHF,Pepperstone MT5
2019.09.18,0.74977,0.75165,0.74867,0.75049,63446,3,0,CADCHF,Pepperstone MT5
2019.09.19,0.75047,0.75080,0.74519,0.74869,64106,3,0,CADCHF,Pepperstone MT5
2019.09.20,0.74827,0.74920,0.74548,0.74704,56315,3,0,CADCHF,Pepperstone MT5
2019.09.23,0.74736,0.74783,0.74372,0.74639,51772,3,0,CADCHF,Pepperstone MT5
2019.09.24,0.74617,0.74811,0.74308,0.74424,56734,3,0,CADCHF,Pepperstone MT5
2019.09.25,0.74412,0.74858,0.74287,0.74776,61815,3,0,CADCHF,Pepperstone MT5
2019.09.26,0.74737,0.75066,0.74622,0.74909,55410,3,0,CADCHF,Pepperstone MT5
2019.09.27,0.74882,0.75042,0.74656,0.74878,61575,3,0,CADCHF,Pepperstone MT5
2019.09.30,0.74760,0.75435,0.74760,0.75375,53212,3,0,CADCHF,Pepperstone MT5
2019.10.01,0.75347,0.75490,0.75029,0.75094,81329,3,0,CADCHF,Pepperstone MT5
2019.10.02,0.75092,0.75701,0.74799,0.74810,79031,3,0,CADCHF,Pepperstone MT5
2019.10.03,0.74797,0.75286,0.74663,0.74904,96624,3,0,CADCHF,Pepperstone MT5
2019.10.04,0.74877,0.75074,0.74527,0.74776,85728,3,0,CADCHF,Pepperstone MT5
2019.10.07,0.74536,0.74874,0.74536,0.74744,69786,3,0,CADCHF,Pepperstone MT5
2019.10.08,0.74732,0.74890,0.74333,0.74530,89302,3,0,CADCHF,Pepperstone MT5
2019.10.09,0.74512,0.74826,0.74416,0.74679,76153,3,0,CADCHF,Pepperstone MT5
2019.10.10,0.74682,0.75047,0.74349,0.74999,97715,3,0,CADCHF,Pepperstone MT5
2019.10.11,0.74976,0.75692,0.74917,0.75487,115510,3,0,CADCHF,Pepperstone MT5
2019.10.14,0.75413,0.75648,0.75223,0.75359,63422,3,0,CADCHF,Pepperstone MT5
2019.10.15,0.75315,0.75692,0.75280,0.75679,86154,3,0,CADCHF,Pepperstone MT5
2019.10.16,0.75657,0.75684,0.75278,0.75369,87672,3,0,CADCHF,Pepperstone MT5
2019.10.17,0.75335,0.75510,0.75028,0.75204,80960,3,0,CADCHF,Pepperstone MT5
2019.10.18,0.75197,0.75280,0.74954,0.74989,56817,3,0,CADCHF,Pepperstone MT5
2019.10.21,0.74914,0.75373,0.74914,0.75314,56626,3,0,CADCHF,Pepperstone MT5
2019.10.22,0.75317,0.75615,0.75227,0.75579,61406,3,0,CADCHF,Pepperstone MT5
2019.10.23,0.75557,0.75820,0.75471,0.75799,53784,3,0,CADCHF,Pepperstone MT5
2019.10.24,0.75721,0.75935,0.75651,0.75909,61380,3,0,CADCHF,Pepperstone MT5
2019.10.25,0.75912,0.76179,0.75802,0.76144,54355,3,0,CADCHF,Pepperstone MT5
2019.10.28,0.76130,0.76374,0.76047,0.76173,44024,3,0,CADCHF,Pepperstone MT5
2019.10.29,0.76172,0.76306,0.75859,0.75952,51228,3,0,CADCHF,Pepperstone MT5
2019.10.30,0.75942,0.75969,0.75087,0.75184,75775,3,0,CADCHF,Pepperstone MT5
2019.10.31,0.75177,0.75211,0.74850,0.74931,73579,3,0,CADCHF,Pepperstone MT5
2019.11.01,0.74917,0.75081,0.74826,0.74994,65416,3,0,CADCHF,Pepperstone MT5
2019.11.04,0.74997,0.75175,0.74965,0.75101,49592,3,0,CADCHF,Pepperstone MT5
2019.11.05,0.75097,0.75570,0.75040,0.75454,69605,3,0,CADCHF,Pepperstone MT5
2019.11.06,0.75452,0.75513,0.75167,0.75301,50195,3,0,CADCHF,Pepperstone MT5
2019.11.07,0.75297,0.75707,0.75175,0.75510,67727,3,0,CADCHF,Pepperstone MT5
2019.11.08,0.75522,0.75592,0.75224,0.75409,52638,3,0,CADCHF,Pepperstone MT5
2019.11.11,0.75292,0.75436,0.75059,0.75061,38590,3,0,CADCHF,Pepperstone MT5
2019.11.12,0.75062,0.75273,0.74968,0.75029,53094,3,0,CADCHF,Pepperstone MT5
2019.11.13,0.75047,0.75072,0.74570,0.74689,56074,3,0,CADCHF,Pepperstone MT5
2019.11.14,0.74712,0.74752,0.74402,0.74574,52288,3,0,CADCHF,Pepperstone MT5
2019.11.15,0.74565,0.74917,0.74545,0.74839,45200,3,0,CADCHF,Pepperstone MT5
2019.11.18,0.74734,0.75020,0.74663,0.74942,48383,3,0,CADCHF,Pepperstone MT5
2019.11.19,0.74914,0.75120,0.74624,0.74654,51803,3,0,CADCHF,Pepperstone MT5
2019.11.20,0.74647,0.74789,0.74290,0.74490,63914,3,0,CADCHF,Pepperstone MT5
2019.11.21,0.74471,0.74800,0.74248,0.74754,65600,3,0,CADCHF,Pepperstone MT5
2019.11.22,0.74747,0.75062,0.74641,0.74969,52990,3,0,CADCHF,Pepperstone MT5
2019.11.25,0.75002,0.75069,0.74832,0.74942,44292,3,0,CADCHF,Pepperstone MT5
2019.11.26,0.74918,0.75165,0.74842,0.75149,49365,3,0,CADCHF,Pepperstone MT5
2019.11.27,0.75117,0.75349,0.75078,0.75251,46743,3,0,CADCHF,Pepperstone MT5
2019.11.28,0.75196,0.75230,0.75078,0.75184,30585,3,0,CADCHF,Pepperstone MT5
2019.11.29,0.75049,0.75340,0.75049,0.75286,54203,3,0,CADCHF,Pepperstone MT5
2019.12.02,0.75266,0.75365,0.74479,0.74484,49799,3,0,CADCHF,Pepperstone MT5
2019.12.03,0.74462,0.74613,0.74098,0.74244,50996,3,0,CADCHF,Pepperstone MT5
2019.12.04,0.74227,0.74999,0.74142,0.74905,56515,3,0,CADCHF,Pepperstone MT5
2019.12.05,0.74867,0.75169,0.74758,0.74919,43798,3,0,CADCHF,Pepperstone MT5
2019.12.06,0.74917,0.75065,0.74625,0.74689,49134,3,0,CADCHF,Pepperstone MT5
2019.12.09,0.74635,0.74782,0.74603,0.74614,37611,3,0,CADCHF,Pepperstone MT5
2019.12.10,0.74584,0.74682,0.74306,0.74393,48901,3,0,CADCHF,Pepperstone MT5
2019.12.11,0.74392,0.74789,0.74325,0.74614,55697,3,0,CADCHF,Pepperstone MT5
2019.12.12,0.74592,0.74899,0.74435,0.74692,72223,3,0,CADCHF,Pepperstone MT5
2019.12.13,0.74661,0.74924,0.74287,0.74724,91958,3,0,CADCHF,Pepperstone MT5
2019.12.16,0.74602,0.74931,0.74573,0.74654,54269,3,0,CADCHF,Pepperstone MT5
2019.12.17,0.74662,0.74705,0.74414,0.74469,54342,3,0,CADCHF,Pepperstone MT5
2019.12.18,0.74454,0.74875,0.74402,0.74749,54952,3,0,CADCHF,Pepperstone MT5
2019.12.19,0.74752,0.74806,0.74440,0.74546,56423,3,0,CADCHF,Pepperstone MT5
2019.12.20,0.74533,0.74752,0.74421,0.74699,49131,3,0,CADCHF,Pepperstone MT5
2019.12.23,0.74556,0.74760,0.74467,0.74667,45162,3,0,CADCHF,Pepperstone MT5
2019.12.24,0.74637,0.74719,0.74376,0.74414,35864,3,0,CADCHF,Pepperstone MT5
2019.12.26,0.74432,0.74888,0.74377,0.74829,18470,3,0,CADCHF,Pepperstone MT5
2019.12.27,0.74767,0.74895,0.74421,0.74504,50360,3,0,CADCHF,Pepperstone MT5
2019.12.30,0.74570,0.74623,0.74077,0.74184,54595,3,0,CADCHF,Pepperstone MT5
2019.12.31,0.74182,0.74758,0.74037,0.74514,51226,3,0,CADCHF,Pepperstone MT5
2020.01.02,0.74382,0.74906,0.74351,0.74779,57643,3,0,CADCHF,Pepperstone MT5
2020.01.03,0.74807,0.75042,0.74569,0.74789,69915,3,0,CADCHF,Pepperstone MT5
2020.01.06,0.74686,0.74863,0.74630,0.74649,59874,3,0,CADCHF,Pepperstone MT5
2020.01.07,0.74628,0.74877,0.74498,0.74600,66633,3,0,CADCHF,Pepperstone MT5
2020.01.08,0.74573,0.74814,0.74342,0.74685,97720,3,0,CADCHF,Pepperstone MT5
2020.01.09,0.74682,0.74758,0.74227,0.74541,61191,3,0,CADCHF,Pepperstone MT5
2020.01.10,0.74357,0.74854,0.74307,0.74519,54453,3,0,CADCHF,Pepperstone MT5
2020.01.13,0.74501,0.74586,0.74288,0.74358,48479,3,0,CADCHF,Pepperstone MT5
2020.01.14,0.74332,0.74393,0.73956,0.74060,59038,3,0,CADCHF,Pepperstone MT5
2020.01.15,0.74037,0.74127,0.73677,0.73906,55675,3,0,CADCHF,Pepperstone MT5
2020.01.16,0.73913,0.74021,0.73708,0.73999,52385,3,0,CADCHF,Pepperstone MT5
2020.01.17,0.73937,0.74249,0.73920,0.74034,54385,3,0,CADCHF,Pepperstone MT5
2020.01.20,0.73960,0.74282,0.73933,0.74199,36008,3,0,CADCHF,Pepperstone MT5
2020.01.21,0.74197,0.74236,0.73976,0.74114,53499,3,0,CADCHF,Pepperstone MT5
2020.01.22,0.74098,0.74404,0.73648,0.73684,68129,3,0,CADCHF,Pepperstone MT5
2020.01.23,0.73672,0.73887,0.73457,0.73814,66336,3,0,CADCHF,Pepperstone MT5
2020.01.24,0.73807,0.73951,0.73769,0.73849,58271,3,0,CADCHF,Pepperstone MT5
2020.01.27,0.73754,0.73809,0.73369,0.73479,68987,3,0,CADCHF,Pepperstone MT5
2020.01.28,0.73467,0.73969,0.73305,0.73959,52868,3,0,CADCHF,Pepperstone MT5
2020.01.29,0.73959,0.74068,0.73715,0.73741,52859,3,0,CADCHF,Pepperstone MT5
2020.01.30,0.73717,0.73769,0.73191,0.73394,64843,3,0,CADCHF,Pepperstone MT5
2020.01.31,0.73387,0.73521,0.72720,0.72814,78398,3,0,CADCHF,Pepperstone MT5
2020.02.03,0.72637,0.73049,0.72524,0.72710,80364,3,0,CADCHF,Pepperstone MT5
2020.02.04,0.72692,0.73137,0.72541,0.72999,75989,3,0,CADCHF,Pepperstone MT5
2020.02.05,0.72987,0.73326,0.72797,0.73289,86208,3,0,CADCHF,Pepperstone MT5
2020.02.06,0.73282,0.73438,0.73214,0.73369,74823,3,0,CADCHF,Pepperstone MT5
2020.02.07,0.73354,0.73530,0.73149,0.73464,84169,3,0,CADCHF,Pepperstone MT5
2020.02.10,0.73344,0.73608,0.73302,0.73396,82438,3,0,CADCHF,Pepperstone MT5
2020.02.11,0.73377,0.73634,0.73317,0.73439,85576,3,0,CADCHF,Pepperstone MT5
2020.02.12,0.73442,0.73851,0.73365,0.73834,93003,3,0,CADCHF,Pepperstone MT5
2020.02.13,0.73812,0.73923,0.73578,0.73824,85697,3,0,CADCHF,Pepperstone MT5
2020.02.14,0.73807,0.74125,0.73711,0.74104,59526,3,0,CADCHF,Pepperstone MT5
2020.02.17,0.73985,0.74245,0.73985,0.74109,44103,3,0,CADCHF,Pepperstone MT5
2020.02.18,0.74102,0.74195,0.73871,0.74149,65557,3,0,CADCHF,Pepperstone MT5
2020.02.19,0.74142,0.74443,0.74092,0.74419,66878,3,0,CADCHF,Pepperstone MT5
2020.02.20,0.74422,0.74428,0.74044,0.74229,85256,3,0,CADCHF,Pepperstone MT5
2020.02.21,0.74222,0.74267,0.73792,0.73969,86986,3,0,CADCHF,Pepperstone MT5
2020.02.24,0.73889,0.73949,0.73566,0.73646,106678,3,0,CADCHF,Pepperstone MT5
2020.02.25,0.73622,0.73772,0.73368,0.73499,111580,3,0,CADCHF,Pepperstone MT5
2020.02.26,0.73497,0.73645,0.73104,0.73259,118737,3,0,CADCHF,Pepperstone MT5
2020.02.27,0.73247,0.73281,0.72218,0.72234,126767,3,0,CADCHF,Pepperstone MT5
2020.02.28,0.72234,0.72402,0.71463,0.72049,178659,3,0,CADCHF,Pepperstone MT5
2020.03.02,0.71649,0.72492,0.71365,0.72009,149517,3,0,CADCHF,Pepperstone MT5
2020.03.03,0.71912,0.71964,0.71219,0.71430,164281,3,0,CADCHF,Pepperstone MT5
2020.03.04,0.71377,0.71843,0.71123,0.71499,106539,3,0,CADCHF,Pepperstone MT5
2020.03.05,0.71447,0.71495,0.70479,0.70479,97395,3,0,CADCHF,Pepperstone MT5
2020.03.06,0.70472,0.70691,0.69405,0.69834,173568,3,0,CADCHF,Pepperstone MT5
2020.03.09,0.68712,0.68867,0.66657,0.67529,237785,3,0,CADCHF,Pepperstone MT5
2020.03.10,0.67517,0.68835,0.67394,0.68474,227671,3,0,CADCHF,Pepperstone MT5
2020.03.11,0.68467,0.68521,0.67837,0.68059,161032,3,0,CADCHF,Pepperstone MT5
2020.03.12,0.68061,0.69164,0.67470,0.67779,237740,3,0,CADCHF,Pepperstone MT5
2020.03.13,0.67777,0.69072,0.67654,0.68889,359982,3,0,CADCHF,Pepperstone MT5
2020.03.16,0.68491,0.68873,0.67459,0.67568,437531,3,0,CADCHF,Pepperstone MT5
2020.03.17,0.67532,0.68272,0.67362,0.67669,193504,3,0,CADCHF,Pepperstone MT5
2020.03.18,0.67662,0.67706,0.66354,0.66659,260312,3,0,CADCHF,Pepperstone MT5
2020.03.19,0.66718,0.68254,0.66033,0.67919,320222,3,0,CADCHF,Pepperstone MT5
2020.03.20,0.67932,0.69222,0.67888,0.68744,138718,3,0,CADCHF,Pepperstone MT5
2020.03.23,0.68490,0.68582,0.67454,0.67876,218344,3,0,CADCHF,Pepperstone MT5
2020.03.24,0.67932,0.68028,0.67063,0.67870,170612,3,0,CADCHF,Pepperstone MT5
2020.03.25,0.67844,0.68981,0.67754,0.68846,195323,3,0,CADCHF,Pepperstone MT5
2020.03.26,0.68824,0.69002,0.68187,0.68694,146274,3,0,CADCHF,Pepperstone MT5
2020.03.27,0.68707,0.68723,0.67860,0.67899,126760,3,0,CADCHF,Pepperstone MT5
2020.03.30,0.67924,0.68177,0.67433,0.67704,93993,3,0,CADCHF,Pepperstone MT5
2020.03.31,0.67642,0.68683,0.67272,0.68354,114827,3,0,CADCHF,Pepperstone MT5
2020.04.01,0.68327,0.68381,0.67644,0.68014,105589,3,0,CADCHF,Pepperstone MT5
2020.04.02,0.68004,0.68974,0.67914,0.68834,146284,3,0,CADCHF,Pepperstone MT5
2020.04.03,0.68862,0.69365,0.68599,0.68729,122584,3,0,CADCHF,Pepperstone MT5
2020.04.06,0.68497,0.69408,0.68429,0.69349,124672,3,0,CADCHF,Pepperstone MT5
2020.04.07,0.69357,0.69573,0.69146,0.69299,120457,3,0,CADCHF,Pepperstone MT5
2020.04.08,0.69272,0.69427,0.68980,0.69409,117527,3,0,CADCHF,Pepperstone MT5
2020.04.09,0.69327,0.69451,0.68850,0.69149,132738,3,0,CADCHF,Pepperstone MT5
2020.04.10,0.69122,0.69267,0.68975,0.69128,40434,3,0,CADCHF,Pepperstone MT5
2020.04.13,0.69337,0.69798,0.68921,0.69589,78853,3,0,CADCHF,Pepperstone MT5
2020.04.14,0.69507,0.69702,0.68982,0.69184,92520,3,0,CADCHF,Pepperstone MT5
2020.04.15,0.69147,0.69181,0.68278,0.68354,91425,3,0,CADCHF,Pepperstone MT5
2020.04.16,0.68319,0.68859,0.68314,0.68859,94578,3,0,CADCHF,Pepperstone MT5
2020.04.17,0.68912,0.69108,0.68707,0.69019,93399,3,0,CADCHF,Pepperstone MT5
2020.04.20,0.68934,0.69043,0.68395,0.68399,87804,3,0,CADCHF,Pepperstone MT5
2020.04.21,0.68402,0.68624,0.68040,0.68219,124390,3,0,CADCHF,Pepperstone MT5
2020.04.22,0.68217,0.68729,0.68107,0.68609,95433,3,0,CADCHF,Pepperstone MT5
2020.04.23,0.68592,0.69507,0.68489,0.69334,102797,3,0,CADCHF,Pepperstone MT5
2020.04.24,0.69337,0.69564,0.68974,0.69019,88344,3,0,CADCHF,Pepperstone MT5
2020.04.27,0.68911,0.69560,0.68911,0.69484,79420,3,0,CADCHF,Pepperstone MT5
2020.04.28,0.69487,0.69839,0.69361,0.69634,85626,3,0,CADCHF,Pepperstone MT5
2020.04.29,0.69640,0.70227,0.69572,0.70165,81985,3,0,CADCHF,Pepperstone MT5
2020.04.30,0.70117,0.70318,0.69187,0.69244,105356,3,0,CADCHF,Pepperstone MT5
2020.05.01,0.69227,0.69314,0.68027,0.68231,75313,3,0,CADCHF,Pepperstone MT5
2020.05.04,0.68262,0.68637,0.68067,0.68516,77197,3,0,CADCHF,Pepperstone MT5
2020.05.05,0.68487,0.69417,0.68462,0.69254,76198,3,0,CADCHF,Pepperstone MT5
2020.05.06,0.69177,0.69410,0.68853,0.68914,77920,3,0,CADCHF,Pepperstone MT5
2020.05.07,0.68917,0.69864,0.68766,0.69646,80543,3,0,CADCHF,Pepperstone MT5
2020.05.08,0.69634,0.69792,0.69486,0.69688,66942,3,0,CADCHF,Pepperstone MT5
2020.05.11,0.69594,0.69869,0.69254,0.69417,73281,3,0,CADCHF,Pepperstone MT5
2020.05.12,0.69449,0.69467,0.68849,0.68851,74336,3,0,CADCHF,Pepperstone MT5
2020.05.13,0.68848,0.69202,0.68817,0.68955,86904,3,0,CADCHF,Pepperstone MT5
2020.05.14,0.68932,0.69368,0.68825,0.69270,87671,3,0,CADCHF,Pepperstone MT5
2020.05.15,0.69244,0.69377,0.68844,0.68868,87746,3,0,CADCHF,Pepperstone MT5
2020.05.18,0.68916,0.69901,0.68809,0.69671,79004,3,0,CADCHF,Pepperstone MT5
2020.05.19,0.69672,0.70093,0.69599,0.69674,77223,3,0,CADCHF,Pepperstone MT5
2020.05.20,0.69632,0.69767,0.69328,0.69409,64072,3,0,CADCHF,Pepperstone MT5
2020.05.21,0.69388,0.69699,0.69273,0.69530,73930,3,0,CADCHF,Pepperstone MT5
2020.05.22,0.69532,0.69628,0.69146,0.69349,68736,3,0,CADCHF,Pepperstone MT5
2020.05.25,0.69380,0.69595,0.69347,0.69441,56511,3,0,CADCHF,Pepperstone MT5
2020.05.26,0.69425,0.70153,0.69416,0.70097,77034,3,0,CADCHF,Pepperstone MT5
2020.05.27,0.70065,0.70667,0.69950,0.70409,108228,3,0,CADCHF,Pepperstone MT5
2020.05.28,0.70419,0.70536,0.69929,0.70047,97915,3,0,CADCHF,Pepperstone MT5
2020.05.29,0.70067,0.70158,0.69453,0.69829,115062,3,0,CADCHF,Pepperstone MT5
2020.06.01,0.69662,0.70914,0.69636,0.70792,99434,3,0,CADCHF,Pepperstone MT5
2020.06.02,0.70786,0.71287,0.70687,0.71184,104095,3,0,CADCHF,Pepperstone MT5
2020.06.03,0.71172,0.71366,0.71019,0.71219,116862,3,0,CADCHF,Pepperstone MT5
2020.06.04,0.71217,0.71269,0.70668,0.70774,112658,3,0,CADCHF,Pepperstone MT5
2020.06.05,0.70762,0.72022,0.70700,0.71665,110197,3,0,CADCHF,Pepperstone MT5
2020.06.08,0.71632,0.71896,0.71336,0.71559,85879,3,0,CADCHF,Pepperstone MT5
2020.06.09,0.71540,0.71640,0.70588,0.70879,99331,3,0,CADCHF,Pepperstone MT5
2020.06.10,0.70867,0.71016,0.70309,0.70371,122506,3,0,CADCHF,Pepperstone MT5
2020.06.11,0.70357,0.70455,0.69051,0.69262,140812,3,0,CADCHF,Pepperstone MT5
2020.06.12,0.69266,0.70229,0.69067,0.70074,139476,3,0,CADCHF,Pepperstone MT5
2020.06.15,0.69973,0.70102,0.69509,0.69919,134586,3,0,CADCHF,Pepperstone MT5
2020.06.16,0.69922,0.70357,0.69742,0.70254,125339,3,0,CADCHF,Pepperstone MT5
2020.06.17,0.70247,0.70315,0.69884,0.69934,106642,3,0,CADCHF,Pepperstone MT5
2020.06.18,0.69927,0.70199,0.69755,0.69969,97517,3,0,CADCHF,Pepperstone MT5
2020.06.19,0.69952,0.70253,0.69861,0.70001,91653,3,0,CADCHF,Pepperstone MT5
2020.06.22,0.69808,0.70101,0.69776,0.70074,74752,3,0,CADCHF,Pepperstone MT5
2020.06.23,0.70077,0.70180,0.69694,0.69734,97748,3,0,CADCHF,Pepperstone MT5
2020.06.24,0.69734,0.69884,0.69496,0.69509,90445,3,0,CADCHF,Pepperstone MT5
2020.06.25,0.69507,0.69714,0.69343,0.69524,84584,3,0,CADCHF,Pepperstone MT5
2020.06.26,0.69542,0.69572,0.69153,0.69263,73847,3,0,CADCHF,Pepperstone MT5
2020.06.29,0.69123,0.69636,0.69123,0.69609,74936,3,0,CADCHF,Pepperstone MT5
2020.06.30,0.69628,0.69814,0.69352,0.69784,81211,3,0,CADCHF,Pepperstone MT5
2020.07.01,0.69767,0.69915,0.69525,0.69610,67759,3,0,CADCHF,Pepperstone MT5
2020.07.02,0.69602,0.69694,0.69364,0.69689,65675,3,0,CADCHF,Pepperstone MT5
2020.07.03,0.69682,0.69821,0.69572,0.69654,49328,3,0,CADCHF,Pepperstone MT5
2020.07.06,0.69593,0.69757,0.69273,0.69579,58870,3,0,CADCHF,Pepperstone MT5
2020.07.07,0.69587,0.69624,0.69241,0.69274,62156,3,0,CADCHF,Pepperstone MT5
2020.07.08,0.69277,0.69523,0.69180,0.69449,69388,3,0,CADCHF,Pepperstone MT5
2020.07.09,0.69437,0.69550,0.69175,0.69194,80000,3,0,CADCHF,Pepperstone MT5
2020.07.10,0.69192,0.69326,0.69020,0.69224,65875,3,0,CADCHF,Pepperstone MT5
2020.07.13,0.69084,0.69582,0.69084,0.69197,65488,3,0,CADCHF,Pepperstone MT5
2020.07.14,0.69177,0.69244,0.68870,0.69039,78013,3,0,CADCHF,Pepperstone MT5
2020.07.15,0.69032,0.70013,0.68960,0.69909,70659,3,0,CADCHF,Pepperstone MT5
2020.07.16,0.69897,0.70027,0.69588,0.69670,66394,3,0,CADCHF,Pepperstone MT5
2020.07.17,0.69648,0.69735,0.69064,0.69104,47399,3,0,CADCHF,Pepperstone MT5
2020.07.20,0.69162,0.69488,0.69090,0.69369,54551,3,0,CADCHF,Pepperstone MT5
2020.07.21,0.69343,0.69810,0.69309,0.69324,60671,3,0,CADCHF,Pepperstone MT5
2020.07.22,0.69322,0.69416,0.69168,0.69280,63780,3,0,CADCHF,Pepperstone MT5
2020.07.23,0.69282,0.69450,0.69015,0.69021,72234,3,0,CADCHF,Pepperstone MT5
2020.07.24,0.69002,0.69076,0.68622,0.68634,76872,3,0,CADCHF,Pepperstone MT5
2020.07.27,0.68464,0.68975,0.68462,0.68879,76218,3,0,CADCHF,Pepperstone MT5
2020.07.28,0.68827,0.69007,0.68352,0.68600,74196,3,0,CADCHF,Pepperstone MT5
2020.07.29,0.68601,0.68752,0.68279,0.68439,77209,3,0,CADCHF,Pepperstone MT5
2020.07.30,0.68412,0.68437,0.67594,0.67719,87298,3,0,CADCHF,Pepperstone MT5
2020.07.31,0.67686,0.68321,0.67462,0.68109,107376,3,0,CADCHF,Pepperstone MT5
2020.08.03,0.68078,0.68856,0.68068,0.68534,79961,3,0,CADCHF,Pepperstone MT5
2020.08.04,0.68516,0.68687,0.68150,0.68564,70228,3,0,CADCHF,Pepperstone MT5
2020.08.05,0.68564,0.68711,0.68259,0.68489,104657,3,0,CADCHF,Pepperstone MT5
2020.08.06,0.68472,0.68635,0.68267,0.68349,130169,3,0,CADCHF,Pepperstone MT5
2020.08.07,0.68346,0.68612,0.68161,0.68169,118511,3,0,CADCHF,Pepperstone MT5
2020.08.10,0.68068,0.68655,0.68068,0.68579,65557,3,0,CADCHF,Pepperstone MT5
2020.08.11,0.68569,0.69053,0.68502,0.68934,98141,3,0,CADCHF,Pepperstone MT5
2020.08.12,0.68917,0.69023,0.68660,0.68834,95937,3,0,CADCHF,Pepperstone MT5
2020.08.13,0.68842,0.68985,0.68653,0.68780,81290,3,0,CADCHF,Pepperstone MT5
2020.08.14,0.68777,0.68896,0.68531,0.68534,64262,3,0,CADCHF,Pepperstone MT5
2020.08.17,0.68545,0.68689,0.68495,0.68609,59958,3,0,CADCHF,Pepperstone MT5
2020.08.18,0.68602,0.68864,0.68416,0.68624,80509,3,0,CADCHF,Pepperstone MT5
2020.08.19,0.68622,0.69328,0.68527,0.69210,90729,3,0,CADCHF,Pepperstone MT5
2020.08.20,0.69230,0.69276,0.68778,0.68826,101149,3,0,CADCHF,Pepperstone MT5
2020.08.21,0.68810,0.69238,0.68752,0.69119,84559,3,0,CADCHF,Pepperstone MT5
2020.08.24,0.69083,0.69359,0.68817,0.68989,65981,3,0,CADCHF,Pepperstone MT5
2020.08.25,0.68982,0.68998,0.68726,0.68909,74057,3,0,CADCHF,Pepperstone MT5
2020.08.26,0.68892,0.69162,0.68847,0.69089,74299,3,0,CADCHF,Pepperstone MT5
2020.08.27,0.69092,0.69387,0.68925,0.69241,141602,3,0,CADCHF,Pepperstone MT5
2020.08.28,0.69240,0.69311,0.68920,0.69026,124973,3,0,CADCHF,Pepperstone MT5
2020.08.31,0.68910,0.69371,0.68892,0.69254,98372,3,0,CADCHF,Pepperstone MT5
2020.09.01,0.69239,0.69696,0.69119,0.69584,117959,3,0,CADCHF,Pepperstone MT5
2020.09.02,0.69602,0.69893,0.69520,0.69794,99416,3,0,CADCHF,Pepperstone MT5
2020.09.03,0.69802,0.69897,0.69177,0.69279,114451,3,0,CADCHF,Pepperstone MT5
2020.09.04,0.69262,0.69970,0.69183,0.69934,113363,3,0,CADCHF,Pepperstone MT5
2020.09.07,0.69911,0.70019,0.69580,0.69904,48082,3,0,CADCHF,Pepperstone MT5
2020.09.08,0.69904,0.70086,0.69329,0.69329,101039,3,0,CADCHF,Pepperstone MT5
2020.09.09,0.69327,0.69479,0.69221,0.69394,85978,3,0,CADCHF,Pepperstone MT5
2020.09.10,0.69402,0.69429,0.68826,0.69014,99908,3,0,CADCHF,Pepperstone MT5
2020.09.11,0.69011,0.69185,0.68871,0.68936,68651,3,0,CADCHF,Pepperstone MT5
2020.09.14,0.68883,0.69076,0.68762,0.68942,58530,3,0,CADCHF,Pepperstone MT5
2020.09.15,0.68929,0.68998,0.68799,0.68869,54853,3,0,CADCHF,Pepperstone MT5
2020.09.16,0.68862,0.69174,0.68717,0.69000,81642,3,0,CADCHF,Pepperstone MT5
2020.09.17,0.68999,0.69110,0.68814,0.68994,87323,3,0,CADCHF,Pepperstone MT5
2020.09.18,0.68958,0.69122,0.68882,0.69009,65425,3,0,CADCHF,Pepperstone MT5
2020.09.21,0.68973,0.69213,0.68683,0.68732,88030,3,0,CADCHF,Pepperstone MT5
2020.09.22,0.68717,0.69154,0.68636,0.69154,88654,3,0,CADCHF,Pepperstone MT5
2020.09.23,0.69122,0.69250,0.68967,0.69014,84055,3,0,CADCHF,Pepperstone MT5
2020.09.24,0.69005,0.69423,0.68858,0.69364,96343,3,0,CADCHF,Pepperstone MT5
2020.09.25,0.69352,0.69466,0.69247,0.69381,68668,3,0,CADCHF,Pepperstone MT5
2020.09.28,0.69203,0.69484,0.69057,0.69131,54023,3,0,CADCHF,Pepperstone MT5
2020.09.29,0.69125,0.69175,0.68593,0.68649,63298,3,0,CADCHF,Pepperstone MT5
2020.09.30,0.68668,0.69250,0.68623,0.69109,103920,3,0,CADCHF,Pepperstone MT5
2020.10.01,0.69128,0.69258,0.68929,0.69119,90786,3,0,CADCHF,Pepperstone MT5
2020.10.02,0.69119,0.69258,0.68930,0.69179,108486,3,0,CADCHF,Pepperstone MT5
2020.10.05,0.69075,0.69163,0.68899,0.69024,64058,3,0,CADCHF,Pepperstone MT5
2020.10.06,0.69002,0.69062,0.68843,0.68924,74867,3,0,CADCHF,Pepperstone MT5
2020.10.07,0.68937,0.69189,0.68806,0.69184,60186,3,0,CADCHF,Pepperstone MT5
2020.10.08,0.69197,0.69513,0.69060,0.69490,54780,3,0,CADCHF,Pepperstone MT5
2020.10.09,0.69477,0.69542,0.69234,0.69352,59592,3,0,CADCHF,Pepperstone MT5
2020.10.12,0.69339,0.69473,0.69271,0.69325,47120,3,0,CADCHF,Pepperstone MT5
2020.10.13,0.69292,0.69697,0.69220,0.69629,63385,3,0,CADCHF,Pepperstone MT5
2020.10.14,0.69631,0.69761,0.69349,0.69445,59074,3,0,CADCHF,Pepperstone MT5
2020.10.15,0.69526,0.69534,0.68946,0.69129,72806,3,0,CADCHF,Pepperstone MT5
2020.10.16,0.69154,0.69454,0.69075,0.69328,66516,3,0,CADCHF,Pepperstone MT5
2020.10.19,0.69261,0.69520,0.68993,0.69004,54110,3,0,CADCHF,Pepperstone MT5
2020.10.20,0.68957,0.69187,0.68798,0.69095,59458,3,0,CADCHF,Pepperstone MT5
2020.10.21,0.69077,0.69249,0.68794,0.68864,67701,3,0,CADCHF,Pepperstone MT5
2020.10.22,0.68867,0.69110,0.68766,0.69044,68579,3,0,CADCHF,Pepperstone MT5
2020.10.23,0.69042,0.69148,0.68784,0.68874,58240,3,0,CADCHF,Pepperstone MT5
2020.10.26,0.68844,0.68887,0.68602,0.68718,62818,3,0,CADCHF,Pepperstone MT5
2020.10.27,0.68707,0.69044,0.68641,0.68913,54076,3,0,CADCHF,Pepperstone MT5
2020.10.28,0.68907,0.68991,0.68269,0.68334,85801,3,0,CADCHF,Pepperstone MT5
2020.10.29,0.68317,0.68798,0.68176,0.68724,90336,3,0,CADCHF,Pepperstone MT5
2020.10.30,0.68638,0.68897,0.68513,0.68790,87877,3,0,CADCHF,Pepperstone MT5
2020.11.02,0.68798,0.69559,0.68595,0.69545,75108,3,0,CADCHF,Pepperstone MT5
2020.11.03,0.69492,0.69726,0.69270,0.69419,65654,3,0,CADCHF,Pepperstone MT5
2020.11.04,0.69425,0.69631,0.68911,0.69444,192272,3,0,CADCHF,Pepperstone MT5
2020.11.05,0.69359,0.69629,0.69093,0.69309,113711,3,0,CADCHF,Pepperstone MT5
2020.11.06,0.69341,0.69365,0.68792,0.68930,106683,3,0,CADCHF,Pepperstone MT5
2020.11.09,0.68878,0.70402,0.68811,0.70244,148964,3,0,CADCHF,Pepperstone MT5
2020.11.10,0.70153,0.70451,0.70069,0.70195,113418,3,0,CADCHF,Pepperstone MT5
2020.11.11,0.70221,0.70504,0.70093,0.70189,72902,3,0,CADCHF,Pepperstone MT5
2020.11.12,0.70187,0.70212,0.69569,0.69629,65169,3,0,CADCHF,Pepperstone MT5
2020.11.13,0.69562,0.69716,0.69312,0.69474,51391,3,0,CADCHF,Pepperstone MT5
2020.11.16,0.69433,0.69947,0.69422,0.69789,67650,3,0,CADCHF,Pepperstone MT5
2020.11.17,0.69795,0.69815,0.69339,0.69549,60353,3,0,CADCHF,Pepperstone MT5
2020.11.18,0.69549,0.69810,0.69483,0.69609,64002,3,0,CADCHF,Pepperstone MT5
2020.11.19,0.69673,0.69818,0.69544,0.69654,68673,3,0,CADCHF,Pepperstone MT5
2020.11.20,0.69657,0.69870,0.69537,0.69548,62373,3,0,CADCHF,Pepperstone MT5
2020.11.23,0.69545,0.69804,0.69463,0.69729,70939,3,0,CADCHF,Pepperstone MT5
2020.11.24,0.69773,0.70129,0.69694,0.70099,80382,3,0,CADCHF,Pepperstone MT5
2020.11.25,0.70092,0.70234,0.69823,0.69834,77379,3,0,CADCHF,Pepperstone MT5
2020.11.26,0.69796,0.69897,0.69563,0.69595,52682,3,0,CADCHF,Pepperstone MT5
2020.11.27,0.69592,0.69886,0.69571,0.69606,57458,3,0,CADCHF,Pepperstone MT5
2020.11.30,0.69497,0.70020,0.69465,0.69853,85321,3,0,CADCHF,Pepperstone MT5
2020.12.01,0.69904,0.70004,0.69451,0.69567,84529,3,0,CADCHF,Pepperstone MT5
2020.12.02,0.69522,0.69733,0.69160,0.69249,79711,3,0,CADCHF,Pepperstone MT5
2020.12.03,0.69247,0.69390,0.68946,0.69244,69677,3,0,CADCHF,Pepperstone MT5
2020.12.04,0.69296,0.69803,0.69124,0.69752,78084,3,0,CADCHF,Pepperstone MT5
2020.12.07,0.69613,0.69781,0.69339,0.69604,80909,3,0,CADCHF,Pepperstone MT5
2020.12.08,0.69562,0.69687,0.69273,0.69349,70505,3,0,CADCHF,Pepperstone MT5
2020.12.09,0.69352,0.69647,0.69300,0.69384,65551,3,0,CADCHF,Pepperstone MT5
2020.12.10,0.69387,0.69850,0.69287,0.69534,76678,3,0,CADCHF,Pepperstone MT5
2020.12.11,0.69532,0.69818,0.69463,0.69684,69904,3,0,CADCHF,Pepperstone MT5
2020.12.14,0.69591,0.69715,0.69330,0.69474,64505,3,0,CADCHF,Pepperstone MT5
2020.12.15,0.69437,0.69797,0.69385,0.69707,70432,3,0,CADCHF,Pepperstone MT5
2020.12.16,0.69727,0.69744,0.69218,0.69464,88875,3,0,CADCHF,Pepperstone MT5
2020.12.17,0.69447,0.69666,0.69391,0.69494,67875,3,0,CADCHF,Pepperstone MT5
2020.12.18,0.69512,0.69533,0.69080,0.69088,67989,3,0,CADCHF,Pepperstone MT5
2020.12.21,0.69097,0.69186,0.68690,0.68861,117413,3,0,CADCHF,Pepperstone MT5
2020.12.22,0.68882,0.68997,0.68622,0.68889,87036,3,0,CADCHF,Pepperstone MT5
2020.12.23,0.68897,0.69238,0.68836,0.69149,55782,3,0,CADCHF,Pepperstone MT5
2020.12.24,0.69084,0.69584,0.69042,0.69120,51764,3,0,CADCHF,Pepperstone MT5
2020.12.28,0.69141,0.69435,0.69063,0.69174,69248,3,0,CADCHF,Pepperstone MT5
2020.12.29,0.69128,0.69300,0.68943,0.68954,72932,3,0,CADCHF,Pepperstone MT5
2020.12.30,0.68939,0.69291,0.68888,0.69129,70749,3,0,CADCHF,Pepperstone MT5
2020.12.31,0.69077,0.69606,0.69033,0.69479,77280,3,0,CADCHF,Pepperstone MT5
2021.01.04,0.69352,0.69628,0.68859,0.68949,104032,3,0,CADCHF,Pepperstone MT5
2021.01.05,0.68947,0.69373,0.68877,0.69324,107575,3,0,CADCHF,Pepperstone MT5
2021.01.06,0.69332,0.69532,0.69052,0.69284,166804,3,0,CADCHF,Pepperstone MT5
2021.01.07,0.69272,0.69853,0.69232,0.69774,111449,3,0,CADCHF,Pepperstone MT5
2021.01.08,0.69702,0.69947,0.69518,0.69735,129316,3,0,CADCHF,Pepperstone MT5
2021.01.11,0.69606,0.69770,0.69419,0.69634,83402,3,0,CADCHF,Pepperstone MT5
2021.01.12,0.69632,0.69875,0.69597,0.69719,73199,3,0,CADCHF,Pepperstone MT5
2021.01.13,0.69722,0.69996,0.69608,0.69904,66442,3,0,CADCHF,Pepperstone MT5
2021.01.14,0.69886,0.70320,0.69796,0.70239,77945,3,0,CADCHF,Pepperstone MT5
2021.01.15,0.70219,0.70307,0.69704,0.69956,77308,3,0,CADCHF,Pepperstone MT5
2021.01.18,0.69816,0.69997,0.69646,0.69843,68841,3,0,CADCHF,Pepperstone MT5
2021.01.19,0.69791,0.70031,0.69576,0.69789,59149,3,0,CADCHF,Pepperstone MT5
2021.01.20,0.69745,0.70562,0.69682,0.70424,70495,3,0,CADCHF,Pepperstone MT5
2021.01.21,0.70347,0.70486,0.70004,0.70029,68196,3,0,CADCHF,Pepperstone MT5
2021.01.22,0.70027,0.70047,0.69492,0.69514,67219,3,0,CADCHF,Pepperstone MT5
2021.01.25,0.69457,0.69840,0.69454,0.69685,74672,3,0,CADCHF,Pepperstone MT5
2021.01.26,0.69712,0.69919,0.69548,0.69839,61927,3,0,CADCHF,Pepperstone MT5
2021.01.27,0.69822,0.69864,0.69335,0.69401,100368,3,0,CADCHF,Pepperstone MT5
2021.01.28,0.69405,0.69439,0.69056,0.69254,98712,3,0,CADCHF,Pepperstone MT5
2021.01.29,0.69257,0.69803,0.69082,0.69700,109552,3,0,CADCHF,Pepperstone MT5
2021.02.01,0.69485,0.70026,0.69465,0.69769,100827,3,0,CADCHF,Pepperstone MT5
2021.02.02,0.69767,0.70236,0.69737,0.70194,83548,3,0,CADCHF,Pepperstone MT5
2021.02.03,0.70192,0.70447,0.70139,0.70309,74527,3,0,CADCHF,Pepperstone MT5
2021.02.04,0.70307,0.70608,0.70252,0.70524,72117,3,0,CADCHF,Pepperstone MT5
2021.02.05,0.70467,0.70602,0.70333,0.70444,80692,3,0,CADCHF,Pepperstone MT5
2021.02.08,0.70417,0.70598,0.70342,0.70554,59567,3,0,CADCHF,Pepperstone MT5
2021.02.09,0.70499,0.70605,0.70012,0.70293,67640,3,0,CADCHF,Pepperstone MT5
2021.02.10,0.70293,0.70309,0.70060,0.70089,69173,3,0,CADCHF,Pepperstone MT5
2021.02.11,0.70094,0.70271,0.70034,0.70043,51971,3,0,CADCHF,Pepperstone MT5
2021.02.12,0.70050,0.70291,0.69909,0.70277,50928,3,0,CADCHF,Pepperstone MT5
2021.02.15,0.70156,0.70467,0.70155,0.70424,36814,3,0,CADCHF,Pepperstone MT5
2021.02.16,0.70399,0.70487,0.70222,0.70341,69266,3,0,CADCHF,Pepperstone MT5
2021.02.17,0.70256,0.70801,0.70246,0.70769,77052,3,0,CADCHF,Pepperstone MT5
2021.02.18,0.70714,0.70803,0.70472,0.70664,63478,3,0,CADCHF,Pepperstone MT5
2021.02.19,0.70647,0.71111,0.70506,0.71059,67482,3,0,CADCHF,Pepperstone MT5
2021.02.22,0.71019,0.71345,0.70854,0.71009,77621,3,0,CADCHF,Pepperstone MT5
2021.02.23,0.71004,0.71958,0.70972,0.71905,85494,3,0,CADCHF,Pepperstone MT5
2021.02.24,0.71902,0.72503,0.71745,0.72444,103527,3,0,CADCHF,Pepperstone MT5
2021.02.25,0.72437,0.72730,0.71732,0.71779,138274,3,0,CADCHF,Pepperstone MT5
2021.02.26,0.71772,0.71878,0.71305,0.71359,163782,3,0,CADCHF,Pepperstone MT5
2021.03.01,0.71282,0.72369,0.71198,0.72339,98446,3,0,CADCHF,Pepperstone MT5
2021.03.02,0.72356,0.72618,0.72178,0.72356,108867,3,0,CADCHF,Pepperstone MT5
2021.03.03,0.72417,0.72798,0.72323,0.72681,109524,3,0,CADCHF,Pepperstone MT5
2021.03.04,0.72669,0.73583,0.72554,0.73304,164910,3,0,CADCHF,Pepperstone MT5
2021.03.05,0.73294,0.73634,0.72867,0.73606,156494,3,0,CADCHF,Pepperstone MT5
2021.03.08,0.73277,0.73971,0.73215,0.73956,113707,3,0,CADCHF,Pepperstone MT5
2021.03.09,0.73872,0.74084,0.73355,0.73386,107291,3,0,CADCHF,Pepperstone MT5
2021.03.10,0.73374,0.73730,0.73290,0.73656,159204,3,0,CADCHF,Pepperstone MT5
2021.03.11,0.73669,0.73817,0.73462,0.73753,145515,3,0,CADCHF,Pepperstone MT5
2021.03.12,0.73705,0.74580,0.73642,0.74438,141457,3,0,CADCHF,Pepperstone MT5
2021.03.15,0.74392,0.74760,0.74258,0.74346,97151,3,0,CADCHF,Pepperstone MT5
2021.03.16,0.74369,0.74406,0.74106,0.74306,73521,3,0,CADCHF,Pepperstone MT5
2021.03.17,0.74234,0.74553,0.74183,0.74372,83870,3,0,CADCHF,Pepperstone MT5
2021.03.18,0.74369,0.74733,0.74107,0.74273,98775,3,0,CADCHF,Pepperstone MT5
2021.03.19,0.74244,0.74462,0.74031,0.74291,80729,3,0,CADCHF,Pepperstone MT5
2021.03.22,0.74091,0.74454,0.73643,0.73718,36359,3,0,CADCHF,Pepperstone MT5
2021.03.23,0.73694,0.74505,0.73636,0.74186,42347,3,0,CADCHF,Pepperstone MT5
2021.03.24,0.74184,0.74604,0.74132,0.74342,47299,3,0,CADCHF,Pepperstone MT5
2021.03.25,0.74374,0.74599,0.74196,0.74521,48385,3,0,CADCHF,Pepperstone MT5
2021.03.26,0.74479,0.74917,0.74397,0.74671,36957,3,0,CADCHF,Pepperstone MT5
2021.03.29,0.74587,0.74717,0.74302,0.74601,39402,3,0,CADCHF,Pepperstone MT5
2021.03.30,0.74579,0.74888,0.74430,0.74591,37409,3,0,CADCHF,Pepperstone MT5
2021.03.31,0.74537,0.75259,0.74526,0.75122,43542,3,0,CADCHF,Pepperstone MT5
2021.04.01,0.75079,0.75285,0.74856,0.75051,46718,3,0,CADCHF,Pepperstone MT5
2021.04.02,0.75044,0.75184,0.74735,0.74886,21674,3,0,CADCHF,Pepperstone MT5
2021.04.05,0.74757,0.75147,0.74669,0.74771,31915,3,0,CADCHF,Pepperstone MT5
2021.04.06,0.74754,0.74871,0.73991,0.74046,37085,3,0,CADCHF,Pepperstone MT5
2021.04.07,0.73999,0.74121,0.73440,0.73711,41446,3,0,CADCHF,Pepperstone MT5
2021.04.08,0.73723,0.73791,0.73403,0.73573,32903,3,0,CADCHF,Pepperstone MT5
2021.04.09,0.73577,0.73905,0.73308,0.73765,39079,3,0,CADCHF,Pepperstone MT5
2021.04.12,0.73772,0.73860,0.73348,0.73381,36634,3,0,CADCHF,Pepperstone MT5
2021.04.13,0.73404,0.73569,0.73163,0.73436,42185,3,0,CADCHF,Pepperstone MT5
2021.04.14,0.73425,0.73794,0.73247,0.73716,39431,3,0,CADCHF,Pepperstone MT5
2021.04.15,0.73654,0.73931,0.73444,0.73496,39145,3,0,CADCHF,Pepperstone MT5
2021.04.16,0.73545,0.73638,0.73332,0.73546,36174,3,0,CADCHF,Pepperstone MT5
2021.04.19,0.73449,0.73638,0.72930,0.73023,40373,3,0,CADCHF,Pepperstone MT5
2021.04.20,0.72937,0.73268,0.72571,0.72586,43803,3,0,CADCHF,Pepperstone MT5
2021.04.21,0.72609,0.73604,0.72549,0.73361,44021,3,0,CADCHF,Pepperstone MT5
2021.04.22,0.73354,0.73641,0.73140,0.73326,41301,3,0,CADCHF,Pepperstone MT5
2021.04.23,0.73342,0.73520,0.73046,0.73215,39709,3,0,CADCHF,Pepperstone MT5
2021.04.26,0.73119,0.73856,0.73100,0.73766,38755,3,0,CADCHF,Pepperstone MT5
2021.04.27,0.73674,0.73905,0.73536,0.73661,35692,3,0,CADCHF,Pepperstone MT5
2021.04.28,0.73659,0.74025,0.73558,0.73848,42505,3,0,CADCHF,Pepperstone MT5
2021.04.29,0.73838,0.74138,0.73721,0.74011,37229,3,0,CADCHF,Pepperstone MT5
2021.04.30,0.73914,0.74413,0.73894,0.74251,41389,3,0,CADCHF,Pepperstone MT5
2021.05.03,0.74173,0.74419,0.74017,0.74216,31336,3,0,CADCHF,Pepperstone MT5
2021.05.04,0.74124,0.74411,0.73971,0.74192,40575,3,0,CADCHF,Pepperstone MT5
2021.05.05,0.74174,0.74615,0.74048,0.74426,34446,3,0,CADCHF,Pepperstone MT5
2021.05.06,0.74374,0.74759,0.74151,0.74686,43420,3,0,CADCHF,Pepperstone MT5
2021.05.07,0.74644,0.74717,0.74047,0.74244,46821,3,0,CADCHF,Pepperstone MT5
2021.05.10,0.74180,0.74527,0.74117,0.74451,47689,3,0,CADCHF,Pepperstone MT5
2021.05.11,0.74439,0.74773,0.74361,0.74657,52502,3,0,CADCHF,Pepperstone MT5
2021.05.12,0.74626,0.75224,0.74606,0.74883,78069,3,0,CADCHF,Pepperstone MT5
2021.05.13,0.74876,0.75023,0.74307,0.74479,80171,3,0,CADCHF,Pepperstone MT5
2021.05.14,0.74477,0.74711,0.74246,0.74470,48713,3,0,CADCHF,Pepperstone MT5
2021.05.17,0.74332,0.74862,0.74302,0.74829,51595,3,0,CADCHF,Pepperstone MT5
2021.05.18,0.74794,0.74952,0.74329,0.74424,47354,3,0,CADCHF,Pepperstone MT5
2021.05.19,0.74303,0.74847,0.74284,0.74472,66858,3,0,CADCHF,Pepperstone MT5
2021.05.20,0.74491,0.74674,0.74220,0.74419,56883,3,0,CADCHF,Pepperstone MT5
2021.05.21,0.74360,0.74702,0.74091,0.74399,50615,3,0,CADCHF,Pepperstone MT5
2021.05.24,0.74269,0.74499,0.74229,0.74454,37003,3,0,CADCHF,Pepperstone MT5
2021.05.25,0.74320,0.74465,0.74145,0.74171,43725,3,0,CADCHF,Pepperstone MT5
2021.05.26,0.74159,0.74306,0.73948,0.74031,44958,3,0,CADCHF,Pepperstone MT5
2021.05.27,0.73899,0.74598,0.73863,0.74324,45575,3,0,CADCHF,Pepperstone MT5
2021.05.28,0.74231,0.74627,0.74231,0.74524,40051,3,0,CADCHF,Pepperstone MT5
2021.05.31,0.74455,0.74668,0.74380,0.74466,36343,3,0,CADCHF,Pepperstone MT5
2021.06.01,0.74458,0.74761,0.74251,0.74327,36601,3,0,CADCHF,Pepperstone MT5
2021.06.02,0.74166,0.74687,0.74166,0.74609,31546,3,0,CADCHF,Pepperstone MT5
2021.06.03,0.74545,0.74789,0.74479,0.74602,35351,3,0,CADCHF,Pepperstone MT5
2021.06.04,0.74577,0.74706,0.74314,0.74465,37206,3,0,CADCHF,Pepperstone MT5
2021.06.07,0.74377,0.74487,0.74245,0.74279,31650,3,0,CADCHF,Pepperstone MT5
2021.06.08,0.74249,0.74336,0.73990,0.74009,37393,3,0,CADCHF,Pepperstone MT5
2021.06.09,0.74005,0.74182,0.73944,0.73958,27770,3,0,CADCHF,Pepperstone MT5
2021.06.10,0.73880,0.74224,0.73880,0.73942,44183,3,0,CADCHF,Pepperstone MT5
2021.06.11,0.73902,0.74153,0.73809,0.73813,30138,3,0,CADCHF,Pepperstone MT5
2021.06.14,0.73720,0.74130,0.73720,0.74031,29590,3,0,CADCHF,Pepperstone MT5
2021.06.15,0.74018,0.74137,0.73622,0.73716,33347,3,0,CADCHF,Pepperstone MT5
2021.06.16,0.73648,0.74144,0.73614,0.73996,47773,3,0,CADCHF,Pepperstone MT5
2021.06.17,0.73958,0.74408,0.73924,0.74264,62367,3,0,CADCHF,Pepperstone MT5
2021.06.18,0.74075,0.74474,0.73909,0.74047,62308,3,0,CADCHF,Pepperstone MT5
2021.06.21,0.73838,0.74317,0.73802,0.74239,65795,3,0,CADCHF,Pepperstone MT5
2021.06.22,0.74152,0.74651,0.74152,0.74605,48169,3,0,CADCHF,Pepperstone MT5
2021.06.23,0.74483,0.74794,0.74483,0.74609,51735,3,0,CADCHF,Pepperstone MT5
2021.06.24,0.74609,0.74811,0.74440,0.74499,51776,3,0,CADCHF,Pepperstone MT5
2021.06.25,0.74336,0.74644,0.74336,0.74529,44677,3,0,CADCHF,Pepperstone MT5
2021.06.28,0.74563,0.74709,0.74433,0.74529,49887,3,0,CADCHF,Pepperstone MT5
2021.06.29,0.74455,0.74639,0.74257,0.74274,43000,3,0,CADCHF,Pepperstone MT5
2021.06.30,0.74177,0.74838,0.74177,0.74614,47613,3,0,CADCHF,Pepperstone MT5
2021.07.01,0.74498,0.74752,0.74392,0.74399,52828,3,0,CADCHF,Pepperstone MT5
2021.07.02,0.74283,0.74771,0.74209,0.74674,49202,3,0,CADCHF,Pepperstone MT5
2021.07.05,0.74747,0.74808,0.74463,0.74667,34349,3,0,CADCHF,Pepperstone MT5
2021.07.06,0.74620,0.74826,0.73963,0.74214,51371,3,0,CADCHF,Pepperstone MT5
2021.07.07,0.74006,0.74412,0.73955,0.74144,52527,3,0,CADCHF,Pepperstone MT5
2021.07.08,0.74064,0.74181,0.72789,0.72999,68246,3,0,CADCHF,Pepperstone MT5
2021.07.09,0.72975,0.73426,0.72906,0.73375,51169,3,0,CADCHF,Pepperstone MT5
2021.07.12,0.73282,0.73515,0.73176,0.73475,40835,3,0,CADCHF,Pepperstone MT5
2021.07.13,0.73426,0.73537,0.73097,0.73399,52473,3,0,CADCHF,Pepperstone MT5
2021.07.14,0.73335,0.73711,0.73055,0.73062,57742,3,0,CADCHF,Pepperstone MT5
2021.07.15,0.73084,0.73203,0.72784,0.72864,58989,3,0,CADCHF,Pepperstone MT5
2021.07.16,0.72819,0.73188,0.72782,0.72855,47947,3,0,CADCHF,Pepperstone MT5
2021.07.19,0.72831,0.72926,0.71734,0.72008,66673,3,0,CADCHF,Pepperstone MT5
2021.07.20,0.71852,0.72681,0.71852,0.72651,61036,3,0,CADCHF,Pepperstone MT5
2021.07.21,0.72662,0.73285,0.72416,0.73039,49936,3,0,CADCHF,Pepperstone MT5
2021.07.22,0.73041,0.73290,0.72772,0.73159,54401,3,0,CADCHF,Pepperstone MT5
2021.07.23,0.73010,0.73342,0.73010,0.73181,39557,3,0,CADCHF,Pepperstone MT5
2021.07.26,0.73037,0.73218,0.72894,0.72989,50232,3,0,CADCHF,Pepperstone MT5
2021.07.27,0.73060,0.73060,0.72547,0.72554,60589,3,0,CADCHF,Pepperstone MT5
2021.07.28,0.72515,0.72861,0.72474,0.72674,64507,3,0,CADCHF,Pepperstone MT5
2021.07.29,0.72554,0.72919,0.72554,0.72785,53601,3,0,CADCHF,Pepperstone MT5
2021.07.30,0.72717,0.72930,0.72561,0.72609,51523,3,0,CADCHF,Pepperstone MT5
2021.08.02,0.72469,0.72712,0.72331,0.72384,47903,3,0,CADCHF,Pepperstone MT5
2021.08.03,0.72349,0.72485,0.71867,0.72124,60858,3,0,CADCHF,Pepperstone MT5
2021.08.04,0.71958,0.72361,0.71898,0.72259,47180,3,0,CADCHF,Pepperstone MT5
2021.08.05,0.72256,0.72691,0.72124,0.72519,51013,3,0,CADCHF,Pepperstone MT5
2021.08.06,0.72535,0.72890,0.72461,0.72866,44721,3,0,CADCHF,Pepperstone MT5
2021.08.09,0.72679,0.73207,0.72679,0.73175,47359,3,0,CADCHF,Pepperstone MT5
2021.08.10,0.73020,0.73713,0.73013,0.73709,40134,3,0,CADCHF,Pepperstone MT5
2021.08.11,0.73687,0.73764,0.73586,0.73709,45047,3,0,CADCHF,Pepperstone MT5
2021.08.12,0.73676,0.73847,0.73610,0.73732,39494,3,0,CADCHF,Pepperstone MT5
2021.08.13,0.73566,0.73781,0.73094,0.73127,32205,3,0,CADCHF,Pepperstone MT5
2021.08.16,0.73115,0.73172,0.72408,0.72554,40817,3,0,CADCHF,Pepperstone MT5
2021.08.17,0.72547,0.72601,0.72124,0.72454,52217,3,0,CADCHF,Pepperstone MT5
2021.08.18,0.72197,0.72768,0.72197,0.72411,54635,3,0,CADCHF,Pepperstone MT5
2021.08.19,0.72379,0.72518,0.71583,0.71604,74493,3,0,CADCHF,Pepperstone MT5
2021.08.20,0.71468,0.71639,0.70879,0.71494,57100,3,0,CADCHF,Pepperstone MT5
2021.08.23,0.71304,0.72171,0.71304,0.72122,49099,3,0,CADCHF,Pepperstone MT5
2021.08.24,0.72116,0.72520,0.71995,0.72510,49643,3,0,CADCHF,Pepperstone MT5
2021.08.25,0.72287,0.72586,0.72287,0.72583,53370,3,0,CADCHF,Pepperstone MT5
2021.08.26,0.72537,0.72824,0.72318,0.72339,59460,3,0,CADCHF,Pepperstone MT5
2021.08.27,0.72284,0.72479,0.72188,0.72217,58337,3,0,CADCHF,Pepperstone MT5
2021.08.30,0.72070,0.72864,0.71947,0.72751,42683,3,0,CADCHF,Pepperstone MT5
2021.08.31,0.72614,0.72797,0.72213,0.72538,55227,3,0,CADCHF,Pepperstone MT5
2021.09.01,0.72408,0.72934,0.72408,0.72554,50760,3,0,CADCHF,Pepperstone MT5
2021.09.02,0.72491,0.72939,0.72411,0.72830,45358,3,0,CADCHF,Pepperstone MT5
2021.09.03,0.72811,0.73117,0.72736,0.72939,54934,3,0,CADCHF,Pepperstone MT5
2021.09.06,0.72698,0.73184,0.72698,0.72953,40789,3,0,CADCHF,Pepperstone MT5
2021.09.07,0.72922,0.73052,0.72585,0.72694,56226,3,0,CADCHF,Pepperstone MT5
2021.09.08,0.72685,0.72860,0.72309,0.72634,65512,3,0,CADCHF,Pepperstone MT5
2021.09.09,0.72461,0.72668,0.72253,0.72370,69244,3,0,CADCHF,Pepperstone MT5
2021.09.10,0.72360,0.72907,0.72316,0.72344,60983,3,0,CADCHF,Pepperstone MT5
2021.09.13,0.72210,0.72951,0.72210,0.72940,58445,3,0,CADCHF,Pepperstone MT5
2021.09.14,0.72730,0.72978,0.72434,0.72478,59575,3,0,CADCHF,Pepperstone MT5
2021.09.15,0.72443,0.72852,0.72220,0.72847,56907,3,0,CADCHF,Pepperstone MT5
2021.09.16,0.72784,0.73309,0.72729,0.73134,59690,3,0,CADCHF,Pepperstone MT5
2021.09.17,0.73109,0.73365,0.72945,0.72994,61824,3,0,CADCHF,Pepperstone MT5
2021.09.20,0.72948,0.73064,0.72032,0.72351,70219,3,0,CADCHF,Pepperstone MT5
2021.09.21,0.72176,0.72766,0.71818,0.72082,65893,3,0,CADCHF,Pepperstone MT5
2021.09.22,0.71847,0.72661,0.71832,0.72509,77896,3,0,CADCHF,Pepperstone MT5
2021.09.23,0.72337,0.73097,0.72327,0.73057,67383,3,0,CADCHF,Pepperstone MT5
2021.09.24,0.72901,0.73140,0.72642,0.73029,51990,3,0,CADCHF,Pepperstone MT5
2021.09.27,0.72967,0.73519,0.72872,0.73298,70172,3,0,CADCHF,Pepperstone MT5
2021.09.28,0.73264,0.73591,0.73044,0.73256,92913,3,0,CADCHF,Pepperstone MT5
2021.09.29,0.73202,0.73358,0.73104,0.73270,83719,3,0,CADCHF,Pepperstone MT5
2021.09.30,0.73060,0.73828,0.73060,0.73436,94943,3,0,CADCHF,Pepperstone MT5
2021.10.01,0.73410,0.73689,0.73034,0.73604,93546,3,0,CADCHF,Pepperstone MT5
2021.10.04,0.73473,0.73800,0.73274,0.73435,81970,3,0,CADCHF,Pepperstone MT5
2021.10.05,0.73432,0.73949,0.73348,0.73765,74100,3,0,CADCHF,Pepperstone MT5
2021.10.06,0.73802,0.73829,0.73385,0.73639,89521,3,0,CADCHF,Pepperstone MT5
2021.10.07,0.73626,0.74082,0.73538,0.73994,70769,3,0,CADCHF,Pepperstone MT5
2021.10.08,0.73825,0.74423,0.73825,0.74319,70242,3,0,CADCHF,Pepperstone MT5
2021.10.11,0.74158,0.74555,0.74085,0.74311,54667,3,0,CADCHF,Pepperstone MT5
2021.10.12,0.74252,0.74824,0.74161,0.74643,59869,3,0,CADCHF,Pepperstone MT5
2021.10.13,0.74586,0.74672,0.74226,0.74246,65026,3,0,CADCHF,Pepperstone MT5
2021.10.14,0.74194,0.74726,0.74093,0.74675,57693,3,0,CADCHF,Pepperstone MT5
2021.10.15,0.74647,0.74900,0.74463,0.74660,60802,3,0,CADCHF,Pepperstone MT5
2021.10.18,0.74585,0.74802,0.74452,0.74614,67185,3,0,CADCHF,Pepperstone MT5
2021.10.19,0.74586,0.74744,0.74335,0.74628,64840,3,0,CADCHF,Pepperstone MT5
2021.10.20,0.74602,0.74953,0.74525,0.74570,58106,3,0,CADCHF,Pepperstone MT5
2021.10.21,0.74455,0.74752,0.74165,0.74214,56276,3,0,CADCHF,Pepperstone MT5
2021.10.22,0.74122,0.74420,0.73988,0.74052,62693,3,0,CADCHF,Pepperstone MT5
2021.10.25,0.73901,0.74417,0.73901,0.74260,53712,3,0,CADCHF,Pepperstone MT5
2021.10.26,0.74204,0.74540,0.74122,0.74228,53333,3,0,CADCHF,Pepperstone MT5
2021.10.27,0.74205,0.74596,0.73759,0.74257,73011,3,0,CADCHF,Pepperstone MT5
2021.10.28,0.74150,0.74432,0.73799,0.73872,73761,3,0,CADCHF,Pepperstone MT5
2021.10.29,0.73779,0.74045,0.73599,0.73886,74710,3,0,CADCHF,Pepperstone MT5
2021.11.01,0.73809,0.74059,0.73458,0.73488,53643,3,0,CADCHF,Pepperstone MT5
2021.11.02,0.73456,0.73783,0.73330,0.73689,52848,3,0,CADCHF,Pepperstone MT5
2021.11.03,0.73645,0.73731,0.73326,0.73579,62039,3,0,CADCHF,Pepperstone MT5
2021.11.04,0.73500,0.73763,0.73171,0.73229,60092,3,0,CADCHF,Pepperstone MT5
2021.11.05,0.73163,0.73659,0.73133,0.73215,56098,3,0,CADCHF,Pepperstone MT5
2021.11.08,0.73181,0.73588,0.73155,0.73422,50104,3,0,CADCHF,Pepperstone MT5
2021.11.09,0.73319,0.73595,0.73152,0.73253,57645,3,0,CADCHF,Pepperstone MT5
2021.11.10,0.73170,0.73791,0.73153,0.73465,66013,3,0,CADCHF,Pepperstone MT5
2021.11.11,0.73383,0.73552,0.73065,0.73191,52226,3,0,CADCHF,Pepperstone MT5
2021.11.12,0.73124,0.73437,0.73116,0.73395,43127,3,0,CADCHF,Pepperstone MT5
2021.11.15,0.73225,0.73953,0.73225,0.73894,54955,3,0,CADCHF,Pepperstone MT5
2021.11.16,0.73845,0.74135,0.73687,0.74044,66488,0,0,CADCHF,Pepperstone MT5
2021.11.17,0.73930,0.74241,0.73554,0.73593,62679,3,0,CADCHF,Pepperstone MT5
2021.11.18,0.73609,0.73696,0.73211,0.73443,50695,3,0,CADCHF,Pepperstone MT5
2021.11.19,0.73382,0.73644,0.73157,0.73453,62368,0,0,CADCHF,Pepperstone MT5
2021.11.22,0.73336,0.73595,0.73242,0.73468,60569,3,0,CADCHF,Pepperstone MT5
2021.11.23,0.73303,0.73744,0.73047,0.73641,66821,3,0,CADCHF,Pepperstone MT5
2021.11.24,0.73460,0.73923,0.73460,0.73724,59161,3,0,CADCHF,Pepperstone MT5
2021.11.25,0.73662,0.74014,0.73603,0.73949,40865,3,0,CADCHF,Pepperstone MT5
2021.11.26,0.73944,0.73978,0.71999,0.72108,94093,3,0,CADCHF,Pepperstone MT5
2021.11.29,0.72335,0.72819,0.72176,0.72438,73104,3,0,CADCHF,Pepperstone MT5
2021.11.30,0.72395,0.72496,0.71653,0.71856,95954,3,0,CADCHF,Pepperstone MT5
2021.12.01,0.71846,0.72336,0.71674,0.71770,79416,3,0,CADCHF,Pepperstone MT5
2021.12.02,0.71642,0.72128,0.71563,0.71857,82547,3,0,CADCHF,Pepperstone MT5
2021.12.03,0.71822,0.72154,0.71387,0.71429,84098,3,0,CADCHF,Pepperstone MT5
2021.12.06,0.71359,0.72615,0.71359,0.72545,60465,3,0,CADCHF,Pepperstone MT5
2021.12.07,0.72487,0.73314,0.72443,0.73164,53904,3,0,CADCHF,Pepperstone MT5
2021.12.08,0.73165,0.73306,0.72662,0.72748,68214,3,0,CADCHF,Pepperstone MT5
2021.12.09,0.72721,0.72939,0.72591,0.72647,61541,3,0,CADCHF,Pepperstone MT5
2021.12.10,0.72592,0.72846,0.72325,0.72337,50170,3,0,CADCHF,Pepperstone MT5
2021.12.13,0.72266,0.72623,0.71916,0.72001,49170,3,0,CADCHF,Pepperstone MT5
2021.12.14,0.72024,0.72157,0.71629,0.71841,48534,3,0,CADCHF,Pepperstone MT5
2021.12.15,0.71721,0.72053,0.71632,0.72024,65338,3,0,CADCHF,Pepperstone MT5
2021.12.16,0.72003,0.72486,0.71815,0.71949,76240,3,0,CADCHF,Pepperstone MT5
2021.12.17,0.71851,0.71971,0.71584,0.71656,68251,3,0,CADCHF,Pepperstone MT5
2021.12.20,0.71441,0.71723,0.70970,0.71163,76824,3,0,CADCHF,Pepperstone MT5
2021.12.21,0.71040,0.71569,0.71024,0.71496,56573,3,0,CADCHF,Pepperstone MT5
2021.12.22,0.71467,0.71684,0.71347,0.71610,48699,3,0,CADCHF,Pepperstone MT5
2021.12.23,0.71575,0.71884,0.71510,0.71672,48767,3,0,CADCHF,Pepperstone MT5
2021.12.24,0.71668,0.71779,0.71448,0.71639,129817,3,0,CADCHF,Pepperstone MT5
2021.12.27,0.71606,0.71832,0.71510,0.71747,26944,4,0,CADCHF,Pepperstone MT5
2021.12.28,0.71698,0.71846,0.71463,0.71544,30277,3,0,CADCHF,Pepperstone MT5
2021.12.29,0.71507,0.71737,0.71283,0.71502,35864,3,0,CADCHF,Pepperstone MT5
2021.12.30,0.71384,0.71770,0.71377,0.71727,43658,3,0,CADCHF,Pepperstone MT5
2021.12.31,0.71641,0.72189,0.71626,0.72113,37156,3,0,CADCHF,Pepperstone MT5
2022.01.03,0.71998,0.72216,0.71872,0.72087,44272,3,0,CADCHF,Pepperstone MT5
2022.01.04,0.72066,0.72235,0.71838,0.72079,46810,3,0,CADCHF,Pepperstone MT5
2022.01.05,0.71999,0.72177,0.71877,0.71911,49680,3,0,CADCHF,Pepperstone MT5
2022.01.06,0.71701,0.72462,0.71691,0.72386,62439,3,0,CADCHF,Pepperstone MT5
2022.01.07,0.72296,0.72735,0.72296,0.72628,51600,3,0,CADCHF,Pepperstone MT5
2022.01.10,0.72543,0.73164,0.72539,0.73114,58540,3,0,CADCHF,Pepperstone MT5
2022.01.11,0.73043,0.73512,0.73031,0.73437,54487,3,0,CADCHF,Pepperstone MT5
2022.01.12,0.73375,0.73687,0.72995,0.73067,53678,3,0,CADCHF,Pepperstone MT5
2022.01.13,0.73056,0.73236,0.72753,0.72766,53304,3,0,CADCHF,Pepperstone MT5
2022.01.14,0.72707,0.73060,0.72665,0.72833,60192,3,0,CADCHF,Pepperstone MT5
2022.01.17,0.72641,0.73131,0.72572,0.73010,41510,3,0,CADCHF,Pepperstone MT5
2022.01.18,0.72965,0.73338,0.72930,0.73308,68107,3,0,CADCHF,Pepperstone MT5
2022.01.19,0.73262,0.73480,0.73118,0.73165,63999,3,0,CADCHF,Pepperstone MT5
2022.01.20,0.73159,0.73637,0.73104,0.73345,63597,3,0,CADCHF,Pepperstone MT5
2022.01.21,0.73274,0.73364,0.72450,0.72463,75566,3,0,CADCHF,Pepperstone MT5
2022.01.24,0.72423,0.72781,0.71960,0.72318,91738,3,0,CADCHF,Pepperstone MT5
2022.01.25,0.72201,0.72919,0.72162,0.72677,87825,3,0,CADCHF,Pepperstone MT5
2022.01.26,0.72537,0.73311,0.72518,0.72956,92088,3,0,CADCHF,Pepperstone MT5
2022.01.27,0.72896,0.73554,0.72665,0.73062,97723,3,0,CADCHF,Pepperstone MT5
2022.01.28,0.72999,0.73168,0.72773,0.72924,82439,3,0,CADCHF,Pepperstone MT5
2022.01.31,0.72666,0.73363,0.72661,0.72943,66168,3,0,CADCHF,Pepperstone MT5
2022.02.01,0.72894,0.72998,0.72482,0.72610,64041,3,0,CADCHF,Pepperstone MT5
2022.02.02,0.72550,0.72671,0.72324,0.72533,57613,3,0,CADCHF,Pepperstone MT5
2022.02.03,0.72349,0.72700,0.72349,0.72589,78531,3,0,CADCHF,Pepperstone MT5
2022.02.04,0.72512,0.72650,0.72247,0.72517,75820,3,0,CADCHF,Pepperstone MT5
2022.02.07,0.72434,0.72957,0.72434,0.72912,62040,3,0,CADCHF,Pepperstone MT5
2022.02.08,0.72825,0.73001,0.72629,0.72807,55160,3,0,CADCHF,Pepperstone MT5
2022.02.09,0.72673,0.72964,0.72637,0.72917,41655,3,0,CADCHF,Pepperstone MT5
2022.02.10,0.72915,0.73187,0.72717,0.72733,73975,3,0,CADCHF,Pepperstone MT5
2022.02.11,0.72628,0.73102,0.72509,0.72573,93170,3,0,CADCHF,Pepperstone MT5
2022.02.14,0.72483,0.72804,0.72266,0.72638,84886,3,0,CADCHF,Pepperstone MT5
2022.02.15,0.72562,0.72896,0.72428,0.72756,61181,3,0,CADCHF,Pepperstone MT5
2022.02.16,0.72616,0.73050,0.72526,0.72631,57932,3,0,CADCHF,Pepperstone MT5
2022.02.17,0.72657,0.72683,0.72363,0.72386,86137,3,0,CADCHF,Pepperstone MT5
2022.02.18,0.72311,0.72722,0.72182,0.72212,61986,3,0,CADCHF,Pepperstone MT5
2022.02.21,0.72162,0.72338,0.71771,0.71793,58184,3,0,CADCHF,Pepperstone MT5
2022.02.22,0.71820,0.72493,0.71700,0.72169,93511,3,0,CADCHF,Pepperstone MT5
2022.02.23,0.71934,0.72520,0.71934,0.72091,62845,3,0,CADCHF,Pepperstone MT5
2022.02.24,0.71984,0.72302,0.71712,0.72186,171231,3,0,CADCHF,Pepperstone MT5
2022.02.25,0.72191,0.72918,0.72135,0.72856,96834,3,0,CADCHF,Pepperstone MT5
2022.02.28,0.72476,0.72740,0.72133,0.72366,118599,3,0,CADCHF,Pepperstone MT5
2022.03.01,0.72277,0.72642,0.72052,0.72078,92360,3,0,CADCHF,Pepperstone MT5
2022.03.02,0.72005,0.72899,0.71982,0.72843,93705,3,0,CADCHF,Pepperstone MT5
2022.03.03,0.72835,0.73094,0.72323,0.72334,73371,3,0,CADCHF,Pepperstone MT5
2022.03.04,0.72301,0.72487,0.71862,0.71989,92624,3,0,CADCHF,Pepperstone MT5
2022.03.07,0.71894,0.72834,0.71894,0.72173,115224,3,0,CADCHF,Pepperstone MT5
2022.03.08,0.72168,0.72432,0.72012,0.72093,106140,3,0,CADCHF,Pepperstone MT5
2022.03.09,0.71936,0.72474,0.71918,0.72344,80078,3,0,CADCHF,Pepperstone MT5
2022.03.10,0.72273,0.72952,0.72149,0.72834,83266,3,0,CADCHF,Pepperstone MT5
2022.03.11,0.72729,0.73542,0.72706,0.73319,75498,3,0,CADCHF,Pepperstone MT5
2022.03.14,0.73285,0.73479,0.73042,0.73179,71185,3,0,CADCHF,Pepperstone MT5
2022.03.15,0.73154,0.73768,0.72885,0.73727,69441,3,0,CADCHF,Pepperstone MT5
2022.03.16,0.73641,0.74220,0.73568,0.74213,80439,3,0,CADCHF,Pepperstone MT5
2022.03.17,0.74102,0.74351,0.73868,0.74188,63401,3,0,CADCHF,Pepperstone MT5
2022.03.18,0.74145,0.74404,0.73820,0.73905,55301,3,0,CADCHF,Pepperstone MT5
2022.03.21,0.73819,0.74168,0.73679,0.74135,53682,3,0,CADCHF,Pepperstone MT5
2022.03.22,0.74115,0.74425,0.73888,0.74207,55535,3,0,CADCHF,Pepperstone MT5
2022.03.23,0.74094,0.74402,0.74000,0.74064,50559,3,0,CADCHF,Pepperstone MT5
2022.03.24,0.74013,0.74433,0.73919,0.74248,52821,3,0,CADCHF,Pepperstone MT5
2022.03.25,0.74241,0.74657,0.73809,0.74558,54638,3,0,CADCHF,Pepperstone MT5
2022.03.28,0.74462,0.75116,0.74260,0.74635,67238,3,0,CADCHF,Pepperstone MT5
2022.03.29,0.74519,0.74999,0.74285,0.74452,79441,3,0,CADCHF,Pepperstone MT5
2022.03.30,0.74399,0.74514,0.73847,0.73963,65184,3,0,CADCHF,Pepperstone MT5
2022.03.31,0.73806,0.73989,0.73596,0.73766,64678,3,0,CADCHF,Pepperstone MT5
2022.04.01,0.73693,0.74190,0.73526,0.73951,51540,3,0,CADCHF,Pepperstone MT5
2022.04.04,0.73776,0.74276,0.73771,0.74181,44875,3,0,CADCHF,Pepperstone MT5
2022.04.05,0.74154,0.74734,0.74098,0.74424,62309,3,0,CADCHF,Pepperstone MT5
2022.04.06,0.74348,0.74766,0.74348,0.74388,74073,3,0,CADCHF,Pepperstone MT5
2022.04.07,0.74341,0.74418,0.73960,0.74178,76332,3,0,CADCHF,Pepperstone MT5
2022.04.08,0.74018,0.74354,0.74018,0.74280,60640,3,0,CADCHF,Pepperstone MT5
2022.04.11,0.74101,0.74354,0.73667,0.73695,66844,3,0,CADCHF,Pepperstone MT5
2022.04.12,0.73595,0.73908,0.73583,0.73769,75184,3,0,CADCHF,Pepperstone MT5
2022.04.13,0.73737,0.74409,0.73662,0.74397,107291,3,0,CADCHF,Pepperstone MT5
2022.04.14,0.74206,0.74975,0.74203,0.74761,97387,3,0,CADCHF,Pepperstone MT5
2022.04.15,0.74696,0.74895,0.74572,0.74718,111704,17,0,CADCHF,Pepperstone MT5
2022.04.18,0.74638,0.74931,0.74540,0.74918,71564,3,0,CADCHF,Pepperstone MT5
2022.04.19,0.74641,0.75483,0.74641,0.75431,96036,3,0,CADCHF,Pepperstone MT5
2022.04.20,0.75371,0.75981,0.75337,0.75900,94737,3,0,CADCHF,Pepperstone MT5
2022.04.21,0.75789,0.76208,0.75696,0.75761,115751,3,0,CADCHF,Pepperstone MT5
2022.04.22,0.75707,0.75871,0.75173,0.75237,94923,3,0,CADCHF,Pepperstone MT5
2022.04.25,0.75057,0.75390,0.74806,0.75335,106905,3,0,CADCHF,Pepperstone MT5
2022.04.26,0.75261,0.75584,0.74711,0.75038,97892,3,0,CADCHF,Pepperstone MT5
2022.04.27,0.74967,0.75683,0.74954,0.75599,106292,3,0,CADCHF,Pepperstone MT5
2022.04.28,0.75424,0.75964,0.75299,0.75872,108587,3,0,CADCHF,Pepperstone MT5
2022.04.29,0.75769,0.76458,0.75594,0.75705,93643,3,0,CADCHF,Pepperstone MT5
2022.05.02,0.75487,0.75973,0.75425,0.75900,72949,3,0,CADCHF,Pepperstone MT5
2022.05.03,0.75870,0.76273,0.75624,0.76228,71153,3,0,CADCHF,Pepperstone MT5
2022.05.04,0.75958,0.76850,0.75958,0.76319,69193,3,0,CADCHF,Pepperstone MT5
2022.05.05,0.76248,0.77045,0.76161,0.76727,75995,3,0,CADCHF,Pepperstone MT5
2022.05.06,0.76655,0.76942,0.76330,0.76583,96344,3,0,CADCHF,Pepperstone MT5
2022.05.09,0.76408,0.76901,0.76287,0.76364,112444,3,0,CADCHF,Pepperstone MT5
2022.05.10,0.76314,0.76752,0.76128,0.76390,119273,3,0,CADCHF,Pepperstone MT5
2022.05.11,0.76458,0.76598,0.76158,0.76485,124015,3,0,CADCHF,Pepperstone MT5
2022.05.12,0.76508,0.77016,0.76266,0.76881,140561,3,0,CADCHF,Pepperstone MT5
2022.05.13,0.76753,0.77642,0.76753,0.77611,99172,3,0,CADCHF,Pepperstone MT5
2022.05.16,0.77448,0.78061,0.77261,0.77968,109851,3,0,CADCHF,Pepperstone MT5
2022.05.17,0.77948,0.78119,0.77200,0.77554,99564,3,0,CADCHF,Pepperstone MT5
2022.05.18,0.77480,0.77884,0.76640,0.76641,87482,3,0,CADCHF,Pepperstone MT5
2022.05.19,0.76552,0.76899,0.75729,0.75856,150773,3,0,CADCHF,Pepperstone MT5
2022.05.20,0.75812,0.76176,0.75637,0.75926,94727,3,0,CADCHF,Pepperstone MT5
2022.05.23,0.75780,0.76099,0.75309,0.75596,86993,3,0,CADCHF,Pepperstone MT5
2022.05.24,0.75564,0.75611,0.74569,0.74911,98640,3,0,CADCHF,Pepperstone MT5
2022.05.25,0.74807,0.75140,0.74645,0.75047,134395,3,0,CADCHF,Pepperstone MT5
2022.05.26,0.74947,0.75205,0.74729,0.75066,126024,4,0,CADCHF,Pepperstone MT5
2022.05.27,0.75028,0.75346,0.74921,0.75240,94208,3,0,CADCHF,Pepperstone MT5
2022.05.30,0.75044,0.75770,0.75044,0.75631,79975,4,0,CADCHF,Pepperstone MT5
2022.05.31,0.75578,0.75993,0.75501,0.75837,122142,3,0,CADCHF,Pepperstone MT5
2022.06.01,0.75739,0.76438,0.75643,0.76098,131431,3,0,CADCHF,Pepperstone MT5
2022.06.02,0.75999,0.76283,0.75602,0.76179,125973,3,0,CADCHF,Pepperstone MT5
2022.06.03,0.76128,0.76639,0.76052,0.76445,112261,3,0,CADCHF,Pepperstone MT5
2022.06.06,0.76327,0.77329,0.76175,0.77165,101416,3,0,CADCHF,Pepperstone MT5
2022.06.07,0.77086,0.77678,0.77069,0.77607,125540,3,0,CADCHF,Pepperstone MT5
2022.06.08,0.77560,0.77989,0.77498,0.77914,124766,3,0,CADCHF,Pepperstone MT5
2022.06.09,0.77837,0.77991,0.77116,0.77181,145284,3,0,CADCHF,Pepperstone MT5
2022.06.10,0.77124,0.77485,0.76880,0.77234,142454,3,0,CADCHF,Pepperstone MT5
2022.06.13,0.77202,0.77614,0.77079,0.77291,187129,3,0,CADCHF,Pepperstone MT5
2022.06.14,0.77224,0.77523,0.76489,0.77296,197261,3,0,CADCHF,Pepperstone MT5
2022.06.15,0.77328,0.77417,0.76946,0.77101,185793,3,0,CADCHF,Pepperstone MT5
2022.06.16,0.77079,0.77454,0.74515,0.74651,164063,3,0,CADCHF,Pepperstone MT5
2022.06.17,0.74651,0.74971,0.73949,0.74418,156899,3,0,CADCHF,Pepperstone MT5
2022.06.20,0.74418,0.74622,0.74039,0.74488,133773,3,0,CADCHF,Pepperstone MT5
2022.06.21,0.74491,0.74871,0.74395,0.74786,118852,3,0,CADCHF,Pepperstone MT5
2022.06.22,0.74786,0.74786,0.74081,0.74226,132524,3,0,CADCHF,Pepperstone MT5
2022.06.23,0.74199,0.74562,0.73761,0.73971,130976,3,0,CADCHF,Pepperstone MT5
2022.06.24,0.73774,0.74378,0.73571,0.74328,115948,3,0,CADCHF,Pepperstone MT5
2022.06.27,0.74130,0.74511,0.74100,0.74271,112733,3,0,CADCHF,Pepperstone MT5
2022.06.28,0.74265,0.74632,0.74077,0.74351,132358,3,0,CADCHF,Pepperstone MT5
2022.06.29,0.74253,0.74390,0.73788,0.74021,155839,3,0,CADCHF,Pepperstone MT5
2022.06.30,0.74044,0.74350,0.73872,0.74166,150868,3,0,CADCHF,Pepperstone MT5
2022.07.01,0.74019,0.74617,0.73859,0.74469,160854,3,0,CADCHF,Pepperstone MT5
2022.07.04,0.74476,0.74788,0.74280,0.74741,103869,5,0,CADCHF,Pepperstone MT5
2022.07.05,0.74626,0.74819,0.74031,0.74331,145135,3,0,CADCHF,Pepperstone MT5
2022.07.06,0.74331,0.74684,0.74097,0.74456,138063,3,0,CADCHF,Pepperstone MT5
2022.07.07,0.74456,0.75122,0.74248,0.75111,93820,3,0,CADCHF,Pepperstone MT5
2022.07.08,0.74942,0.75548,0.74778,0.75471,122322,3,0,CADCHF,Pepperstone MT5
2022.07.11,0.75273,0.75629,0.75245,0.75606,112765,3,0,CADCHF,Pepperstone MT5
2022.07.12,0.75464,0.75651,0.75247,0.75386,121623,3,0,CADCHF,Pepperstone MT5
2022.07.13,0.75404,0.75849,0.74976,0.75406,163175,3,0,CADCHF,Pepperstone MT5
2022.07.14,0.75291,0.75694,0.74658,0.74981,223401,3,0,CADCHF,Pepperstone MT5
2022.07.15,0.74819,0.75260,0.74696,0.74945,155357,3,0,CADCHF,Pepperstone MT5
2022.07.18,0.74970,0.75592,0.74867,0.75261,147679,3,0,CADCHF,Pepperstone MT5
2022.07.19,0.75234,0.75401,0.74650,0.75256,151202,3,0,CADCHF,Pepperstone MT5
2022.07.20,0.75081,0.75589,0.75074,0.75406,142059,3,0,CADCHF,Pepperstone MT5
2022.07.21,0.75304,0.75584,0.74972,0.75126,200352,3,0,CADCHF,Pepperstone MT5
2022.07.22,0.75094,0.75266,0.74408,0.74414,166593,3,0,CADCHF,Pepperstone MT5
2022.07.25,0.74429,0.75160,0.74299,0.75075,161652,3,0,CADCHF,Pepperstone MT5
2022.07.26,0.74949,0.75265,0.74628,0.74741,135421,3,0,CADCHF,Pepperstone MT5
2022.07.27,0.74604,0.74961,0.74559,0.74802,118043,3,0,CADCHF,Pepperstone MT5
2022.07.28,0.74723,0.75132,0.74332,0.74551,154309,3,0,CADCHF,Pepperstone MT5
2022.07.29,0.74554,0.74662,0.74142,0.74324,141162,3,0,CADCHF,Pepperstone MT5
2022.08.01,0.74279,0.74462,0.73904,0.73967,116173,3,0,CADCHF,Pepperstone MT5
2022.08.02,0.73849,0.74462,0.73747,0.74321,143465,3,0,CADCHF,Pepperstone MT5
2022.08.03,0.74321,0.75032,0.74159,0.74790,123457,3,0,CADCHF,Pepperstone MT5
2022.08.04,0.74769,0.74902,0.74212,0.74231,115984,3,0,CADCHF,Pepperstone MT5
2022.08.05,0.74139,0.74552,0.74011,0.74333,122574,3,0,CADCHF,Pepperstone MT5
2022.08.08,0.74265,0.74503,0.74116,0.74296,96829,3,0,CADCHF,Pepperstone MT5
2022.08.09,0.74264,0.74336,0.73888,0.74002,87971,3,0,CADCHF,Pepperstone MT5
2022.08.10,0.73929,0.74056,0.72994,0.73779,102306,3,0,CADCHF,Pepperstone MT5
2022.08.11,0.73779,0.73861,0.73488,0.73733,117770,3,0,CADCHF,Pepperstone MT5
2022.08.12,0.73739,0.73956,0.73599,0.73699,97704,3,0,CADCHF,Pepperstone MT5
2022.08.15,0.73546,0.73735,0.72904,0.73336,83695,3,0,CADCHF,Pepperstone MT5
2022.08.16,0.73202,0.74020,0.73123,0.73911,98688,3,0,CADCHF,Pepperstone MT5
2022.08.17,0.73862,0.74080,0.73633,0.73681,110416,3,0,CADCHF,Pepperstone MT5
2022.08.18,0.73672,0.73985,0.73526,0.73900,111485,3,0,CADCHF,Pepperstone MT5
2022.08.19,0.73711,0.74018,0.73574,0.73789,85180,3,0,CADCHF,Pepperstone MT5
2022.08.22,0.73655,0.74050,0.73589,0.73817,88556,3,0,CADCHF,Pepperstone MT5
2022.08.23,0.73732,0.74471,0.73674,0.74408,111466,3,0,CADCHF,Pepperstone MT5
2022.08.24,0.74284,0.74595,0.74061,0.74520,104046,3,0,CADCHF,Pepperstone MT5
2022.08.25,0.74407,0.74671,0.74375,0.74527,117507,3,0,CADCHF,Pepperstone MT5
2022.08.26,0.74358,0.74578,0.74026,0.74055,106890,3,0,CADCHF,Pepperstone MT5
2022.08.29,0.73997,0.74566,0.73899,0.74406,73192,4,0,CADCHF,Pepperstone MT5
2022.08.30,0.74374,0.74857,0.74282,0.74401,81078,3,0,CADCHF,Pepperstone MT5
2022.08.31,0.74294,0.74821,0.74273,0.74436,94343,3,0,CADCHF,Pepperstone MT5
2022.09.01,0.74436,0.74776,0.73956,0.74628,147160,3,0,CADCHF,Pepperstone MT5
2022.09.02,0.74537,0.75027,0.74420,0.74744,113607,3,0,CADCHF,Pepperstone MT5
2022.09.05,0.74631,0.74838,0.74491,0.74534,110230,3,0,CADCHF,Pepperstone MT5
2022.09.06,0.74436,0.75068,0.74415,0.74846,129238,3,0,CADCHF,Pepperstone MT5
2022.09.07,0.74633,0.74881,0.74368,0.74420,165402,3,0,CADCHF,Pepperstone MT5
2022.09.08,0.74321,0.74490,0.73857,0.74116,190067,3,0,CADCHF,Pepperstone MT5
2022.09.09,0.73977,0.74139,0.73521,0.73761,145855,3,0,CADCHF,Pepperstone MT5
2022.09.12,0.73420,0.73771,0.73226,0.73457,143703,3,0,CADCHF,Pepperstone MT5
2022.09.13,0.73342,0.73589,0.72956,0.73000,150671,3,0,CADCHF,Pepperstone MT5
2022.09.14,0.72950,0.73153,0.72826,0.73071,166890,3,0,CADCHF,Pepperstone MT5
2022.09.15,0.72988,0.73184,0.72472,0.72689,148072,3,0,CADCHF,Pepperstone MT5
2022.09.16,0.72674,0.72720,0.72335,0.72673,145187,3,0,CADCHF,Pepperstone MT5
2022.09.19,0.72560,0.72853,0.72441,0.72761,127890,3,0,CADCHF,Pepperstone MT5
2022.09.20,0.72749,0.72903,0.72070,0.72107,135457,3,0,CADCHF,Pepperstone MT5
2022.09.21,0.72119,0.72387,0.71741,0.71751,114561,3,0,CADCHF,Pepperstone MT5
2022.09.22,0.71737,0.73070,0.71145,0.72440,153389,3,0,CADCHF,Pepperstone MT5
2022.09.23,0.72440,0.72619,0.71946,0.72173,149901,3,0,CADCHF,Pepperstone MT5
2022.09.26,0.72171,0.72702,0.71953,0.72291,203805,3,0,CADCHF,Pepperstone MT5
2022.09.27,0.72231,0.72484,0.71869,0.72260,122356,3,0,CADCHF,Pepperstone MT5
2022.09.28,0.72263,0.72293,0.71390,0.71717,146589,4,0,CADCHF,Pepperstone MT5
2022.09.29,0.71616,0.71891,0.71126,0.71256,169343,3,0,CADCHF,Pepperstone MT5
2022.09.30,0.71093,0.71739,0.71093,0.71345,188031,3,0,CADCHF,Pepperstone MT5
2022.10.03,0.71235,0.72891,0.71149,0.72812,111746,3,0,CADCHF,Pepperstone MT5
2022.10.04,0.72721,0.72942,0.72074,0.72495,115195,3,0,CADCHF,Pepperstone MT5
2022.10.05,0.72388,0.72592,0.71904,0.72205,100848,3,0,CADCHF,Pepperstone MT5
2022.10.06,0.72128,0.72263,0.71873,0.72043,106639,3,0,CADCHF,Pepperstone MT5
2022.10.07,0.72003,0.72609,0.71845,0.72350,99688,3,0,CADCHF,Pepperstone MT5
2022.10.10,0.72280,0.72873,0.72236,0.72550,88896,3,0,CADCHF,Pepperstone MT5
2022.10.11,0.72458,0.72588,0.72091,0.72250,113773,6,0,CADCHF,Pepperstone MT5
2022.10.12,0.72173,0.72568,0.71933,0.72190,111300,5,0,CADCHF,Pepperstone MT5
2022.10.13,0.72101,0.72806,0.72012,0.72770,117751,3,0,CADCHF,Pepperstone MT5
2022.10.14,0.72753,0.72848,0.72265,0.72413,119825,3,0,CADCHF,Pepperstone MT5
2022.10.17,0.72329,0.72695,0.72272,0.72595,102561,3,0,CADCHF,Pepperstone MT5
2022.10.18,0.72542,0.72692,0.72170,0.72330,110146,3,0,CADCHF,Pepperstone MT5
2022.10.19,0.72315,0.73005,0.72208,0.72985,108651,3,0,CADCHF,Pepperstone MT5
2022.10.20,0.72838,0.73346,0.72827,0.72863,165683,3,0,CADCHF,Pepperstone MT5
2022.10.21,0.72861,0.73385,0.72746,0.73112,181417,3,0,CADCHF,Pepperstone MT5
2022.10.24,0.72997,0.73343,0.72694,0.73006,134050,3,0,CADCHF,Pepperstone MT5
2022.10.25,0.72900,0.73178,0.72818,0.73074,97462,3,0,CADCHF,Pepperstone MT5
2022.10.26,0.72981,0.73204,0.72402,0.72732,108851,3,0,CADCHF,Pepperstone MT5
2022.10.27,0.72576,0.73267,0.72542,0.73005,121950,3,0,CADCHF,Pepperstone MT5
2022.10.28,0.73036,0.73291,0.72928,0.73190,101714,3,0,CADCHF,Pepperstone MT5
2022.10.31,0.73133,0.73557,0.73008,0.73526,85156,3,0,CADCHF,Pepperstone MT5
2022.11.01,0.73525,0.73688,0.73073,0.73365,89353,3,0,CADCHF,Pepperstone MT5
2022.11.02,0.73222,0.73493,0.73050,0.73166,98194,3,0,CADCHF,Pepperstone MT5
2022.11.03,0.73133,0.73810,0.73004,0.73720,96256,3,0,CADCHF,Pepperstone MT5
2022.11.04,0.73632,0.74234,0.73551,0.73736,105863,3,0,CADCHF,Pepperstone MT5
2022.11.07,0.73690,0.73779,0.73185,0.73245,93867,3,0,CADCHF,Pepperstone MT5
2022.11.08,0.73185,0.73538,0.73137,0.73414,78861,3,0,CADCHF,Pepperstone MT5
2022.11.09,0.73282,0.73419,0.72734,0.72745,88838,3,0,CADCHF,Pepperstone MT5
2022.11.10,0.72734,0.73048,0.72288,0.72309,89844,3,0,CADCHF,Pepperstone MT5
2022.11.11,0.72200,0.72515,0.70911,0.71007,89100,3,0,CADCHF,Pepperstone MT5
2022.11.14,0.70887,0.71425,0.70745,0.70819,70865,3,0,CADCHF,Pepperstone MT5
2022.11.15,0.70744,0.71179,0.70694,0.71124,92252,3,0,CADCHF,Pepperstone MT5
2022.11.16,0.71094,0.71185,0.70767,0.70858,71606,3,0,CADCHF,Pepperstone MT5
2022.11.17,0.70804,0.71560,0.70773,0.71439,69734,3,0,CADCHF,Pepperstone MT5
2022.11.18,0.71377,0.71530,0.71014,0.71279,58148,3,0,CADCHF,Pepperstone MT5
2022.11.21,0.71255,0.71445,0.71003,0.71278,60453,3,0,CADCHF,Pepperstone MT5
2022.11.22,0.71274,0.71372,0.70950,0.71184,49975,3,0,CADCHF,Pepperstone MT5
2022.11.23,0.71079,0.71211,0.70300,0.70565,55637,3,0,CADCHF,Pepperstone MT5
2022.11.24,0.70480,0.70872,0.70385,0.70709,37173,3,0,CADCHF,Pepperstone MT5
2022.11.25,0.70605,0.70981,0.70497,0.70570,51135,3,0,CADCHF,Pepperstone MT5
2022.11.28,0.70589,0.70715,0.69942,0.70309,66762,3,0,CADCHF,Pepperstone MT5
2022.11.29,0.70289,0.70838,0.69693,0.70244,66660,3,0,CADCHF,Pepperstone MT5
2022.11.30,0.70219,0.70517,0.69960,0.70458,77302,5,0,CADCHF,Pepperstone MT5
2022.12.01,0.70463,0.70463,0.69599,0.69743,76600,5,0,CADCHF,Pepperstone MT5
2022.12.02,0.69703,0.70000,0.69387,0.69562,75427,5,0,CADCHF,Pepperstone MT5
2022.12.05,0.69643,0.69854,0.69292,0.69363,61612,5,0,CADCHF,Pepperstone MT5
2022.12.06,0.69349,0.69518,0.68798,0.69008,60145,5,0,CADCHF,Pepperstone MT5
2022.12.07,0.68908,0.69099,0.68626,0.68893,62840,5,0,CADCHF,Pepperstone MT5
2022.12.08,0.68810,0.69206,0.68696,0.68878,61379,5,0,CADCHF,Pepperstone MT5
2022.12.09,0.68843,0.68878,0.68324,0.68457,62034,5,0,CADCHF,Pepperstone MT5
2022.12.12,0.68400,0.68749,0.68165,0.68648,48289,5,0,CADCHF,Pepperstone MT5
2022.12.13,0.68548,0.68874,0.68184,0.68548,72664,5,0,CADCHF,Pepperstone MT5
2022.12.14,0.68543,0.68589,0.67990,0.68228,70416,5,0,CADCHF,Pepperstone MT5
2022.12.15,0.68218,0.68541,0.67866,0.67963,70000,5,0,CADCHF,Pepperstone MT5
2022.12.16,0.67905,0.68220,0.67843,0.68176,58420,5,0,CADCHF,Pepperstone MT5
2022.12.19,0.68205,0.68419,0.68019,0.68019,53125,5,0,CADCHF,Pepperstone MT5
2022.12.20,0.67912,0.68237,0.67743,0.68028,80110,5,0,CADCHF,Pepperstone MT5
2022.12.21,0.67985,0.68259,0.67849,0.68073,54190,5,0,CADCHF,Pepperstone MT5
2022.12.22,0.68033,0.68259,0.67841,0.68198,47379,5,0,CADCHF,Pepperstone MT5
2022.12.23,0.68068,0.68785,0.68013,0.68659,64517,5,0,CADCHF,Pepperstone MT5
2022.12.27,0.68512,0.68932,0.68481,0.68698,50268,6,0,CADCHF,Pepperstone MT5
2022.12.28,0.68678,0.68770,0.68147,0.68255,55128,5,0,CADCHF,Pepperstone MT5
2022.12.29,0.68257,0.68296,0.67930,0.68131,40801,5,0,CADCHF,Pepperstone MT5
2022.12.30,0.68127,0.68394,0.67942,0.68284,48908,5,0,CADCHF,Pepperstone MT5
2023.01.02,0.67964,0.68318,0.67956,0.68050,21454,11,0,CADCHF,Pepperstone MT5
2023.01.03,0.68035,0.68955,0.67872,0.68453,64579,5,0,CADCHF,Pepperstone MT5
2023.01.04,0.68433,0.69008,0.68086,0.68973,67195,5,0,CADCHF,Pepperstone MT5
2023.01.05,0.68939,0.69119,0.68567,0.68983,68870,5,0,CADCHF,Pepperstone MT5
2023.01.06,0.68903,0.69332,0.68686,0.69018,67794,5,0,CADCHF,Pepperstone MT5
2023.01.09,0.68905,0.69106,0.68526,0.68808,67766,5,0,CADCHF,Pepperstone MT5
2023.01.10,0.68763,0.68965,0.68650,0.68718,67007,5,0,CADCHF,Pepperstone MT5
2023.01.11,0.68658,0.69466,0.68596,0.69373,57963,5,0,CADCHF,Pepperstone MT5
2023.01.12,0.69268,0.69722,0.69164,0.69357,75644,5,0,CADCHF,Pepperstone MT5
2023.01.13,0.69313,0.69724,0.69040,0.69143,64294,5,0,CADCHF,Pepperstone MT5
2023.01.16,0.69142,0.69249,0.68995,0.69068,47394,5,0,CADCHF,Pepperstone MT5
2023.01.17,0.69012,0.69139,0.68548,0.68853,63065,5,0,CADCHF,Pepperstone MT5
2023.01.18,0.68803,0.69026,0.67868,0.67923,77707,5,0,CADCHF,Pepperstone MT5
2023.01.19,0.67858,0.68154,0.67712,0.68005,57274,5,0,CADCHF,Pepperstone MT5
2023.01.20,0.67938,0.68818,0.67903,0.68760,49616,5,0,CADCHF,Pepperstone MT5
2023.01.23,0.68592,0.69051,0.68561,0.68950,50588,5,0,CADCHF,Pepperstone MT5
2023.01.24,0.68888,0.69310,0.68758,0.68998,54413,5,0,CADCHF,Pepperstone MT5
2023.01.25,0.68958,0.69159,0.68437,0.68536,50118,5,0,CADCHF,Pepperstone MT5
2023.01.26,0.68498,0.69098,0.68396,0.69073,55628,5,0,CADCHF,Pepperstone MT5
2023.01.27,0.69073,0.69350,0.68889,0.69189,52848,5,0,CADCHF,Pepperstone MT5
2023.01.30,0.69105,0.69266,0.68927,0.69082,52649,5,0,CADCHF,Pepperstone MT5
2023.01.31,0.68968,0.69144,0.68715,0.68833,58598,5,0,CADCHF,Pepperstone MT5
2023.02.01,0.68809,0.68968,0.68286,0.68348,63252,5,0,CADCHF,Pepperstone MT5
2023.02.02,0.68303,0.68664,0.68236,0.68568,71556,5,0,CADCHF,Pepperstone MT5
2023.02.03,0.68492,0.69155,0.68303,0.69083,71427,5,0,CADCHF,Pepperstone MT5
2023.02.06,0.69133,0.69190,0.68693,0.69023,58974,5,0,CADCHF,Pepperstone MT5
2023.02.07,0.68918,0.69129,0.68628,0.68808,69835,5,0,CADCHF,Pepperstone MT5
2023.02.08,0.68788,0.68849,0.68431,0.68481,53848,5,0,CADCHF,Pepperstone MT5
2023.02.09,0.68458,0.68627,0.68375,0.68536,54357,5,0,CADCHF,Pepperstone MT5
2023.02.10,0.68493,0.69276,0.68447,0.69211,59427,5,0,CADCHF,Pepperstone MT5
2023.02.13,0.69125,0.69254,0.68914,0.68955,44395,5,0,CADCHF,Pepperstone MT5
2023.02.14,0.68953,0.69108,0.68663,0.69107,67786,5,0,CADCHF,Pepperstone MT5
2023.02.15,0.69003,0.69130,0.68761,0.68963,54812,5,0,CADCHF,Pepperstone MT5
2023.02.16,0.68958,0.69024,0.68612,0.68788,55007,5,0,CADCHF,Pepperstone MT5
2023.02.17,0.68728,0.69069,0.68573,0.68578,50880,5,0,CADCHF,Pepperstone MT5
2023.02.20,0.68585,0.68709,0.68479,0.68618,29231,5,0,CADCHF,Pepperstone MT5
2023.02.21,0.68563,0.68779,0.68461,0.68533,54048,5,0,CADCHF,Pepperstone MT5
2023.02.22,0.68418,0.68743,0.68344,0.68718,50812,5,0,CADCHF,Pepperstone MT5
2023.02.23,0.68598,0.68989,0.68548,0.68928,42380,5,0,CADCHF,Pepperstone MT5
2023.02.24,0.68843,0.69177,0.68695,0.69151,51856,5,0,CADCHF,Pepperstone MT5
2023.02.27,0.68980,0.69344,0.68899,0.68931,43136,5,0,CADCHF,Pepperstone MT5
2023.02.28,0.68858,0.69191,0.68674,0.69038,44882,5,0,CADCHF,Pepperstone MT5
2023.03.01,0.68998,0.69138,0.68739,0.69138,58971,5,0,CADCHF,Pepperstone MT5
2023.03.02,0.69038,0.69329,0.68912,0.69307,51889,5,0,CADCHF,Pepperstone MT5
2023.03.03,0.69198,0.69299,0.68759,0.68855,48313,5,0,CADCHF,Pepperstone MT5
2023.03.06,0.68773,0.68869,0.68358,0.68363,45264,5,0,CADCHF,Pepperstone MT5
2023.03.07,0.68308,0.68557,0.68213,0.68488,57029,5,0,CADCHF,Pepperstone MT5
2023.03.08,0.68428,0.68588,0.68112,0.68193,55061,5,0,CADCHF,Pepperstone MT5
2023.03.09,0.68212,0.68216,0.67395,0.67429,48316,5,0,CADCHF,Pepperstone MT5
2023.03.10,0.67408,0.67470,0.66499,0.66626,79321,5,0,CADCHF,Pepperstone MT5
2023.03.13,0.66447,0.66819,0.65949,0.66403,127205,5,0,CADCHF,Pepperstone MT5
2023.03.14,0.66270,0.67063,0.66261,0.66791,88876,5,0,CADCHF,Pepperstone MT5
2023.03.15,0.66698,0.67820,0.66638,0.67788,107230,5,0,CADCHF,Pepperstone MT5
2023.03.16,0.67730,0.67895,0.67217,0.67718,107796,5,0,CADCHF,Pepperstone MT5
2023.03.17,0.67613,0.67756,0.67360,0.67407,78750,5,0,CADCHF,Pepperstone MT5
2023.03.20,0.67281,0.68026,0.67277,0.68004,74863,5,0,CADCHF,Pepperstone MT5
2023.03.21,0.67875,0.68076,0.67079,0.67254,59552,5,0,CADCHF,Pepperstone MT5
2023.03.22,0.67222,0.67434,0.66797,0.66799,59348,5,0,CADCHF,Pepperstone MT5
2023.03.23,0.66768,0.67134,0.66674,0.66826,63913,5,0,CADCHF,Pepperstone MT5
2023.03.24,0.66733,0.66978,0.66511,0.66931,65179,5,0,CADCHF,Pepperstone MT5
2023.03.27,0.66753,0.67148,0.66658,0.67015,56264,5,0,CADCHF,Pepperstone MT5
2023.03.28,0.66980,0.67659,0.66962,0.67618,47895,5,0,CADCHF,Pepperstone MT5
2023.03.29,0.67563,0.67848,0.67438,0.67728,41470,5,0,CADCHF,Pepperstone MT5
2023.03.30,0.67713,0.67769,0.67397,0.67533,43441,5,0,CADCHF,Pepperstone MT5
2023.03.31,0.67420,0.67752,0.67345,0.67713,50435,5,0,CADCHF,Pepperstone MT5
2023.04.03,0.67813,0.68106,0.67645,0.67914,55737,5,0,CADCHF,Pepperstone MT5
2023.04.04,0.67858,0.68046,0.67245,0.67395,53303,5,0,CADCHF,Pepperstone MT5
2023.04.05,0.67333,0.67451,0.66952,0.67368,43606,5,0,CADCHF,Pepperstone MT5
2023.04.06,0.67205,0.67381,0.67032,0.67038,37189,5,0,CADCHF,Pepperstone MT5
2023.04.07,0.67041,0.67148,0.66827,0.66918,22471,5,0,CADCHF,Pepperstone MT5
2023.04.10,0.66832,0.67365,0.66817,0.67311,36594,5,0,CADCHF,Pepperstone MT5
2023.04.11,0.67122,0.67330,0.66929,0.67083,41427,5,0,CADCHF,Pepperstone MT5
2023.04.12,0.67048,0.67104,0.66493,0.66673,45619,5,0,CADCHF,Pepperstone MT5
2023.04.13,0.66573,0.66833,0.66220,0.66674,46841,5,0,CADCHF,Pepperstone MT5
2023.04.14,0.66623,0.66976,0.66558,0.66905,45577,5,0,CADCHF,Pepperstone MT5
2023.04.17,0.66842,0.67136,0.66803,0.67090,43058,5,0,CADCHF,Pepperstone MT5
2023.04.18,0.67033,0.67167,0.66925,0.66928,41627,5,0,CADCHF,Pepperstone MT5
2023.04.19,0.66903,0.67028,0.66652,0.66673,43893,5,0,CADCHF,Pepperstone MT5
2023.04.20,0.66673,0.66705,0.66203,0.66207,41724,5,0,CADCHF,Pepperstone MT5
2023.04.21,0.66183,0.66252,0.65814,0.65881,45069,5,0,CADCHF,Pepperstone MT5
2023.04.24,0.65885,0.65908,0.65530,0.65543,37545,5,0,CADCHF,Pepperstone MT5
2023.04.25,0.65518,0.65583,0.65253,0.65452,42408,5,0,CADCHF,Pepperstone MT5
2023.04.26,0.65338,0.65517,0.64991,0.65358,50049,5,0,CADCHF,Pepperstone MT5
2023.04.27,0.65293,0.65948,0.65241,0.65800,49896,5,0,CADCHF,Pepperstone MT5
2023.04.28,0.65758,0.66057,0.65441,0.66042,56045,5,0,CADCHF,Pepperstone MT5
2023.05.01,0.65837,0.66229,0.65722,0.66117,46139,5,0,CADCHF,Pepperstone MT5
2023.05.02,0.65996,0.66277,0.65494,0.65552,51113,5,0,CADCHF,Pepperstone MT5
2023.05.03,0.65496,0.65544,0.64923,0.64932,56014,5,0,CADCHF,Pepperstone MT5
2023.05.04,0.64967,0.65484,0.64764,0.65438,71242,5,0,CADCHF,Pepperstone MT5
2023.05.05,0.65347,0.66586,0.65243,0.66578,53408,5,0,CADCHF,Pepperstone MT5
2023.05.08,0.66478,0.66762,0.66404,0.66511,38414,5,0,CADCHF,Pepperstone MT5
2023.05.09,0.66455,0.66751,0.66395,0.66526,41860,5,0,CADCHF,Pepperstone MT5
2023.05.10,0.66496,0.66706,0.66388,0.66532,51546,5,0,CADCHF,Pepperstone MT5
2023.05.11,0.66390,0.66747,0.66251,0.66290,50217,5,0,CADCHF,Pepperstone MT5
2023.05.12,0.66227,0.66428,0.65974,0.66250,43559,5,0,CADCHF,Pepperstone MT5
2023.05.15,0.66127,0.66506,0.66111,0.66505,41504,5,0,CADCHF,Pepperstone MT5
2023.05.16,0.66423,0.66752,0.66270,0.66494,44473,5,0,CADCHF,Pepperstone MT5
2023.05.17,0.66445,0.67008,0.66361,0.66764,48316,5,0,CADCHF,Pepperstone MT5
2023.05.18,0.66742,0.67189,0.66672,0.67024,41193,5,0,CADCHF,Pepperstone MT5
2023.05.19,0.67023,0.67093,0.66398,0.66616,50945,5,0,CADCHF,Pepperstone MT5
2023.05.22,0.66471,0.66592,0.66220,0.66472,46478,5,0,CADCHF,Pepperstone MT5
2023.05.23,0.66433,0.66859,0.66414,0.66749,49181,5,0,CADCHF,Pepperstone MT5
2023.05.24,0.66744,0.66779,0.66483,0.66571,52336,5,0,CADCHF,Pepperstone MT5
2023.05.25,0.66462,0.66677,0.66338,0.66376,51337,5,0,CADCHF,Pepperstone MT5
2023.05.26,0.66312,0.66557,0.66188,0.66450,42673,5,0,CADCHF,Pepperstone MT5
2023.05.29,0.66466,0.66589,0.66374,0.66536,21953,5,0,CADCHF,Pepperstone MT5
2023.05.30,0.66526,0.66791,0.66329,0.66602,50155,5,0,CADCHF,Pepperstone MT5
2023.05.31,0.66584,0.67300,0.66451,0.67077,57184,5,0,CADCHF,Pepperstone MT5
2023.06.01,0.67052,0.67539,0.66893,0.67331,53907,5,0,CADCHF,Pepperstone MT5
2023.06.02,0.67332,0.67720,0.67287,0.67673,48176,5,0,CADCHF,Pepperstone MT5
2023.06.05,0.67567,0.67886,0.67308,0.67400,54272,5,0,CADCHF,Pepperstone MT5
2023.06.06,0.67366,0.67816,0.67256,0.67714,44508,5,0,CADCHF,Pepperstone MT5
2023.06.07,0.67671,0.68097,0.67539,0.68063,47610,5,0,CADCHF,Pepperstone MT5
2023.06.08,0.67932,0.68217,0.67249,0.67300,51606,5,0,CADCHF,Pepperstone MT5
2023.06.09,0.67227,0.67770,0.67214,0.67668,45094,5,0,CADCHF,Pepperstone MT5
2023.06.12,0.67571,0.68086,0.67560,0.67984,43608,5,0,CADCHF,Pepperstone MT5
2023.06.13,0.67978,0.68165,0.67652,0.67969,55427,5,0,CADCHF,Pepperstone MT5
2023.06.14,0.67917,0.68073,0.67384,0.67625,53969,5,0,CADCHF,Pepperstone MT5
2023.06.15,0.67512,0.67863,0.67320,0.67443,45127,5,0,CADCHF,Pepperstone MT5
2023.06.16,0.67527,0.67818,0.67301,0.67723,53086,5,0,CADCHF,Pepperstone MT5
2023.06.19,0.67654,0.67988,0.67607,0.67787,41074,5,0,CADCHF,Pepperstone MT5
2023.06.20,0.67702,0.67958,0.67702,0.67827,57333,5,0,CADCHF,Pepperstone MT5
2023.06.21,0.67787,0.68077,0.67752,0.67837,59063,5,0,CADCHF,Pepperstone MT5
2023.06.22,0.67810,0.68202,0.67684,0.68032,66296,5,0,CADCHF,Pepperstone MT5
2023.06.23,0.67972,0.68316,0.67725,0.68014,60350,5,0,CADCHF,Pepperstone MT5
2023.06.26,0.67996,0.68151,0.67718,0.68080,52440,5,0,CADCHF,Pepperstone MT5
2023.06.27,0.67884,0.68275,0.67731,0.67735,60430,5,0,CADCHF,Pepperstone MT5
2023.06.28,0.67726,0.67812,0.67520,0.67642,59681,5,0,CADCHF,Pepperstone MT5
2023.06.29,0.67597,0.67932,0.67445,0.67858,49943,5,0,CADCHF,Pepperstone MT5
2023.06.30,0.67791,0.68032,0.67513,0.67542,55539,5,0,CADCHF,Pepperstone MT5
2023.07.03,0.67456,0.67895,0.67416,0.67614,39217,5,0,CADCHF,Pepperstone MT5
2023.07.04,0.67638,0.67879,0.67555,0.67845,30052,5,0,CADCHF,Pepperstone MT5
2023.07.05,0.67764,0.67856,0.67557,0.67654,46583,5,0,CADCHF,Pepperstone MT5
2023.07.06,0.67602,0.67653,0.66948,0.66965,61903,5,0,CADCHF,Pepperstone MT5
2023.07.07,0.66917,0.67135,0.66790,0.66951,50248,5,0,CADCHF,Pepperstone MT5
2023.07.10,0.66940,0.67092,0.66651,0.66662,45570,5,0,CADCHF,Pepperstone MT5
2023.07.11,0.66659,0.66800,0.66368,0.66467,41266,5,0,CADCHF,Pepperstone MT5
2023.07.12,0.66459,0.66525,0.65708,0.65783,56308,5,0,CADCHF,Pepperstone MT5
2023.07.13,0.65707,0.65763,0.65365,0.65502,52900,5,0,CADCHF,Pepperstone MT5
2023.07.14,0.65502,0.65697,0.65165,0.65195,50430,5,0,CADCHF,Pepperstone MT5
2023.07.17,0.65021,0.65388,0.64890,0.65163,40187,5,0,CADCHF,Pepperstone MT5
2023.07.18,0.65147,0.65204,0.64804,0.65127,55199,5,0,CADCHF,Pepperstone MT5
2023.07.19,0.65127,0.65402,0.65031,0.65204,51095,5,0,CADCHF,Pepperstone MT5
2023.07.20,0.65202,0.65920,0.65128,0.65784,53686,5,0,CADCHF,Pepperstone MT5
2023.07.21,0.65771,0.65869,0.65424,0.65474,46257,5,0,CADCHF,Pepperstone MT5
2023.07.24,0.65369,0.66048,0.65335,0.66034,51545,5,0,CADCHF,Pepperstone MT5
2023.07.25,0.66008,0.66085,0.65537,0.65575,43753,5,0,CADCHF,Pepperstone MT5
2023.07.26,0.65504,0.65664,0.65113,0.65171,54711,5,0,CADCHF,Pepperstone MT5
2023.07.27,0.65175,0.65879,0.64860,0.65727,65722,5,0,CADCHF,Pepperstone MT5
2023.07.28,0.65579,0.65966,0.65465,0.65710,69664,5,0,CADCHF,Pepperstone MT5
2023.07.31,0.65483,0.66178,0.65483,0.66089,50863,5,0,CADCHF,Pepperstone MT5
2023.08.01,0.65978,0.66124,0.65833,0.65874,48927,5,0,CADCHF,Pepperstone MT5
2023.08.02,0.65902,0.66095,0.65659,0.65721,62138,5,0,CADCHF,Pepperstone MT5
2023.08.03,0.65713,0.65846,0.65379,0.65449,64023,5,0,CADCHF,Pepperstone MT5
2023.08.04,0.65430,0.65692,0.65141,0.65199,58245,5,0,CADCHF,Pepperstone MT5
2023.08.07,0.65117,0.65565,0.65087,0.65287,42384,5,0,CADCHF,Pepperstone MT5
2023.08.08,0.65243,0.65347,0.64950,0.65252,48145,5,0,CADCHF,Pepperstone MT5
2023.08.09,0.65183,0.65431,0.65099,0.65344,46019,5,0,CADCHF,Pepperstone MT5
2023.08.10,0.65228,0.65401,0.64975,0.65202,57131,5,0,CADCHF,Pepperstone MT5
2023.08.11,0.65068,0.65304,0.64941,0.65180,47311,5,0,CADCHF,Pepperstone MT5
2023.08.14,0.65039,0.65507,0.65022,0.65234,50804,5,0,CADCHF,Pepperstone MT5
2023.08.15,0.65218,0.65287,0.64856,0.65072,56602,5,0,CADCHF,Pepperstone MT5
2023.08.16,0.65003,0.65269,0.64942,0.65020,52530,5,0,CADCHF,Pepperstone MT5
2023.08.17,0.64948,0.65082,0.64829,0.64839,56942,5,0,CADCHF,Pepperstone MT5
2023.08.18,0.64813,0.65141,0.64690,0.65133,53298,5,0,CADCHF,Pepperstone MT5
2023.08.21,0.65008,0.65163,0.64778,0.64858,45033,5,0,CADCHF,Pepperstone MT5
2023.08.22,0.64795,0.65059,0.64748,0.64973,46781,5,0,CADCHF,Pepperstone MT5
2023.08.23,0.64873,0.65028,0.64591,0.64900,48672,5,0,CADCHF,Pepperstone MT5
2023.08.24,0.64798,0.65197,0.64788,0.65107,47189,5,0,CADCHF,Pepperstone MT5
2023.08.25,0.64983,0.65275,0.64914,0.65015,52277,5,0,CADCHF,Pepperstone MT5
2023.08.28,0.65037,0.65199,0.64863,0.64991,36503,5,0,CADCHF,Pepperstone MT5
2023.08.29,0.64894,0.65063,0.64658,0.64823,47438,5,0,CADCHF,Pepperstone MT5
2023.08.30,0.64717,0.64952,0.64594,0.64914,52151,5,0,CADCHF,Pepperstone MT5
2023.08.31,0.64795,0.65399,0.64783,0.65390,48419,5,0,CADCHF,Pepperstone MT5
2023.09.01,0.65252,0.65448,0.64953,0.65159,51556,5,0,CADCHF,Pepperstone MT5
2023.09.04,0.65047,0.65152,0.64984,0.65052,25949,5,0,CADCHF,Pepperstone MT5
2023.09.05,0.64983,0.65357,0.64913,0.65187,47531,5,0,CADCHF,Pepperstone MT5
2023.09.06,0.65098,0.65529,0.65075,0.65348,46797,5,0,CADCHF,Pepperstone MT5
2023.09.07,0.65323,0.65441,0.65172,0.65218,43273,5,0,CADCHF,Pepperstone MT5
2023.09.08,0.65219,0.65561,0.65123,0.65450,41385,5,0,CADCHF,Pepperstone MT5
2023.09.11,0.65349,0.65717,0.65305,0.65613,45510,5,0,CADCHF,Pepperstone MT5
2023.09.12,0.65583,0.65918,0.65514,0.65763,38707,5,0,CADCHF,Pepperstone MT5
2023.09.13,0.65648,0.66010,0.65613,0.65949,50701,5,0,CADCHF,Pepperstone MT5
2023.09.14,0.65833,0.66412,0.65818,0.66305,50952,5,0,CADCHF,Pepperstone MT5
2023.09.15,0.66218,0.66383,0.66160,0.66342,51776,5,0,CADCHF,Pepperstone MT5
2023.09.18,0.66180,0.66592,0.66174,0.66503,37000,5,0,CADCHF,Pepperstone MT5
2023.09.19,0.66433,0.67039,0.66404,0.66750,44081,5,0,CADCHF,Pepperstone MT5
2023.09.20,0.66723,0.66857,0.66571,0.66743,56638,5,0,CADCHF,Pepperstone MT5
2023.09.21,0.66728,0.67278,0.66574,0.67078,68442,5,0,CADCHF,Pepperstone MT5
2023.09.22,0.66958,0.67493,0.66935,0.67269,51446,5,0,CADCHF,Pepperstone MT5
2023.09.25,0.67135,0.67784,0.67123,0.67778,49681,5,0,CADCHF,Pepperstone MT5
2023.09.26,0.67738,0.67838,0.67534,0.67741,56889,5,0,CADCHF,Pepperstone MT5
2023.09.27,0.67587,0.68263,0.67493,0.68238,60660,5,0,CADCHF,Pepperstone MT5
2023.09.28,0.68084,0.68291,0.67776,0.67823,69172,5,0,CADCHF,Pepperstone MT5
2023.09.29,0.67797,0.68004,0.67373,0.67439,70305,5,0,CADCHF,Pepperstone MT5
2023.10.02,0.67307,0.67500,0.66994,0.67138,61027,5,0,CADCHF,Pepperstone MT5
2023.10.03,0.67103,0.67380,0.67027,0.67169,77047,5,0,CADCHF,Pepperstone MT5
2023.10.04,0.67125,0.67299,0.66595,0.66723,82720,5,0,CADCHF,Pepperstone MT5
2023.10.05,0.66642,0.66746,0.66443,0.66563,78210,5,0,CADCHF,Pepperstone MT5
2023.10.06,0.66512,0.66885,0.66389,0.66599,83215,5,0,CADCHF,Pepperstone MT5
2023.10.09,0.66411,0.66729,0.66395,0.66708,68928,5,0,CADCHF,Pepperstone MT5
2023.10.10,0.66537,0.66758,0.66466,0.66603,80439,5,0,CADCHF,Pepperstone MT5
2023.10.11,0.66538,0.66615,0.66243,0.66341,72235,5,0,CADCHF,Pepperstone MT5
2023.10.12,0.66192,0.66482,0.66159,0.66343,67378,5,0,CADCHF,Pepperstone MT5
2023.10.13,0.66328,0.66396,0.65876,0.66061,68911,5,0,CADCHF,Pepperstone MT5
2023.10.16,0.65891,0.66328,0.65868,0.66130,54441,5,0,CADCHF,Pepperstone MT5
2023.10.17,0.66053,0.66222,0.65842,0.65955,62282,5,0,CADCHF,Pepperstone MT5
2023.10.18,0.65890,0.66008,0.65500,0.65541,68288,5,0,CADCHF,Pepperstone MT5
2023.10.19,0.65478,0.65556,0.64934,0.64968,78720,5,0,CADCHF,Pepperstone MT5
2023.10.20,0.64913,0.65280,0.64775,0.65075,65126,5,0,CADCHF,Pepperstone MT5
2023.10.23,0.64937,0.65311,0.64925,0.65083,61523,5,0,CADCHF,Pepperstone MT5
2023.10.24,0.65005,0.65277,0.64951,0.64983,59986,5,0,CADCHF,Pepperstone MT5
2023.10.25,0.64958,0.65130,0.64862,0.64983,57533,5,0,CADCHF,Pepperstone MT5
2023.10.26,0.64958,0.65238,0.64882,0.64983,73351,5,0,CADCHF,Pepperstone MT5
2023.10.27,0.64903,0.65319,0.64860,0.65012,67199,5,0,CADCHF,Pepperstone MT5
2023.10.30,0.64927,0.65389,0.64852,0.65228,55450,5,0,CADCHF,Pepperstone MT5
2023.10.31,0.65118,0.65625,0.65090,0.65603,65525,5,0,CADCHF,Pepperstone MT5
2023.11.01,0.65430,0.65609,0.65342,0.65513,80904,5,0,CADCHF,Pepperstone MT5
2023.11.02,0.65388,0.65951,0.65249,0.65935,67171,5,0,CADCHF,Pepperstone MT5
2023.11.03,0.65888,0.66000,0.65570,0.65818,72127,5,0,CADCHF,Pepperstone MT5
2023.11.06,0.65778,0.65850,0.65582,0.65643,60039,5,0,CADCHF,Pepperstone MT5
2023.11.07,0.65560,0.65652,0.65363,0.65378,60883,5,0,CADCHF,Pepperstone MT5
2023.11.08,0.65260,0.65493,0.65037,0.65197,64706,5,0,CADCHF,Pepperstone MT5
2023.11.09,0.65073,0.65458,0.65063,0.65383,67234,5,0,CADCHF,Pepperstone MT5
2023.11.10,0.65353,0.65542,0.65131,0.65394,57871,5,0,CADCHF,Pepperstone MT5
2023.11.13,0.65300,0.65481,0.65280,0.65294,55158,5,0,CADCHF,Pepperstone MT5
2023.11.14,0.65258,0.65364,0.64855,0.64918,66269,5,0,CADCHF,Pepperstone MT5
2023.11.15,0.64848,0.65040,0.64782,0.64893,71332,5,0,CADCHF,Pepperstone MT5
2023.11.16,0.64818,0.64947,0.64409,0.64598,66438,5,0,CADCHF,Pepperstone MT5
2023.11.17,0.64538,0.64762,0.64498,0.64561,65177,5,0,CADCHF,Pepperstone MT5
2023.11.20,0.64540,0.64590,0.64260,0.64472,58334,5,0,CADCHF,Pepperstone MT5
2023.11.21,0.64448,0.64587,0.64330,0.64479,64580,5,0,CADCHF,Pepperstone MT5
2023.11.22,0.64448,0.64579,0.64256,0.64565,66103,5,0,CADCHF,Pepperstone MT5
2023.11.23,0.64513,0.64661,0.64424,0.64550,41917,5,0,CADCHF,Pepperstone MT5
2023.11.24,0.64513,0.64868,0.64358,0.64595,70761,5,0,CADCHF,Pepperstone MT5
2023.11.27,0.64603,0.64736,0.64456,0.64646,64980,5,0,CADCHF,Pepperstone MT5
2023.11.28,0.64593,0.64914,0.64528,0.64683,84640,5,0,CADCHF,Pepperstone MT5
2023.11.29,0.64613,0.64756,0.64247,0.64295,82943,5,0,CADCHF,Pepperstone MT5
2023.11.30,0.64233,0.64613,0.64051,0.64539,96071,5,0,CADCHF,Pepperstone MT5
2023.12.01,0.64395,0.64899,0.64291,0.64407,97628,5,0,CADCHF,Pepperstone MT5
2023.12.04,0.64297,0.64686,0.64269,0.64463,89503,5,0,CADCHF,Pepperstone MT5
2023.12.05,0.64408,0.64539,0.64248,0.64364,83075,5,0,CADCHF,Pepperstone MT5
2023.12.06,0.64327,0.64545,0.64242,0.64336,78466,5,0,CADCHF,Pepperstone MT5
2023.12.07,0.64273,0.64555,0.64227,0.64334,86133,5,0,CADCHF,Pepperstone MT5
2023.12.08,0.64318,0.64836,0.64289,0.64757,94049,5,0,CADCHF,Pepperstone MT5
2023.12.11,0.64758,0.64957,0.64610,0.64699,74059,5,0,CADCHF,Pepperstone MT5
2023.12.12,0.64673,0.64735,0.64313,0.64388,69698,5,0,CADCHF,Pepperstone MT5
2023.12.13,0.64322,0.64629,0.64196,0.64464,87744,5,0,CADCHF,Pepperstone MT5
2023.12.14,0.64403,0.64891,0.64365,0.64717,118507,5,0,CADCHF,Pepperstone MT5
2023.12.15,0.64618,0.65129,0.64459,0.65045,90061,5,0,CADCHF,Pepperstone MT5
2023.12.18,0.64938,0.65086,0.64675,0.64706,68303,5,0,CADCHF,Pepperstone MT5
2023.12.19,0.64712,0.64794,0.64406,0.64563,62087,5,0,CADCHF,Pepperstone MT5
2023.12.20,0.64463,0.64818,0.64265,0.64523,67958,5,0,CADCHF,Pepperstone MT5
2023.12.21,0.64507,0.64705,0.64223,0.64466,74408,5,0,CADCHF,Pepperstone MT5
2023.12.22,0.64393,0.64617,0.64198,0.64501,71742,5,0,CADCHF,Pepperstone MT5
2023.12.26,0.64418,0.64794,0.64395,0.64684,41504,5,0,CADCHF,Pepperstone MT5
2023.12.27,0.64613,0.64795,0.63704,0.63814,53173,5,0,CADCHF,Pepperstone MT5
2023.12.28,0.63703,0.63883,0.63107,0.63855,58312,5,0,CADCHF,Pepperstone MT5
2023.12.29,0.63760,0.63944,0.63028,0.63480,62716,5,0,CADCHF,Pepperstone MT5
2024.01.02,0.63366,0.64092,0.63252,0.63811,75515,5,0,CADCHF,Pepperstone MT5
2024.01.03,0.63635,0.64113,0.63568,0.63574,96773,5,0,CADCHF,Pepperstone MT5
2024.01.04,0.63479,0.63877,0.63479,0.63683,82822,5,0,CADCHF,Pepperstone MT5
2024.01.05,0.63660,0.64037,0.63480,0.63638,96057,5,0,CADCHF,Pepperstone MT5
2024.01.08,0.63546,0.63719,0.63250,0.63524,69653,5,0,CADCHF,Pepperstone MT5
2024.01.09,0.63467,0.63771,0.63406,0.63644,68951,5,0,CADCHF,Pepperstone MT5
2024.01.10,0.63613,0.63792,0.63551,0.63580,64269,5,0,CADCHF,Pepperstone MT5
2024.01.11,0.63553,0.63873,0.63408,0.63598,92585,5,0,CADCHF,Pepperstone MT5
2024.01.12,0.63553,0.63930,0.63532,0.63588,86091,5,0,CADCHF,Pepperstone MT5
2024.01.15,0.63460,0.63749,0.63447,0.63718,39225,5,0,CADCHF,Pepperstone MT5
2024.01.16,0.63698,0.63971,0.63642,0.63828,89948,5,0,CADCHF,Pepperstone MT5
2024.01.17,0.63773,0.64243,0.63677,0.63990,90020,5,0,CADCHF,Pepperstone MT5
2024.01.18,0.63918,0.64388,0.63884,0.64344,89004,5,0,CADCHF,Pepperstone MT5
2024.01.19,0.64338,0.64692,0.64230,0.64635,76472,5,0,CADCHF,Pepperstone MT5
2024.01.22,0.64512,0.64719,0.64434,0.64464,82974,5,0,CADCHF,Pepperstone MT5
2024.01.23,0.64413,0.64744,0.64284,0.64639,81002,5,0,CADCHF,Pepperstone MT5
2024.01.24,0.64598,0.64638,0.63785,0.63793,84988,5,0,CADCHF,Pepperstone MT5
2024.01.25,0.63773,0.64389,0.63692,0.64338,90792,5,0,CADCHF,Pepperstone MT5
2024.01.26,0.64278,0.64436,0.64086,0.64224,81018,5,0,CADCHF,Pepperstone MT5
2024.01.29,0.64208,0.64301,0.64044,0.64193,75016,5,0,CADCHF,Pepperstone MT5
2024.01.30,0.64092,0.64450,0.64092,0.64308,76157,5,0,CADCHF,Pepperstone MT5
2024.01.31,0.64283,0.64384,0.63918,0.64104,92541,5,0,CADCHF,Pepperstone MT5
2024.02.01,0.63970,0.64266,0.63970,0.64067,93031,5,0,CADCHF,Pepperstone MT5
2024.02.02,0.63933,0.64477,0.63891,0.64380,92962,5,0,CADCHF,Pepperstone MT5
2024.02.05,0.64281,0.64544,0.64224,0.64287,78603,5,0,CADCHF,Pepperstone MT5
2024.02.06,0.64263,0.64585,0.64241,0.64455,89106,5,0,CADCHF,Pepperstone MT5
2024.02.07,0.64378,0.64963,0.64371,0.64962,66140,5,0,CADCHF,Pepperstone MT5
2024.02.08,0.64858,0.65031,0.64790,0.64909,77762,5,0,CADCHF,Pepperstone MT5
2024.02.09,0.64782,0.65182,0.64770,0.64971,70554,5,0,CADCHF,Pepperstone MT5
2024.02.12,0.64875,0.65196,0.64825,0.65093,68981,5,0,CADCHF,Pepperstone MT5
2024.02.13,0.65012,0.65588,0.64972,0.65388,91260,5,0,CADCHF,Pepperstone MT5
2024.02.14,0.65285,0.65588,0.65278,0.65388,51243,5,0,CADCHF,Pepperstone MT5
2024.02.15,0.65348,0.65413,0.65096,0.65344,74884,5,0,CADCHF,Pepperstone MT5
2024.02.16,0.65238,0.65463,0.65227,0.65316,69928,5,0,CADCHF,Pepperstone MT5
2024.02.19,0.65247,0.65435,0.65225,0.65398,49836,5,0,CADCHF,Pepperstone MT5
2024.02.20,0.65337,0.65454,0.65019,0.65205,65045,5,0,CADCHF,Pepperstone MT5
2024.02.21,0.65133,0.65240,0.65033,0.65119,43135,5,0,CADCHF,Pepperstone MT5
2024.02.22,0.65033,0.65362,0.65012,0.65279,66851,5,0,CADCHF,Pepperstone MT5
2024.02.23,0.65193,0.65356,0.65173,0.65241,43174,5,0,CADCHF,Pepperstone MT5
2024.02.26,0.65121,0.65267,0.65017,0.65151,38412,5,0,CADCHF,Pepperstone MT5
2024.02.27,0.65113,0.65255,0.64927,0.64933,48676,5,0,CADCHF,Pepperstone MT5
2024.02.28,0.64923,0.65014,0.64704,0.64713,40978,5,0,CADCHF,Pepperstone MT5
2024.02.29,0.64640,0.65177,0.64595,0.65138,64041,5,0,CADCHF,Pepperstone MT5
2024.03.01,0.65080,0.65393,0.65058,0.65121,51575,5,0,CADCHF,Pepperstone MT5
2024.03.04,0.65122,0.65295,0.64930,0.65178,40197,5,0,CADCHF,Pepperstone MT5
2024.03.05,0.65117,0.65260,0.64941,0.64984,48522,5,0,CADCHF,Pepperstone MT5
2024.03.06,0.64910,0.65315,0.64858,0.65258,44887,5,0,CADCHF,Pepperstone MT5
2024.03.07,0.65175,0.65286,0.65122,0.65193,55646,5,0,CADCHF,Pepperstone MT5
2024.03.08,0.65110,0.65278,0.65005,0.65059,58918,5,0,CADCHF,Pepperstone MT5
2024.03.11,0.64880,0.65157,0.64844,0.65068,45758,5,0,CADCHF,Pepperstone MT5
2024.03.12,0.65033,0.65142,0.64914,0.65017,52197,5,0,CADCHF,Pepperstone MT5
2024.03.13,0.64978,0.65246,0.64935,0.65238,32993,5,0,CADCHF,Pepperstone MT5
2024.03.14,0.65203,0.65370,0.65157,0.65301,51262,5,0,CADCHF,Pepperstone MT5
2024.03.15,0.65238,0.65385,0.65167,0.65246,44899,5,0,CADCHF,Pepperstone MT5
2024.03.18,0.65130,0.65640,0.65115,0.65592,34806,5,0,CADCHF,Pepperstone MT5
2024.03.19,0.65569,0.65615,0.65160,0.65456,42807,5,0,CADCHF,Pepperstone MT5
2024.03.20,0.65368,0.65825,0.65358,0.65717,44479,5,0,CADCHF,Pepperstone MT5
2024.03.21,0.65648,0.66549,0.65622,0.66328,70709,5,0,CADCHF,Pepperstone MT5
2024.03.22,0.66298,0.66462,0.65887,0.65931,44846,5,0,CADCHF,Pepperstone MT5
2024.03.25,0.65960,0.66206,0.65880,0.66193,33211,5,0,CADCHF,Pepperstone MT5
2024.03.26,0.66143,0.66710,0.66106,0.66537,34126,5,0,CADCHF,Pepperstone MT5
2024.03.27,0.66488,0.66758,0.66413,0.66608,36408,5,0,CADCHF,Pepperstone MT5
2024.03.28,0.66520,0.66696,0.66443,0.66588,44529,5,0,CADCHF,Pepperstone MT5
2024.03.29,0.66503,0.66652,0.66429,0.66548,55956,9,0,CADCHF,Pepperstone MT5
2024.04.01,0.66508,0.66715,0.66442,0.66628,34123,5,0,CADCHF,Pepperstone MT5
2024.04.02,0.66578,0.67042,0.66558,0.66921,37041,5,0,CADCHF,Pepperstone MT5
2024.04.03,0.66823,0.67073,0.66727,0.66740,32005,5,0,CADCHF,Pepperstone MT5
2024.04.04,0.66678,0.67212,0.66482,0.66543,40525,5,0,CADCHF,Pepperstone MT5
2024.04.05,0.66433,0.66744,0.66182,0.66387,46400,5,0,CADCHF,Pepperstone MT5
2024.04.08,0.66247,0.66729,0.66100,0.66698,60216,5,0,CADCHF,Pepperstone MT5
2024.04.09,0.66626,0.66727,0.66435,0.66568,42316,5,0,CADCHF,Pepperstone MT5
2024.04.10,0.66438,0.66848,0.66438,0.66714,49425,5,0,CADCHF,Pepperstone MT5
2024.04.11,0.66640,0.66829,0.66389,0.66468,52582,5,0,CADCHF,Pepperstone MT5
2024.04.12,0.66308,0.66528,0.66144,0.66393,50492,5,0,CADCHF,Pepperstone MT5
2024.04.15,0.66083,0.66565,0.66073,0.66103,55774,5,0,CADCHF,Pepperstone MT5
2024.04.16,0.66073,0.66252,0.65913,0.66013,58721,5,0,CADCHF,Pepperstone MT5
2024.04.17,0.65963,0.66159,0.65873,0.66119,51093,5,0,CADCHF,Pepperstone MT5
2024.04.18,0.66083,0.66325,0.65990,0.66259,46089,5,0,CADCHF,Pepperstone MT5
2024.04.19,0.66158,0.66298,0.65292,0.66194,80547,5,0,CADCHF,Pepperstone MT5
2024.04.22,0.66094,0.66572,0.66092,0.66563,64322,6,0,CADCHF,Pepperstone MT5
2024.04.23,0.66507,0.66750,0.66439,0.66737,62200,5,0,CADCHF,Pepperstone MT5
2024.04.24,0.66696,0.66865,0.66478,0.66777,57276,5,0,CADCHF,Pepperstone MT5
2024.04.25,0.66655,0.66825,0.66630,0.66787,50028,6,0,CADCHF,Pepperstone MT5
2024.04.26,0.66741,0.66927,0.66669,0.66898,52733,5,0,CADCHF,Pepperstone MT5
2024.04.29,0.66726,0.67033,0.66576,0.66649,102534,160,0,CADCHF,Pepperstone MT5
2024.04.30,0.66632,0.66809,0.66433,0.66727,60535,5,0,CADCHF,Pepperstone MT5
2024.05.01,0.66687,0.66936,0.66576,0.66657,61005,5,0,CADCHF,Pepperstone MT5
2024.05.02,0.66562,0.66826,0.66348,0.66592,65900,5,0,CADCHF,Pepperstone MT5
2024.05.03,0.66522,0.66603,0.66079,0.66119,63305,5,0,CADCHF,Pepperstone MT5
2024.05.06,0.66136,0.66345,0.66005,0.66312,34944,5,0,CADCHF,Pepperstone MT5
2024.05.07,0.66234,0.66386,0.66131,0.66173,43477,5,0,CADCHF,Pepperstone MT5
2024.05.08,0.66080,0.66204,0.66006,0.66162,38131,5,0,CADCHF,Pepperstone MT5
2024.05.09,0.66120,0.66288,0.66068,0.66237,38045,5,0,CADCHF,Pepperstone MT5
2024.05.10,0.66173,0.66538,0.66144,0.66299,37835,5,0,CADCHF,Pepperstone MT5
2024.05.13,0.66143,0.66480,0.66143,0.66452,35639,5,0,CADCHF,Pepperstone MT5
2024.05.14,0.66408,0.66532,0.66342,0.66402,37531,5,0,CADCHF,Pepperstone MT5
2024.05.15,0.66309,0.66444,0.66206,0.66322,43222,5,0,CADCHF,Pepperstone MT5
2024.05.16,0.66285,0.66555,0.66078,0.66539,42392,5,0,CADCHF,Pepperstone MT5
2024.05.17,0.66506,0.66793,0.66435,0.66788,36356,5,0,CADCHF,Pepperstone MT5
2024.05.20,0.66710,0.66858,0.66664,0.66829,35609,5,0,CADCHF,Pepperstone MT5
2024.05.21,0.66792,0.66844,0.66584,0.66709,45038,7,0,CADCHF,Pepperstone MT5
2024.05.22,0.66712,0.66999,0.66649,0.66867,43922,5,0,CADCHF,Pepperstone MT5
2024.05.23,0.66812,0.66898,0.66562,0.66592,49020,5,0,CADCHF,Pepperstone MT5
2024.05.24,0.66550,0.66998,0.66507,0.66928,44403,5,0,CADCHF,Pepperstone MT5
2024.05.27,0.66741,0.67057,0.66741,0.67002,23702,5,0,CADCHF,Pepperstone MT5
2024.05.28,0.66937,0.67026,0.66697,0.66864,43262,5,0,CADCHF,Pepperstone MT5
2024.05.29,0.66837,0.66862,0.66557,0.66563,48110,5,0,CADCHF,Pepperstone MT5
2024.05.30,0.66517,0.66628,0.66001,0.66024,57426,5,0,CADCHF,Pepperstone MT5
2024.05.31,0.66009,0.66481,0.65955,0.66220,53597,5,0,CADCHF,Pepperstone MT5
2024.06.03,0.66197,0.66251,0.65566,0.65727,49766,5,0,CADCHF,Pepperstone MT5
2024.06.04,0.65664,0.65738,0.64946,0.65082,57174,5,0,CADCHF,Pepperstone MT5
2024.06.05,0.65035,0.65313,0.64989,0.65242,50126,5,0,CADCHF,Pepperstone MT5
2024.06.06,0.65202,0.65262,0.65003,0.65053,55400,5,0,CADCHF,Pepperstone MT5
2024.06.07,0.64982,0.65361,0.64953,0.65135,59622,5,0,CADCHF,Pepperstone MT5
2024.06.10,0.65015,0.65263,0.64978,0.65162,48034,5,0,CADCHF,Pepperstone MT5
2024.06.11,0.65060,0.65297,0.64998,0.65237,45649,5,0,CADCHF,Pepperstone MT5
2024.06.12,0.65179,0.65303,0.64848,0.65167,55867,5,0,CADCHF,Pepperstone MT5
2024.06.13,0.65089,0.65232,0.64931,0.65056,52024,5,0,CADCHF,Pepperstone MT5
2024.06.14,0.65005,0.65086,0.64670,0.64818,58739,5,0,CADCHF,Pepperstone MT5
2024.06.17,0.64748,0.64966,0.64647,0.64817,44785,5,0,CADCHF,Pepperstone MT5
2024.06.18,0.64783,0.64839,0.64355,0.64446,48887,5,0,CADCHF,Pepperstone MT5
2024.06.19,0.64411,0.64576,0.64374,0.64527,28701,5,0,CADCHF,Pepperstone MT5
2024.06.20,0.64460,0.65182,0.64404,0.65117,49112,5,0,CADCHF,Pepperstone MT5
2024.06.21,0.65060,0.65306,0.65011,0.65303,42667,5,0,CADCHF,Pepperstone MT5
2024.06.24,0.65085,0.65477,0.65085,0.65371,39823,5,0,CADCHF,Pepperstone MT5
2024.06.25,0.65326,0.65557,0.65300,0.65507,36642,5,0,CADCHF,Pepperstone MT5
2024.06.26,0.65463,0.65675,0.65418,0.65487,41957,5,0,CADCHF,Pepperstone MT5
2024.06.27,0.65453,0.65640,0.65393,0.65596,44854,5,0,CADCHF,Pepperstone MT5
2024.06.28,0.65570,0.65772,0.65492,0.65700,51430,5,0,CADCHF,Pepperstone MT5
2024.07.01,0.65524,0.65907,0.65391,0.65718,44333,5,0,CADCHF,Pepperstone MT5
2024.07.02,0.65663,0.66124,0.65634,0.66082,42476,5,0,CADCHF,Pepperstone MT5
2024.07.03,0.66017,0.66180,0.65972,0.66087,36659,5,0,CADCHF,Pepperstone MT5
2024.07.04,0.65940,0.66334,0.65921,0.66112,31869,5,0,CADCHF,Pepperstone MT5
2024.07.05,0.66094,0.66138,0.65658,0.65660,50027,5,0,CADCHF,Pepperstone MT5
2024.07.08,0.65612,0.65837,0.65542,0.65833,41947,5,0,CADCHF,Pepperstone MT5
2024.07.09,0.65786,0.65926,0.65765,0.65842,39772,5,0,CADCHF,Pepperstone MT5
2024.07.10,0.65782,0.66087,0.65742,0.66047,35121,5,0,CADCHF,Pepperstone MT5
2024.07.11,0.66004,0.66056,0.65532,0.65758,54150,5,0,CADCHF,Pepperstone MT5
2024.07.12,0.65634,0.65842,0.65537,0.65600,51403,5,0,CADCHF,Pepperstone MT5
2024.07.15,0.65477,0.65734,0.65406,0.65462,43454,5,0,CADCHF,Pepperstone MT5
2024.07.16,0.65436,0.65544,0.65338,0.65367,39768,5,0,CADCHF,Pepperstone MT5
2024.07.17,0.65309,0.65403,0.64502,0.64557,51602,5,0,CADCHF,Pepperstone MT5
2024.07.18,0.64482,0.64779,0.64472,0.64774,54175,5,0,CADCHF,Pepperstone MT5
2024.07.19,0.64542,0.64902,0.64536,0.64722,50340,5,0,CADCHF,Pepperstone MT5
2024.07.22,0.64647,0.64791,0.64547,0.64663,50148,6,0,CADCHF,Pepperstone MT5
2024.07.23,0.64657,0.64818,0.64542,0.64662,50508,5,0,CADCHF,Pepperstone MT5
2024.07.24,0.64636,0.64719,0.63998,0.64105,68047,6,0,CADCHF,Pepperstone MT5
2024.07.25,0.64052,0.64111,0.63417,0.63772,108073,6,0,CADCHF,Pepperstone MT5
2024.07.26,0.63702,0.63998,0.63634,0.63889,60729,5,0,CADCHF,Pepperstone MT5
2024.07.29,0.63844,0.64022,0.63737,0.63968,59601,5,0,CADCHF,Pepperstone MT5
2024.07.30,0.63942,0.64107,0.63726,0.63730,69735,6,0,CADCHF,Pepperstone MT5
2024.07.31,0.63708,0.63811,0.63472,0.63581,104118,6,0,CADCHF,Pepperstone MT5
2024.08.01,0.63527,0.63632,0.62832,0.62914,97586,5,0,CADCHF,Pepperstone MT5
2024.08.02,0.62827,0.62977,0.61802,0.61833,99525,5,0,CADCHF,Pepperstone MT5
2024.08.05,0.61871,0.61944,0.60597,0.61634,158247,6,0,CADCHF,Pepperstone MT5
2024.08.06,0.61482,0.62051,0.61443,0.61741,125687,5,0,CADCHF,Pepperstone MT5
2024.08.07,0.61637,0.63119,0.61616,0.62632,106675,6,0,CADCHF,Pepperstone MT5
2024.08.08,0.62538,0.63137,0.62255,0.63102,112755,6,0,CADCHF,Pepperstone MT5
2024.08.09,0.63041,0.63168,0.62831,0.63016,72483,5,0,CADCHF,Pepperstone MT5
2024.08.12,0.62799,0.63447,0.62799,0.62952,65718,5,0,CADCHF,Pepperstone MT5
2024.08.13,0.62887,0.63206,0.62833,0.63088,65438,5,0,CADCHF,Pepperstone MT5
2024.08.14,0.63083,0.63156,0.62875,0.63080,68182,5,0,CADCHF,Pepperstone MT5
2024.08.15,0.62999,0.63708,0.62990,0.63552,81158,5,0,CADCHF,Pepperstone MT5
2024.08.16,0.63524,0.63567,0.63097,0.63308,52081,5,0,CADCHF,Pepperstone MT5
2024.08.19,0.63120,0.63463,0.63027,0.63287,57631,5,0,CADCHF,Pepperstone MT5
2024.08.20,0.63210,0.63309,0.62697,0.62698,60073,5,0,CADCHF,Pepperstone MT5
2024.08.21,0.62682,0.62930,0.62526,0.62648,66766,5,0,CADCHF,Pepperstone MT5
2024.08.22,0.62539,0.62774,0.62539,0.62593,58893,5,0,CADCHF,Pepperstone MT5
2024.08.23,0.62484,0.62909,0.62478,0.62748,62570,5,0,CADCHF,Pepperstone MT5
2024.08.26,0.62640,0.62929,0.62615,0.62823,62145,5,0,CADCHF,Pepperstone MT5
2024.08.27,0.62699,0.62939,0.62512,0.62595,58009,5,0,CADCHF,Pepperstone MT5
2024.08.28,0.62544,0.62751,0.62420,0.62467,62051,5,0,CADCHF,Pepperstone MT5
2024.08.29,0.62374,0.63006,0.62368,0.62845,73691,5,0,CADCHF,Pepperstone MT5
2024.08.30,0.62756,0.63116,0.62733,0.62990,64922,5,0,CADCHF,Pepperstone MT5
2024.09.02,0.62872,0.63217,0.62849,0.63107,40591,5,0,CADCHF,Pepperstone MT5
2024.09.03,0.63007,0.63193,0.62582,0.62751,74921,5,0,CADCHF,Pepperstone MT5
2024.09.04,0.62699,0.62935,0.62534,0.62682,90646,5,0,CADCHF,Pepperstone MT5
2024.09.05,0.62606,0.62835,0.62406,0.62507,113942,5,0,CADCHF,Pepperstone MT5
2024.09.06,0.62456,0.62750,0.62053,0.62129,107287,5,0,CADCHF,Pepperstone MT5
2024.09.09,0.62110,0.62643,0.62034,0.62639,80535,5,0,CADCHF,Pepperstone MT5
2024.09.10,0.62568,0.62652,0.62138,0.62225,72812,5,0,CADCHF,Pepperstone MT5
2024.09.11,0.62197,0.62866,0.61940,0.62775,94063,5,0,CADCHF,Pepperstone MT5
2024.09.12,0.62684,0.63003,0.62645,0.62676,102469,5,0,CADCHF,Pepperstone MT5
2024.09.13,0.62598,0.62687,0.62190,0.62475,72038,5,0,CADCHF,Pepperstone MT5
2024.09.16,0.62233,0.62484,0.62089,0.62172,69330,5,0,CADCHF,Pepperstone MT5
2024.09.17,0.62134,0.62323,0.62044,0.62307,75376,5,0,CADCHF,Pepperstone MT5
2024.09.18,0.62224,0.62316,0.61924,0.62192,76309,5,0,CADCHF,Pepperstone MT5
2024.09.19,0.62111,0.62696,0.62110,0.62527,87520,5,0,CADCHF,Pepperstone MT5
2024.09.20,0.62453,0.62796,0.62349,0.62670,75070,5,0,CADCHF,Pepperstone MT5
2024.09.23,0.62567,0.62929,0.62539,0.62580,62174,5,0,CADCHF,Pepperstone MT5
2024.09.24,0.62531,0.62889,0.62519,0.62783,64645,5,0,CADCHF,Pepperstone MT5
2024.09.25,0.62718,0.63262,0.62642,0.63060,66642,5,0,CADCHF,Pepperstone MT5
2024.09.26,0.63042,0.63215,0.62737,0.62830,74928,5,0,CADCHF,Pepperstone MT5
2024.09.27,0.62755,0.62941,0.62140,0.62158,99248,5,0,CADCHF,Pepperstone MT5
2024.09.30,0.62115,0.62635,0.62115,0.62516,77729,5,0,CADCHF,Pepperstone MT5
2024.10.01,0.62394,0.62850,0.62363,0.62753,84352,5,0,CADCHF,Pepperstone MT5
2024.10.02,0.62567,0.63097,0.62538,0.62937,67635,5,0,CADCHF,Pepperstone MT5
2024.10.03,0.62878,0.63194,0.62731,0.62919,72296,5,0,CADCHF,Pepperstone MT5
2024.10.04,0.62840,0.63347,0.62683,0.63202,55367,5,0,CADCHF,Pepperstone MT5
2024.10.07,0.63133,0.63320,0.62611,0.62720,51989,5,0,CADCHF,Pepperstone MT5
2024.10.08,0.62654,0.62865,0.62538,0.62814,52071,5,0,CADCHF,Pepperstone MT5
2024.10.09,0.62762,0.62866,0.62659,0.62775,41959,5,0,CADCHF,Pepperstone MT5
2024.10.10,0.62717,0.62821,0.62230,0.62317,52449,5,0,CADCHF,Pepperstone MT5
2024.10.11,0.62235,0.62467,0.62181,0.62277,39406,5,0,CADCHF,Pepperstone MT5
2024.10.14,0.62179,0.62643,0.62179,0.62511,34520,5,0,CADCHF,Pepperstone MT5
2024.10.15,0.62421,0.62608,0.62248,0.62587,41674,5,0,CADCHF,Pepperstone MT5
2024.10.16,0.62557,0.62946,0.62475,0.62933,38585,5,0,CADCHF,Pepperstone MT5
2024.10.17,0.62778,0.62983,0.62625,0.62774,43213,5,0,CADCHF,Pepperstone MT5
2024.10.18,0.62727,0.62858,0.62612,0.62643,36825,5,0,CADCHF,Pepperstone MT5
2024.10.21,0.62545,0.62686,0.62450,0.62615,37252,5,0,CADCHF,Pepperstone MT5
2024.10.22,0.62519,0.62662,0.62506,0.62630,39138,5,0,CADCHF,Pepperstone MT5
2024.10.23,0.62520,0.62842,0.62510,0.62615,47247,5,0,CADCHF,Pepperstone MT5
2024.10.24,0.62520,0.62740,0.62458,0.62485,67729,5,0,CADCHF,Pepperstone MT5
2024.10.25,0.62411,0.62630,0.62316,0.62379,43590,5,0,CADCHF,Pepperstone MT5
2024.10.28,0.62453,0.62603,0.62225,0.62292,46206,5,0,CADCHF,Pepperstone MT5
2024.10.29,0.62183,0.62554,0.62183,0.62328,47315,5,0,CADCHF,Pepperstone MT5
2024.10.30,0.62268,0.62404,0.62202,0.62323,50878,5,0,CADCHF,Pepperstone MT5
2024.10.31,0.62312,0.62334,0.61954,0.61964,69467,5,0,CADCHF,Pepperstone MT5
2024.11.01,0.61936,0.62511,0.61901,0.62333,54512,5,0,CADCHF,Pepperstone MT5
2024.11.04,0.62261,0.62349,0.62008,0.62152,48014,5,0,CADCHF,Pepperstone MT5
2024.11.05,0.62059,0.62448,0.62059,0.62446,37565,5,0,CADCHF,Pepperstone MT5
2024.11.06,0.62393,0.63068,0.62308,0.62868,97146,6,0,CADCHF,Pepperstone MT5
2024.11.07,0.62782,0.63167,0.62782,0.62938,55815,7,0,CADCHF,Pepperstone MT5
2024.11.08,0.62820,0.62970,0.62637,0.62929,46207,7,0,CADCHF,Pepperstone MT5
2024.11.11,0.62817,0.63263,0.62816,0.63255,33003,8,0,CADCHF,Pepperstone MT5
2024.11.12,0.63096,0.63353,0.63070,0.63224,42805,7,0,CADCHF,Pepperstone MT5
2024.11.13,0.63109,0.63362,0.63097,0.63286,46427,7,0,CADCHF,Pepperstone MT5
2024.11.14,0.63154,0.63562,0.63148,0.63325,51985,7,0,CADCHF,Pepperstone MT5
2024.11.15,0.63193,0.63334,0.62900,0.63033,51814,6,0,CADCHF,Pepperstone MT5
2024.11.18,0.62988,0.63124,0.62853,0.63014,41142,7,0,CADCHF,Pepperstone MT5
2024.11.19,0.62918,0.63261,0.62854,0.63215,47723,7,0,CADCHF,Pepperstone MT5
2024.11.20,0.63110,0.63382,0.63064,0.63263,35900,8,0,CADCHF,Pepperstone MT5
2024.11.21,0.63226,0.63532,0.63173,0.63448,44794,7,0,CADCHF,Pepperstone MT5
2024.11.22,0.63399,0.64067,0.63387,0.63962,51627,7,0,CADCHF,Pepperstone MT5
2024.11.25,0.63714,0.63948,0.63342,0.63359,49682,7,0,CADCHF,Pepperstone MT5
2024.11.26,0.63286,0.63359,0.62662,0.63072,59805,7,0,CADCHF,Pepperstone MT5
2024.11.27,0.63004,0.63090,0.62699,0.62848,52430,7,0,CADCHF,Pepperstone MT5
2024.11.28,0.62703,0.63173,0.62703,0.62985,28615,8,0,CADCHF,Pepperstone MT5
2024.11.29,0.62906,0.63022,0.62713,0.62895,54404,7,0,CADCHF,Pepperstone MT5
2024.12.02,0.62816,0.63196,0.62803,0.63106,52311,7,0,CADCHF,Pepperstone MT5
2024.12.03,0.62994,0.63267,0.62888,0.62993,45305,7,0,CADCHF,Pepperstone MT5
2024.12.04,0.62942,0.63097,0.62727,0.62837,48792,7,0,CADCHF,Pepperstone MT5
2024.12.05,0.62757,0.62973,0.62557,0.62635,42906,7,0,CADCHF,Pepperstone MT5
2024.12.06,0.62531,0.62661,0.61979,0.62055,49217,7,0,CADCHF,Pepperstone MT5
2024.12.09,0.61964,0.62354,0.61964,0.62003,39106,7,0,CADCHF,Pepperstone MT5
2024.12.10,0.61962,0.62340,0.61875,0.62254,39700,7,0,CADCHF,Pepperstone MT5
2024.12.11,0.62164,0.62561,0.62124,0.62440,48876,7,0,CADCHF,Pepperstone MT5
2024.12.12,0.62365,0.62901,0.62336,0.62742,65216,6,0,CADCHF,Pepperstone MT5
2024.12.13,0.62662,0.62898,0.62649,0.62701,42171,7,0,CADCHF,Pepperstone MT5
2024.12.16,0.62631,0.62857,0.62554,0.62794,40338,6,0,CADCHF,Pepperstone MT5
2024.12.17,0.62730,0.62853,0.62302,0.62378,42636,6,0,CADCHF,Pepperstone MT5
2024.12.18,0.62299,0.62490,0.62241,0.62363,46642,7,0,CADCHF,Pepperstone MT5
2024.12.19,0.62347,0.62612,0.62227,0.62417,62798,6,0,CADCHF,Pepperstone MT5
2024.12.20,0.62322,0.62445,0.62073,0.62143,55442,6,0,CADCHF,Pepperstone MT5
2024.12.23,0.62035,0.62571,0.61996,0.62518,42139,6,0,CADCHF,Pepperstone MT5
2024.12.24,0.62422,0.62755,0.62410,0.62691,30254,7,0,CADCHF,Pepperstone MT5
2024.12.26,0.62510,0.62698,0.62350,0.62375,30367,8,0,CADCHF,Pepperstone MT5
2024.12.27,0.62310,0.62648,0.62291,0.62587,37347,8,0,CADCHF,Pepperstone MT5
2024.12.30,0.62453,0.63087,0.62405,0.62950,42036,7,0,CADCHF,Pepperstone MT5
2024.12.31,0.62877,0.63132,0.62799,0.63113,40807,7,0,CADCHF,Pepperstone MT5
2025.01.02,0.62933,0.63406,0.62724,0.63335,48817,6,0,CADCHF,Pepperstone MT5
2025.01.03,0.63218,0.63417,0.62851,0.62890,41256,8,0,CADCHF,Pepperstone MT5
2025.01.06,0.62882,0.63255,0.62789,0.63106,55313,7,0,CADCHF,Pepperstone MT5
2025.01.07,0.63016,0.63406,0.62972,0.63297,49831,6,0,CADCHF,Pepperstone MT5
2025.01.08,0.63246,0.63514,0.63212,0.63382,49482,7,0,CADCHF,Pepperstone MT5
2025.01.09,0.63251,0.63433,0.63237,0.63381,37222,7,0,CADCHF,Pepperstone MT5
2025.01.10,0.63337,0.63718,0.63266,0.63531,50834,6,0,CADCHF,Pepperstone MT5
2025.01.13,0.63413,0.63810,0.63403,0.63780,49383,7,0,CADCHF,Pepperstone MT5
2025.01.14,0.63633,0.63812,0.63500,0.63578,51589,6,0,CADCHF,Pepperstone MT5
2025.01.15,0.63504,0.63716,0.63371,0.63640,45466,6,0,CADCHF,Pepperstone MT5
2025.01.16,0.63562,0.63682,0.63254,0.63274,48067,6,0,CADCHF,Pepperstone MT5
2025.01.17,0.63123,0.63466,0.63123,0.63157,43350,6,0,CADCHF,Pepperstone MT5
2025.01.20,0.63005,0.63616,0.63005,0.63316,50966,6,0,CADCHF,Pepperstone MT5
2025.01.21,0.63179,0.63396,0.62604,0.63206,63521,6,0,CADCHF,Pepperstone MT5
2025.01.22,0.63121,0.63289,0.63001,0.63052,48683,6,0,CADCHF,Pepperstone MT5
2025.01.23,0.62939,0.63272,0.62919,0.63068,51258,6,0,CADCHF,Pepperstone MT5
2025.01.24,0.63007,0.63324,0.62961,0.63145,54808,7,0,CADCHF,Pepperstone MT5
2025.01.27,0.62811,0.63073,0.62438,0.62737,61524,6,0,CADCHF,Pepperstone MT5
2025.01.28,0.62605,0.62985,0.62604,0.62756,52178,7,0,CADCHF,Pepperstone MT5
2025.01.29,0.62703,0.62994,0.62694,0.62880,52983,6,0,CADCHF,Pepperstone MT5
2025.01.30,0.62801,0.63117,0.62344,0.62736,57075,6,0,CADCHF,Pepperstone MT5
2025.01.31,0.62683,0.63147,0.62562,0.62646,69681,6,0,CADCHF,Pepperstone MT5
2025.02.03,0.62004,0.63243,0.61931,0.63070,97853,6,0,CADCHF,Pepperstone MT5
2025.02.04,0.63001,0.63276,0.62915,0.63176,60641,6,0,CADCHF,Pepperstone MT5
2025.02.05,0.63102,0.63322,0.62895,0.62971,50635,7,0,CADCHF,Pepperstone MT5
2025.02.06,0.62928,0.63275,0.62877,0.63248,43909,7,0,CADCHF,Pepperstone MT5
2025.02.07,0.63187,0.63740,0.63150,0.63649,51740,6,0,CADCHF,Pepperstone MT5
2025.02.10,0.63397,0.63703,0.63294,0.63657,41612,6,0,CADCHF,Pepperstone MT5
2025.02.11,0.63568,0.63943,0.63510,0.63929,38536,5,0,CADCHF,Pepperstone MT5
2025.02.12,0.63789,0.63975,0.63607,0.63833,49594,6,0,CADCHF,Pepperstone MT5
2025.02.13,0.63737,0.63938,0.63421,0.63620,57710,5,0,CADCHF,Pepperstone MT5
2025.02.14,0.63559,0.63879,0.63341,0.63449,46565,5,0,CADCHF,Pepperstone MT5
2025.02.17,0.63272,0.63566,0.63256,0.63485,35103,7,0,CADCHF,Pepperstone MT5
2025.02.18,0.63413,0.63719,0.63407,0.63626,38002,5,0,CADCHF,Pepperstone MT5
2025.02.19,0.63530,0.63771,0.63460,0.63515,39261,6,0,CADCHF,Pepperstone MT5
2025.02.20,0.63422,0.63576,0.63315,0.63338,44124,5,0,CADCHF,Pepperstone MT5
2025.02.21,0.63269,0.63474,0.63017,0.63091,46566,6,0,CADCHF,Pepperstone MT5
2025.02.24,0.62968,0.63313,0.62854,0.62903,51787,6,0,CADCHF,Pepperstone MT5
2025.02.25,0.62822,0.62990,0.62343,0.62354,49710,6,0,CADCHF,Pepperstone MT5
2025.02.26,0.62304,0.62490,0.62199,0.62396,50231,6,0,CADCHF,Pepperstone MT5
2025.02.27,0.62284,0.62690,0.62233,0.62312,55446,6,0,CADCHF,Pepperstone MT5
2025.02.28,0.62238,0.62669,0.62196,0.62422,56882,5,0,CADCHF,Pepperstone MT5
2025.03.03,0.62381,0.62530,0.61638,0.61914,59017,5,0,CADCHF,Pepperstone MT5
2025.03.04,0.61894,0.61931,0.61144,0.61780,81215,5,0,CADCHF,Pepperstone MT5
2025.03.05,0.61692,0.62173,0.61553,0.62101,78005,6,0,CADCHF,Pepperstone MT5
2025.03.06,0.62085,0.62296,0.61526,0.61821,75891,6,0,CADCHF,Pepperstone MT5
2025.03.07,0.61717,0.61819,0.60824,0.61188,68654,6,0,CADCHF,Pepperstone MT5
2025.03.10,0.61103,0.61307,0.60751,0.60988,64966,6,0,CADCHF,Pepperstone MT5
2025.03.11,0.60889,0.61353,0.60542,0.61141,76083,6,0,CADCHF,Pepperstone MT5
2025.03.12,0.61116,0.61475,0.60911,0.61347,54278,7,0,CADCHF,Pepperstone MT5
2025.03.13,0.61325,0.61513,0.61064,0.61064,53915,6,0,CADCHF,Pepperstone MT5
2025.03.14,0.60948,0.61642,0.60948,0.61621,52797,6,0,CADCHF,Pepperstone MT5
2025.03.17,0.61537,0.61699,0.61418,0.61640,44098,6,0,CADCHF,Pepperstone MT5
2025.03.18,0.61591,0.61688,0.61190,0.61314,41179,6,0,CADCHF,Pepperstone MT5
2025.03.19,0.61214,0.61516,0.61205,0.61246,43407,6,0,CADCHF,Pepperstone MT5
2025.03.20,0.61168,0.61677,0.61080,0.61558,46547,6,0,CADCHF,Pepperstone MT5
2025.03.21,0.61463,0.61731,0.61322,0.61543,40120,5,0,CADCHF,Pepperstone MT5
2025.03.24,0.61495,0.61897,0.61436,0.61645,40054,6,0,CADCHF,Pepperstone MT5
2025.03.25,0.61632,0.61838,0.61522,0.61802,36053,5,0,CADCHF,Pepperstone MT5
2025.03.26,0.61749,0.62108,0.61746,0.61929,39705,6,0,CADCHF,Pepperstone MT5
2025.03.27,0.61867,0.61955,0.61555,0.61629,42868,6,0,CADCHF,Pepperstone MT5
2025.03.28,0.61527,0.61734,0.61449,0.61515,41897,6,0,CADCHF,Pepperstone MT5
2025.03.31,0.61392,0.61581,0.61265,0.61440,49403,5,0,CADCHF,Pepperstone MT5
2025.04.01,0.61402,0.61795,0.61237,0.61767,47347,6,0,CADCHF,Pepperstone MT5
2025.04.02,0.61665,0.61977,0.61450,0.61871,49651,6,0,CADCHF,Pepperstone MT5
2025.04.03,0.61892,0.62047,0.60815,0.60942,108301,6,0,CADCHF,Pepperstone MT5
2025.04.04,0.60879,0.61068,0.59737,0.60503,123879,6,0,CADCHF,Pepperstone MT5
2025.04.07,0.59880,0.61136,0.59345,0.60384,155356,5,0,CADCHF,Pepperstone MT5
2025.04.08,0.60279,0.60652,0.59349,0.59394,109237,6,0,CADCHF,Pepperstone MT5
2025.04.09,0.59319,0.60926,0.58912,0.60921,139950,6,0,CADCHF,Pepperstone MT5
2025.04.10,0.60727,0.60978,0.58893,0.58899,123464,5,0,CADCHF,Pepperstone MT5
2025.04.11,0.58846,0.59096,0.58305,0.58744,136747,7,0,CADCHF,Pepperstone MT5
2025.04.14,0.58987,0.59511,0.58486,0.58687,95851,7,0,CADCHF,Pepperstone MT5
2025.04.15,0.58634,0.59046,0.58556,0.58969,68758,7,0,CADCHF,Pepperstone MT5
2025.04.16,0.58768,0.58952,0.58394,0.58688,79548,7,0,CADCHF,Pepperstone MT5
2025.04.17,0.58586,0.59433,0.58520,0.59228,65759,7,0,CADCHF,Pepperstone MT5
2025.04.18,0.59119,0.59182,0.58925,0.58979,165663,9,0,CADCHF,Pepperstone MT5
2025.04.21,0.58954,0.59029,0.58268,0.58441,59133,7,0,CADCHF,Pepperstone MT5
2025.04.22,0.58378,0.59319,0.58223,0.59276,65564,6,0,CADCHF,Pepperstone MT5
2025.04.23,0.59114,0.59870,0.59085,0.59821,82521,5,0,CADCHF,Pepperstone MT5
2025.04.24,0.59690,0.59830,0.59482,0.59671,58463,7,0,CADCHF,Pepperstone MT5
2025.04.25,0.59561,0.60037,0.59552,0.59775,54631,6,0,CADCHF,Pepperstone MT5
2025.04.28,0.59678,0.59917,0.59208,0.59278,51084,6,0,CADCHF,Pepperstone MT5
2025.04.29,0.59251,0.59695,0.59234,0.59547,55133,6,0,CADCHF,Pepperstone MT5
2025.04.30,0.59459,0.59988,0.59390,0.59886,60618,7,0,CADCHF,Pepperstone MT5
2025.05.01,0.59751,0.60277,0.59713,0.59855,51055,7,0,CADCHF,Pepperstone MT5
2025.05.02,0.59814,0.60082,0.59416,0.59809,61079,7,0,CADCHF,Pepperstone MT5
2025.05.05,0.59687,0.59918,0.59421,0.59465,48006,7,0,CADCHF,Pepperstone MT5
2025.05.06,0.59375,0.59911,0.59361,0.59641,51304,7,0,CADCHF,Pepperstone MT5
2025.05.07,0.59566,0.60034,0.59329,0.59510,62495,7,0,CADCHF,Pepperstone MT5
2025.05.08,0.59432,0.59846,0.59317,0.59730,62403,7,0,CADCHF,Pepperstone MT5
2025.05.09,0.59589,0.59828,0.59366,0.59639,49719,7,0,CADCHF,Pepperstone MT5
2025.05.12,0.59957,0.60599,0.59782,0.60490,71061,7,0,CADCHF,Pepperstone MT5
2025.05.13,0.60378,0.60512,0.60022,0.60229,56343,7,0,CADCHF,Pepperstone MT5
2025.05.14,0.60124,0.60349,0.59867,0.60222,65102,7,0,CADCHF,Pepperstone MT5
2025.05.15,0.60168,0.60257,0.59675,0.59836,55712,7,0,CADCHF,Pepperstone MT5
2025.05.16,0.59764,0.60068,0.59679,0.59937,45816,7,0,CADCHF,Pepperstone MT5
2025.05.19,0.59769,0.59893,0.59640,0.59812,56251,6,0,CADCHF,Pepperstone MT5
2025.05.20,0.59710,0.59911,0.59511,0.59516,54903,7,0,CADCHF,Pepperstone MT5
2025.05.21,0.59485,0.59738,0.59137,0.59534,61609,6,0,CADCHF,Pepperstone MT5
2025.05.22,0.59442,0.59895,0.59411,0.59815,59596,6,0,CADCHF,Pepperstone MT5
2025.05.23,0.59728,0.59859,0.59433,0.59781,59611,6,0,CADCHF,Pepperstone MT5
2025.05.26,0.59685,0.60006,0.59642,0.59746,39480,7,0,CADCHF,Pepperstone MT5
2025.05.27,0.59650,0.60116,0.59631,0.59886,52697,7,0,CADCHF,Pepperstone MT5
2025.05.28,0.59791,0.59991,0.59659,0.59763,51187,7,0,CADCHF,Pepperstone MT5
2025.05.29,0.59649,0.60239,0.59544,0.59586,63250,6,0,CADCHF,Pepperstone MT5
2025.05.30,0.59432,0.59977,0.59378,0.59910,58507,6,0,CADCHF,Pepperstone MT5
2025.06.02,0.59805,0.59954,0.59538,0.59570,54891,7,0,CADCHF,Pepperstone MT5
2025.06.03,0.59492,0.60081,0.59484,0.60041,45885,7,0,CADCHF,Pepperstone MT5
2025.06.04,0.59982,0.60107,0.59787,0.59817,51020,7,0,CADCHF,Pepperstone MT5
2025.06.05,0.59667,0.60170,0.59625,0.59941,56523,0,0,CADCHF,Pepperstone MT5
2025.06.06,0.59806,0.60242,0.59803,0.60013,49421,6,0,CADCHF,Pepperstone MT5
2025.06.09,0.59874,0.60079,0.59874,0.59956,37845,7,0,CADCHF,Pepperstone MT5
2025.06.10,0.59928,0.60195,0.59874,0.60161,46633,7,0,CADCHF,Pepperstone MT5
2025.06.11,0.60129,0.60203,0.59945,0.59986,47926,6,0,CADCHF,Pepperstone MT5
2025.06.12,0.59888,0.59990,0.59487,0.59569,54290,6,0,CADCHF,Pepperstone MT5
2025.06.13,0.59507,0.59817,0.59120,0.59720,68792,7,0,CADCHF,Pepperstone MT5
2025.06.16,0.59595,0.60036,0.59571,0.59958,55360,6,0,CADCHF,Pepperstone MT5
2025.06.17,0.59882,0.60045,0.59643,0.59676,54249,7,0,CADCHF,Pepperstone MT5
2025.06.18,0.59518,0.59905,0.59490,0.59771,53769,7,0,CADCHF,Pepperstone MT5
2025.06.19,0.59685,0.59866,0.59504,0.59593,42518,7,0,CADCHF,Pepperstone MT5
2025.06.20,0.59419,0.59661,0.59409,0.59557,45400,6,0,CADCHF,Pepperstone MT5
2025.06.23,0.59270,0.59554,0.59018,0.59157,66654,7,0,CADCHF,Pepperstone MT5
2025.06.24,0.59069,0.59218,0.58588,0.58661,55810,6,0,CADCHF,Pepperstone MT5
2025.06.25,0.58626,0.58836,0.58561,0.58617,41742,7,0,CADCHF,Pepperstone MT5
2025.06.26,0.58550,0.58729,0.58329,0.58651,51998,7,0,CADCHF,Pepperstone MT5
2025.06.27,0.58557,0.58750,0.58162,0.58337,52015,6,0,CADCHF,Pepperstone MT5
2025.06.30,0.58290,0.58457,0.58163,0.58272,50506,6,0,CADCHF,Pepperstone MT5
2025.07.01,0.58244,0.58297,0.57857,0.57956,48984,7,0,CADCHF,Pepperstone MT5
2025.07.02,0.57870,0.58295,0.57847,0.58271,42527,7,0,CADCHF,Pepperstone MT5
2025.07.03,0.58189,0.58690,0.58109,0.58528,40418,7,0,CADCHF,Pepperstone MT5
2025.07.04,0.58451,0.58558,0.58258,0.58355,56714,8,0,CADCHF,Pepperstone MT5
2025.07.07,0.58273,0.58492,0.58236,0.58317,43745,7,0,CADCHF,Pepperstone MT5
2025.07.08,0.58277,0.58480,0.58132,0.58230,43311,7,0,CADCHF,Pepperstone MT5
2025.07.09,0.58156,0.58311,0.58005,0.58021,36565,6,0,CADCHF,Pepperstone MT5
2025.07.10,0.57922,0.58361,0.57885,0.58357,33807,6,0,CADCHF,Pepperstone MT5
2025.07.11,0.58311,0.58365,0.58061,0.58177,42465,6,0,CADCHF,Pepperstone MT5
2025.07.14,0.58121,0.58308,0.58047,0.58213,35019,7,0,CADCHF,Pepperstone MT5
2025.07.15,0.58155,0.58497,0.58067,0.58396,37924,7,0,CADCHF,Pepperstone MT5
2025.07.16,0.58302,0.58628,0.58076,0.58523,47245,6,0,CADCHF,Pepperstone MT5
2025.07.17,0.58372,0.58657,0.58369,0.58477,39406,7,0,CADCHF,Pepperstone MT5
2025.07.18,0.58421,0.58495,0.58248,0.58380,34277,7,0,CADCHF,Pepperstone MT5
2025.07.21,0.58216,0.58426,0.58212,0.58291,35506,6,0,CADCHF,Pepperstone MT5
2025.07.22,0.58199,0.58412,0.58177,0.58202,36642,6,0,CADCHF,Pepperstone MT5
2025.07.23,0.58177,0.58451,0.58143,0.58267,42113,6,0,CADCHF,Pepperstone MT5
2025.07.24,0.58225,0.58437,0.58162,0.58307,42650,6,0,CADCHF,Pepperstone MT5
2025.07.25,0.58200,0.58364,0.57963,0.58043,40359,7,0,CADCHF,Pepperstone MT5
2025.07.28,0.57959,0.58538,0.57934,0.58471,44212,7,0,CADCHF,Pepperstone MT5
2025.07.29,0.58371,0.58688,0.58327,0.58521,43179,6,0,CADCHF,Pepperstone MT5
2025.07.30,0.58481,0.58925,0.58366,0.58918,49023,7,0,CADCHF,Pepperstone MT5
2025.07.31,0.58858,0.58916,0.58590,0.58613,48181,6,0,CADCHF,Pepperstone MT5
2025.08.01,0.58567,0.58893,0.58286,0.58303,63351,6,0,CADCHF,Pepperstone MT5
2025.08.04,0.58246,0.58732,0.58156,0.58636,49075,7,0,CADCHF,Pepperstone MT5
2025.08.05,0.58538,0.58789,0.58440,0.58615,42754,6,0,CADCHF,Pepperstone MT5
2025.08.06,0.58583,0.58764,0.58518,0.58666,41151,7,0,CADCHF,Pepperstone MT5
2025.08.07,0.58604,0.58872,0.58565,0.58655,44527,7,0,CADCHF,Pepperstone MT5
2025.08.08,0.58584,0.58882,0.58517,0.58743,38859,7,0,CADCHF,Pepperstone MT5
2025.08.11,0.58690,0.58976,0.58607,0.58952,34569,6,0,CADCHF,Pepperstone MT5
2025.08.12,0.58848,0.58984,0.58511,0.58544,48186,6,0,CADCHF,Pepperstone MT5
2025.08.13,0.58514,0.58588,0.58312,0.58526,39260,7,0,CADCHF,Pepperstone MT5
2025.08.14,0.58416,0.58600,0.58355,0.58442,44890,7,0,CADCHF,Pepperstone MT5
2025.08.15,0.58324,0.58488,0.58294,0.58368,36773,7,0,CADCHF,Pepperstone MT5
2025.08.18,0.58184,0.58601,0.58167,0.58477,33632,6,0,CADCHF,Pepperstone MT5
2025.08.19,0.58443,0.58520,0.58167,0.58216,35536,7,0,CADCHF,Pepperstone MT5
2025.08.20,0.58120,0.58335,0.57895,0.57944,38149,6,0,CADCHF,Pepperstone MT5
2025.08.21,0.57883,0.58209,0.57878,0.58129,36408,6,0,CADCHF,Pepperstone MT5
2025.08.22,0.58016,0.58236,0.57825,0.57948,40652,6,0,CADCHF,Pepperstone MT5
2025.08.25,0.57839,0.58223,0.57822,0.58123,32714,7,0,CADCHF,Pepperstone MT5
2025.08.26,0.58026,0.58236,0.57984,0.58034,40651,6,0,CADCHF,Pepperstone MT5
2025.08.27,0.57975,0.58284,0.57944,0.58164,35980,7,0,CADCHF,Pepperstone MT5
2025.08.28,0.58136,0.58333,0.58072,0.58269,38172,7,0,CADCHF,Pepperstone MT5
2025.08.29,0.58146,0.58416,0.58146,0.58265,38444,6,0,CADCHF,Pepperstone MT5
2025.09.01,0.58092,0.58314,0.58080,0.58191,29359,8,0,CADCHF,Pepperstone MT5
2025.09.02,0.58154,0.58485,0.58127,0.58357,47631,7,0,CADCHF,Pepperstone MT5
2025.09.03,0.58320,0.58437,0.58216,0.58291,40071,6,0,CADCHF,Pepperstone MT5
2025.09.04,0.58240,0.58359,0.58168,0.58302,37692,7,0,CADCHF,Pepperstone MT5
2025.09.05,0.58188,0.58309,0.57553,0.57721,41453,6,0,CADCHF,Pepperstone MT5
2025.09.08,0.57590,0.57769,0.57363,0.57457,38162,7,0,CADCHF,Pepperstone MT5
2025.09.09,0.57387,0.57625,0.57353,0.57579,37099,7,0,CADCHF,Pepperstone MT5
2025.09.10,0.57468,0.57660,0.57389,0.57639,35383,7,0,CADCHF,Pepperstone MT5
2025.09.11,0.57580,0.57656,0.57447,0.57517,39958,7,0,CADCHF,Pepperstone MT5
2025.09.12,0.57446,0.57647,0.57399,0.57529,25721,7,0,CADCHF,Pepperstone MT5
2025.09.15,0.57450,0.57696,0.57421,0.57656,25287,6,0,CADCHF,Pepperstone MT5
2025.09.16,0.57613,0.57697,0.57167,0.57190,33787,7,0,CADCHF,Pepperstone MT5
2025.09.17,0.57138,0.57297,0.57000,0.57267,37339,7,0,CADCHF,Pepperstone MT5
2025.09.18,0.57193,0.57506,0.57149,0.57438,40205,7,0,CADCHF,Pepperstone MT5
2025.09.19,0.57307,0.57766,0.57249,0.57721,40290,7,0,CADCHF,Pepperstone MT5
2025.09.22,0.57476,0.57809,0.57280,0.57337,32248,7,0,CADCHF,Pepperstone MT5
2025.09.23,0.57261,0.57362,0.57142,0.57183,35531,7,0,CADCHF,Pepperstone MT5
2025.09.24,0.57065,0.57311,0.57056,0.57211,36014,7,0,CADCHF,Pepperstone MT5
2025.09.25,0.57124,0.57503,0.57092,0.57346,38790,7,0,CADCHF,Pepperstone MT5
2025.09.26,0.57294,0.57415,0.57194,0.57227,36105,7,0,CADCHF,Pepperstone MT5
2025.09.29,0.57150,0.57330,0.57102,0.57316,31796,7,0,CADCHF,Pepperstone MT5
2025.09.30,0.57236,0.57338,0.57027,0.57187,35110,6,0,CADCHF,Pepperstone MT5
2025.10.01,0.57151,0.57337,0.56991,0.57181,42006,6,0,CADCHF,Pepperstone MT5
2025.10.02,0.57133,0.57217,0.57033,0.57127,32414,7,0,CADCHF,Pepperstone MT5
2025.10.03,0.57020,0.57149,0.56973,0.57010,29328,7,0,CADCHF,Pepperstone MT5
2025.10.06,0.56989,0.57277,0.56960,0.56994,36939,6,0,CADCHF,Pepperstone MT5
2025.10.07,0.56939,0.57247,0.56938,0.57218,30627,6,0,CADCHF,Pepperstone MT5
2025.10.08,0.57101,0.57512,0.57068,0.57466,31194,7,0,CADCHF,Pepperstone MT5
2025.10.09,0.57430,0.57611,0.57388,0.57498,36712,6,0,CADCHF,Pepperstone MT5
2025.10.10,0.57439,0.57626,0.57078,0.57085,39219,7,0,CADCHF,Pepperstone MT5
2025.10.13,0.57110,0.57453,0.57077,0.57266,36298,7,0,CADCHF,Pepperstone MT5
2025.10.14,0.57195,0.57346,0.56997,0.57025,43872,6,0,CADCHF,Pepperstone MT5
2025.10.15,0.56897,0.57079,0.56668,0.56744,35900,6,0,CADCHF,Pepperstone MT5
2025.10.16,0.56691,0.56850,0.56379,0.56404,44962,6,0,CADCHF,Pepperstone MT5
2025.10.17,0.56342,0.56613,0.56011,0.56568,51705,6,0,CADCHF,Pepperstone MT5
2025.10.20,0.56407,0.56669,0.56330,0.56447,32666,7,0,CADCHF,Pepperstone MT5
2025.10.21,0.56359,0.56818,0.56337,0.56782,40286,6,0,CADCHF,Pepperstone MT5
2025.10.22,0.56700,0.56955,0.56658,0.56873,36946,7,0,CADCHF,Pepperstone MT5
2025.10.23,0.56783,0.57061,0.56778,0.56828,29222,6,0,CADCHF,Pepperstone MT5
2025.10.24,0.56747,0.56888,0.56603,0.56803,34434,7,0,CADCHF,Pepperstone MT5
2025.10.27,0.56797,0.57039,0.56736,0.56848,30630,7,0,CADCHF,Pepperstone MT5
2025.10.28,0.56788,0.56937,0.56673,0.56879,34439,7,0,CADCHF,Pepperstone MT5
2025.10.29,0.56818,0.57503,0.56815,0.57373,43324,6,0,CADCHF,Pepperstone MT5
2025.10.30,0.57282,0.57421,0.57203,0.57336,43816,6,0,CADCHF,Pepperstone MT5
2025.10.31,0.57276,0.57465,0.57223,0.57437,35534,6,0,CADCHF,Pepperstone MT5
2025.11.03,0.57236,0.57541,0.57216,0.57485,34318,7,0,CADCHF,Pepperstone MT5
2025.11.04,0.57410,0.57560,0.57360,0.57462,36467,6,0,CADCHF,Pepperstone MT5
2025.11.05,0.57365,0.57487,0.57239,0.57427,37778,6,0,CADCHF,Pepperstone MT5
2025.11.06,0.57365,0.57458,0.57087,0.57103,38752,6,0,CADCHF,Pepperstone MT5
2025.11.07,0.57038,0.57401,0.57035,0.57319,38154,7,0,CADCHF,Pepperstone MT5
2025.11.10,0.57160,0.57537,0.57160,0.57405,43415,6,0,CADCHF,Pepperstone MT5
2025.11.11,0.57293,0.57509,0.57011,0.57095,33855,6,0,CADCHF,Pepperstone MT5
2025.11.12,0.56972,0.57171,0.56873,0.56951,33755,6,0,CADCHF,Pepperstone MT5
2025.11.13,0.56882,0.57058,0.56400,0.56486,39337,6,0,CADCHF,Pepperstone MT5
2025.11.14,0.56363,0.56675,0.56180,0.56618,44964,5,0,CADCHF,Pepperstone MT5
2025.11.17,0.56474,0.56746,0.56466,0.56631,34552,5,0,CADCHF,Pepperstone MT5
2025.11.18,0.56542,0.57229,0.56480,0.57162,43176,6,0,CADCHF,Pepperstone MT5
2025.11.19,0.57081,0.57406,0.57063,0.57326,42961,6,0,CADCHF,Pepperstone MT5
2025.11.20,0.57264,0.57434,0.57086,0.57152,47255,6,0,CADCHF,Pepperstone MT5
2025.11.21,0.57044,0.57402,0.56988,0.57319,50231,6,0,CADCHF,Pepperstone MT5
2025.11.24,0.57188,0.57439,0.57126,0.57295,35531,6,0,CADCHF,Pepperstone MT5
2025.11.25,0.57244,0.57401,0.57140,0.57279,37556,7,0,CADCHF,Pepperstone MT5
2025.11.26,0.57197,0.57356,0.57141,0.57259,42714,6,0,CADCHF,Pepperstone MT5
2025.11.27,0.57166,0.57426,0.57162,0.57355,27314,6,0,CADCHF,Pepperstone MT5
2025.11.28,0.57219,0.57679,0.57218,0.57447,87307,7,0,CADCHF,Pepperstone MT5
2025.12.01,0.57418,0.57528,0.57295,0.57489,37709,6,0,CADCHF,Pepperstone MT5
2025.12.02,0.57343,0.57579,0.57338,0.57468,27903,6,0,CADCHF,Pepperstone MT5
2025.12.03,0.57390,0.57480,0.57287,0.57311,32057,7,0,CADCHF,Pepperstone MT5
2025.12.04,0.57216,0.57606,0.57216,0.57580,33968,7,0,CADCHF,Pepperstone MT5
2025.12.05,0.57452,0.58207,0.57452,0.58206,32354,6,0,CADCHF,Pepperstone MT5
2025.12.08,0.58031,0.58468,0.58016,0.58219,37418,6,0,CADCHF,Pepperstone MT5
2025.12.09,0.58134,0.58368,0.58115,0.58222,35854,5,0,CADCHF,Pepperstone MT5
2025.12.10,0.58168,0.58244,0.57897,0.57986,39456,7,0,CADCHF,Pepperstone MT5
2025.12.11,0.57965,0.57999,0.57570,0.57752,42631,6,0,CADCHF,Pepperstone MT5
2025.12.12,0.57708,0.57865,0.57584,0.57812,37448,7,0,CADCHF,Pepperstone MT5
2025.12.15,0.57613,0.57939,0.57570,0.57831,37637,6,0,CADCHF,Pepperstone MT5
2025.12.16,0.57719,0.57886,0.57636,0.57807,43148,6,0,CADCHF,Pepperstone MT5
2025.12.17,0.57690,0.57986,0.57602,0.57700,39291,6,0,CADCHF,Pepperstone MT5
2025.12.18,0.57603,0.57812,0.57541,0.57631,40929,6,0,CADCHF,Pepperstone MT5
2025.12.19,0.57579,0.57812,0.57579,0.57627,36706,6,0,CADCHF,Pepperstone MT5
2025.12.22,0.57494,0.57699,0.57491,0.57593,36217,6,0,CADCHF,Pepperstone MT5
2025.12.23,0.57504,0.57662,0.57418,0.57548,40010,7,0,CADCHF,Pepperstone MT5
2025.12.24,0.57439,0.57735,0.57423,0.57620,32653,7,0,CADCHF,Pepperstone MT5
2025.12.26,0.57380,0.57816,0.57380,0.57719,39865,8,0,CADCHF,Pepperstone MT5
2025.12.29,0.57609,0.57808,0.57560,0.57642,46001,6,0,CADCHF,Pepperstone MT5
2025.12.30,0.57524,0.57862,0.57524,0.57815,37090,7,0,CADCHF,Pepperstone MT5
2025.12.31,0.57763,0.57942,0.57759,0.57791,37297,7,0,CADCHF,Pepperstone MT5
2026.01.02,0.57659,0.57925,0.57568,0.57706,36935,7,0,CADCHF,Pepperstone MT5
2026.01.05,0.57515,0.57833,0.57456,0.57460,46402,6,0,CADCHF,Pepperstone MT5
2026.01.06,0.57398,0.57718,0.57383,0.57589,37051,6,0,CADCHF,Pepperstone MT5
2026.01.07,0.57525,0.57735,0.57497,0.57550,39853,6,0,CADCHF,Pepperstone MT5
2026.01.08,0.57428,0.57687,0.57423,0.57602,36823,6,0,CADCHF,Pepperstone MT5
2026.01.09,0.57578,0.57714,0.57531,0.57553,39976,6,0,CADCHF,Pepperstone MT5
2026.01.12,0.57452,0.57633,0.57344,0.57446,41165,6,0,CADCHF,Pepperstone MT5
2026.01.13,0.57363,0.57699,0.57353,0.57662,38922,6,0,CADCHF,Pepperstone MT5
2026.01.14,0.57619,0.57787,0.57516,0.57602,40096,6,0,CADCHF,Pepperstone MT5
2026.01.15,0.57509,0.57865,0.57481,0.57815,36851,7,0,CADCHF,Pepperstone MT5
2026.01.16,0.57755,0.57846,0.57614,0.57695,34308,6,0,CADCHF,Pepperstone MT5
2026.01.19,0.57514,0.57646,0.57389,0.57478,40242,7,0,CADCHF,Pepperstone MT5
2026.01.20,0.57414,0.57534,0.57009,0.57067,49703,6,0,CADCHF,Pepperstone MT5
2026.01.21,0.56967,0.57599,0.56946,0.57496,48151,6,0,CADCHF,Pepperstone MT5
2026.01.22,0.57471,0.57556,0.57219,0.57225,43170,6,0,CADCHF,Pepperstone MT5
2026.01.23,0.57219,0.57497,0.56857,0.56935,44702,7,0,CADCHF,Pepperstone MT5
2026.01.26,0.56517,0.56914,0.56501,0.56675,58897,7,0,CADCHF,Pepperstone MT5
2026.01.27,0.56505,0.56691,0.56004,0.56057,57491,6,0,CADCHF,Pepperstone MT5
2026.01.28,0.55928,0.56858,0.55927,0.56660,69384,6,0,CADCHF,Pepperstone MT5
2026.01.29,0.56568,0.56844,0.56499,0.56655,70125,6,0,CADCHF,Pepperstone MT5
2026.01.30,0.56639,0.56923,0.56560,0.56742,79877,6,0,CADCHF,Pepperstone MT5
2026.02.02,0.56663,0.57172,0.56532,0.56982,74642,6,0,CADCHF,Pepperstone MT5
2026.02.03,0.56847,0.57012,0.56740,0.56806,54829,7,0,CADCHF,Pepperstone MT5
2026.02.04,0.56864,0.56947,0.56737,0.56880,51108,6,0,CADCHF,Pepperstone MT5
2026.02.05,0.56753,0.56920,0.56626,0.56741,56445,7,0,CADCHF,Pepperstone MT5
2026.02.06,0.56688,0.56976,0.56665,0.56787,42753,7,0,CADCHF,Pepperstone MT5
2026.02.09,0.56592,0.56842,0.56433,0.56501,47616,7,0,CADCHF,Pepperstone MT5
2026.02.10,0.56409,0.56715,0.56372,0.56653,40706,7,0,CADCHF,Pepperstone MT5
2026.02.11,0.56390,0.56872,0.56371,0.56830,51184,6,0,CADCHF,Pepperstone MT5
2026.02.12,0.56680,0.56856,0.56401,0.56521,51049,6,0,CADCHF,Pepperstone MT5
2026.02.13,0.56378,0.56618,0.56298,0.56358,44316,6,0,CADCHF,Pepperstone MT5
2026.02.16,0.56378,0.56566,0.56287,0.56422,23723,7,0,CADCHF,Pepperstone MT5
2026.02.17,0.56329,0.56573,0.56314,0.56456,41851,7,0,CADCHF,Pepperstone MT5
2026.02.18,0.56417,0.56533,0.56387,0.56440,34998,6,0,CADCHF,Pepperstone MT5
2026.02.19,0.56153,0.56686,0.56152,0.56642,37438,7,0,CADCHF,Pepperstone MT5
2026.02.20,0.56584,0.56744,0.56527,0.56655,47316,6,0,CADCHF,Pepperstone MT5
2026.02.23,0.56456,0.56732,0.56437,0.56547,42916,7,0,CADCHF,Pepperstone MT5
2026.02.24,0.56443,0.56663,0.56399,0.56492,38395,7,0,CADCHF,Pepperstone MT5
2026.02.25,0.56459,0.56605,0.56413,0.56486,36974,7,0,CADCHF,Pepperstone MT5
2026.02.26,0.56375,0.56675,0.56324,0.56567,39970,6,0,CADCHF,Pepperstone MT5
2026.02.27,0.56473,0.56588,0.56232,0.56374,43551,7,0,CADCHF,Pepperstone MT5
2026.03.02,0.56147,0.57030,0.56147,0.56968,65522,7,0,CADCHF,Pepperstone MT5
2026.03.03,0.56875,0.57440,0.56847,0.57150,77249,7,0,CADCHF,Pepperstone MT5
2026.03.04,0.57125,0.57294,0.57004,0.57096,65603,6,0,CADCHF,Pepperstone MT5
2026.03.05,0.57026,0.57313,0.57014,0.57099,68660,7,0,CADCHF,Pepperstone MT5
2026.03.06,0.57065,0.57313,0.57039,0.57182,64496,6,0,CADCHF,Pepperstone MT5
2026.03.09,0.57255,0.57630,0.57082,0.57192,77495,7,0,CADCHF,Pepperstone MT5
2026.03.10,0.57196,0.57365,0.57090,0.57316,61437,7,0,CADCHF,Pepperstone MT5
2026.03.11,0.57122,0.57451,0.57122,0.57417,50831,7,0,CADCHF,Pepperstone MT5
2026.03.12,0.57255,0.57699,0.57255,0.57637,52938,6,0,CADCHF,Pepperstone MT5
2026.03.13,0.57529,0.57768,0.57359,0.57634,51629,6,0,CADCHF,Pepperstone MT5
2026.03.16,0.57482,0.57764,0.57471,0.57543,46604,6,0,CADCHF,Pepperstone MT5
2026.03.17,0.57440,0.57678,0.57265,0.57312,38254,7,0,CADCHF,Pepperstone MT5
2026.03.18,0.57281,0.57780,0.57250,0.57760,44572,7,0,CADCHF,Pepperstone MT5
2026.03.19,0.57733,0.57936,0.57287,0.57362,64510,7,0,CADCHF,Pepperstone MT5
2026.03.20,0.57349,0.57579,0.57284,0.57407,52583,6,0,CADCHF,Pepperstone MT5
2026.03.23,0.57358,0.57743,0.57194,0.57285,77227,5,0,CADCHF,Pepperstone MT5
2026.03.24,0.57267,0.57554,0.57188,0.57252,62968,7,0,CADCHF,Pepperstone MT5
2026.03.25,0.57246,0.57457,0.57151,0.57297,50294,7,0,CADCHF,Pepperstone MT5
2026.03.26,0.57319,0.57447,0.57216,0.57349,41998,7,0,CADCHF,Pepperstone MT5
2026.03.27,0.57340,0.57588,0.57222,0.57508,43127,6,0,CADCHF,Pepperstone MT5
2026.03.30,0.57441,0.57557,0.57252,0.57399,53899,7,0,CADCHF,Pepperstone MT5
2026.03.31,0.57261,0.57623,0.57208,0.57439,65128,7,0,CADCHF,Pepperstone MT5
2026.04.01,0.57391,0.57509,0.56938,0.57242,64452,6,0,CADCHF,Pepperstone MT5
2026.04.02,0.57216,0.57522,0.57152,0.57361,65263,7,0,CADCHF,Pepperstone MT5
2026.04.03,0.57283,0.57454,0.57135,0.57300,36891,7,0,CADCHF,Pepperstone MT5
2026.04.06,0.57277,0.57488,0.57226,0.57356,49572,7,0,CADCHF,Pepperstone MT5
2026.04.07,0.57279,0.57565,0.57268,0.57421,55142,7,0,CADCHF,Pepperstone MT5
2026.04.08,0.57383,0.57423,0.56821,0.57147,83810,7,0,CADCHF,Pepperstone MT5
2026.04.09,0.57052,0.57237,0.57036,0.57200,55548,7,0,CADCHF,Pepperstone MT5
2026.04.10,0.57075,0.57240,0.56908,0.57004,49870,7,0,CADCHF,Pepperstone MT5
2026.04.13,0.56942,0.57181,0.56781,0.56821,52258,6,0,CADCHF,Pepperstone MT5
2026.04.14,0.56723,0.56848,0.56660,0.56719,48704,7,0,CADCHF,Pepperstone MT5
2026.04.15,0.56681,0.56965,0.56651,0.56889,48320,7,0,CADCHF,Pepperstone MT5
2026.04.16,0.56898,0.57245,0.56848,0.57172,52828,7,0,CADCHF,Pepperstone MT5
2026.04.17,0.57084,0.57283,0.56917,0.57111,53952,6,0,CADCHF,Pepperstone MT5
2026.04.20,0.57001,0.57193,0.56958,0.57036,57472,7,0,CADCHF,Pepperstone MT5
2026.04.21,0.56938,0.57231,0.56938,0.57131,57398,7,0,CADCHF,Pepperstone MT5
2026.04.22,0.57014,0.57412,0.57010,0.57377,50554,7,0,CADCHF,Pepperstone MT5
2026.04.23,0.57313,0.57475,0.57262,0.57405,61805,6,0,CADCHF,Pepperstone MT5
2026.04.24,0.57194,0.57500,0.57185,0.57417,53038,6,0,CADCHF,Pepperstone MT5
2026.04.27,0.57464,0.57699,0.57325,0.57640,45376,7,0,CADCHF,Pepperstone MT5
2026.04.28,0.57496,0.57898,0.57483,0.57670,56876,6,0,CADCHF,Pepperstone MT5
2026.04.29,0.57664,0.57889,0.57617,0.57839,59063,7,0,CADCHF,Pepperstone MT5
2026.04.30,0.57690,0.57893,0.57308,0.57516,83626,6,0,CADCHF,Pepperstone MT5
2026.05.01,0.57509,0.57631,0.57338,0.57505,59461,7,0,CADCHF,Pepperstone MT5
2026.05.04,0.57281,0.57636,0.57256,0.57511,63150,6,0,CADCHF,Pepperstone MT5
2026.05.05,0.57454,0.57604,0.57384,0.57489,50150,7,0,CADCHF,Pepperstone MT5
2026.05.06,0.57423,0.57518,0.57081,0.57108,71248,7,0,CADCHF,Pepperstone MT5
2026.05.07,0.57026,0.57176,0.56959,0.57123,61427,7,0,CADCHF,Pepperstone MT5
2026.05.08,0.57036,0.57156,0.56681,0.56765,53558,7,0,CADCHF,Pepperstone MT5
2026.05.11,0.56744,0.56996,0.56687,0.56870,46853,7,0,CADCHF,Pepperstone MT5
2026.05.12,0.56781,0.57035,0.56723,0.56981,56083,6,0,CADCHF,Pepperstone MT5
2026.05.13,0.56939,0.57169,0.56925,0.57027,50094,7,0,CADCHF,Pepperstone MT5
2026.05.14,0.56958,0.57141,0.56932,0.57116,52137,7,0,CADCHF,Pepperstone MT5
2026.05.15,0.57047,0.57274,0.57027,0.57202,58330,7,0,CADCHF,Pepperstone MT5
2026.05.18,0.57112,0.57248,0.57070,0.57084,62788,7,0,CADCHF,Pepperstone MT5
2026.05.19,0.57034,0.57433,0.57012,0.57391,59225,7,0,CADCHF,Pepperstone MT5
2026.05.20,0.57331,0.57456,0.57211,0.57262,62069,7,0,CADCHF,Pepperstone MT5
2026.05.21,0.57177,0.57329,0.57041,0.57086,69263,6,0,CADCHF,Pepperstone MT5
2026.05.22,0.56995,0.57107,0.56757,0.56784,48456,7,0,CADCHF,Pepperstone MT5
2026.05.25,0.56700,0.56774,0.56545,0.56693,31236,7,0,CADCHF,Pepperstone MT5
2026.05.26,0.56598,0.56948,0.56585,0.56877,47775,7,0,CADCHF,Pepperstone MT5
2026.05.27,0.56865,0.56928,0.56739,0.56860,50396,7,0,CADCHF,Pepperstone MT5
2026.05.28,0.56814,0.56986,0.56752,0.56868,56606,7,0,CADCHF,Pepperstone MT5
2026.05.29,0.56781,0.56892,0.56530,0.56618,57058,6,0,CADCHF,Pepperstone MT5
2026.06.01,0.56501,0.56950,0.56483,0.56830,56633,6,0,CADCHF,Pepperstone MT5
2026.06.02,0.56748,0.56966,0.56679,0.56876,47103,7,0,CADCHF,Pepperstone MT5
2026.06.03,0.56803,0.57039,0.56798,0.56990,51497,6,0,CADCHF,Pepperstone MT5
2026.06.04,0.56923,0.57005,0.56637,0.56756,55297,6,0,CADCHF,Pepperstone MT5
2026.06.05,0.56648,0.57137,0.56632,0.57107,61438,7,0,CADCHF,Pepperstone MT5
2026.06.08,0.56961,0.57238,0.56961,0.57174,62952,7,0,CADCHF,Pepperstone MT5
2026.06.09,0.57104,0.57259,0.57063,0.57216,58452,7,0,CADCHF,Pepperstone MT5
2026.06.10,0.57128,0.57388,0.57115,0.57368,64770,6,0,CADCHF,Pepperstone MT5
2026.06.11,0.57224,0.57396,0.56887,0.56906,73377,6,0,CADCHF,Pepperstone MT5
2026.06.12,0.56837,0.57051,0.56830,0.56963,65649,6,0,CADCHF,Pepperstone MT5
2026.06.15,0.56820,0.56878,0.56661,0.56797,52695,7,0,CADCHF,Pepperstone MT5
2026.06.16,0.56695,0.56809,0.56647,0.56663,45522,7,0,CADCHF,Pepperstone MT5
2026.06.17,0.56620,0.56784,0.56422,0.56712,54149,5,0,CADCHF,Pepperstone MT5
2026.06.18,0.56683,0.56999,0.56602,0.56903,64385,7,0,CADCHF,Pepperstone MT5
2026.06.19,0.56816,0.57145,0.56809,0.56912,49757,7,0,CADCHF,Pepperstone MT5
2026.06.22,0.56907,0.57164,0.56907,0.57102,55634,6,0,CADCHF,Pepperstone MT5
2026.06.23,0.57048,0.57143,0.56947,0.56966,55026,6,0,CADCHF,Pepperstone MT5
2026.06.24,0.56937,0.57144,0.56912,0.57066,56179,6,0,CADCHF,Pepperstone MT5
2026.06.25,0.56967,0.57116,0.56953,0.57044,55542,6,0,CADCHF,Pepperstone MT5
2026.06.26,0.56935,0.57109,0.56909,0.57072,57493,7,0,CADCHF,Pepperstone MT5
2026.06.29,0.56998,0.57094,0.56803,0.56809,47873,7,0,CADCHF,Pepperstone MT5
2026.06.30,0.56771,0.56980,0.56763,0.56933,52367,7,0,CADCHF,Pepperstone MT5
2026.07.01,0.56892,0.57045,0.56819,0.56939,48310,7,0,CADCHF,Pepperstone MT5
2026.07.02,0.56846,0.56947,0.56541,0.56653,64194,7,0,CADCHF,Pepperstone MT5
2026.07.03,0.56567,0.56689,0.56510,0.56527,61254,7,0,CADCHF,Pepperstone MT5
2026.07.06,0.56509,0.56742,0.56494,0.56672,45026,7,0,CADCHF,Pepperstone MT5
2026.07.07,0.56621,0.56941,0.56580,0.56927,45341,6,0,CADCHF,Pepperstone MT5
2026.07.08,0.56827,0.57132,0.56807,0.57033,62260,6,0,CADCHF,Pepperstone MT5
2026.07.09,0.56965,0.57051,0.56821,0.56954,46208,7,0,CADCHF,Pepperstone MT5
2026.07.10,0.56828,0.57155,0.56800,0.57125,52390,6,0,CADCHF,Pepperstone MT5
2026.07.13,0.56955,0.57572,0.56920,0.57539,57823,7,0,CADCHF,Pepperstone MT5
2026.07.14,0.57493,0.57717,0.57262,0.57542,64039,6,0,CADCHF,Pepperstone MT5
2026.07.15,0.57405,0.57676,0.57276,0.57345,51264,7,0,CADCHF,Pepperstone MT5
2026.07.16,0.57261,0.57671,0.57261,0.57586,48428,7,0,CADCHF,Pepperstone MT5
2026.07.17,0.57459,0.57651,0.57459,0.57589,45455,7,0,CADCHF,Pepperstone MT5
2026.07.20,0.57580,0.57692,0.57503,0.57584,39807,7,0,CADCHF,Pepperstone MT5
2026.07.21,0.57469,0.57671,0.57437,0.57599,41219,7,0,CADCHF,Pepperstone MT5
2026.07.22,0.57532,0.57840,0.57522,0.57803,38778,7,0,CADCHF,Pepperstone MT5
2026.07.23,0.57785,0.58063,0.57770,0.57992,53264,6,0,CADCHF,Pepperstone MT5
2026.07.24,0.57886,0.58063,0.57886,0.58050,48542,7,0,CADCHF,Pepperstone MT5
2026.07.27,0.57864,0.58043,0.57741,0.58002,50389,6,0,CADCHF,Pepperstone MT5
2026.07.28,0.57930,0.58135,0.57855,0.58067,43024,7,0,CADCHF,Pepperstone MT5
2026.07.29,0.57946,0.58225,0.57892,0.57910,59148,6,0,CADCHF,Pepperstone MT5
2026.07.30,0.57836,0.58112,0.57400,0.57452,70311,6,0,CADCHF,Pepperstone MT5
2026.07.31,0.57371,0.57885,0.57367,0.57602,68669,6,0,CADCHF,Pepperstone MT5
2026.08.03,0.57461,0.57786,0.57456,0.57688,55569,4,0,CADCHF,Pepperstone MT5
2026.08.04,0.57584,0.57718,0.57458,0.57528,49917,4,0,CADCHF,Pepperstone MT5
2026.08.05,0.57489,0.57633,0.57385,0.57597,49849,4,0,CADCHF,Pepperstone MT5
2026.08.06,0.57494,0.58003,0.57490,0.57964,40974,3,0,CADCHF,Pepperstone MT5
2026.08.07,0.57901,0.57997,0.57721,0.57937,45294,3,0,CADCHF,Pepperstone MT5
2026.08.10,0.57767,0.58139,0.57755,0.58118,39064,4,0,CADCHF,Pepperstone MT5
2026.08.11,0.58042,0.58327,0.58004,0.58228,39261,3,0,CADCHF,Pepperstone MT5
2026.08.12,0.58149,0.58375,0.58128,0.58362,41217,4,0,CADCHF,Pepperstone MT5
2026.08.13,0.58255,0.58494,0.58190,0.58438,43442,4,0,CADCHF,Pepperstone MT5
2026.08.14,0.58316,0.58640,0.58289,0.58629,44190,4,0,CADCHF,Pepperstone MT5
2026.08.17,0.58431,0.58631,0.58270,0.58438,45826,3,0,CADCHF,Pepperstone MT5
2026.08.18,0.58326,0.58614,0.58307,0.58458,42883,3,0,CADCHF,Pepperstone MT5
2026.08.19,0.58441,0.58486,0.57702,0.57733,61042,3,0,CADCHF,Pepperstone MT5
2026.08.20,0.57697,0.58085,0.57696,0.58048,62928,3,0,CADCHF,Pepperstone MT5
2026.08.21,0.57949,0.58239,0.57949,0.58201,52223,3,0,CADCHF,Pepperstone MT5
2026.08.24,0.57984,0.58101,0.57887,0.57956,52802,3,0,CADCHF,Pepperstone MT5
2026.08.25,0.57826,0.58049,0.57826,0.57893,44530,3,0,CADCHF,Pepperstone MT5
2026.08.26,0.57814,0.58088,0.57806,0.58028,43705,3,0,CADCHF,Pepperstone MT5
2026.08.27,0.57993,0.58077,0.57928,0.58043,44226,4,0,CADCHF,Pepperstone MT5
2026.08.28,0.57948,0.58236,0.57921,0.58194,47971,4,0,CADCHF,Pepperstone MT5
2026.08.31,0.58032,0.58356,0.58032,0.58339,46425,3,0,CADCHF,Pepperstone MT5
2026.09.01,0.58232,0.58444,0.58223,0.58403,46488,3,0,CADCHF,Pepperstone MT5
2026.09.02,0.58323,0.58778,0.58318,0.58714,55901,3,0,CADCHF,Pepperstone MT5
2026.09.03,0.58661,0.58758,0.58448,0.58548,61591,3,0,CADCHF,Pepperstone MT5
2026.09.04,0.58409,0.58715,0.58379,0.58530,55876,3,0,CADCHF,Pepperstone MT5
2026.09.07,0.58459,0.58619,0.58421,0.58598,35040,4,0,CADCHF,Pepperstone MT5
2026.09.08,0.58507,0.58830,0.58487,0.58738,55178,3,0,CADCHF,Pepperstone MT5
2026.09.09,0.58600,0.58802,0.58513,0.58683,47780,3,0,CADCHF,Pepperstone MT5
2026.09.10,0.58534,0.58905,0.58534,0.58773,50454,4,0,CADCHF,Pepperstone MT5
2026.09.11,0.58694,0.58922,0.58692,0.58850,58069,4,0,CADCHF,Pepperstone MT5
2026.09.14,0.58785,0.59022,0.58753,0.58778,22939,4,0,CADCHF,Pepperstone MT5
