date,open,high,low,close,tick_volume,spread,real_volume,symbol,source
1993.04.28,1.76110,1.77070,1.75740,1.76600,2171,50,0,EURCHF,Pepperstone MT5
1993.04.29,1.76750,1.77330,1.76350,1.76380,1591,50,0,EURCHF,Pepperstone MT5
1993.04.30,1.76290,1.76990,1.76050,1.76610,1561,50,0,EURCHF,Pepperstone MT5
1993.05.03,1.76670,1.77250,1.76260,1.76800,1851,50,0,EURCHF,Pepperstone MT5
1993.05.04,1.76740,1.77060,1.76170,1.76440,1481,50,0,EURCHF,Pepperstone MT5
1993.05.05,1.76420,1.76690,1.75350,1.75530,1791,50,0,EURCHF,Pepperstone MT5
1993.05.06,1.75530,1.76100,1.75460,1.75550,1261,50,0,EURCHF,Pepperstone MT5
1993.05.07,1.75500,1.76650,1.75350,1.76360,1741,50,0,EURCHF,Pepperstone MT5
1993.05.10,1.76490,1.77560,1.76000,1.77310,2301,50,0,EURCHF,Pepperstone MT5
1993.05.11,1.77350,1.77700,1.76890,1.77200,1471,50,0,EURCHF,Pepperstone MT5
1993.05.12,1.77180,1.77870,1.77080,1.77620,1141,50,0,EURCHF,Pepperstone MT5
1993.05.13,1.77280,1.77590,1.76350,1.76810,2011,50,0,EURCHF,Pepperstone MT5
1993.05.14,1.76830,1.77280,1.76590,1.76750,1301,50,0,EURCHF,Pepperstone MT5
1993.05.17,1.77230,1.78010,1.76570,1.77550,2561,50,0,EURCHF,Pepperstone MT5
1993.05.18,1.77520,1.78250,1.77400,1.78100,1121,50,0,EURCHF,Pepperstone MT5
1993.05.19,1.78240,1.78340,1.77370,1.77470,1171,50,0,EURCHF,Pepperstone MT5
1993.05.20,1.77650,1.77760,1.77100,1.77430,1101,50,0,EURCHF,Pepperstone MT5
1993.05.21,1.77590,1.77620,1.76380,1.76640,1531,50,0,EURCHF,Pepperstone MT5
1993.05.24,1.77000,1.77000,1.75390,1.75690,1911,50,0,EURCHF,Pepperstone MT5
1993.05.25,1.75690,1.76040,1.74780,1.74980,1811,50,0,EURCHF,Pepperstone MT5
1993.05.26,1.75020,1.75460,1.74480,1.74790,1731,50,0,EURCHF,Pepperstone MT5
1993.05.27,1.74750,1.75130,1.74080,1.74480,1831,50,0,EURCHF,Pepperstone MT5
1993.05.28,1.74480,1.75260,1.74210,1.74770,1811,50,0,EURCHF,Pepperstone MT5
1993.05.31,1.74790,1.75010,1.74600,1.74800,811,50,0,EURCHF,Pepperstone MT5
1993.06.01,1.74710,1.75230,1.74500,1.74940,1231,50,0,EURCHF,Pepperstone MT5
1993.06.02,1.74970,1.75450,1.73960,1.74140,2151,50,0,EURCHF,Pepperstone MT5
1993.06.03,1.74190,1.75100,1.73810,1.74850,1921,50,0,EURCHF,Pepperstone MT5
1993.06.04,1.74880,1.76120,1.74430,1.76000,2261,50,0,EURCHF,Pepperstone MT5
1993.06.07,1.75940,1.76040,1.75440,1.75610,871,50,0,EURCHF,Pepperstone MT5
1993.06.08,1.75540,1.76030,1.74860,1.75810,2071,50,0,EURCHF,Pepperstone MT5
1993.06.09,1.75800,1.76380,1.75050,1.76040,2421,50,0,EURCHF,Pepperstone MT5
1993.06.10,1.76010,1.76070,1.75350,1.75390,821,50,0,EURCHF,Pepperstone MT5
1993.06.11,1.75410,1.75610,1.74450,1.74670,1581,50,0,EURCHF,Pepperstone MT5
1993.06.14,1.74710,1.74930,1.74010,1.74690,1821,50,0,EURCHF,Pepperstone MT5
1993.06.15,1.74690,1.75120,1.74290,1.74810,1541,50,0,EURCHF,Pepperstone MT5
1993.06.16,1.74660,1.75600,1.74490,1.75220,1661,50,0,EURCHF,Pepperstone MT5
1993.06.17,1.75120,1.75530,1.74450,1.74680,1721,50,0,EURCHF,Pepperstone MT5
1993.06.18,1.74600,1.75040,1.74130,1.74630,1791,50,0,EURCHF,Pepperstone MT5
1993.06.21,1.74680,1.74720,1.73590,1.74010,1591,50,0,EURCHF,Pepperstone MT5
1993.06.22,1.74010,1.75350,1.73530,1.74230,3421,50,0,EURCHF,Pepperstone MT5
1993.06.23,1.74120,1.74570,1.73680,1.73890,1551,50,0,EURCHF,Pepperstone MT5
1993.06.24,1.74050,1.74190,1.73240,1.73630,1481,50,0,EURCHF,Pepperstone MT5
1993.06.25,1.73610,1.73940,1.73180,1.73630,1501,50,0,EURCHF,Pepperstone MT5
1993.06.28,1.73540,1.73730,1.72810,1.73580,1801,50,0,EURCHF,Pepperstone MT5
1993.06.29,1.73540,1.73960,1.73170,1.73540,1581,50,0,EURCHF,Pepperstone MT5
1993.06.30,1.73500,1.73890,1.72940,1.73300,1701,50,0,EURCHF,Pepperstone MT5
1993.07.01,1.73230,1.74650,1.73230,1.74420,1651,50,0,EURCHF,Pepperstone MT5
1993.07.02,1.74250,1.74520,1.73670,1.74090,1541,50,0,EURCHF,Pepperstone MT5
1993.07.05,1.73950,1.74580,1.73850,1.74520,891,50,0,EURCHF,Pepperstone MT5
1993.07.06,1.74390,1.74610,1.73290,1.73610,1861,50,0,EURCHF,Pepperstone MT5
1993.07.07,1.73650,1.73770,1.73060,1.73310,1081,50,0,EURCHF,Pepperstone MT5
1993.07.08,1.73350,1.74320,1.72940,1.74020,2091,50,0,EURCHF,Pepperstone MT5
1993.07.09,1.73650,1.74370,1.73590,1.73890,1321,50,0,EURCHF,Pepperstone MT5
1993.07.12,1.74190,1.74190,1.72680,1.72680,1511,50,0,EURCHF,Pepperstone MT5
1993.07.13,1.72690,1.73140,1.72480,1.72800,1211,50,0,EURCHF,Pepperstone MT5
1993.07.14,1.72810,1.72880,1.71940,1.72170,1241,50,0,EURCHF,Pepperstone MT5
1993.07.15,1.72110,1.72520,1.71680,1.72260,1531,50,0,EURCHF,Pepperstone MT5
1993.07.16,1.72260,1.72400,1.71420,1.71450,1151,50,0,EURCHF,Pepperstone MT5
1993.07.19,1.71880,1.72320,1.71630,1.72320,941,50,0,EURCHF,Pepperstone MT5
1993.07.20,1.72420,1.72650,1.71520,1.72330,2171,50,0,EURCHF,Pepperstone MT5
1993.07.21,1.72370,1.73200,1.72200,1.72780,1591,50,0,EURCHF,Pepperstone MT5
1993.07.22,1.72920,1.72970,1.71790,1.72630,2071,50,0,EURCHF,Pepperstone MT5
1993.07.23,1.72520,1.73130,1.72040,1.72590,2111,50,0,EURCHF,Pepperstone MT5
1993.07.26,1.72910,1.72950,1.71640,1.72360,2071,50,0,EURCHF,Pepperstone MT5
1993.07.27,1.72410,1.72750,1.72020,1.72250,1301,50,0,EURCHF,Pepperstone MT5
1993.07.28,1.72210,1.72660,1.71710,1.72080,1771,50,0,EURCHF,Pepperstone MT5
1993.07.29,1.72370,1.72410,1.71310,1.71860,1691,50,0,EURCHF,Pepperstone MT5
1993.07.30,1.71650,1.71920,1.70640,1.71040,1951,50,0,EURCHF,Pepperstone MT5
1993.08.02,1.70950,1.72460,1.70740,1.71220,3171,50,0,EURCHF,Pepperstone MT5
1993.08.03,1.71230,1.72600,1.70920,1.72050,2541,50,0,EURCHF,Pepperstone MT5
1993.08.04,1.71950,1.72830,1.71950,1.72160,1551,50,0,EURCHF,Pepperstone MT5
1993.08.05,1.72110,1.72670,1.71810,1.72230,1601,50,0,EURCHF,Pepperstone MT5
1993.08.06,1.72270,1.73640,1.72000,1.73290,2261,50,0,EURCHF,Pepperstone MT5
1993.08.09,1.73170,1.73680,1.73000,1.73190,1341,50,0,EURCHF,Pepperstone MT5
1993.08.10,1.73190,1.74300,1.72890,1.73840,2171,50,0,EURCHF,Pepperstone MT5
1993.08.11,1.73840,1.74310,1.73550,1.74280,1081,50,0,EURCHF,Pepperstone MT5
1993.08.12,1.74220,1.74350,1.73310,1.73760,1621,50,0,EURCHF,Pepperstone MT5
1993.08.13,1.73780,1.74700,1.73600,1.74240,1741,50,0,EURCHF,Pepperstone MT5
1993.08.16,1.74350,1.74930,1.72850,1.73320,3131,50,0,EURCHF,Pepperstone MT5
1993.08.17,1.73420,1.73890,1.73060,1.73560,1521,50,0,EURCHF,Pepperstone MT5
1993.08.18,1.73490,1.73800,1.72560,1.72890,1881,50,0,EURCHF,Pepperstone MT5
1993.08.19,1.73180,1.73180,1.72040,1.72280,1381,50,0,EURCHF,Pepperstone MT5
1993.08.20,1.72330,1.72500,1.71040,1.71650,2241,50,0,EURCHF,Pepperstone MT5
1993.08.23,1.72270,1.72400,1.71220,1.71910,2001,50,0,EURCHF,Pepperstone MT5
1993.08.24,1.71720,1.72450,1.71460,1.71850,1851,50,0,EURCHF,Pepperstone MT5
1993.08.25,1.71920,1.72260,1.71400,1.72130,1511,50,0,EURCHF,Pepperstone MT5
1993.08.26,1.72140,1.73010,1.71770,1.72500,2121,50,0,EURCHF,Pepperstone MT5
1993.08.27,1.72470,1.73080,1.72030,1.72720,1851,50,0,EURCHF,Pepperstone MT5
1993.08.30,1.72720,1.72870,1.71930,1.72200,1361,50,0,EURCHF,Pepperstone MT5
1993.08.31,1.72100,1.72800,1.71700,1.72360,1941,50,0,EURCHF,Pepperstone MT5
1993.09.01,1.72280,1.73040,1.71570,1.71860,2521,50,0,EURCHF,Pepperstone MT5
1993.09.02,1.71860,1.72510,1.71650,1.71730,1591,50,0,EURCHF,Pepperstone MT5
1993.09.03,1.71750,1.72500,1.71570,1.71890,1721,50,0,EURCHF,Pepperstone MT5
1993.09.06,1.72370,1.72600,1.71790,1.72230,1481,50,0,EURCHF,Pepperstone MT5
1993.09.07,1.72910,1.72910,1.71490,1.72040,1971,50,0,EURCHF,Pepperstone MT5
1993.09.08,1.71950,1.72140,1.71320,1.71870,1561,50,0,EURCHF,Pepperstone MT5
1993.09.09,1.71850,1.72110,1.70680,1.71210,2221,50,0,EURCHF,Pepperstone MT5
1993.09.10,1.71240,1.72410,1.70280,1.70550,3571,50,0,EURCHF,Pepperstone MT5
1993.09.13,1.71130,1.71130,1.70360,1.70640,1051,50,0,EURCHF,Pepperstone MT5
1993.09.14,1.70570,1.70880,1.69920,1.70340,1691,50,0,EURCHF,Pepperstone MT5
1993.09.15,1.70350,1.70900,1.70080,1.70540,1451,50,0,EURCHF,Pepperstone MT5
1993.09.16,1.70940,1.71140,1.70230,1.70770,1651,50,0,EURCHF,Pepperstone MT5
1993.09.17,1.70730,1.70910,1.69940,1.70040,1251,50,0,EURCHF,Pepperstone MT5
1993.09.20,1.70040,1.70670,1.69780,1.70210,1611,50,0,EURCHF,Pepperstone MT5
1993.09.21,1.70240,1.71690,1.69240,1.69910,4571,50,0,EURCHF,Pepperstone MT5
1993.09.22,1.69910,1.70780,1.69580,1.70780,1531,50,0,EURCHF,Pepperstone MT5
1993.09.23,1.70820,1.71180,1.70330,1.70520,1401,50,0,EURCHF,Pepperstone MT5
1993.09.24,1.70370,1.71070,1.69900,1.70520,2191,50,0,EURCHF,Pepperstone MT5
1993.09.27,1.70880,1.71160,1.70440,1.70830,1391,50,0,EURCHF,Pepperstone MT5
1993.09.28,1.70780,1.71490,1.70490,1.71090,1691,50,0,EURCHF,Pepperstone MT5
1993.09.29,1.71130,1.71710,1.70680,1.71120,2051,50,0,EURCHF,Pepperstone MT5
1993.09.30,1.71240,1.71300,1.70490,1.70590,971,50,0,EURCHF,Pepperstone MT5
1993.10.01,1.70600,1.71290,1.70440,1.70640,1661,50,0,EURCHF,Pepperstone MT5
1993.10.04,1.69970,1.71090,1.69670,1.71040,1771,50,0,EURCHF,Pepperstone MT5
1993.10.05,1.70990,1.71440,1.70670,1.71110,1421,50,0,EURCHF,Pepperstone MT5
1993.10.06,1.71090,1.71710,1.71010,1.71710,781,50,0,EURCHF,Pepperstone MT5
1993.10.07,1.71710,1.72130,1.71400,1.71870,1301,50,0,EURCHF,Pepperstone MT5
1993.10.08,1.71830,1.72040,1.71040,1.71160,1331,50,0,EURCHF,Pepperstone MT5
1993.10.11,1.70890,1.71920,1.70890,1.71700,1251,50,0,EURCHF,Pepperstone MT5
1993.10.12,1.71620,1.72090,1.71320,1.71530,1451,50,0,EURCHF,Pepperstone MT5
1993.10.13,1.71570,1.71780,1.71210,1.71590,1121,50,0,EURCHF,Pepperstone MT5
1993.10.14,1.71620,1.72750,1.71380,1.72470,1891,50,0,EURCHF,Pepperstone MT5
1993.10.15,1.72610,1.72940,1.72330,1.72600,1211,50,0,EURCHF,Pepperstone MT5
1993.10.18,1.72630,1.72830,1.71860,1.72480,1791,50,0,EURCHF,Pepperstone MT5
1993.10.19,1.72390,1.72690,1.72190,1.72400,991,50,0,EURCHF,Pepperstone MT5
1993.10.20,1.72340,1.73490,1.72120,1.73130,1951,50,0,EURCHF,Pepperstone MT5
1993.10.21,1.73140,1.73370,1.72150,1.72490,1791,50,0,EURCHF,Pepperstone MT5
1993.10.22,1.72420,1.72660,1.72060,1.72330,1111,50,0,EURCHF,Pepperstone MT5
1993.10.25,1.72320,1.72720,1.71990,1.72080,1221,50,0,EURCHF,Pepperstone MT5
1993.10.26,1.72110,1.72410,1.71790,1.72150,1201,50,0,EURCHF,Pepperstone MT5
1993.10.27,1.72130,1.72620,1.72080,1.72400,811,50,0,EURCHF,Pepperstone MT5
1993.10.28,1.72330,1.73320,1.72210,1.72720,1831,50,0,EURCHF,Pepperstone MT5
1993.10.29,1.72710,1.73310,1.72510,1.73080,1231,50,0,EURCHF,Pepperstone MT5
1993.11.01,1.73060,1.74110,1.72250,1.73320,3461,50,0,EURCHF,Pepperstone MT5
1993.11.02,1.73260,1.73490,1.72980,1.73260,1021,50,0,EURCHF,Pepperstone MT5
1993.11.03,1.73300,1.73620,1.72900,1.73310,1431,50,0,EURCHF,Pepperstone MT5
1993.11.04,1.73540,1.73620,1.73090,1.73200,721,50,0,EURCHF,Pepperstone MT5
1993.11.05,1.73410,1.73410,1.72300,1.72540,1351,50,0,EURCHF,Pepperstone MT5
1993.11.08,1.72560,1.72810,1.72150,1.72350,1111,50,0,EURCHF,Pepperstone MT5
1993.11.09,1.72370,1.72740,1.72210,1.72500,931,50,0,EURCHF,Pepperstone MT5
1993.11.10,1.72520,1.72940,1.72250,1.72590,1311,50,0,EURCHF,Pepperstone MT5
1993.11.11,1.72570,1.73190,1.72430,1.73000,1091,50,0,EURCHF,Pepperstone MT5
1993.11.12,1.72960,1.73400,1.72570,1.72860,1561,50,0,EURCHF,Pepperstone MT5
1993.11.15,1.73140,1.73180,1.72430,1.72460,821,50,0,EURCHF,Pepperstone MT5
1993.11.16,1.72470,1.72800,1.72100,1.72320,1251,50,0,EURCHF,Pepperstone MT5
1993.11.17,1.72300,1.72520,1.71460,1.71770,1591,50,0,EURCHF,Pepperstone MT5
1993.11.18,1.71790,1.72140,1.71490,1.71850,1241,50,0,EURCHF,Pepperstone MT5
1993.11.19,1.71720,1.72190,1.71510,1.71640,1281,50,0,EURCHF,Pepperstone MT5
1993.11.22,1.72160,1.72160,1.71230,1.71580,1281,50,0,EURCHF,Pepperstone MT5
1993.11.23,1.71600,1.71730,1.71070,1.71400,1121,50,0,EURCHF,Pepperstone MT5
1993.11.24,1.71400,1.71670,1.71280,1.71470,711,50,0,EURCHF,Pepperstone MT5
1993.11.25,1.71320,1.71820,1.71290,1.71610,771,50,0,EURCHF,Pepperstone MT5
1993.11.26,1.71720,1.71790,1.70980,1.71210,1111,50,0,EURCHF,Pepperstone MT5
1993.11.29,1.71140,1.71280,1.70570,1.70630,911,50,0,EURCHF,Pepperstone MT5
1993.11.30,1.70630,1.71160,1.70390,1.70960,1211,50,0,EURCHF,Pepperstone MT5
1993.12.01,1.70870,1.71140,1.70240,1.70390,1321,50,0,EURCHF,Pepperstone MT5
1993.12.02,1.70390,1.70510,1.69920,1.69970,761,50,0,EURCHF,Pepperstone MT5
1993.12.03,1.69950,1.70580,1.69070,1.69400,2471,50,0,EURCHF,Pepperstone MT5
1993.12.06,1.69390,1.69680,1.67880,1.68180,2391,50,0,EURCHF,Pepperstone MT5
1993.12.07,1.68220,1.68510,1.67470,1.67540,1401,50,0,EURCHF,Pepperstone MT5
1993.12.08,1.67500,1.68580,1.67500,1.68190,1471,50,0,EURCHF,Pepperstone MT5
1993.12.09,1.68340,1.68800,1.67940,1.68210,1591,50,0,EURCHF,Pepperstone MT5
1993.12.10,1.68250,1.68290,1.67440,1.67510,961,50,0,EURCHF,Pepperstone MT5
1993.12.13,1.67700,1.68430,1.67510,1.67880,1661,50,0,EURCHF,Pepperstone MT5
1993.12.14,1.67820,1.68290,1.67040,1.67230,1911,50,0,EURCHF,Pepperstone MT5
1993.12.15,1.67160,1.67380,1.66770,1.67290,1091,50,0,EURCHF,Pepperstone MT5
1993.12.16,1.67260,1.67910,1.66860,1.67080,1921,50,0,EURCHF,Pepperstone MT5
1993.12.17,1.66780,1.67410,1.66780,1.67250,791,50,0,EURCHF,Pepperstone MT5
1993.12.20,1.67240,1.67290,1.66340,1.66340,1001,50,0,EURCHF,Pepperstone MT5
1993.12.21,1.66320,1.66590,1.65750,1.65940,1301,50,0,EURCHF,Pepperstone MT5
1993.12.22,1.65980,1.66380,1.64900,1.65130,2111,50,0,EURCHF,Pepperstone MT5
1993.12.23,1.65120,1.65700,1.64930,1.65560,1101,50,0,EURCHF,Pepperstone MT5
1993.12.24,1.65590,1.66110,1.65300,1.65740,1471,50,0,EURCHF,Pepperstone MT5
1993.12.27,1.65680,1.66300,1.65530,1.65970,1251,50,0,EURCHF,Pepperstone MT5
1993.12.28,1.66030,1.66220,1.65240,1.65510,1441,50,0,EURCHF,Pepperstone MT5
1993.12.29,1.65690,1.66390,1.64800,1.66130,2741,50,0,EURCHF,Pepperstone MT5
1993.12.30,1.66160,1.67360,1.65910,1.67080,1981,50,0,EURCHF,Pepperstone MT5
1993.12.31,1.66720,1.67490,1.66530,1.67320,1321,50,0,EURCHF,Pepperstone MT5
1994.01.03,1.67020,1.67540,1.66520,1.67480,1581,50,0,EURCHF,Pepperstone MT5
1994.01.04,1.67510,1.67640,1.66710,1.67040,1391,50,0,EURCHF,Pepperstone MT5
1994.01.05,1.67000,1.67240,1.66140,1.66410,1611,50,0,EURCHF,Pepperstone MT5
1994.01.06,1.66440,1.66440,1.65390,1.66190,1851,50,0,EURCHF,Pepperstone MT5
1994.01.07,1.66310,1.66600,1.65850,1.66130,1321,50,0,EURCHF,Pepperstone MT5
1994.01.10,1.65990,1.66230,1.65570,1.65990,1321,50,0,EURCHF,Pepperstone MT5
1994.01.11,1.65800,1.66310,1.65600,1.66030,1191,50,0,EURCHF,Pepperstone MT5
1994.01.12,1.66000,1.66130,1.64900,1.65180,1641,50,0,EURCHF,Pepperstone MT5
1994.01.13,1.65100,1.65460,1.64100,1.65040,2661,50,0,EURCHF,Pepperstone MT5
1994.01.14,1.65150,1.65840,1.64940,1.65250,1701,50,0,EURCHF,Pepperstone MT5
1994.01.17,1.65270,1.65410,1.64430,1.64650,1341,50,0,EURCHF,Pepperstone MT5
1994.01.18,1.64620,1.64880,1.63560,1.63750,1771,50,0,EURCHF,Pepperstone MT5
1994.01.19,1.63750,1.63910,1.63410,1.63610,861,50,0,EURCHF,Pepperstone MT5
1994.01.20,1.63680,1.64250,1.63410,1.63830,1531,50,0,EURCHF,Pepperstone MT5
1994.01.21,1.63830,1.64330,1.63460,1.63630,1541,50,0,EURCHF,Pepperstone MT5
1994.01.24,1.63560,1.64190,1.63540,1.63940,921,50,0,EURCHF,Pepperstone MT5
1994.01.25,1.63920,1.64570,1.63780,1.64050,1451,50,0,EURCHF,Pepperstone MT5
1994.01.26,1.64240,1.64970,1.63940,1.64870,1431,50,0,EURCHF,Pepperstone MT5
1994.01.27,1.64890,1.65510,1.64710,1.65290,1201,50,0,EURCHF,Pepperstone MT5
1994.01.28,1.65240,1.65650,1.64790,1.64920,1401,50,0,EURCHF,Pepperstone MT5
1994.01.31,1.64850,1.64990,1.64110,1.64370,1281,50,0,EURCHF,Pepperstone MT5
1994.02.01,1.64320,1.64420,1.63420,1.63570,1251,50,0,EURCHF,Pepperstone MT5
1994.02.02,1.63520,1.64070,1.63350,1.63710,1251,50,0,EURCHF,Pepperstone MT5
1994.02.03,1.63810,1.64180,1.62820,1.63010,1921,50,0,EURCHF,Pepperstone MT5
1994.02.04,1.62980,1.63700,1.62540,1.63470,1831,50,0,EURCHF,Pepperstone MT5
1994.02.07,1.63630,1.63740,1.63030,1.63280,1071,50,0,EURCHF,Pepperstone MT5
1994.02.08,1.63280,1.64390,1.62900,1.64090,2171,50,0,EURCHF,Pepperstone MT5
1994.02.09,1.64130,1.64530,1.63970,1.64160,1091,50,0,EURCHF,Pepperstone MT5
1994.02.10,1.64050,1.65110,1.63900,1.64930,1541,50,0,EURCHF,Pepperstone MT5
1994.02.11,1.64900,1.65410,1.64620,1.64970,1511,50,0,EURCHF,Pepperstone MT5
1994.02.14,1.65040,1.65320,1.64380,1.65170,1751,50,0,EURCHF,Pepperstone MT5
1994.02.15,1.65130,1.65230,1.64090,1.64440,1591,50,0,EURCHF,Pepperstone MT5
1994.02.16,1.64400,1.65210,1.64290,1.65150,1091,50,0,EURCHF,Pepperstone MT5
1994.02.17,1.65120,1.65390,1.64380,1.65390,1751,50,0,EURCHF,Pepperstone MT5
1994.02.18,1.65410,1.65580,1.64620,1.64720,1231,50,0,EURCHF,Pepperstone MT5
1994.02.21,1.64820,1.65220,1.64530,1.64660,1221,50,0,EURCHF,Pepperstone MT5
1994.02.22,1.64640,1.64790,1.64050,1.64530,1371,50,0,EURCHF,Pepperstone MT5
1994.02.23,1.64570,1.64740,1.64200,1.64580,1071,50,0,EURCHF,Pepperstone MT5
1994.02.24,1.64490,1.64760,1.62540,1.63090,3041,50,0,EURCHF,Pepperstone MT5
1994.02.25,1.63110,1.63660,1.62890,1.63350,1301,50,0,EURCHF,Pepperstone MT5
1994.02.28,1.63370,1.63800,1.62970,1.63680,1351,50,0,EURCHF,Pepperstone MT5
1994.03.01,1.63640,1.64680,1.63490,1.64550,1471,50,0,EURCHF,Pepperstone MT5
1994.03.02,1.64490,1.65100,1.64000,1.64280,1991,50,0,EURCHF,Pepperstone MT5
1994.03.03,1.64210,1.64620,1.63810,1.64340,1491,50,0,EURCHF,Pepperstone MT5
1994.03.04,1.64320,1.64510,1.63630,1.64010,1451,50,0,EURCHF,Pepperstone MT5
1994.03.07,1.64070,1.64240,1.63490,1.63550,981,50,0,EURCHF,Pepperstone MT5
1994.03.08,1.63520,1.64320,1.63400,1.64230,1131,50,0,EURCHF,Pepperstone MT5
1994.03.09,1.64200,1.64760,1.64030,1.64590,1071,50,0,EURCHF,Pepperstone MT5
1994.03.10,1.64440,1.65060,1.64330,1.64660,1241,50,0,EURCHF,Pepperstone MT5
1994.03.11,1.64720,1.65400,1.64390,1.64880,1861,50,0,EURCHF,Pepperstone MT5
1994.03.14,1.64760,1.66330,1.64710,1.66140,1861,50,0,EURCHF,Pepperstone MT5
1994.03.15,1.66080,1.66480,1.65850,1.66370,971,50,0,EURCHF,Pepperstone MT5
1994.03.16,1.66330,1.66550,1.65700,1.66040,1411,50,0,EURCHF,Pepperstone MT5
1994.03.17,1.66080,1.66670,1.65810,1.66560,1241,50,0,EURCHF,Pepperstone MT5
1994.03.18,1.66320,1.66710,1.65840,1.66080,1501,50,0,EURCHF,Pepperstone MT5
1994.03.21,1.66190,1.66190,1.65320,1.65800,1351,50,0,EURCHF,Pepperstone MT5
1994.03.22,1.65720,1.65920,1.65360,1.65690,1091,50,0,EURCHF,Pepperstone MT5
1994.03.23,1.65730,1.66110,1.65520,1.66040,871,50,0,EURCHF,Pepperstone MT5
1994.03.24,1.66030,1.66510,1.65920,1.66290,921,50,0,EURCHF,Pepperstone MT5
1994.03.25,1.66300,1.66690,1.66100,1.66460,1021,50,0,EURCHF,Pepperstone MT5
1994.03.28,1.66490,1.66820,1.66040,1.66210,1281,50,0,EURCHF,Pepperstone MT5
1994.03.29,1.66270,1.66590,1.65880,1.66330,1361,50,0,EURCHF,Pepperstone MT5
1994.03.30,1.66310,1.66470,1.65390,1.65660,1511,50,0,EURCHF,Pepperstone MT5
1994.03.31,1.65610,1.65770,1.64830,1.65190,1461,50,0,EURCHF,Pepperstone MT5
1994.04.01,1.65150,1.65200,1.64310,1.64540,1171,50,0,EURCHF,Pepperstone MT5
1994.04.04,1.64250,1.64700,1.63970,1.64240,1451,50,0,EURCHF,Pepperstone MT5
1994.04.05,1.64360,1.65220,1.64280,1.65190,1051,50,0,EURCHF,Pepperstone MT5
1994.04.06,1.65190,1.65460,1.64840,1.65130,1181,50,0,EURCHF,Pepperstone MT5
1994.04.07,1.65180,1.65600,1.64500,1.64840,1861,50,0,EURCHF,Pepperstone MT5
1994.04.08,1.64780,1.65240,1.64600,1.64950,1111,50,0,EURCHF,Pepperstone MT5
1994.04.11,1.64980,1.65040,1.64490,1.64570,691,50,0,EURCHF,Pepperstone MT5
1994.04.12,1.64600,1.64970,1.64430,1.64740,941,50,0,EURCHF,Pepperstone MT5
1994.04.13,1.64620,1.64910,1.64370,1.64770,931,50,0,EURCHF,Pepperstone MT5
1994.04.14,1.64780,1.65580,1.64590,1.65440,1321,50,0,EURCHF,Pepperstone MT5
1994.04.15,1.65410,1.66340,1.65410,1.66060,1211,50,0,EURCHF,Pepperstone MT5
1994.04.18,1.65930,1.66260,1.65560,1.65670,1141,50,0,EURCHF,Pepperstone MT5
1994.04.19,1.65730,1.66120,1.65680,1.65960,651,50,0,EURCHF,Pepperstone MT5
1994.04.20,1.65940,1.66400,1.65670,1.66110,1291,50,0,EURCHF,Pepperstone MT5
1994.04.21,1.65900,1.66200,1.65690,1.65950,971,50,0,EURCHF,Pepperstone MT5
1994.04.22,1.66060,1.66260,1.65810,1.65880,721,50,0,EURCHF,Pepperstone MT5
1994.04.25,1.65940,1.67050,1.65940,1.66910,1251,50,0,EURCHF,Pepperstone MT5
1994.04.26,1.66860,1.67310,1.66570,1.67000,1341,50,0,EURCHF,Pepperstone MT5
1994.04.27,1.66890,1.67270,1.66630,1.67040,1131,50,0,EURCHF,Pepperstone MT5
1994.04.28,1.67050,1.67130,1.66000,1.66120,1331,50,0,EURCHF,Pepperstone MT5
1994.04.29,1.66010,1.66430,1.65660,1.65900,1431,50,0,EURCHF,Pepperstone MT5
1994.05.02,1.65910,1.66490,1.65870,1.66350,801,50,0,EURCHF,Pepperstone MT5
1994.05.03,1.66320,1.67000,1.66310,1.66830,871,50,0,EURCHF,Pepperstone MT5
1994.05.04,1.66840,1.67080,1.66210,1.66300,1201,50,0,EURCHF,Pepperstone MT5
1994.05.05,1.66280,1.66430,1.65740,1.66150,1251,50,0,EURCHF,Pepperstone MT5
1994.05.06,1.66130,1.66590,1.65950,1.66370,1041,50,0,EURCHF,Pepperstone MT5
1994.05.09,1.66360,1.67070,1.66100,1.66910,1391,50,0,EURCHF,Pepperstone MT5
1994.05.10,1.67070,1.67580,1.66860,1.67480,1031,50,0,EURCHF,Pepperstone MT5
1994.05.11,1.67340,1.67650,1.66840,1.67180,1461,50,0,EURCHF,Pepperstone MT5
1994.05.12,1.67150,1.67590,1.67080,1.67150,1021,50,0,EURCHF,Pepperstone MT5
1994.05.13,1.67150,1.67440,1.66720,1.66990,1281,50,0,EURCHF,Pepperstone MT5
1994.05.16,1.67020,1.67050,1.66530,1.66680,701,50,0,EURCHF,Pepperstone MT5
1994.05.17,1.66680,1.66980,1.66070,1.66070,1211,50,0,EURCHF,Pepperstone MT5
1994.05.18,1.66260,1.66500,1.65990,1.66180,941,50,0,EURCHF,Pepperstone MT5
1994.05.19,1.66280,1.66850,1.66260,1.66700,761,50,0,EURCHF,Pepperstone MT5
1994.05.20,1.66720,1.67150,1.66600,1.66930,891,50,0,EURCHF,Pepperstone MT5
1994.05.23,1.67030,1.67480,1.66690,1.67130,1481,50,0,EURCHF,Pepperstone MT5
1994.05.24,1.67160,1.67390,1.66920,1.67040,821,50,0,EURCHF,Pepperstone MT5
1994.05.25,1.67050,1.67210,1.66570,1.66860,1091,50,0,EURCHF,Pepperstone MT5
1994.05.26,1.66870,1.67120,1.66620,1.66840,971,50,0,EURCHF,Pepperstone MT5
1994.05.27,1.66830,1.67220,1.66610,1.66900,1151,50,0,EURCHF,Pepperstone MT5
1994.05.30,1.66950,1.67100,1.66580,1.66680,771,50,0,EURCHF,Pepperstone MT5
1994.05.31,1.66950,1.67140,1.66460,1.66590,1001,50,0,EURCHF,Pepperstone MT5
1994.06.01,1.66530,1.66760,1.66170,1.66420,1071,50,0,EURCHF,Pepperstone MT5
1994.06.02,1.66590,1.66590,1.65890,1.65960,771,50,0,EURCHF,Pepperstone MT5
1994.06.03,1.65970,1.66580,1.65910,1.66270,1041,50,0,EURCHF,Pepperstone MT5
1994.06.06,1.66220,1.66380,1.65730,1.65770,851,50,0,EURCHF,Pepperstone MT5
1994.06.07,1.65740,1.66220,1.65480,1.65790,1431,50,0,EURCHF,Pepperstone MT5
1994.06.08,1.65800,1.66080,1.65340,1.65480,1161,50,0,EURCHF,Pepperstone MT5
1994.06.09,1.65510,1.65690,1.65150,1.65580,1011,50,0,EURCHF,Pepperstone MT5
1994.06.10,1.65380,1.65550,1.64880,1.64960,921,50,0,EURCHF,Pepperstone MT5
1994.06.13,1.64950,1.65750,1.64650,1.64880,2131,50,0,EURCHF,Pepperstone MT5
1994.06.14,1.64800,1.65060,1.64550,1.64790,1011,50,0,EURCHF,Pepperstone MT5
1994.06.15,1.64760,1.65060,1.63910,1.64050,1591,50,0,EURCHF,Pepperstone MT5
1994.06.16,1.63990,1.64500,1.63880,1.64230,1001,50,0,EURCHF,Pepperstone MT5
1994.06.17,1.64330,1.64870,1.63460,1.64770,2381,50,0,EURCHF,Pepperstone MT5
1994.06.20,1.64840,1.65240,1.64270,1.64980,1801,50,0,EURCHF,Pepperstone MT5
1994.06.21,1.64990,1.65340,1.64570,1.64800,1351,50,0,EURCHF,Pepperstone MT5
1994.06.22,1.64850,1.64960,1.64390,1.64460,751,50,0,EURCHF,Pepperstone MT5
1994.06.23,1.64520,1.64860,1.64250,1.64610,1131,50,0,EURCHF,Pepperstone MT5
1994.06.24,1.64620,1.65870,1.63580,1.63930,3891,50,0,EURCHF,Pepperstone MT5
1994.06.27,1.63990,1.64200,1.63430,1.64070,1461,50,0,EURCHF,Pepperstone MT5
1994.06.28,1.64120,1.64640,1.64010,1.64640,741,50,0,EURCHF,Pepperstone MT5
1994.06.29,1.64530,1.64780,1.64320,1.64560,891,50,0,EURCHF,Pepperstone MT5
1994.06.30,1.64550,1.64990,1.64120,1.64350,1541,50,0,EURCHF,Pepperstone MT5
1994.07.01,1.64240,1.64430,1.63730,1.64050,1211,50,0,EURCHF,Pepperstone MT5
1994.07.04,1.64010,1.64270,1.63810,1.64110,821,50,0,EURCHF,Pepperstone MT5
1994.07.05,1.64250,1.64580,1.64000,1.64110,1021,50,0,EURCHF,Pepperstone MT5
1994.07.06,1.64140,1.64890,1.63660,1.64650,1951,50,0,EURCHF,Pepperstone MT5
1994.07.07,1.64600,1.65010,1.64520,1.64710,871,50,0,EURCHF,Pepperstone MT5
1994.07.08,1.64780,1.65290,1.64420,1.64610,1571,50,0,EURCHF,Pepperstone MT5
1994.07.11,1.64590,1.65340,1.64530,1.65060,1151,50,0,EURCHF,Pepperstone MT5
1994.07.12,1.65080,1.65510,1.64850,1.65130,1271,50,0,EURCHF,Pepperstone MT5
1994.07.13,1.65070,1.65270,1.64700,1.64950,1021,50,0,EURCHF,Pepperstone MT5
1994.07.14,1.65030,1.65150,1.64750,1.64980,751,50,0,EURCHF,Pepperstone MT5
1994.07.15,1.64920,1.65150,1.64630,1.64650,771,50,0,EURCHF,Pepperstone MT5
1994.07.18,1.64810,1.65070,1.64740,1.64940,531,50,0,EURCHF,Pepperstone MT5
1994.07.19,1.64870,1.65690,1.64790,1.65540,1131,50,0,EURCHF,Pepperstone MT5
1994.07.20,1.65670,1.65710,1.64920,1.65040,951,50,0,EURCHF,Pepperstone MT5
1994.07.21,1.65010,1.66440,1.64860,1.65440,2731,50,0,EURCHF,Pepperstone MT5
1994.07.22,1.65390,1.66090,1.65210,1.65800,1351,50,0,EURCHF,Pepperstone MT5
1994.07.25,1.65720,1.66140,1.65660,1.65930,751,50,0,EURCHF,Pepperstone MT5
1994.07.26,1.66070,1.66440,1.65700,1.66090,1461,50,0,EURCHF,Pepperstone MT5
1994.07.27,1.66140,1.66500,1.65600,1.65780,1441,50,0,EURCHF,Pepperstone MT5
1994.07.28,1.65730,1.66140,1.65440,1.65880,1251,50,0,EURCHF,Pepperstone MT5
1994.07.29,1.65760,1.66140,1.65470,1.65790,1311,50,0,EURCHF,Pepperstone MT5
1994.08.01,1.65480,1.65810,1.64730,1.64940,1621,50,0,EURCHF,Pepperstone MT5
1994.08.02,1.64870,1.65380,1.64820,1.65180,811,50,0,EURCHF,Pepperstone MT5
1994.08.03,1.65250,1.65350,1.65040,1.65280,591,50,0,EURCHF,Pepperstone MT5
1994.08.04,1.65300,1.65480,1.64920,1.65140,961,50,0,EURCHF,Pepperstone MT5
1994.08.05,1.65110,1.65380,1.64780,1.65350,961,50,0,EURCHF,Pepperstone MT5
1994.08.08,1.65400,1.65420,1.64750,1.65010,951,50,0,EURCHF,Pepperstone MT5
1994.08.09,1.65010,1.65120,1.64710,1.64930,741,50,0,EURCHF,Pepperstone MT5
1994.08.10,1.64870,1.65140,1.64510,1.64800,1191,50,0,EURCHF,Pepperstone MT5
1994.08.11,1.64860,1.65650,1.64380,1.64720,2401,50,0,EURCHF,Pepperstone MT5
1994.08.12,1.64750,1.64790,1.63920,1.64310,1301,50,0,EURCHF,Pepperstone MT5
1994.08.15,1.64300,1.64460,1.64040,1.64080,621,50,0,EURCHF,Pepperstone MT5
1994.08.16,1.64130,1.65280,1.62940,1.64330,4481,50,0,EURCHF,Pepperstone MT5
1994.08.17,1.64420,1.64600,1.64230,1.64400,721,50,0,EURCHF,Pepperstone MT5
1994.08.18,1.64410,1.64550,1.64050,1.64240,831,50,0,EURCHF,Pepperstone MT5
1994.08.19,1.64250,1.64720,1.64090,1.64570,941,50,0,EURCHF,Pepperstone MT5
1994.08.22,1.64650,1.65030,1.64540,1.64920,711,50,0,EURCHF,Pepperstone MT5
1994.08.23,1.64960,1.65130,1.64650,1.64880,881,50,0,EURCHF,Pepperstone MT5
1994.08.24,1.64910,1.65140,1.64730,1.64810,721,50,0,EURCHF,Pepperstone MT5
1994.08.25,1.64840,1.65250,1.64750,1.65190,651,50,0,EURCHF,Pepperstone MT5
1994.08.26,1.65200,1.65540,1.64900,1.65340,1141,50,0,EURCHF,Pepperstone MT5
1994.08.29,1.65290,1.65550,1.64920,1.65250,1221,50,0,EURCHF,Pepperstone MT5
1994.08.30,1.65250,1.65640,1.64720,1.64930,1521,50,0,EURCHF,Pepperstone MT5
1994.08.31,1.64910,1.65250,1.64630,1.64760,1091,50,0,EURCHF,Pepperstone MT5
1994.09.01,1.64710,1.64790,1.64190,1.64370,861,50,0,EURCHF,Pepperstone MT5
1994.09.02,1.64490,1.64710,1.64050,1.64250,1081,50,0,EURCHF,Pepperstone MT5
1994.09.05,1.64260,1.64590,1.64190,1.64360,701,50,0,EURCHF,Pepperstone MT5
1994.09.06,1.64360,1.64500,1.63790,1.63960,1021,50,0,EURCHF,Pepperstone MT5
1994.09.07,1.64020,1.64160,1.63370,1.63620,1181,50,0,EURCHF,Pepperstone MT5
1994.09.08,1.63610,1.63840,1.63340,1.63660,951,50,0,EURCHF,Pepperstone MT5
1994.09.09,1.63610,1.63840,1.62770,1.62960,1491,50,0,EURCHF,Pepperstone MT5
1994.09.12,1.62970,1.63180,1.62620,1.63070,1021,50,0,EURCHF,Pepperstone MT5
1994.09.13,1.63070,1.63290,1.62820,1.62870,741,50,0,EURCHF,Pepperstone MT5
1994.09.14,1.62870,1.63040,1.62290,1.62570,1201,50,0,EURCHF,Pepperstone MT5
1994.09.15,1.62610,1.62890,1.62060,1.62380,1431,50,0,EURCHF,Pepperstone MT5
1994.09.16,1.62390,1.62740,1.61870,1.62380,1731,50,0,EURCHF,Pepperstone MT5
1994.09.19,1.62350,1.62780,1.62080,1.62360,1391,50,0,EURCHF,Pepperstone MT5
1994.09.20,1.62390,1.62450,1.61750,1.62110,1121,50,0,EURCHF,Pepperstone MT5
1994.09.21,1.62090,1.62430,1.61930,1.62290,801,50,0,EURCHF,Pepperstone MT5
1994.09.22,1.62300,1.62610,1.62200,1.62500,621,50,0,EURCHF,Pepperstone MT5
1994.09.23,1.62500,1.62800,1.62320,1.62540,921,50,0,EURCHF,Pepperstone MT5
1994.09.26,1.62590,1.62650,1.61850,1.62070,1081,50,0,EURCHF,Pepperstone MT5
1994.09.27,1.62020,1.62440,1.61770,1.62110,1251,50,0,EURCHF,Pepperstone MT5
1994.09.28,1.62150,1.62380,1.61670,1.62250,1321,50,0,EURCHF,Pepperstone MT5
1994.09.29,1.62270,1.62500,1.62060,1.62380,771,50,0,EURCHF,Pepperstone MT5
1994.09.30,1.62340,1.62600,1.62190,1.62600,561,50,0,EURCHF,Pepperstone MT5
1994.10.03,1.62560,1.62790,1.62380,1.62680,701,50,0,EURCHF,Pepperstone MT5
1994.10.04,1.62660,1.62800,1.62280,1.62460,841,50,0,EURCHF,Pepperstone MT5
1994.10.05,1.62480,1.62550,1.61900,1.61970,791,50,0,EURCHF,Pepperstone MT5
1994.10.06,1.62040,1.62340,1.61870,1.62200,781,50,0,EURCHF,Pepperstone MT5
1994.10.07,1.62200,1.62420,1.61670,1.61860,1161,50,0,EURCHF,Pepperstone MT5
1994.10.10,1.61890,1.62540,1.61700,1.62400,1171,50,0,EURCHF,Pepperstone MT5
1994.10.11,1.62420,1.63330,1.62260,1.63100,1461,50,0,EURCHF,Pepperstone MT5
1994.10.12,1.63110,1.63370,1.62950,1.63170,781,50,0,EURCHF,Pepperstone MT5
1994.10.13,1.63180,1.63390,1.62780,1.62930,971,50,0,EURCHF,Pepperstone MT5
1994.10.14,1.62890,1.63050,1.62170,1.62460,1331,50,0,EURCHF,Pepperstone MT5
1994.10.17,1.62530,1.63170,1.62530,1.62790,1021,50,0,EURCHF,Pepperstone MT5
1994.10.18,1.62800,1.62990,1.62280,1.62370,991,50,0,EURCHF,Pepperstone MT5
1994.10.19,1.62280,1.62490,1.62020,1.62350,871,50,0,EURCHF,Pepperstone MT5
1994.10.20,1.62350,1.62580,1.62130,1.62420,831,50,0,EURCHF,Pepperstone MT5
1994.10.21,1.62350,1.62980,1.62230,1.62690,1161,50,0,EURCHF,Pepperstone MT5
1994.10.24,1.62840,1.63100,1.62770,1.62780,601,50,0,EURCHF,Pepperstone MT5
1994.10.25,1.62790,1.63510,1.62680,1.63470,981,50,0,EURCHF,Pepperstone MT5
1994.10.26,1.63390,1.63740,1.62960,1.63090,1261,50,0,EURCHF,Pepperstone MT5
1994.10.27,1.63080,1.63710,1.62930,1.63630,1011,50,0,EURCHF,Pepperstone MT5
1994.10.28,1.63680,1.63950,1.63140,1.63250,1191,50,0,EURCHF,Pepperstone MT5
1994.10.31,1.63260,1.63610,1.62960,1.63430,1131,50,0,EURCHF,Pepperstone MT5
1994.11.01,1.63420,1.63540,1.62900,1.63150,1011,50,0,EURCHF,Pepperstone MT5
1994.11.02,1.62950,1.63530,1.62530,1.63250,1701,50,0,EURCHF,Pepperstone MT5
1994.11.03,1.63290,1.63850,1.63080,1.63450,1381,50,0,EURCHF,Pepperstone MT5
1994.11.04,1.63490,1.63680,1.63270,1.63600,711,50,0,EURCHF,Pepperstone MT5
1994.11.07,1.63610,1.63930,1.63420,1.63760,871,50,0,EURCHF,Pepperstone MT5
1994.11.08,1.63740,1.64060,1.63240,1.63600,1501,50,0,EURCHF,Pepperstone MT5
1994.11.09,1.63570,1.64340,1.63330,1.64170,1421,50,0,EURCHF,Pepperstone MT5
1994.11.10,1.64140,1.64260,1.63790,1.64170,911,50,0,EURCHF,Pepperstone MT5
1994.11.11,1.64090,1.64250,1.63650,1.63930,1041,50,0,EURCHF,Pepperstone MT5
1994.11.14,1.63940,1.64590,1.63860,1.64270,1131,50,0,EURCHF,Pepperstone MT5
1994.11.15,1.64220,1.64730,1.63960,1.64590,1171,50,0,EURCHF,Pepperstone MT5
1994.11.16,1.64630,1.64800,1.64430,1.64540,651,50,0,EURCHF,Pepperstone MT5
1994.11.17,1.64570,1.64860,1.64180,1.64550,1341,50,0,EURCHF,Pepperstone MT5
1994.11.18,1.64570,1.66200,1.64420,1.65660,2471,50,0,EURCHF,Pepperstone MT5
1994.11.21,1.65670,1.65880,1.65410,1.65820,791,50,0,EURCHF,Pepperstone MT5
1994.11.22,1.65800,1.66330,1.65670,1.65890,1231,50,0,EURCHF,Pepperstone MT5
1994.11.23,1.65830,1.65970,1.65510,1.65810,901,50,0,EURCHF,Pepperstone MT5
1994.11.24,1.65840,1.66150,1.65570,1.65970,1031,50,0,EURCHF,Pepperstone MT5
1994.11.25,1.66120,1.66120,1.65440,1.65700,941,50,0,EURCHF,Pepperstone MT5
1994.11.28,1.65690,1.66050,1.65620,1.65690,861,50,0,EURCHF,Pepperstone MT5
1994.11.29,1.65740,1.65870,1.65380,1.65460,701,50,0,EURCHF,Pepperstone MT5
1994.11.30,1.65460,1.65920,1.65230,1.65370,1291,50,0,EURCHF,Pepperstone MT5
1994.12.01,1.65340,1.65490,1.64970,1.65230,931,50,0,EURCHF,Pepperstone MT5
1994.12.02,1.65230,1.65460,1.64920,1.65090,941,50,0,EURCHF,Pepperstone MT5
1994.12.05,1.65090,1.66420,1.64900,1.64970,2921,50,0,EURCHF,Pepperstone MT5
1994.12.06,1.64970,1.65290,1.64750,1.65230,821,50,0,EURCHF,Pepperstone MT5
1994.12.07,1.65260,1.65530,1.65090,1.65350,791,50,0,EURCHF,Pepperstone MT5
1994.12.08,1.65350,1.65950,1.65210,1.65900,931,50,0,EURCHF,Pepperstone MT5
1994.12.09,1.65760,1.65960,1.65640,1.65730,611,50,0,EURCHF,Pepperstone MT5
1994.12.12,1.65710,1.65990,1.65530,1.65820,811,50,0,EURCHF,Pepperstone MT5
1994.12.13,1.65850,1.65920,1.65190,1.65460,1071,50,0,EURCHF,Pepperstone MT5
1994.12.14,1.65450,1.65640,1.65210,1.65380,791,50,0,EURCHF,Pepperstone MT5
1994.12.15,1.65350,1.65450,1.65000,1.65220,771,50,0,EURCHF,Pepperstone MT5
1994.12.16,1.65180,1.65830,1.65140,1.65760,801,50,0,EURCHF,Pepperstone MT5
1994.12.19,1.65730,1.65940,1.65400,1.65650,1001,50,0,EURCHF,Pepperstone MT5
1994.12.20,1.65580,1.65670,1.65330,1.65420,521,50,0,EURCHF,Pepperstone MT5
1994.12.21,1.65400,1.65630,1.64970,1.65220,1141,50,0,EURCHF,Pepperstone MT5
1994.12.22,1.65120,1.65430,1.64870,1.65280,961,50,0,EURCHF,Pepperstone MT5
1994.12.23,1.65250,1.65350,1.64950,1.65220,771,50,0,EURCHF,Pepperstone MT5
1994.12.26,1.65220,1.65400,1.64970,1.65030,671,50,0,EURCHF,Pepperstone MT5
1994.12.27,1.65090,1.65320,1.64970,1.65070,681,50,0,EURCHF,Pepperstone MT5
1994.12.28,1.65010,1.66930,1.64890,1.65270,3821,50,0,EURCHF,Pepperstone MT5
1994.12.29,1.65200,1.65750,1.65040,1.65040,1261,50,0,EURCHF,Pepperstone MT5
1994.12.30,1.65090,1.65770,1.65030,1.65280,1291,50,0,EURCHF,Pepperstone MT5
1995.01.02,1.65250,1.65300,1.64900,1.65300,751,50,0,EURCHF,Pepperstone MT5
1995.01.03,1.65260,1.65390,1.65000,1.65100,621,50,0,EURCHF,Pepperstone MT5
1995.01.04,1.65150,1.65180,1.64260,1.64290,981,50,0,EURCHF,Pepperstone MT5
1995.01.05,1.64440,1.64570,1.64050,1.64140,741,50,0,EURCHF,Pepperstone MT5
1995.01.06,1.64100,1.64540,1.63780,1.63870,1291,50,0,EURCHF,Pepperstone MT5
1995.01.09,1.63900,1.64560,1.63620,1.63780,1761,50,0,EURCHF,Pepperstone MT5
1995.01.10,1.63760,1.64080,1.63490,1.63620,1041,50,0,EURCHF,Pepperstone MT5
1995.01.11,1.63600,1.64190,1.63580,1.64160,661,50,0,EURCHF,Pepperstone MT5
1995.01.12,1.64030,1.64340,1.63720,1.63980,1191,50,0,EURCHF,Pepperstone MT5
1995.01.13,1.63970,1.64500,1.63840,1.64390,901,50,0,EURCHF,Pepperstone MT5
1995.01.16,1.64410,1.64600,1.63870,1.64100,1151,50,0,EURCHF,Pepperstone MT5
1995.01.17,1.64120,1.64460,1.63790,1.64190,1271,50,0,EURCHF,Pepperstone MT5
1995.01.18,1.64110,1.64880,1.64060,1.64570,1181,50,0,EURCHF,Pepperstone MT5
1995.01.19,1.64580,1.65020,1.64410,1.64630,1171,50,0,EURCHF,Pepperstone MT5
1995.01.20,1.64620,1.64740,1.64180,1.64560,1061,50,0,EURCHF,Pepperstone MT5
1995.01.23,1.64520,1.64640,1.63860,1.64070,1111,50,0,EURCHF,Pepperstone MT5
1995.01.24,1.64070,1.64460,1.63950,1.64360,731,50,0,EURCHF,Pepperstone MT5
1995.01.25,1.64360,1.64700,1.64040,1.64490,1191,50,0,EURCHF,Pepperstone MT5
1995.01.26,1.64580,1.64810,1.64340,1.64470,831,50,0,EURCHF,Pepperstone MT5
1995.01.27,1.64470,1.64730,1.64340,1.64360,671,50,0,EURCHF,Pepperstone MT5
1995.01.30,1.64390,1.65140,1.64280,1.64670,1441,50,0,EURCHF,Pepperstone MT5
1995.01.31,1.64630,1.65100,1.64430,1.65020,951,50,0,EURCHF,Pepperstone MT5
1995.02.01,1.64840,1.65700,1.64780,1.65370,1311,50,0,EURCHF,Pepperstone MT5
1995.02.02,1.65370,1.65640,1.65220,1.65440,771,50,0,EURCHF,Pepperstone MT5
1995.02.03,1.65550,1.65850,1.65250,1.65550,1201,50,0,EURCHF,Pepperstone MT5
1995.02.06,1.65560,1.65830,1.65330,1.65430,871,50,0,EURCHF,Pepperstone MT5
1995.02.07,1.65340,1.65820,1.65240,1.65780,721,50,0,EURCHF,Pepperstone MT5
1995.02.08,1.65680,1.65810,1.65370,1.65540,741,50,0,EURCHF,Pepperstone MT5
1995.02.09,1.65540,1.65600,1.65340,1.65470,451,50,0,EURCHF,Pepperstone MT5
1995.02.10,1.65510,1.65540,1.64900,1.65010,781,50,0,EURCHF,Pepperstone MT5
1995.02.13,1.65070,1.65330,1.64880,1.65170,801,50,0,EURCHF,Pepperstone MT5
1995.02.14,1.65170,1.65440,1.64990,1.65190,881,50,0,EURCHF,Pepperstone MT5
1995.02.15,1.65180,1.65470,1.65020,1.65390,691,50,0,EURCHF,Pepperstone MT5
1995.02.16,1.65430,1.65530,1.65090,1.65320,771,50,0,EURCHF,Pepperstone MT5
1995.02.17,1.65340,1.65610,1.65060,1.65440,1001,50,0,EURCHF,Pepperstone MT5
1995.02.20,1.65440,1.65580,1.65080,1.65240,801,50,0,EURCHF,Pepperstone MT5
1995.02.21,1.65250,1.65520,1.65150,1.65180,671,50,0,EURCHF,Pepperstone MT5
1995.02.22,1.65420,1.66170,1.65210,1.66050,1291,50,0,EURCHF,Pepperstone MT5
1995.02.23,1.66070,1.66560,1.65910,1.66510,861,50,0,EURCHF,Pepperstone MT5
1995.02.24,1.66530,1.66720,1.66160,1.66440,1031,50,0,EURCHF,Pepperstone MT5
1995.02.27,1.66470,1.66770,1.65530,1.65680,1691,50,0,EURCHF,Pepperstone MT5
1995.02.28,1.65830,1.66020,1.65430,1.65530,881,50,0,EURCHF,Pepperstone MT5
1995.03.01,1.65540,1.65840,1.65400,1.65790,631,50,0,EURCHF,Pepperstone MT5
1995.03.02,1.65750,1.66210,1.64740,1.65850,2841,50,0,EURCHF,Pepperstone MT5
1995.03.03,1.65860,1.65960,1.64590,1.64900,1781,50,0,EURCHF,Pepperstone MT5
1995.03.06,1.64890,1.66070,1.63080,1.63630,4721,50,0,EURCHF,Pepperstone MT5
1995.03.07,1.63650,1.63930,1.62220,1.62670,2441,50,0,EURCHF,Pepperstone MT5
1995.03.08,1.62250,1.64030,1.61990,1.63500,2831,50,0,EURCHF,Pepperstone MT5
1995.03.09,1.63320,1.63760,1.62660,1.63180,2061,50,0,EURCHF,Pepperstone MT5
1995.03.10,1.63210,1.63780,1.62980,1.63170,1561,50,0,EURCHF,Pepperstone MT5
1995.03.13,1.63280,1.63750,1.62730,1.63240,2001,50,0,EURCHF,Pepperstone MT5
1995.03.14,1.63150,1.63540,1.62370,1.62560,1751,50,0,EURCHF,Pepperstone MT5
1995.03.15,1.62530,1.62740,1.61910,1.62170,1301,50,0,EURCHF,Pepperstone MT5
1995.03.16,1.62060,1.63490,1.61490,1.63050,3011,50,0,EURCHF,Pepperstone MT5
1995.03.17,1.63090,1.63280,1.62260,1.62370,1321,50,0,EURCHF,Pepperstone MT5
1995.03.20,1.62410,1.62810,1.62240,1.62580,971,50,0,EURCHF,Pepperstone MT5
1995.03.21,1.62630,1.62910,1.62100,1.62490,1481,50,0,EURCHF,Pepperstone MT5
1995.03.22,1.62490,1.62880,1.61970,1.62320,1651,50,0,EURCHF,Pepperstone MT5
1995.03.23,1.62310,1.62410,1.61770,1.62080,1051,50,0,EURCHF,Pepperstone MT5
1995.03.24,1.62080,1.62510,1.61600,1.61980,1721,50,0,EURCHF,Pepperstone MT5
1995.03.27,1.62020,1.62180,1.60990,1.61290,1651,50,0,EURCHF,Pepperstone MT5
1995.03.28,1.61340,1.61690,1.61230,1.61530,731,50,0,EURCHF,Pepperstone MT5
1995.03.29,1.61520,1.61780,1.60780,1.61500,1981,50,0,EURCHF,Pepperstone MT5
1995.03.30,1.61570,1.62560,1.60540,1.62210,3401,50,0,EURCHF,Pepperstone MT5
1995.03.31,1.62200,1.62460,1.59480,1.60830,4591,50,0,EURCHF,Pepperstone MT5
1995.04.03,1.60920,1.61330,1.59420,1.60060,2961,50,0,EURCHF,Pepperstone MT5
1995.04.04,1.60750,1.61230,1.59700,1.60680,2991,50,0,EURCHF,Pepperstone MT5
1995.04.05,1.60640,1.60970,1.59660,1.59990,1971,50,0,EURCHF,Pepperstone MT5
1995.04.06,1.59980,1.61150,1.59820,1.60330,2311,50,0,EURCHF,Pepperstone MT5
1995.04.07,1.60480,1.60840,1.59830,1.60470,2011,50,0,EURCHF,Pepperstone MT5
1995.04.10,1.59320,1.61250,1.58890,1.60810,3231,50,0,EURCHF,Pepperstone MT5
1995.04.11,1.60710,1.61310,1.60560,1.61110,1101,50,0,EURCHF,Pepperstone MT5
1995.04.12,1.61130,1.61380,1.60890,1.61180,931,50,0,EURCHF,Pepperstone MT5
1995.04.13,1.61040,1.62090,1.60880,1.60880,2261,50,0,EURCHF,Pepperstone MT5
1995.04.14,1.60870,1.62610,1.60370,1.61890,3461,50,0,EURCHF,Pepperstone MT5
1995.04.17,1.62430,1.62430,1.60690,1.61180,2231,50,0,EURCHF,Pepperstone MT5
1995.04.18,1.61060,1.61580,1.60650,1.61390,1531,50,0,EURCHF,Pepperstone MT5
1995.04.19,1.61470,1.61900,1.60840,1.61640,1951,50,0,EURCHF,Pepperstone MT5
1995.04.20,1.61760,1.61880,1.61330,1.61670,1011,50,0,EURCHF,Pepperstone MT5
1995.04.21,1.61650,1.62020,1.61310,1.61420,1191,50,0,EURCHF,Pepperstone MT5
1995.04.24,1.61500,1.62400,1.61290,1.62090,1631,50,0,EURCHF,Pepperstone MT5
1995.04.25,1.61920,1.62440,1.60870,1.61290,2511,50,0,EURCHF,Pepperstone MT5
1995.04.26,1.61320,1.61950,1.60930,1.61600,1761,50,0,EURCHF,Pepperstone MT5
1995.04.27,1.61610,1.61890,1.60980,1.61270,1481,50,0,EURCHF,Pepperstone MT5
1995.04.28,1.61240,1.62230,1.60930,1.61490,2351,50,0,EURCHF,Pepperstone MT5
1995.05.01,1.61360,1.61810,1.60920,1.61290,1711,50,0,EURCHF,Pepperstone MT5
1995.05.02,1.61220,1.61450,1.60940,1.61070,871,50,0,EURCHF,Pepperstone MT5
1995.05.03,1.61080,1.61630,1.60880,1.61500,1081,50,0,EURCHF,Pepperstone MT5
1995.05.04,1.61510,1.61610,1.61030,1.61450,1101,50,0,EURCHF,Pepperstone MT5
1995.05.05,1.61470,1.61690,1.61210,1.61320,811,50,0,EURCHF,Pepperstone MT5
1995.05.08,1.61350,1.61580,1.61150,1.61300,811,50,0,EURCHF,Pepperstone MT5
1995.05.09,1.61250,1.61680,1.61100,1.61610,801,50,0,EURCHF,Pepperstone MT5
1995.05.10,1.61540,1.62580,1.61310,1.62110,1971,50,0,EURCHF,Pepperstone MT5
1995.05.11,1.62130,1.63280,1.61900,1.62990,1901,50,0,EURCHF,Pepperstone MT5
1995.05.12,1.63030,1.63320,1.62690,1.62970,1201,50,0,EURCHF,Pepperstone MT5
1995.05.15,1.63020,1.63800,1.62670,1.63350,1931,50,0,EURCHF,Pepperstone MT5
1995.05.16,1.63360,1.63730,1.63030,1.63580,1181,50,0,EURCHF,Pepperstone MT5
1995.05.17,1.63690,1.63840,1.63000,1.63210,1201,50,0,EURCHF,Pepperstone MT5
1995.05.18,1.63230,1.63470,1.63000,1.63240,931,50,0,EURCHF,Pepperstone MT5
1995.05.19,1.63230,1.63370,1.62700,1.62980,1091,50,0,EURCHF,Pepperstone MT5
1995.05.22,1.62990,1.63100,1.62720,1.62870,641,50,0,EURCHF,Pepperstone MT5
1995.05.23,1.62890,1.63110,1.62550,1.62970,1041,50,0,EURCHF,Pepperstone MT5
1995.05.24,1.62980,1.63200,1.62700,1.62990,991,50,0,EURCHF,Pepperstone MT5
1995.05.25,1.63000,1.63700,1.61610,1.61810,2991,50,0,EURCHF,Pepperstone MT5
1995.05.26,1.61820,1.62590,1.60760,1.61120,2961,50,0,EURCHF,Pepperstone MT5
1995.05.29,1.61220,1.61670,1.60450,1.61200,2421,50,0,EURCHF,Pepperstone MT5
1995.05.30,1.61230,1.61640,1.61060,1.61490,901,50,0,EURCHF,Pepperstone MT5
1995.05.31,1.61260,1.61860,1.60320,1.61360,2981,50,0,EURCHF,Pepperstone MT5
1995.06.01,1.61430,1.62160,1.60070,1.61390,4141,50,0,EURCHF,Pepperstone MT5
1995.06.02,1.61410,1.62020,1.60840,1.61190,2141,50,0,EURCHF,Pepperstone MT5
1995.06.05,1.61280,1.61300,1.60620,1.60750,831,50,0,EURCHF,Pepperstone MT5
1995.06.06,1.60800,1.61660,1.60440,1.61220,2021,50,0,EURCHF,Pepperstone MT5
1995.06.07,1.61210,1.61440,1.60800,1.61040,1111,50,0,EURCHF,Pepperstone MT5
1995.06.08,1.61070,1.61540,1.60910,1.61280,1051,50,0,EURCHF,Pepperstone MT5
1995.06.09,1.61230,1.61730,1.61070,1.61330,1221,50,0,EURCHF,Pepperstone MT5
1995.06.12,1.61360,1.61750,1.60930,1.60980,1261,50,0,EURCHF,Pepperstone MT5
1995.06.13,1.61020,1.61470,1.60960,1.61250,791,50,0,EURCHF,Pepperstone MT5
1995.06.14,1.61150,1.61720,1.60930,1.61330,1401,50,0,EURCHF,Pepperstone MT5
1995.06.15,1.61300,1.62230,1.61060,1.61850,1791,50,0,EURCHF,Pepperstone MT5
1995.06.16,1.61900,1.62360,1.61750,1.62140,981,50,0,EURCHF,Pepperstone MT5
1995.06.19,1.61800,1.62510,1.61780,1.62430,831,50,0,EURCHF,Pepperstone MT5
1995.06.20,1.62300,1.62510,1.61660,1.62390,1611,50,0,EURCHF,Pepperstone MT5
1995.06.21,1.62220,1.62420,1.61450,1.61750,1471,50,0,EURCHF,Pepperstone MT5
1995.06.22,1.61730,1.62210,1.61450,1.62070,1181,50,0,EURCHF,Pepperstone MT5
1995.06.23,1.62040,1.62320,1.61390,1.61870,1691,50,0,EURCHF,Pepperstone MT5
1995.06.26,1.61890,1.62040,1.61690,1.61810,621,50,0,EURCHF,Pepperstone MT5
1995.06.27,1.61830,1.62140,1.60950,1.61790,2341,50,0,EURCHF,Pepperstone MT5
1995.06.28,1.61840,1.62670,1.61590,1.62270,1731,50,0,EURCHF,Pepperstone MT5
1995.06.29,1.62380,1.63010,1.62260,1.62590,1291,50,0,EURCHF,Pepperstone MT5
1995.06.30,1.62520,1.62940,1.62410,1.62490,1031,50,0,EURCHF,Pepperstone MT5
1995.07.03,1.62440,1.62700,1.62220,1.62500,901,50,0,EURCHF,Pepperstone MT5
1995.07.04,1.62480,1.62690,1.62310,1.62480,761,50,0,EURCHF,Pepperstone MT5
1995.07.05,1.62460,1.62600,1.62150,1.62370,811,50,0,EURCHF,Pepperstone MT5
1995.07.06,1.62300,1.62610,1.62100,1.62240,961,50,0,EURCHF,Pepperstone MT5
1995.07.07,1.62230,1.62810,1.61150,1.62680,2871,50,0,EURCHF,Pepperstone MT5
1995.07.10,1.62660,1.62800,1.62190,1.62500,1061,50,0,EURCHF,Pepperstone MT5
1995.07.11,1.62510,1.62860,1.62090,1.62650,1401,50,0,EURCHF,Pepperstone MT5
1995.07.12,1.62700,1.63000,1.62410,1.62710,1171,50,0,EURCHF,Pepperstone MT5
1995.07.13,1.62700,1.63760,1.62510,1.63220,1981,50,0,EURCHF,Pepperstone MT5
1995.07.14,1.63190,1.63770,1.63080,1.63600,971,50,0,EURCHF,Pepperstone MT5
1995.07.17,1.63600,1.63820,1.63250,1.63700,1041,50,0,EURCHF,Pepperstone MT5
1995.07.18,1.63640,1.63750,1.63160,1.63260,801,50,0,EURCHF,Pepperstone MT5
1995.07.19,1.63230,1.63420,1.62870,1.63100,971,50,0,EURCHF,Pepperstone MT5
1995.07.20,1.63110,1.63190,1.62820,1.62920,551,50,0,EURCHF,Pepperstone MT5
1995.07.21,1.62920,1.63300,1.62710,1.63130,971,50,0,EURCHF,Pepperstone MT5
1995.07.24,1.63130,1.63210,1.62360,1.62530,1101,50,0,EURCHF,Pepperstone MT5
1995.07.25,1.62560,1.62770,1.62370,1.62640,721,50,0,EURCHF,Pepperstone MT5
1995.07.26,1.62620,1.62830,1.62200,1.62450,1091,50,0,EURCHF,Pepperstone MT5
1995.07.27,1.62440,1.62640,1.61980,1.62470,1291,50,0,EURCHF,Pepperstone MT5
1995.07.28,1.62460,1.62900,1.62350,1.62550,1011,50,0,EURCHF,Pepperstone MT5
1995.07.31,1.62650,1.62750,1.62270,1.62570,881,50,0,EURCHF,Pepperstone MT5
1995.08.01,1.62580,1.62750,1.61440,1.61690,1731,50,0,EURCHF,Pepperstone MT5
1995.08.02,1.61690,1.62270,1.61510,1.62110,1101,50,0,EURCHF,Pepperstone MT5
1995.08.03,1.62000,1.62130,1.61590,1.61740,821,50,0,EURCHF,Pepperstone MT5
1995.08.04,1.61750,1.61910,1.61390,1.61390,681,50,0,EURCHF,Pepperstone MT5
1995.08.07,1.61430,1.62090,1.61260,1.61920,1171,50,0,EURCHF,Pepperstone MT5
1995.08.08,1.61960,1.62260,1.61870,1.62210,531,50,0,EURCHF,Pepperstone MT5
1995.08.09,1.62160,1.62320,1.61720,1.61950,991,50,0,EURCHF,Pepperstone MT5
1995.08.10,1.61870,1.62230,1.61600,1.62140,991,50,0,EURCHF,Pepperstone MT5
1995.08.11,1.62000,1.62730,1.61270,1.62450,2471,50,0,EURCHF,Pepperstone MT5
1995.08.14,1.62400,1.63140,1.62200,1.62680,1601,50,0,EURCHF,Pepperstone MT5
1995.08.15,1.62660,1.63360,1.62410,1.63040,1521,50,0,EURCHF,Pepperstone MT5
1995.08.16,1.63020,1.63660,1.62140,1.62750,2771,50,0,EURCHF,Pepperstone MT5
1995.08.17,1.63000,1.63010,1.61900,1.62140,1361,50,0,EURCHF,Pepperstone MT5
1995.08.18,1.62100,1.62390,1.61890,1.62110,991,50,0,EURCHF,Pepperstone MT5
1995.08.21,1.62090,1.62450,1.61750,1.62250,1241,50,0,EURCHF,Pepperstone MT5
1995.08.22,1.62270,1.62490,1.61990,1.62260,991,50,0,EURCHF,Pepperstone MT5
1995.08.23,1.62230,1.62320,1.61640,1.61780,911,50,0,EURCHF,Pepperstone MT5
1995.08.24,1.61790,1.62180,1.61340,1.61550,1441,50,0,EURCHF,Pepperstone MT5
1995.08.25,1.61560,1.61750,1.60600,1.60890,1631,50,0,EURCHF,Pepperstone MT5
1995.08.28,1.60870,1.61310,1.60740,1.61220,791,50,0,EURCHF,Pepperstone MT5
1995.08.29,1.61050,1.61370,1.60990,1.61150,661,50,0,EURCHF,Pepperstone MT5
1995.08.30,1.61220,1.61220,1.60330,1.60430,991,50,0,EURCHF,Pepperstone MT5
1995.08.31,1.60420,1.60820,1.60170,1.60460,1261,50,0,EURCHF,Pepperstone MT5
1995.09.01,1.60400,1.60630,1.59980,1.60460,1241,50,0,EURCHF,Pepperstone MT5
1995.09.04,1.60330,1.60480,1.59950,1.60330,1061,50,0,EURCHF,Pepperstone MT5
1995.09.05,1.60360,1.60770,1.60110,1.60660,1021,50,0,EURCHF,Pepperstone MT5
1995.09.06,1.60590,1.60980,1.60510,1.60620,911,50,0,EURCHF,Pepperstone MT5
1995.09.07,1.60660,1.61030,1.60410,1.60920,981,50,0,EURCHF,Pepperstone MT5
1995.09.08,1.60960,1.61300,1.60560,1.60560,1081,50,0,EURCHF,Pepperstone MT5
1995.09.11,1.60600,1.60760,1.60120,1.60360,1041,50,0,EURCHF,Pepperstone MT5
1995.09.12,1.60450,1.60530,1.59610,1.59870,1261,50,0,EURCHF,Pepperstone MT5
1995.09.13,1.59920,1.60130,1.59500,1.59510,851,50,0,EURCHF,Pepperstone MT5
1995.09.14,1.59550,1.60050,1.59150,1.59570,1781,50,0,EURCHF,Pepperstone MT5
1995.09.15,1.59580,1.59660,1.58450,1.58520,1361,50,0,EURCHF,Pepperstone MT5
1995.09.18,1.58340,1.59350,1.58340,1.59040,1321,50,0,EURCHF,Pepperstone MT5
1995.09.19,1.58980,1.59330,1.58030,1.58170,1791,50,0,EURCHF,Pepperstone MT5
1995.09.20,1.58180,1.58520,1.56610,1.56850,2491,50,0,EURCHF,Pepperstone MT5
1995.09.21,1.56770,1.57260,1.55980,1.56430,2221,50,0,EURCHF,Pepperstone MT5
1995.09.22,1.56630,1.57790,1.56000,1.57500,2711,50,0,EURCHF,Pepperstone MT5
1995.09.25,1.57220,1.57930,1.56920,1.57690,1551,50,0,EURCHF,Pepperstone MT5
1995.09.26,1.57700,1.58530,1.57440,1.58150,1731,50,0,EURCHF,Pepperstone MT5
1995.09.27,1.58160,1.58540,1.57700,1.58180,1661,50,0,EURCHF,Pepperstone MT5
1995.09.28,1.58180,1.58350,1.57390,1.57490,1231,50,0,EURCHF,Pepperstone MT5
1995.09.29,1.57440,1.58440,1.57120,1.58240,1841,50,0,EURCHF,Pepperstone MT5
1995.10.02,1.58220,1.58430,1.57260,1.57610,1731,50,0,EURCHF,Pepperstone MT5
1995.10.03,1.57610,1.57880,1.57250,1.57560,1211,50,0,EURCHF,Pepperstone MT5
1995.10.04,1.57570,1.57780,1.56990,1.57140,1151,50,0,EURCHF,Pepperstone MT5
1995.10.05,1.57200,1.57440,1.56690,1.56840,1141,50,0,EURCHF,Pepperstone MT5
1995.10.06,1.56850,1.57680,1.56760,1.57370,1321,50,0,EURCHF,Pepperstone MT5
1995.10.09,1.57340,1.58600,1.57340,1.58010,1851,50,0,EURCHF,Pepperstone MT5
1995.10.10,1.57930,1.58820,1.57890,1.58330,1461,50,0,EURCHF,Pepperstone MT5
1995.10.11,1.58370,1.58820,1.58170,1.58690,981,50,0,EURCHF,Pepperstone MT5
1995.10.12,1.58640,1.59090,1.58190,1.58350,1511,50,0,EURCHF,Pepperstone MT5
1995.10.13,1.58370,1.58630,1.58140,1.58260,871,50,0,EURCHF,Pepperstone MT5
1995.10.16,1.58340,1.58780,1.58000,1.58590,1311,50,0,EURCHF,Pepperstone MT5
1995.10.17,1.58750,1.58830,1.58290,1.58680,1011,50,0,EURCHF,Pepperstone MT5
1995.10.18,1.58720,1.59230,1.58540,1.58960,1141,50,0,EURCHF,Pepperstone MT5
1995.10.19,1.58930,1.59640,1.58620,1.59590,1381,50,0,EURCHF,Pepperstone MT5
1995.10.20,1.59590,1.59820,1.59350,1.59590,941,50,0,EURCHF,Pepperstone MT5
1995.10.23,1.59760,1.60130,1.58710,1.59080,2161,50,0,EURCHF,Pepperstone MT5
1995.10.24,1.59090,1.59670,1.58620,1.59410,1781,50,0,EURCHF,Pepperstone MT5
1995.10.25,1.59390,1.59640,1.58910,1.59090,1161,50,0,EURCHF,Pepperstone MT5
1995.10.26,1.59080,1.59420,1.58310,1.58940,2081,50,0,EURCHF,Pepperstone MT5
1995.10.27,1.58960,1.59100,1.57810,1.58080,1701,50,0,EURCHF,Pepperstone MT5
1995.10.30,1.58100,1.58230,1.57680,1.57690,691,50,0,EURCHF,Pepperstone MT5
1995.10.31,1.57750,1.58130,1.57570,1.57760,1111,50,0,EURCHF,Pepperstone MT5
1995.11.01,1.57820,1.57880,1.57120,1.57370,1071,50,0,EURCHF,Pepperstone MT5
1995.11.02,1.57370,1.57810,1.57190,1.57460,1151,50,0,EURCHF,Pepperstone MT5
1995.11.03,1.57460,1.57820,1.57070,1.57310,1351,50,0,EURCHF,Pepperstone MT5
1995.11.06,1.57330,1.57730,1.56840,1.57530,1581,50,0,EURCHF,Pepperstone MT5
1995.11.07,1.57580,1.58010,1.57100,1.57330,1571,50,0,EURCHF,Pepperstone MT5
1995.11.08,1.57300,1.57830,1.57200,1.57670,891,50,0,EURCHF,Pepperstone MT5
1995.11.09,1.57720,1.57900,1.57330,1.57600,1021,50,0,EURCHF,Pepperstone MT5
1995.11.10,1.57540,1.57680,1.57030,1.57360,1121,50,0,EURCHF,Pepperstone MT5
1995.11.13,1.57240,1.57900,1.57140,1.57810,951,50,0,EURCHF,Pepperstone MT5
1995.11.14,1.57790,1.58030,1.57460,1.57940,991,50,0,EURCHF,Pepperstone MT5
1995.11.15,1.57940,1.58420,1.57810,1.58130,1031,50,0,EURCHF,Pepperstone MT5
1995.11.16,1.58070,1.58570,1.57890,1.58260,1171,50,0,EURCHF,Pepperstone MT5
1995.11.17,1.58240,1.58530,1.57990,1.58290,1031,50,0,EURCHF,Pepperstone MT5
1995.11.20,1.58260,1.58340,1.57320,1.58100,1881,50,0,EURCHF,Pepperstone MT5
1995.11.21,1.58040,1.58160,1.57780,1.57930,651,50,0,EURCHF,Pepperstone MT5
1995.11.22,1.57960,1.58060,1.57460,1.57460,701,50,0,EURCHF,Pepperstone MT5
1995.11.23,1.57750,1.57870,1.57260,1.57530,1001,50,0,EURCHF,Pepperstone MT5
1995.11.24,1.57530,1.57810,1.57380,1.57770,621,50,0,EURCHF,Pepperstone MT5
1995.11.27,1.57720,1.57850,1.57270,1.57550,991,50,0,EURCHF,Pepperstone MT5
1995.11.28,1.57620,1.58000,1.57310,1.57920,1081,50,0,EURCHF,Pepperstone MT5
1995.11.29,1.57920,1.58700,1.57750,1.58630,1191,50,0,EURCHF,Pepperstone MT5
1995.11.30,1.58590,1.59230,1.58480,1.59080,1011,50,0,EURCHF,Pepperstone MT5
1995.12.01,1.59080,1.59380,1.58790,1.59070,1171,50,0,EURCHF,Pepperstone MT5
1995.12.04,1.59120,1.59400,1.58590,1.58670,1171,50,0,EURCHF,Pepperstone MT5
1995.12.05,1.58710,1.59220,1.58630,1.59080,811,50,0,EURCHF,Pepperstone MT5
1995.12.06,1.59000,1.59350,1.58140,1.58240,1661,50,0,EURCHF,Pepperstone MT5
1995.12.07,1.58230,1.58590,1.58150,1.58340,771,50,0,EURCHF,Pepperstone MT5
1995.12.08,1.58320,1.58430,1.57850,1.57980,821,50,0,EURCHF,Pepperstone MT5
1995.12.11,1.57980,1.58500,1.57910,1.58380,781,50,0,EURCHF,Pepperstone MT5
1995.12.12,1.58390,1.58850,1.58290,1.58710,801,50,0,EURCHF,Pepperstone MT5
1995.12.13,1.58730,1.58950,1.58410,1.58520,871,50,0,EURCHF,Pepperstone MT5
1995.12.14,1.58520,1.58810,1.57680,1.58080,1821,50,0,EURCHF,Pepperstone MT5
1995.12.15,1.58120,1.58350,1.57540,1.57700,1201,50,0,EURCHF,Pepperstone MT5
1995.12.18,1.57740,1.57990,1.56430,1.56430,1811,50,0,EURCHF,Pepperstone MT5
1995.12.19,1.56370,1.57270,1.56370,1.56980,1191,50,0,EURCHF,Pepperstone MT5
1995.12.20,1.56810,1.57520,1.56690,1.57250,1221,50,0,EURCHF,Pepperstone MT5
1995.12.21,1.57100,1.57530,1.56990,1.57240,941,50,0,EURCHF,Pepperstone MT5
1995.12.22,1.57290,1.57930,1.57110,1.57740,1191,50,0,EURCHF,Pepperstone MT5
1995.12.25,1.57430,1.57890,1.57030,1.57840,1311,50,0,EURCHF,Pepperstone MT5
1995.12.26,1.57700,1.57920,1.57180,1.57420,1201,50,0,EURCHF,Pepperstone MT5
1995.12.27,1.57490,1.57890,1.57420,1.57700,731,50,0,EURCHF,Pepperstone MT5
1995.12.28,1.57700,1.57850,1.56920,1.57100,1261,50,0,EURCHF,Pepperstone MT5
1995.12.29,1.56960,1.57360,1.56570,1.57020,1521,50,0,EURCHF,Pepperstone MT5
1996.01.02,1.57050,1.57880,1.56970,1.57750,1121,50,0,EURCHF,Pepperstone MT5
1996.01.03,1.57740,1.57790,1.57330,1.57530,711,50,0,EURCHF,Pepperstone MT5
1996.01.04,1.57520,1.58100,1.57370,1.57560,1421,50,0,EURCHF,Pepperstone MT5
1996.01.05,1.57670,1.58000,1.57410,1.57780,1071,50,0,EURCHF,Pepperstone MT5
1996.01.08,1.57790,1.58140,1.57640,1.58030,761,50,0,EURCHF,Pepperstone MT5
1996.01.09,1.57990,1.58540,1.57940,1.58260,931,50,0,EURCHF,Pepperstone MT5
1996.01.10,1.58260,1.58390,1.57800,1.58060,981,50,0,EURCHF,Pepperstone MT5
1996.01.11,1.58070,1.58250,1.57540,1.57770,1121,50,0,EURCHF,Pepperstone MT5
1996.01.12,1.57760,1.57830,1.57350,1.57590,791,50,0,EURCHF,Pepperstone MT5
1996.01.15,1.57540,1.57680,1.57290,1.57290,531,50,0,EURCHF,Pepperstone MT5
1996.01.16,1.57280,1.57950,1.56740,1.57850,1851,50,0,EURCHF,Pepperstone MT5
1996.01.17,1.58120,1.58240,1.57630,1.58130,1211,50,0,EURCHF,Pepperstone MT5
1996.01.18,1.58160,1.58160,1.57550,1.57800,861,50,0,EURCHF,Pepperstone MT5
1996.01.19,1.57810,1.58010,1.57520,1.57600,771,50,0,EURCHF,Pepperstone MT5
1996.01.22,1.57590,1.57780,1.57100,1.57240,1011,50,0,EURCHF,Pepperstone MT5
1996.01.23,1.57210,1.57420,1.57030,1.57110,681,50,0,EURCHF,Pepperstone MT5
1996.01.24,1.57120,1.57320,1.56960,1.57150,691,50,0,EURCHF,Pepperstone MT5
1996.01.25,1.57040,1.57460,1.56840,1.57340,941,50,0,EURCHF,Pepperstone MT5
1996.01.26,1.57370,1.58890,1.57200,1.58790,1961,50,0,EURCHF,Pepperstone MT5
1996.01.29,1.58860,1.59550,1.58620,1.59070,1651,50,0,EURCHF,Pepperstone MT5
1996.01.30,1.59050,1.59880,1.58930,1.59750,1201,50,0,EURCHF,Pepperstone MT5
1996.01.31,1.59750,1.59950,1.58930,1.59170,1461,50,0,EURCHF,Pepperstone MT5
1996.02.01,1.59200,1.60090,1.59060,1.59750,1511,50,0,EURCHF,Pepperstone MT5
1996.02.02,1.59650,1.60630,1.59640,1.60150,1481,50,0,EURCHF,Pepperstone MT5
1996.02.05,1.60100,1.60660,1.59310,1.59330,1931,50,0,EURCHF,Pepperstone MT5
1996.02.06,1.59280,1.59820,1.59170,1.59270,1291,50,0,EURCHF,Pepperstone MT5
1996.02.07,1.59310,1.60070,1.59230,1.59750,1241,50,0,EURCHF,Pepperstone MT5
1996.02.08,1.59780,1.60000,1.59520,1.59740,921,50,0,EURCHF,Pepperstone MT5
1996.02.09,1.59740,1.60280,1.59570,1.59850,1311,50,0,EURCHF,Pepperstone MT5
1996.02.12,1.59900,1.60110,1.59390,1.59800,1341,50,0,EURCHF,Pepperstone MT5
1996.02.13,1.59750,1.59920,1.59380,1.59750,1081,50,0,EURCHF,Pepperstone MT5
1996.02.14,1.59760,1.59880,1.59360,1.59650,931,50,0,EURCHF,Pepperstone MT5
1996.02.15,1.59480,1.59790,1.59280,1.59620,881,50,0,EURCHF,Pepperstone MT5
1996.02.16,1.59580,1.59780,1.58830,1.58870,1191,50,0,EURCHF,Pepperstone MT5
1996.02.19,1.58910,1.59290,1.58790,1.59140,771,50,0,EURCHF,Pepperstone MT5
1996.02.20,1.59160,1.59560,1.58680,1.59530,1391,50,0,EURCHF,Pepperstone MT5
1996.02.21,1.59540,1.59850,1.59150,1.59760,1181,50,0,EURCHF,Pepperstone MT5
1996.02.22,1.59690,1.59810,1.58950,1.59010,1041,50,0,EURCHF,Pepperstone MT5
1996.02.23,1.59040,1.59350,1.58550,1.58880,1441,50,0,EURCHF,Pepperstone MT5
1996.02.26,1.58920,1.59170,1.58570,1.59040,1081,50,0,EURCHF,Pepperstone MT5
1996.02.27,1.59080,1.59340,1.58910,1.59130,811,50,0,EURCHF,Pepperstone MT5
1996.02.28,1.59120,1.59740,1.59010,1.59350,1231,50,0,EURCHF,Pepperstone MT5
1996.02.29,1.59350,1.59820,1.58970,1.59500,1551,50,0,EURCHF,Pepperstone MT5
1996.03.01,1.59490,1.59740,1.59280,1.59570,841,50,0,EURCHF,Pepperstone MT5
1996.03.04,1.59470,1.59640,1.58970,1.59120,991,50,0,EURCHF,Pepperstone MT5
1996.03.05,1.59060,1.59280,1.58950,1.59020,621,50,0,EURCHF,Pepperstone MT5
1996.03.06,1.59020,1.59290,1.58800,1.59090,911,50,0,EURCHF,Pepperstone MT5
1996.03.07,1.58960,1.59190,1.58390,1.58850,1491,50,0,EURCHF,Pepperstone MT5
1996.03.08,1.58820,1.59200,1.58180,1.58440,1661,50,0,EURCHF,Pepperstone MT5
1996.03.11,1.58350,1.58840,1.58230,1.58600,971,50,0,EURCHF,Pepperstone MT5
1996.03.12,1.58600,1.58820,1.58070,1.58220,1121,50,0,EURCHF,Pepperstone MT5
1996.03.13,1.58240,1.58340,1.57550,1.57980,1321,50,0,EURCHF,Pepperstone MT5
1996.03.14,1.57950,1.58140,1.57690,1.57840,791,50,0,EURCHF,Pepperstone MT5
1996.03.15,1.57870,1.58100,1.57550,1.57850,1081,50,0,EURCHF,Pepperstone MT5
1996.03.18,1.57700,1.58030,1.57400,1.57940,1021,50,0,EURCHF,Pepperstone MT5
1996.03.19,1.57900,1.58020,1.57650,1.57810,651,50,0,EURCHF,Pepperstone MT5
1996.03.20,1.57790,1.58300,1.57770,1.58100,751,50,0,EURCHF,Pepperstone MT5
1996.03.21,1.58260,1.58450,1.58120,1.58150,551,50,0,EURCHF,Pepperstone MT5
1996.03.22,1.58130,1.58410,1.58070,1.58410,401,50,0,EURCHF,Pepperstone MT5
1996.03.25,1.58180,1.58450,1.57590,1.57730,1271,50,0,EURCHF,Pepperstone MT5
1996.03.26,1.57750,1.58040,1.57670,1.58000,491,50,0,EURCHF,Pepperstone MT5
1996.03.27,1.57890,1.57980,1.57630,1.57820,631,50,0,EURCHF,Pepperstone MT5
1996.03.28,1.57790,1.58050,1.57650,1.57820,771,50,0,EURCHF,Pepperstone MT5
1996.03.29,1.57770,1.57910,1.57190,1.57190,861,50,0,EURCHF,Pepperstone MT5
1996.04.01,1.57630,1.57870,1.57340,1.57430,861,50,0,EURCHF,Pepperstone MT5
1996.04.02,1.57390,1.57690,1.57290,1.57630,561,50,0,EURCHF,Pepperstone MT5
1996.04.03,1.57640,1.57980,1.57500,1.57920,681,50,0,EURCHF,Pepperstone MT5
1996.04.04,1.57920,1.58270,1.57490,1.57650,1291,50,0,EURCHF,Pepperstone MT5
1996.04.05,1.57770,1.57830,1.57430,1.57740,771,50,0,EURCHF,Pepperstone MT5
1996.04.08,1.57570,1.57990,1.57370,1.57760,1051,50,0,EURCHF,Pepperstone MT5
1996.04.09,1.57690,1.58350,1.57670,1.58350,701,50,0,EURCHF,Pepperstone MT5
1996.04.10,1.58260,1.58940,1.58180,1.58740,1041,50,0,EURCHF,Pepperstone MT5
1996.04.11,1.58730,1.59030,1.58550,1.58940,751,50,0,EURCHF,Pepperstone MT5
1996.04.12,1.58960,1.59630,1.58730,1.59320,1441,50,0,EURCHF,Pepperstone MT5
1996.04.15,1.58820,1.59810,1.58820,1.59700,1101,50,0,EURCHF,Pepperstone MT5
1996.04.16,1.59820,1.59910,1.59110,1.59230,1011,50,0,EURCHF,Pepperstone MT5
1996.04.17,1.59210,1.59440,1.59040,1.59310,701,50,0,EURCHF,Pepperstone MT5
1996.04.18,1.59270,1.59570,1.58400,1.58660,1731,50,0,EURCHF,Pepperstone MT5
1996.04.19,1.58610,1.59020,1.58350,1.58560,1291,50,0,EURCHF,Pepperstone MT5
1996.04.22,1.58650,1.58770,1.58080,1.58390,1121,50,0,EURCHF,Pepperstone MT5
1996.04.23,1.58390,1.58590,1.58030,1.58450,1061,50,0,EURCHF,Pepperstone MT5
1996.04.24,1.58570,1.58630,1.58250,1.58280,471,50,0,EURCHF,Pepperstone MT5
1996.04.25,1.58310,1.58460,1.57710,1.57850,1041,50,0,EURCHF,Pepperstone MT5
1996.04.26,1.57840,1.58360,1.57760,1.58140,901,50,0,EURCHF,Pepperstone MT5
1996.04.29,1.58180,1.58710,1.57920,1.58510,1251,50,0,EURCHF,Pepperstone MT5
1996.04.30,1.58540,1.59020,1.58340,1.58940,961,50,0,EURCHF,Pepperstone MT5
1996.05.01,1.58940,1.59480,1.58820,1.59140,1121,50,0,EURCHF,Pepperstone MT5
1996.05.02,1.59220,1.59750,1.58900,1.59260,1661,50,0,EURCHF,Pepperstone MT5
1996.05.03,1.59270,1.59380,1.58820,1.59380,1011,50,0,EURCHF,Pepperstone MT5
1996.05.06,1.59210,1.59620,1.59070,1.59380,931,50,0,EURCHF,Pepperstone MT5
1996.05.07,1.59480,1.59660,1.59300,1.59580,621,50,0,EURCHF,Pepperstone MT5
1996.05.08,1.59570,1.59620,1.58860,1.59190,1141,50,0,EURCHF,Pepperstone MT5
1996.05.09,1.59220,1.59630,1.59010,1.59470,991,50,0,EURCHF,Pepperstone MT5
1996.05.10,1.59530,1.59900,1.59210,1.59900,1011,50,0,EURCHF,Pepperstone MT5
1996.05.13,1.59940,1.59940,1.59200,1.59340,881,50,0,EURCHF,Pepperstone MT5
1996.05.14,1.59390,1.59690,1.59250,1.59490,781,50,0,EURCHF,Pepperstone MT5
1996.05.15,1.59520,1.60010,1.59240,1.59800,1261,50,0,EURCHF,Pepperstone MT5
1996.05.16,1.59890,1.60610,1.59760,1.60300,1291,50,0,EURCHF,Pepperstone MT5
1996.05.17,1.60460,1.60970,1.60170,1.60820,1241,50,0,EURCHF,Pepperstone MT5
1996.05.20,1.60800,1.61280,1.60680,1.60840,1161,50,0,EURCHF,Pepperstone MT5
1996.05.21,1.61000,1.61090,1.60920,1.61020,321,50,0,EURCHF,Pepperstone MT5
1996.05.22,1.60930,1.61160,1.60590,1.60750,961,50,0,EURCHF,Pepperstone MT5
1996.05.23,1.60780,1.60870,1.60260,1.60450,891,50,0,EURCHF,Pepperstone MT5
1996.05.24,1.60410,1.60710,1.60250,1.60710,621,50,0,EURCHF,Pepperstone MT5
1996.05.27,1.60630,1.60850,1.60350,1.60550,921,50,0,EURCHF,Pepperstone MT5
1996.05.28,1.60390,1.61080,1.60320,1.60910,1001,50,0,EURCHF,Pepperstone MT5
1996.05.29,1.60920,1.61160,1.60420,1.60780,1341,50,0,EURCHF,Pepperstone MT5
1996.05.30,1.60690,1.60920,1.60240,1.60580,1251,50,0,EURCHF,Pepperstone MT5
1996.05.31,1.60540,1.60810,1.60000,1.60500,1581,50,0,EURCHF,Pepperstone MT5
1996.06.03,1.60500,1.60630,1.59840,1.60450,1531,50,0,EURCHF,Pepperstone MT5
1996.06.04,1.60430,1.60790,1.60100,1.60630,1181,50,0,EURCHF,Pepperstone MT5
1996.06.05,1.60650,1.60850,1.60390,1.60590,861,50,0,EURCHF,Pepperstone MT5
1996.06.06,1.60640,1.61040,1.60480,1.60930,831,50,0,EURCHF,Pepperstone MT5
1996.06.07,1.60900,1.61940,1.60620,1.61940,1601,50,0,EURCHF,Pepperstone MT5
1996.06.10,1.61600,1.61870,1.60960,1.61440,1661,50,0,EURCHF,Pepperstone MT5
1996.06.11,1.61410,1.61480,1.61070,1.61110,521,50,0,EURCHF,Pepperstone MT5
1996.06.12,1.61100,1.61410,1.60830,1.61100,1161,50,0,EURCHF,Pepperstone MT5
1996.06.13,1.61050,1.61140,1.60490,1.60590,841,50,0,EURCHF,Pepperstone MT5
1996.06.14,1.60600,1.61030,1.60080,1.60510,1811,50,0,EURCHF,Pepperstone MT5
1996.06.17,1.60840,1.61360,1.60460,1.60980,1661,50,0,EURCHF,Pepperstone MT5
1996.06.18,1.61010,1.61330,1.60800,1.61060,1011,50,0,EURCHF,Pepperstone MT5
1996.06.19,1.61060,1.61280,1.60870,1.61090,791,50,0,EURCHF,Pepperstone MT5
1996.06.20,1.61010,1.61210,1.60770,1.61210,681,50,0,EURCHF,Pepperstone MT5
1996.06.21,1.61230,1.61610,1.60940,1.61430,1141,50,0,EURCHF,Pepperstone MT5
1996.06.24,1.61380,1.61540,1.61100,1.61340,841,50,0,EURCHF,Pepperstone MT5
1996.06.25,1.61290,1.61450,1.60930,1.61220,971,50,0,EURCHF,Pepperstone MT5
1996.06.26,1.61200,1.61480,1.60910,1.61010,951,50,0,EURCHF,Pepperstone MT5
1996.06.27,1.61020,1.61200,1.60530,1.60640,961,50,0,EURCHF,Pepperstone MT5
1996.06.28,1.60670,1.61060,1.60520,1.60940,811,50,0,EURCHF,Pepperstone MT5
1996.07.01,1.60940,1.61010,1.60210,1.60490,1151,50,0,EURCHF,Pepperstone MT5
1996.07.02,1.60540,1.60590,1.60160,1.60250,571,50,0,EURCHF,Pepperstone MT5
1996.07.03,1.60270,1.61320,1.60060,1.61070,1721,50,0,EURCHF,Pepperstone MT5
1996.07.04,1.61050,1.61370,1.60820,1.61080,1071,50,0,EURCHF,Pepperstone MT5
1996.07.05,1.61060,1.61810,1.60940,1.61350,1451,50,0,EURCHF,Pepperstone MT5
1996.07.08,1.61250,1.62060,1.61250,1.61930,941,50,0,EURCHF,Pepperstone MT5
1996.07.09,1.61960,1.62220,1.61610,1.62060,1121,50,0,EURCHF,Pepperstone MT5
1996.07.10,1.62020,1.62120,1.61730,1.61830,591,50,0,EURCHF,Pepperstone MT5
1996.07.11,1.61810,1.61870,1.61350,1.61600,831,50,0,EURCHF,Pepperstone MT5
1996.07.12,1.61610,1.61820,1.61360,1.61680,851,50,0,EURCHF,Pepperstone MT5
1996.07.15,1.61720,1.61830,1.61240,1.61380,841,50,0,EURCHF,Pepperstone MT5
1996.07.16,1.61420,1.61620,1.59240,1.60390,3731,50,0,EURCHF,Pepperstone MT5
1996.07.17,1.60540,1.60790,1.59220,1.59550,2151,50,0,EURCHF,Pepperstone MT5
1996.07.18,1.59510,1.60080,1.59380,1.59820,1091,50,0,EURCHF,Pepperstone MT5
1996.07.19,1.59830,1.60200,1.59640,1.60020,931,50,0,EURCHF,Pepperstone MT5
1996.07.22,1.59890,1.59940,1.58840,1.58980,1291,50,0,EURCHF,Pepperstone MT5
1996.07.23,1.58960,1.59460,1.58060,1.59250,2511,50,0,EURCHF,Pepperstone MT5
1996.07.24,1.59380,1.59810,1.58920,1.59470,1691,50,0,EURCHF,Pepperstone MT5
1996.07.25,1.59410,1.60650,1.59150,1.59510,2901,50,0,EURCHF,Pepperstone MT5
1996.07.26,1.59480,1.60010,1.59380,1.59540,1201,50,0,EURCHF,Pepperstone MT5
1996.07.29,1.59570,1.59650,1.59260,1.59320,531,50,0,EURCHF,Pepperstone MT5
1996.07.30,1.59290,1.59580,1.58910,1.59160,1211,50,0,EURCHF,Pepperstone MT5
1996.07.31,1.59330,1.59370,1.57970,1.59100,2571,50,0,EURCHF,Pepperstone MT5
1996.08.01,1.59110,1.59540,1.58930,1.59210,1121,50,0,EURCHF,Pepperstone MT5
1996.08.02,1.59240,1.59600,1.58990,1.59250,1211,50,0,EURCHF,Pepperstone MT5
1996.08.05,1.59190,1.59250,1.58210,1.58650,1541,50,0,EURCHF,Pepperstone MT5
1996.08.06,1.58670,1.59190,1.58460,1.59150,981,50,0,EURCHF,Pepperstone MT5
1996.08.07,1.59130,1.59620,1.58950,1.59480,991,50,0,EURCHF,Pepperstone MT5
1996.08.08,1.59460,1.59820,1.59140,1.59500,1321,50,0,EURCHF,Pepperstone MT5
1996.08.09,1.59540,1.59700,1.59090,1.59410,1091,50,0,EURCHF,Pepperstone MT5
1996.08.12,1.59360,1.59460,1.58870,1.59260,1081,50,0,EURCHF,Pepperstone MT5
1996.08.13,1.59270,1.59460,1.58550,1.58860,1411,50,0,EURCHF,Pepperstone MT5
1996.08.14,1.58930,1.59130,1.58560,1.58890,1101,50,0,EURCHF,Pepperstone MT5
1996.08.15,1.58900,1.59260,1.58560,1.58560,1061,50,0,EURCHF,Pepperstone MT5
1996.08.16,1.58490,1.58850,1.58120,1.58500,1451,50,0,EURCHF,Pepperstone MT5
1996.08.19,1.58510,1.58830,1.58260,1.58690,961,50,0,EURCHF,Pepperstone MT5
1996.08.20,1.58610,1.58830,1.58170,1.58560,1271,50,0,EURCHF,Pepperstone MT5
1996.08.21,1.58530,1.58620,1.58130,1.58180,631,50,0,EURCHF,Pepperstone MT5
1996.08.22,1.58210,1.59480,1.57870,1.58230,3201,50,0,EURCHF,Pepperstone MT5
1996.08.23,1.58280,1.58730,1.57580,1.57670,1691,50,0,EURCHF,Pepperstone MT5
1996.08.26,1.57620,1.58030,1.57240,1.57360,1321,50,0,EURCHF,Pepperstone MT5
1996.08.27,1.57520,1.58150,1.57190,1.57890,1551,50,0,EURCHF,Pepperstone MT5
1996.08.28,1.57910,1.58240,1.57780,1.57960,871,50,0,EURCHF,Pepperstone MT5
1996.08.29,1.57990,1.58510,1.57860,1.58110,1181,50,0,EURCHF,Pepperstone MT5
1996.08.30,1.58130,1.58860,1.58050,1.58590,1161,50,0,EURCHF,Pepperstone MT5
1996.09.02,1.58660,1.59320,1.58610,1.59210,871,50,0,EURCHF,Pepperstone MT5
1996.09.03,1.59190,1.59400,1.58790,1.59300,1111,50,0,EURCHF,Pepperstone MT5
1996.09.04,1.59320,1.59540,1.58960,1.59280,1121,50,0,EURCHF,Pepperstone MT5
1996.09.05,1.59260,1.59460,1.58810,1.58940,981,50,0,EURCHF,Pepperstone MT5
1996.09.06,1.59000,1.59960,1.58590,1.59610,2131,50,0,EURCHF,Pepperstone MT5
1996.09.09,1.59540,1.59780,1.59280,1.59340,801,50,0,EURCHF,Pepperstone MT5
1996.09.10,1.59470,1.60150,1.59270,1.59770,1461,50,0,EURCHF,Pepperstone MT5
1996.09.11,1.59810,1.60100,1.59650,1.59950,761,50,0,EURCHF,Pepperstone MT5
1996.09.12,1.59970,1.60370,1.59610,1.60000,1491,50,0,EURCHF,Pepperstone MT5
1996.09.13,1.59980,1.60910,1.59750,1.60580,1721,50,0,EURCHF,Pepperstone MT5
1996.09.16,1.60670,1.60950,1.60400,1.60660,1091,50,0,EURCHF,Pepperstone MT5
1996.09.17,1.60630,1.60830,1.60330,1.60680,951,50,0,EURCHF,Pepperstone MT5
1996.09.18,1.60700,1.61130,1.60580,1.60920,881,50,0,EURCHF,Pepperstone MT5
1996.09.19,1.60940,1.61000,1.60310,1.60600,1041,50,0,EURCHF,Pepperstone MT5
1996.09.20,1.60610,1.60670,1.59770,1.59900,1091,50,0,EURCHF,Pepperstone MT5
1996.09.23,1.59750,1.60020,1.59470,1.59840,1011,50,0,EURCHF,Pepperstone MT5
1996.09.24,1.59790,1.60910,1.59480,1.59540,2611,50,0,EURCHF,Pepperstone MT5
1996.09.25,1.59590,1.60280,1.59420,1.60090,1221,50,0,EURCHF,Pepperstone MT5
1996.09.26,1.60070,1.61200,1.59890,1.61060,1631,50,0,EURCHF,Pepperstone MT5
1996.09.27,1.61070,1.61360,1.60850,1.61210,881,50,0,EURCHF,Pepperstone MT5
1996.09.30,1.61200,1.61230,1.60650,1.61080,1041,50,0,EURCHF,Pepperstone MT5
1996.10.01,1.61030,1.61180,1.60610,1.60980,1091,50,0,EURCHF,Pepperstone MT5
1996.10.02,1.60950,1.61130,1.60200,1.60470,1381,50,0,EURCHF,Pepperstone MT5
1996.10.03,1.60430,1.61010,1.59870,1.60440,2271,50,0,EURCHF,Pepperstone MT5
1996.10.04,1.60430,1.60850,1.60270,1.60580,1011,50,0,EURCHF,Pepperstone MT5
1996.10.07,1.60550,1.60780,1.60200,1.60260,871,50,0,EURCHF,Pepperstone MT5
1996.10.08,1.60270,1.60510,1.59830,1.60410,1221,50,0,EURCHF,Pepperstone MT5
1996.10.09,1.60390,1.60730,1.60090,1.60420,1251,50,0,EURCHF,Pepperstone MT5
1996.10.10,1.60410,1.60530,1.59760,1.59820,951,50,0,EURCHF,Pepperstone MT5
1996.10.11,1.59820,1.60410,1.59790,1.60250,811,50,0,EURCHF,Pepperstone MT5
1996.10.14,1.60250,1.60400,1.60080,1.60270,621,50,0,EURCHF,Pepperstone MT5
1996.10.15,1.60260,1.61140,1.60180,1.61050,1131,50,0,EURCHF,Pepperstone MT5
1996.10.16,1.61030,1.61260,1.60830,1.61210,681,50,0,EURCHF,Pepperstone MT5
1996.10.17,1.61080,1.61400,1.60410,1.60830,1731,50,0,EURCHF,Pepperstone MT5
1996.10.18,1.60910,1.61470,1.60560,1.61190,1541,50,0,EURCHF,Pepperstone MT5
1996.10.21,1.61210,1.61380,1.60820,1.60930,841,50,0,EURCHF,Pepperstone MT5
1996.10.22,1.60910,1.61360,1.60690,1.60800,1231,50,0,EURCHF,Pepperstone MT5
1996.10.23,1.60890,1.61380,1.60650,1.61140,1211,50,0,EURCHF,Pepperstone MT5
1996.10.24,1.61160,1.61890,1.60930,1.61850,1231,50,0,EURCHF,Pepperstone MT5
1996.10.25,1.61840,1.62330,1.61580,1.62180,1161,50,0,EURCHF,Pepperstone MT5
1996.10.28,1.62150,1.62460,1.62000,1.62460,611,50,0,EURCHF,Pepperstone MT5
1996.10.29,1.62510,1.62880,1.61860,1.62840,1711,50,0,EURCHF,Pepperstone MT5
1996.10.30,1.62840,1.62880,1.61960,1.62300,1301,50,0,EURCHF,Pepperstone MT5
1996.10.31,1.62260,1.63780,1.61870,1.63520,2561,50,0,EURCHF,Pepperstone MT5
1996.11.01,1.63470,1.64380,1.63210,1.63840,1971,50,0,EURCHF,Pepperstone MT5
1996.11.04,1.63860,1.64430,1.63350,1.63950,2071,50,0,EURCHF,Pepperstone MT5
1996.11.05,1.63870,1.64750,1.63570,1.64300,1931,50,0,EURCHF,Pepperstone MT5
1996.11.06,1.64390,1.64940,1.64190,1.64550,1341,50,0,EURCHF,Pepperstone MT5
1996.11.07,1.64580,1.65100,1.63950,1.64810,2071,50,0,EURCHF,Pepperstone MT5
1996.11.08,1.64850,1.65160,1.64290,1.64470,1361,50,0,EURCHF,Pepperstone MT5
1996.11.11,1.64430,1.64730,1.64090,1.64330,1181,50,0,EURCHF,Pepperstone MT5
1996.11.12,1.64360,1.64790,1.64140,1.64470,1191,50,0,EURCHF,Pepperstone MT5
1996.11.13,1.64600,1.65070,1.64380,1.65020,961,50,0,EURCHF,Pepperstone MT5
1996.11.14,1.65110,1.65600,1.64760,1.65410,1381,50,0,EURCHF,Pepperstone MT5
1996.11.15,1.65320,1.65940,1.65100,1.65730,1271,50,0,EURCHF,Pepperstone MT5
1996.11.18,1.65920,1.66030,1.64830,1.64990,1471,50,0,EURCHF,Pepperstone MT5
1996.11.19,1.64960,1.65380,1.64910,1.65170,731,50,0,EURCHF,Pepperstone MT5
1996.11.20,1.65190,1.65630,1.64930,1.65510,1081,50,0,EURCHF,Pepperstone MT5
1996.11.21,1.65490,1.65670,1.65020,1.65440,1251,50,0,EURCHF,Pepperstone MT5
1996.11.22,1.65400,1.65610,1.64730,1.64940,1301,50,0,EURCHF,Pepperstone MT5
1996.11.25,1.64910,1.65700,1.64420,1.65390,2081,50,0,EURCHF,Pepperstone MT5
1996.11.26,1.65370,1.66020,1.65270,1.65530,1341,50,0,EURCHF,Pepperstone MT5
1996.11.27,1.65630,1.65830,1.65240,1.65350,901,50,0,EURCHF,Pepperstone MT5
1996.11.28,1.65220,1.65790,1.65180,1.65430,1011,50,0,EURCHF,Pepperstone MT5
1996.11.29,1.65460,1.66080,1.65090,1.65790,1651,50,0,EURCHF,Pepperstone MT5
1996.12.03,1.66080,1.66490,1.65150,1.66000,2601,50,0,EURCHF,Pepperstone MT5
1996.12.04,1.65980,1.66220,1.65250,1.65650,1611,50,0,EURCHF,Pepperstone MT5
1996.12.05,1.65660,1.68350,1.64830,1.65640,7021,50,0,EURCHF,Pepperstone MT5
1996.12.06,1.65760,1.66620,1.64930,1.66360,2781,50,0,EURCHF,Pepperstone MT5
1996.12.09,1.66330,1.66950,1.66160,1.66820,1091,50,0,EURCHF,Pepperstone MT5
1996.12.10,1.66890,1.67290,1.66570,1.67100,1231,50,0,EURCHF,Pepperstone MT5
1996.12.11,1.67070,1.67500,1.66370,1.66600,1791,50,0,EURCHF,Pepperstone MT5
1996.12.12,1.66470,1.67020,1.66260,1.66370,1421,50,0,EURCHF,Pepperstone MT5
1996.12.13,1.66350,1.66870,1.65800,1.66710,1781,50,0,EURCHF,Pepperstone MT5
1996.12.16,1.66480,1.67310,1.66460,1.67250,931,50,0,EURCHF,Pepperstone MT5
1996.12.17,1.67080,1.67440,1.66810,1.67310,1031,50,0,EURCHF,Pepperstone MT5
1996.12.18,1.67340,1.67890,1.67080,1.67550,1411,50,0,EURCHF,Pepperstone MT5
1996.12.19,1.67520,1.68220,1.67440,1.67980,1101,50,0,EURCHF,Pepperstone MT5
1996.12.20,1.68000,1.68350,1.67690,1.68120,1201,50,0,EURCHF,Pepperstone MT5
1996.12.23,1.68030,1.68770,1.67950,1.68150,1521,50,0,EURCHF,Pepperstone MT5
1996.12.24,1.68180,1.69280,1.68100,1.69220,1321,50,0,EURCHF,Pepperstone MT5
1996.12.25,1.68820,1.69070,1.68820,1.68990,331,50,0,EURCHF,Pepperstone MT5
1996.12.26,1.68950,1.69320,1.68870,1.69150,701,50,0,EURCHF,Pepperstone MT5
1996.12.27,1.69190,1.70060,1.68890,1.69870,1661,50,0,EURCHF,Pepperstone MT5
1996.12.30,1.69810,1.70150,1.69330,1.69640,1471,50,0,EURCHF,Pepperstone MT5
1996.12.31,1.69660,1.70620,1.69570,1.70180,1581,50,0,EURCHF,Pepperstone MT5
1997.01.02,1.70350,1.70940,1.69900,1.70670,1761,50,0,EURCHF,Pepperstone MT5
1997.01.03,1.70710,1.70810,1.69480,1.69670,1621,50,0,EURCHF,Pepperstone MT5
1997.01.06,1.69560,1.69790,1.69160,1.69270,971,50,0,EURCHF,Pepperstone MT5
1997.01.07,1.69290,1.70000,1.68690,1.69440,2471,50,0,EURCHF,Pepperstone MT5
1997.01.08,1.69450,1.69610,1.68920,1.69480,1351,50,0,EURCHF,Pepperstone MT5
1997.01.09,1.69420,1.69950,1.69280,1.69860,901,50,0,EURCHF,Pepperstone MT5
1997.01.10,1.69910,1.71860,1.69470,1.69740,4611,50,0,EURCHF,Pepperstone MT5
1997.01.13,1.69740,1.69950,1.69300,1.69470,1031,50,0,EURCHF,Pepperstone MT5
1997.01.14,1.69350,1.69680,1.68540,1.68650,1581,50,0,EURCHF,Pepperstone MT5
1997.01.15,1.68670,1.69090,1.68280,1.68840,1451,50,0,EURCHF,Pepperstone MT5
1997.01.16,1.68770,1.69360,1.68670,1.68840,1311,50,0,EURCHF,Pepperstone MT5
1997.01.17,1.68840,1.69350,1.68540,1.69220,1241,50,0,EURCHF,Pepperstone MT5
1997.01.20,1.69240,1.70550,1.69010,1.70440,1881,50,0,EURCHF,Pepperstone MT5
1997.01.21,1.70440,1.70980,1.69970,1.70440,2021,50,0,EURCHF,Pepperstone MT5
1997.01.22,1.70370,1.70820,1.70120,1.70250,1281,50,0,EURCHF,Pepperstone MT5
1997.01.23,1.70280,1.70560,1.69140,1.69590,2151,50,0,EURCHF,Pepperstone MT5
1997.01.24,1.69720,1.69920,1.68530,1.68860,1921,50,0,EURCHF,Pepperstone MT5
1997.01.27,1.68870,1.69980,1.68710,1.69740,1671,50,0,EURCHF,Pepperstone MT5
1997.01.28,1.69770,1.70140,1.69210,1.69560,1651,50,0,EURCHF,Pepperstone MT5
1997.01.29,1.69500,1.70070,1.68830,1.69710,2271,50,0,EURCHF,Pepperstone MT5
1997.01.30,1.69730,1.70420,1.69280,1.70090,1921,50,0,EURCHF,Pepperstone MT5
1997.01.31,1.70080,1.70370,1.69360,1.69940,1881,50,0,EURCHF,Pepperstone MT5
1997.02.03,1.69810,1.69950,1.69010,1.69270,1341,50,0,EURCHF,Pepperstone MT5
1997.02.04,1.69260,1.70000,1.68980,1.69650,1651,50,0,EURCHF,Pepperstone MT5
1997.02.05,1.69560,1.69940,1.69130,1.69400,1461,50,0,EURCHF,Pepperstone MT5
1997.02.06,1.69370,1.69580,1.68430,1.68770,1701,50,0,EURCHF,Pepperstone MT5
1997.02.07,1.68780,1.69320,1.68230,1.68230,1631,50,0,EURCHF,Pepperstone MT5
1997.02.10,1.68260,1.69050,1.67810,1.68370,2371,50,0,EURCHF,Pepperstone MT5
1997.02.11,1.68330,1.68460,1.67280,1.67450,1481,50,0,EURCHF,Pepperstone MT5
1997.02.12,1.67340,1.68580,1.67070,1.68480,1881,50,0,EURCHF,Pepperstone MT5
1997.02.13,1.68480,1.69090,1.67790,1.69020,2061,50,0,EURCHF,Pepperstone MT5
1997.02.14,1.68960,1.69840,1.68810,1.69680,1341,50,0,EURCHF,Pepperstone MT5
1997.02.17,1.69800,1.70640,1.69600,1.70410,1471,50,0,EURCHF,Pepperstone MT5
1997.02.18,1.70520,1.70980,1.69890,1.70600,2101,50,0,EURCHF,Pepperstone MT5
1997.02.19,1.70720,1.71640,1.70420,1.71220,1941,50,0,EURCHF,Pepperstone MT5
1997.02.20,1.71290,1.71790,1.70740,1.71170,1981,50,0,EURCHF,Pepperstone MT5
1997.02.21,1.71180,1.71480,1.70100,1.70430,2011,50,0,EURCHF,Pepperstone MT5
1997.02.24,1.70300,1.70910,1.70070,1.70330,1651,50,0,EURCHF,Pepperstone MT5
1997.02.25,1.70450,1.70990,1.70160,1.70860,1251,50,0,EURCHF,Pepperstone MT5
1997.02.26,1.70890,1.71620,1.70590,1.71290,1661,50,0,EURCHF,Pepperstone MT5
1997.02.27,1.71250,1.71400,1.70620,1.70720,1031,50,0,EURCHF,Pepperstone MT5
1997.02.28,1.70790,1.71220,1.70610,1.71100,911,50,0,EURCHF,Pepperstone MT5
1997.03.03,1.70820,1.71090,1.69920,1.70290,1811,50,0,EURCHF,Pepperstone MT5
1997.03.04,1.70200,1.70350,1.69260,1.69630,1611,50,0,EURCHF,Pepperstone MT5
1997.03.05,1.69640,1.69790,1.68950,1.69310,1351,50,0,EURCHF,Pepperstone MT5
1997.03.06,1.69240,1.69680,1.68740,1.68900,1541,50,0,EURCHF,Pepperstone MT5
1997.03.07,1.68900,1.69100,1.68500,1.68810,1111,50,0,EURCHF,Pepperstone MT5
1997.03.10,1.68730,1.69280,1.68640,1.69120,891,50,0,EURCHF,Pepperstone MT5
1997.03.11,1.69150,1.69400,1.68560,1.68770,1301,50,0,EURCHF,Pepperstone MT5
1997.03.12,1.68730,1.69120,1.67840,1.68050,1881,50,0,EURCHF,Pepperstone MT5
1997.03.13,1.68070,1.68220,1.67350,1.68100,1711,50,0,EURCHF,Pepperstone MT5
1997.03.14,1.68000,1.68430,1.67790,1.68020,1261,50,0,EURCHF,Pepperstone MT5
1997.03.17,1.67950,1.69010,1.67900,1.68880,1291,50,0,EURCHF,Pepperstone MT5
1997.03.18,1.69020,1.69020,1.67650,1.67990,1711,50,0,EURCHF,Pepperstone MT5
1997.03.19,1.68110,1.68330,1.67730,1.67750,841,50,0,EURCHF,Pepperstone MT5
1997.03.20,1.67670,1.68170,1.67030,1.68050,1901,50,0,EURCHF,Pepperstone MT5
1997.03.21,1.67990,1.69180,1.67820,1.69040,1671,50,0,EURCHF,Pepperstone MT5
1997.03.24,1.68940,1.69300,1.68690,1.69020,1141,50,0,EURCHF,Pepperstone MT5
1997.03.25,1.68980,1.70010,1.68820,1.69510,1851,50,0,EURCHF,Pepperstone MT5
1997.03.26,1.69540,1.69920,1.69220,1.69500,1361,50,0,EURCHF,Pepperstone MT5
1997.03.27,1.69430,1.69730,1.68930,1.69410,1581,50,0,EURCHF,Pepperstone MT5
1997.03.28,1.69330,1.69370,1.68990,1.69090,521,50,0,EURCHF,Pepperstone MT5
1997.03.31,1.69190,1.69300,1.68570,1.69040,1311,50,0,EURCHF,Pepperstone MT5
1997.04.01,1.69040,1.69330,1.68610,1.69230,1251,50,0,EURCHF,Pepperstone MT5
1997.04.02,1.69270,1.69470,1.68150,1.68510,1881,50,0,EURCHF,Pepperstone MT5
1997.04.03,1.68490,1.68610,1.67590,1.68030,1581,50,0,EURCHF,Pepperstone MT5
1997.04.04,1.68110,1.68130,1.67260,1.67320,951,50,0,EURCHF,Pepperstone MT5
1997.04.07,1.67130,1.68390,1.67130,1.67800,1851,50,0,EURCHF,Pepperstone MT5
1997.04.08,1.67840,1.68600,1.67570,1.68110,1791,50,0,EURCHF,Pepperstone MT5
1997.04.09,1.68090,1.68470,1.67300,1.67740,1991,50,0,EURCHF,Pepperstone MT5
1997.04.10,1.67740,1.67820,1.66900,1.67210,1311,50,0,EURCHF,Pepperstone MT5
1997.04.11,1.67220,1.67370,1.65950,1.66080,1701,50,0,EURCHF,Pepperstone MT5
1997.04.14,1.66270,1.66840,1.65830,1.66180,1931,50,0,EURCHF,Pepperstone MT5
1997.04.15,1.66270,1.66400,1.65670,1.66020,1211,50,0,EURCHF,Pepperstone MT5
1997.04.16,1.66030,1.66710,1.65890,1.66510,1161,50,0,EURCHF,Pepperstone MT5
1997.04.17,1.66510,1.66890,1.65910,1.66130,1581,50,0,EURCHF,Pepperstone MT5
1997.04.18,1.66080,1.66720,1.65920,1.66550,1131,50,0,EURCHF,Pepperstone MT5
1997.04.21,1.66430,1.66780,1.65910,1.66030,1341,50,0,EURCHF,Pepperstone MT5
1997.04.22,1.65890,1.66780,1.65830,1.66690,1101,50,0,EURCHF,Pepperstone MT5
1997.04.23,1.66680,1.67240,1.66420,1.66930,1391,50,0,EURCHF,Pepperstone MT5
1997.04.24,1.66970,1.67250,1.66350,1.66590,1421,50,0,EURCHF,Pepperstone MT5
1997.04.25,1.66590,1.66870,1.65990,1.66280,1451,50,0,EURCHF,Pepperstone MT5
1997.04.28,1.66040,1.66630,1.65560,1.66440,1741,50,0,EURCHF,Pepperstone MT5
1997.04.29,1.66390,1.66670,1.66130,1.66480,991,50,0,EURCHF,Pepperstone MT5
1997.04.30,1.66440,1.66620,1.65930,1.66420,1361,50,0,EURCHF,Pepperstone MT5
1997.05.01,1.66440,1.67130,1.66210,1.66880,1401,50,0,EURCHF,Pepperstone MT5
1997.05.02,1.66870,1.67130,1.66270,1.66440,1291,50,0,EURCHF,Pepperstone MT5
1997.05.05,1.66400,1.66740,1.66300,1.66530,751,50,0,EURCHF,Pepperstone MT5
1997.05.06,1.66510,1.66910,1.65750,1.66000,1811,50,0,EURCHF,Pepperstone MT5
1997.05.07,1.66000,1.66200,1.65540,1.65910,1231,50,0,EURCHF,Pepperstone MT5
1997.05.08,1.65940,1.66190,1.65070,1.65730,2031,50,0,EURCHF,Pepperstone MT5
1997.05.09,1.65650,1.65910,1.64400,1.65060,2431,50,0,EURCHF,Pepperstone MT5
1997.05.12,1.64940,1.66220,1.64200,1.64930,4031,50,0,EURCHF,Pepperstone MT5
1997.05.13,1.64820,1.66070,1.64710,1.65740,1801,50,0,EURCHF,Pepperstone MT5
1997.05.14,1.65680,1.66050,1.65450,1.65580,1101,50,0,EURCHF,Pepperstone MT5
1997.05.15,1.65630,1.65830,1.64560,1.64820,1731,50,0,EURCHF,Pepperstone MT5
1997.05.16,1.64820,1.64950,1.63870,1.64060,1401,50,0,EURCHF,Pepperstone MT5
1997.05.19,1.64020,1.64430,1.63170,1.63280,1781,50,0,EURCHF,Pepperstone MT5
1997.05.20,1.63220,1.63730,1.61230,1.61510,3291,50,0,EURCHF,Pepperstone MT5
1997.05.21,1.61450,1.63290,1.60790,1.62570,3881,50,0,EURCHF,Pepperstone MT5
1997.05.22,1.62580,1.63580,1.62330,1.63270,1811,50,0,EURCHF,Pepperstone MT5
1997.05.23,1.63260,1.63410,1.61840,1.62210,2091,50,0,EURCHF,Pepperstone MT5
1997.05.26,1.62250,1.62720,1.61600,1.61790,1781,50,0,EURCHF,Pepperstone MT5
1997.05.27,1.61840,1.63350,1.61680,1.62940,2241,50,0,EURCHF,Pepperstone MT5
1997.05.28,1.62990,1.64050,1.62360,1.62800,3191,50,0,EURCHF,Pepperstone MT5
1997.05.29,1.62720,1.63180,1.62090,1.62730,2171,50,0,EURCHF,Pepperstone MT5
1997.05.30,1.62740,1.62910,1.61830,1.62160,1581,50,0,EURCHF,Pepperstone MT5
1997.06.02,1.61920,1.62650,1.61470,1.62050,2231,50,0,EURCHF,Pepperstone MT5
1997.06.03,1.61980,1.62960,1.61600,1.62770,1931,50,0,EURCHF,Pepperstone MT5
1997.06.04,1.62740,1.63700,1.62530,1.63560,1521,50,0,EURCHF,Pepperstone MT5
1997.06.05,1.63460,1.63880,1.63230,1.63550,1211,50,0,EURCHF,Pepperstone MT5
1997.06.06,1.63630,1.65040,1.63530,1.64360,2291,50,0,EURCHF,Pepperstone MT5
1997.06.09,1.64330,1.65090,1.63620,1.64870,2401,50,0,EURCHF,Pepperstone MT5
1997.06.10,1.64840,1.64970,1.63920,1.64050,1311,50,0,EURCHF,Pepperstone MT5
1997.06.11,1.64070,1.64340,1.63550,1.63930,1441,50,0,EURCHF,Pepperstone MT5
1997.06.12,1.63970,1.64220,1.63080,1.63300,1611,50,0,EURCHF,Pepperstone MT5
1997.06.13,1.63440,1.63480,1.62410,1.62560,1261,50,0,EURCHF,Pepperstone MT5
1997.06.16,1.62650,1.63120,1.62450,1.62940,1051,50,0,EURCHF,Pepperstone MT5
1997.06.17,1.62860,1.63540,1.62750,1.63110,1331,50,0,EURCHF,Pepperstone MT5
1997.06.18,1.63140,1.63810,1.63010,1.63360,1381,50,0,EURCHF,Pepperstone MT5
1997.06.19,1.63350,1.63650,1.62680,1.63190,1781,50,0,EURCHF,Pepperstone MT5
1997.06.20,1.63130,1.63390,1.62600,1.62840,1291,50,0,EURCHF,Pepperstone MT5
1997.06.23,1.63030,1.63210,1.62670,1.62990,1041,50,0,EURCHF,Pepperstone MT5
1997.06.24,1.62890,1.63470,1.62660,1.63210,1301,50,0,EURCHF,Pepperstone MT5
1997.06.25,1.63170,1.63650,1.62900,1.63050,1381,50,0,EURCHF,Pepperstone MT5
1997.06.26,1.63110,1.63340,1.62600,1.62600,971,50,0,EURCHF,Pepperstone MT5
1997.06.27,1.62600,1.63620,1.62530,1.63540,1241,50,0,EURCHF,Pepperstone MT5
1997.06.30,1.63630,1.63990,1.63380,1.63880,971,50,0,EURCHF,Pepperstone MT5
1997.07.01,1.63810,1.64220,1.63680,1.64220,671,50,0,EURCHF,Pepperstone MT5
1997.07.02,1.64220,1.64420,1.63780,1.63960,1021,50,0,EURCHF,Pepperstone MT5
1997.07.03,1.63900,1.64280,1.63590,1.63720,1201,50,0,EURCHF,Pepperstone MT5
1997.07.04,1.63680,1.63910,1.63420,1.63630,931,50,0,EURCHF,Pepperstone MT5
1997.07.07,1.63510,1.63960,1.62780,1.63170,2021,50,0,EURCHF,Pepperstone MT5
1997.07.08,1.63170,1.63350,1.62570,1.62650,1041,50,0,EURCHF,Pepperstone MT5
1997.07.09,1.62650,1.62860,1.61850,1.62020,1391,50,0,EURCHF,Pepperstone MT5
1997.07.10,1.62070,1.62410,1.61680,1.61730,1121,50,0,EURCHF,Pepperstone MT5
1997.07.11,1.61690,1.62570,1.60520,1.61070,3481,50,0,EURCHF,Pepperstone MT5
1997.07.14,1.61120,1.61540,1.60470,1.60560,1581,50,0,EURCHF,Pepperstone MT5
1997.07.15,1.60470,1.61120,1.60040,1.60820,1811,50,0,EURCHF,Pepperstone MT5
1997.07.16,1.60810,1.61510,1.60690,1.60990,1461,50,0,EURCHF,Pepperstone MT5
1997.07.17,1.61090,1.61880,1.61010,1.61620,1211,50,0,EURCHF,Pepperstone MT5
1997.07.18,1.61600,1.61790,1.60830,1.60890,1211,50,0,EURCHF,Pepperstone MT5
1997.07.21,1.60910,1.61240,1.60490,1.60730,1321,50,0,EURCHF,Pepperstone MT5
1997.07.22,1.60640,1.60770,1.58860,1.59120,2301,50,0,EURCHF,Pepperstone MT5
1997.07.23,1.59110,1.59710,1.58490,1.59090,2421,50,0,EURCHF,Pepperstone MT5
1997.07.24,1.59010,1.60880,1.58160,1.60610,3841,50,0,EURCHF,Pepperstone MT5
1997.07.25,1.60610,1.61710,1.60440,1.61400,1751,50,0,EURCHF,Pepperstone MT5
1997.07.28,1.61330,1.61660,1.60540,1.60770,1681,50,0,EURCHF,Pepperstone MT5
1997.07.29,1.60750,1.62110,1.60650,1.61590,2081,50,0,EURCHF,Pepperstone MT5
1997.07.30,1.61580,1.62080,1.60970,1.61230,1871,50,0,EURCHF,Pepperstone MT5
1997.07.31,1.61250,1.61810,1.60530,1.60920,2231,50,0,EURCHF,Pepperstone MT5
1997.08.01,1.60840,1.60980,1.59850,1.60310,1731,50,0,EURCHF,Pepperstone MT5
1997.08.04,1.60270,1.60710,1.59680,1.59770,1561,50,0,EURCHF,Pepperstone MT5
1997.08.05,1.59770,1.60290,1.59400,1.59660,1671,50,0,EURCHF,Pepperstone MT5
1997.08.06,1.59700,1.59910,1.58920,1.59210,1491,50,0,EURCHF,Pepperstone MT5
1997.08.07,1.59180,1.60340,1.58830,1.60060,2141,50,0,EURCHF,Pepperstone MT5
1997.08.08,1.60050,1.60520,1.59070,1.59940,2791,50,0,EURCHF,Pepperstone MT5
1997.08.11,1.60020,1.60750,1.59650,1.60190,2031,50,0,EURCHF,Pepperstone MT5
1997.08.12,1.60050,1.60460,1.59740,1.60010,1401,50,0,EURCHF,Pepperstone MT5
1997.08.13,1.60090,1.61480,1.59900,1.61040,2211,50,0,EURCHF,Pepperstone MT5
1997.08.14,1.61150,1.61600,1.60700,1.61270,1681,50,0,EURCHF,Pepperstone MT5
1997.08.15,1.61380,1.62010,1.60990,1.61570,1851,50,0,EURCHF,Pepperstone MT5
1997.08.18,1.61710,1.62380,1.61500,1.61750,1721,50,0,EURCHF,Pepperstone MT5
1997.08.19,1.61760,1.62000,1.60760,1.60930,1651,50,0,EURCHF,Pepperstone MT5
1997.08.20,1.60940,1.61290,1.60420,1.60620,1421,50,0,EURCHF,Pepperstone MT5
1997.08.21,1.60580,1.61260,1.60220,1.61160,1501,50,0,EURCHF,Pepperstone MT5
1997.08.22,1.61130,1.62170,1.60790,1.61470,2421,50,0,EURCHF,Pepperstone MT5
1997.08.25,1.61750,1.61750,1.60830,1.61030,1121,50,0,EURCHF,Pepperstone MT5
1997.08.26,1.61030,1.62040,1.60800,1.61560,1951,50,0,EURCHF,Pepperstone MT5
1997.08.27,1.61510,1.62120,1.61390,1.61750,1221,50,0,EURCHF,Pepperstone MT5
1997.08.28,1.61750,1.62140,1.61090,1.61730,2081,50,0,EURCHF,Pepperstone MT5
1997.08.29,1.61590,1.61920,1.60890,1.61110,1581,50,0,EURCHF,Pepperstone MT5
1997.09.01,1.61160,1.61490,1.60850,1.61100,1221,50,0,EURCHF,Pepperstone MT5
1997.09.02,1.60990,1.61070,1.60190,1.60600,1371,50,0,EURCHF,Pepperstone MT5
1997.09.03,1.60580,1.61700,1.60330,1.61340,1981,50,0,EURCHF,Pepperstone MT5
1997.09.04,1.61380,1.61920,1.60950,1.61140,1701,50,0,EURCHF,Pepperstone MT5
1997.09.05,1.61190,1.61500,1.59910,1.60370,2361,50,0,EURCHF,Pepperstone MT5
1997.09.08,1.60200,1.60880,1.59970,1.60510,1511,50,0,EURCHF,Pepperstone MT5
1997.09.09,1.60710,1.60770,1.60030,1.60460,1231,50,0,EURCHF,Pepperstone MT5
1997.09.10,1.60510,1.61260,1.60350,1.60810,1521,50,0,EURCHF,Pepperstone MT5
1997.09.11,1.60700,1.62100,1.60650,1.62070,1531,50,0,EURCHF,Pepperstone MT5
1997.09.12,1.62000,1.62230,1.61380,1.61580,1281,50,0,EURCHF,Pepperstone MT5
1997.09.15,1.61290,1.61820,1.60360,1.60540,2171,50,0,EURCHF,Pepperstone MT5
1997.09.16,1.60530,1.60870,1.60150,1.60420,1331,50,0,EURCHF,Pepperstone MT5
1997.09.17,1.60520,1.61460,1.60020,1.61250,2151,50,0,EURCHF,Pepperstone MT5
1997.09.18,1.61240,1.61660,1.60930,1.60960,1181,50,0,EURCHF,Pepperstone MT5
1997.09.19,1.60970,1.61350,1.60700,1.61150,1121,50,0,EURCHF,Pepperstone MT5
1997.09.22,1.61070,1.61240,1.60180,1.60580,1631,50,0,EURCHF,Pepperstone MT5
1997.09.23,1.60590,1.60800,1.60120,1.60440,1211,50,0,EURCHF,Pepperstone MT5
1997.09.24,1.60320,1.61560,1.60180,1.60960,2121,50,0,EURCHF,Pepperstone MT5
1997.09.25,1.60980,1.61380,1.60540,1.61050,1611,50,0,EURCHF,Pepperstone MT5
1997.09.26,1.61020,1.61830,1.60910,1.61280,1581,50,0,EURCHF,Pepperstone MT5
1997.09.29,1.61210,1.61970,1.61130,1.61410,1481,50,0,EURCHF,Pepperstone MT5
1997.09.30,1.61420,1.61500,1.60680,1.61040,1261,50,0,EURCHF,Pepperstone MT5
1997.10.01,1.60900,1.61280,1.60530,1.60650,1251,50,0,EURCHF,Pepperstone MT5
1997.10.02,1.60920,1.61040,1.60380,1.60610,1011,50,0,EURCHF,Pepperstone MT5
1997.10.03,1.60560,1.61470,1.60390,1.61380,1341,50,0,EURCHF,Pepperstone MT5
1997.10.06,1.61100,1.61500,1.60920,1.61080,1141,50,0,EURCHF,Pepperstone MT5
1997.10.07,1.61250,1.61400,1.60800,1.61200,1151,50,0,EURCHF,Pepperstone MT5
1997.10.08,1.61110,1.61690,1.60900,1.61420,1271,50,0,EURCHF,Pepperstone MT5
1997.10.09,1.61390,1.63550,1.61240,1.63370,2641,50,0,EURCHF,Pepperstone MT5
1997.10.10,1.63370,1.63380,1.62400,1.62830,1421,50,0,EURCHF,Pepperstone MT5
1997.10.13,1.63030,1.63580,1.62780,1.63370,1261,50,0,EURCHF,Pepperstone MT5
1997.10.14,1.63340,1.63730,1.62780,1.63340,1901,50,0,EURCHF,Pepperstone MT5
1997.10.15,1.63200,1.63630,1.62900,1.63280,1381,50,0,EURCHF,Pepperstone MT5
1997.10.16,1.63150,1.63460,1.62790,1.63010,1201,50,0,EURCHF,Pepperstone MT5
1997.10.17,1.63050,1.63200,1.62460,1.62770,1201,50,0,EURCHF,Pepperstone MT5
1997.10.20,1.62620,1.62940,1.62330,1.62410,1011,50,0,EURCHF,Pepperstone MT5
1997.10.21,1.62320,1.63110,1.62110,1.62770,1551,50,0,EURCHF,Pepperstone MT5
1997.10.22,1.62810,1.62920,1.61820,1.62410,1801,50,0,EURCHF,Pepperstone MT5
1997.10.23,1.62430,1.62510,1.61820,1.62030,981,50,0,EURCHF,Pepperstone MT5
1997.10.24,1.62070,1.62370,1.61120,1.61350,1781,50,0,EURCHF,Pepperstone MT5
1997.10.27,1.61490,1.61980,1.61040,1.61170,1561,50,0,EURCHF,Pepperstone MT5
1997.10.28,1.61190,1.61930,1.58660,1.59850,5201,50,0,EURCHF,Pepperstone MT5
1997.10.29,1.59880,1.60740,1.59290,1.59520,2541,50,0,EURCHF,Pepperstone MT5
1997.10.30,1.59590,1.59730,1.58890,1.59010,1101,50,0,EURCHF,Pepperstone MT5
1997.10.31,1.59040,1.59710,1.58480,1.58670,2091,50,0,EURCHF,Pepperstone MT5
1997.11.03,1.58750,1.59630,1.58690,1.59190,1441,50,0,EURCHF,Pepperstone MT5
1997.11.04,1.59160,1.59840,1.58910,1.59130,1831,50,0,EURCHF,Pepperstone MT5
1997.11.05,1.59230,1.60150,1.59160,1.59820,1391,50,0,EURCHF,Pepperstone MT5
1997.11.06,1.59800,1.60410,1.59300,1.60320,1701,50,0,EURCHF,Pepperstone MT5
1997.11.07,1.60320,1.60320,1.58950,1.59440,1861,50,0,EURCHF,Pepperstone MT5
1997.11.10,1.59350,1.59590,1.58960,1.59180,1091,50,0,EURCHF,Pepperstone MT5
1997.11.11,1.59170,1.59750,1.58900,1.59270,1601,50,0,EURCHF,Pepperstone MT5
1997.11.12,1.59250,1.59330,1.58370,1.58410,1081,50,0,EURCHF,Pepperstone MT5
1997.11.13,1.58430,1.59460,1.58240,1.58750,2121,50,0,EURCHF,Pepperstone MT5
1997.11.14,1.58790,1.59010,1.58240,1.58750,1501,50,0,EURCHF,Pepperstone MT5
1997.11.17,1.58950,1.59350,1.58350,1.59290,1661,50,0,EURCHF,Pepperstone MT5
1997.11.18,1.59110,1.59680,1.58470,1.58920,2231,50,0,EURCHF,Pepperstone MT5
1997.11.19,1.58810,1.58960,1.58190,1.58560,1291,50,0,EURCHF,Pepperstone MT5
1997.11.20,1.58660,1.59020,1.58150,1.58600,1681,50,0,EURCHF,Pepperstone MT5
1997.11.21,1.58660,1.59230,1.58290,1.58710,1831,50,0,EURCHF,Pepperstone MT5
1997.11.24,1.58550,1.58870,1.57890,1.58060,1471,50,0,EURCHF,Pepperstone MT5
1997.11.25,1.58000,1.58450,1.57570,1.57750,1511,50,0,EURCHF,Pepperstone MT5
1997.11.26,1.57760,1.58130,1.57290,1.57490,1411,50,0,EURCHF,Pepperstone MT5
1997.11.27,1.57440,1.58230,1.57280,1.57800,1541,50,0,EURCHF,Pepperstone MT5
1997.11.28,1.57810,1.58290,1.57540,1.58080,1231,50,0,EURCHF,Pepperstone MT5
1997.12.01,1.58050,1.58260,1.57430,1.57630,1241,50,0,EURCHF,Pepperstone MT5
1997.12.02,1.57700,1.58020,1.57340,1.57680,1341,50,0,EURCHF,Pepperstone MT5
1997.12.03,1.57730,1.58120,1.57600,1.57950,821,50,0,EURCHF,Pepperstone MT5
1997.12.04,1.58030,1.58380,1.57790,1.58130,1081,50,0,EURCHF,Pepperstone MT5
1997.12.05,1.58130,1.58250,1.57480,1.58070,1481,50,0,EURCHF,Pepperstone MT5
1997.12.08,1.58580,1.59540,1.58320,1.59210,1811,50,0,EURCHF,Pepperstone MT5
1997.12.09,1.59260,1.59420,1.58550,1.58940,1421,50,0,EURCHF,Pepperstone MT5
1997.12.10,1.59010,1.59260,1.58150,1.58310,1521,50,0,EURCHF,Pepperstone MT5
1997.12.11,1.58280,1.58860,1.57870,1.57980,1681,50,0,EURCHF,Pepperstone MT5
1997.12.12,1.57990,1.58820,1.57830,1.58200,1771,50,0,EURCHF,Pepperstone MT5
1997.12.15,1.58070,1.58470,1.57520,1.57890,1721,50,0,EURCHF,Pepperstone MT5
1997.12.16,1.57820,1.58330,1.57690,1.58120,981,50,0,EURCHF,Pepperstone MT5
1997.12.17,1.58080,1.59180,1.57770,1.58320,2581,50,0,EURCHF,Pepperstone MT5
1997.12.18,1.58340,1.58850,1.58140,1.58320,1401,50,0,EURCHF,Pepperstone MT5
1997.12.19,1.58340,1.58550,1.57560,1.58000,1641,50,0,EURCHF,Pepperstone MT5
1997.12.22,1.57830,1.58230,1.57340,1.57900,1711,50,0,EURCHF,Pepperstone MT5
1997.12.23,1.57900,1.58250,1.57730,1.58010,931,50,0,EURCHF,Pepperstone MT5
1997.12.24,1.57960,1.58350,1.57700,1.58080,1181,50,0,EURCHF,Pepperstone MT5
1997.12.25,1.58070,1.58190,1.57940,1.57970,401,50,0,EURCHF,Pepperstone MT5
1997.12.26,1.57960,1.58400,1.57880,1.58030,971,50,0,EURCHF,Pepperstone MT5
1997.12.29,1.58160,1.58700,1.57840,1.58300,1581,50,0,EURCHF,Pepperstone MT5
1997.12.30,1.58360,1.59070,1.58060,1.58940,1441,50,0,EURCHF,Pepperstone MT5
1997.12.31,1.59040,1.59150,1.58490,1.59050,1311,50,0,EURCHF,Pepperstone MT5
1998.01.02,1.59030,1.59370,1.58580,1.59320,130,50,0,EURCHF,Pepperstone MT5
1998.01.05,1.58790,1.59140,1.58610,1.58610,89,50,0,EURCHF,Pepperstone MT5
1998.01.06,1.58680,1.58830,1.58020,1.58280,123,50,0,EURCHF,Pepperstone MT5
1998.01.07,1.58290,1.58760,1.57920,1.58400,158,50,0,EURCHF,Pepperstone MT5
1998.01.08,1.58340,1.58660,1.57850,1.58430,154,50,0,EURCHF,Pepperstone MT5
1998.01.09,1.58220,1.58860,1.58130,1.58470,122,50,0,EURCHF,Pepperstone MT5
1998.01.12,1.58480,1.58890,1.58230,1.58630,118,50,0,EURCHF,Pepperstone MT5
1998.01.13,1.58640,1.59060,1.58480,1.58800,101,50,0,EURCHF,Pepperstone MT5
1998.01.14,1.58940,1.59270,1.58530,1.59150,128,50,0,EURCHF,Pepperstone MT5
1998.01.15,1.59160,1.60160,1.58880,1.59920,181,50,0,EURCHF,Pepperstone MT5
1998.01.16,1.59960,1.60210,1.59600,1.59820,109,50,0,EURCHF,Pepperstone MT5
1998.01.19,1.59730,1.59880,1.59320,1.59520,92,50,0,EURCHF,Pepperstone MT5
1998.01.20,1.59510,1.59620,1.58850,1.59100,114,50,0,EURCHF,Pepperstone MT5
1998.01.21,1.59110,1.59610,1.58520,1.58660,174,50,0,EURCHF,Pepperstone MT5
1998.01.22,1.58820,1.59890,1.58740,1.59290,184,50,0,EURCHF,Pepperstone MT5
1998.01.23,1.59290,1.59850,1.58190,1.58410,245,50,0,EURCHF,Pepperstone MT5
1998.01.26,1.58720,1.59270,1.58300,1.58660,189,50,0,EURCHF,Pepperstone MT5
1998.01.27,1.58710,1.59000,1.58300,1.58630,133,50,0,EURCHF,Pepperstone MT5
1998.01.28,1.58620,1.58780,1.57820,1.58100,141,50,0,EURCHF,Pepperstone MT5
1998.01.29,1.58090,1.58350,1.57350,1.57580,150,50,0,EURCHF,Pepperstone MT5
1998.01.30,1.57580,1.58400,1.57150,1.57780,231,50,0,EURCHF,Pepperstone MT5
1998.02.02,1.58020,1.59000,1.57880,1.58670,160,50,0,EURCHF,Pepperstone MT5
1998.02.03,1.58660,1.58860,1.57880,1.58180,149,50,0,EURCHF,Pepperstone MT5
1998.02.04,1.58160,1.58250,1.56970,1.57600,201,50,0,EURCHF,Pepperstone MT5
1998.02.05,1.57580,1.58490,1.57410,1.58040,171,50,0,EURCHF,Pepperstone MT5
1998.02.06,1.58070,1.58220,1.57550,1.57740,102,50,0,EURCHF,Pepperstone MT5
1998.02.09,1.57800,1.58070,1.57550,1.57680,93,50,0,EURCHF,Pepperstone MT5
1998.02.10,1.57710,1.58290,1.57650,1.58290,71,50,0,EURCHF,Pepperstone MT5
1998.02.11,1.58210,1.58210,1.57190,1.57390,123,50,0,EURCHF,Pepperstone MT5
1998.02.12,1.57350,1.57610,1.56680,1.57170,169,50,0,EURCHF,Pepperstone MT5
1998.02.13,1.57150,1.57570,1.56870,1.57360,120,50,0,EURCHF,Pepperstone MT5
1998.02.16,1.57180,1.57470,1.56890,1.57180,117,50,0,EURCHF,Pepperstone MT5
1998.02.17,1.57130,1.58060,1.57100,1.57790,127,50,0,EURCHF,Pepperstone MT5
1998.02.18,1.57810,1.58150,1.57570,1.57970,101,50,0,EURCHF,Pepperstone MT5
1998.02.19,1.57980,1.58130,1.57570,1.57860,101,50,0,EURCHF,Pepperstone MT5
1998.02.20,1.57960,1.58080,1.57510,1.57880,107,50,0,EURCHF,Pepperstone MT5
1998.02.23,1.57950,1.58360,1.57570,1.57940,158,50,0,EURCHF,Pepperstone MT5
1998.02.24,1.57930,1.58250,1.57650,1.57990,115,50,0,EURCHF,Pepperstone MT5
1998.02.25,1.58140,1.58530,1.57880,1.58100,127,50,0,EURCHF,Pepperstone MT5
1998.02.26,1.58060,1.58580,1.57960,1.58200,111,50,0,EURCHF,Pepperstone MT5
1998.02.27,1.58220,1.58690,1.57690,1.57860,165,50,0,EURCHF,Pepperstone MT5
1998.03.02,1.57950,1.58750,1.57930,1.58180,142,50,0,EURCHF,Pepperstone MT5
1998.03.03,1.58190,1.58890,1.57960,1.58740,132,50,0,EURCHF,Pepperstone MT5
1998.03.04,1.58740,1.59550,1.58640,1.59170,140,50,0,EURCHF,Pepperstone MT5
1998.03.05,1.59280,1.59370,1.58530,1.59100,151,50,0,EURCHF,Pepperstone MT5
1998.03.06,1.59070,1.59590,1.58810,1.59110,153,50,0,EURCHF,Pepperstone MT5
1998.03.09,1.59040,1.59630,1.58980,1.59280,107,50,0,EURCHF,Pepperstone MT5
1998.03.10,1.59310,1.59530,1.59010,1.59420,94,50,0,EURCHF,Pepperstone MT5
1998.03.11,1.59390,1.59410,1.58860,1.59160,88,50,0,EURCHF,Pepperstone MT5
1998.03.12,1.59270,1.59360,1.58800,1.59000,86,50,0,EURCHF,Pepperstone MT5
1998.03.13,1.59070,1.59440,1.58450,1.58800,172,50,0,EURCHF,Pepperstone MT5
1998.03.16,1.58790,1.59310,1.58660,1.59140,96,50,0,EURCHF,Pepperstone MT5
1998.03.17,1.59070,1.59420,1.58960,1.59200,80,50,0,EURCHF,Pepperstone MT5
1998.03.18,1.59110,1.59900,1.58960,1.59670,133,50,0,EURCHF,Pepperstone MT5
1998.03.19,1.59710,1.59880,1.59370,1.59780,96,50,0,EURCHF,Pepperstone MT5
1998.03.20,1.59760,1.60320,1.59400,1.60020,159,50,0,EURCHF,Pepperstone MT5
1998.03.23,1.59970,1.60140,1.59240,1.59430,127,50,0,EURCHF,Pepperstone MT5
1998.03.24,1.59460,1.59600,1.59260,1.59470,68,50,0,EURCHF,Pepperstone MT5
1998.03.25,1.59530,1.60110,1.59340,1.59930,115,50,0,EURCHF,Pepperstone MT5
1998.03.26,1.59920,1.60000,1.59540,1.59800,81,50,0,EURCHF,Pepperstone MT5
1998.03.27,1.59750,1.60510,1.59630,1.60360,116,50,0,EURCHF,Pepperstone MT5
1998.03.30,1.60150,1.61420,1.60080,1.61170,167,50,0,EURCHF,Pepperstone MT5
1998.03.31,1.61230,1.61610,1.60920,1.61100,126,50,0,EURCHF,Pepperstone MT5
1998.04.01,1.61110,1.62060,1.60900,1.61800,164,50,0,EURCHF,Pepperstone MT5
1998.04.02,1.61760,1.62190,1.61410,1.61690,150,50,0,EURCHF,Pepperstone MT5
1998.04.03,1.61640,1.62210,1.61170,1.61500,195,50,0,EURCHF,Pepperstone MT5
1998.04.06,1.61670,1.62520,1.61450,1.62290,153,50,0,EURCHF,Pepperstone MT5
1998.04.07,1.62200,1.62950,1.62110,1.62360,153,50,0,EURCHF,Pepperstone MT5
1998.04.08,1.62320,1.62810,1.62090,1.62630,114,50,0,EURCHF,Pepperstone MT5
1998.04.09,1.62570,1.62970,1.62200,1.62760,136,50,0,EURCHF,Pepperstone MT5
1998.04.10,1.62730,1.63230,1.62380,1.62570,155,50,0,EURCHF,Pepperstone MT5
1998.04.13,1.62470,1.62710,1.61930,1.61990,109,50,0,EURCHF,Pepperstone MT5
1998.04.14,1.61950,1.62250,1.61470,1.62110,141,50,0,EURCHF,Pepperstone MT5
1998.04.15,1.62090,1.62580,1.61720,1.62430,139,50,0,EURCHF,Pepperstone MT5
1998.04.16,1.62430,1.63190,1.62180,1.62990,147,50,0,EURCHF,Pepperstone MT5
1998.04.17,1.62980,1.63160,1.61830,1.62140,183,50,0,EURCHF,Pepperstone MT5
1998.04.20,1.62160,1.62760,1.61890,1.62720,119,50,0,EURCHF,Pepperstone MT5
1998.04.21,1.62770,1.62840,1.61760,1.62070,147,50,0,EURCHF,Pepperstone MT5
1998.04.22,1.62120,1.62420,1.61720,1.62090,138,50,0,EURCHF,Pepperstone MT5
1998.04.23,1.62130,1.62230,1.61550,1.61950,119,50,0,EURCHF,Pepperstone MT5
1998.04.24,1.61970,1.63080,1.61600,1.62660,228,50,0,EURCHF,Pepperstone MT5
1998.04.27,1.63270,1.63270,1.62420,1.62620,106,50,0,EURCHF,Pepperstone MT5
1998.04.28,1.62600,1.63040,1.62450,1.62740,105,50,0,EURCHF,Pepperstone MT5
1998.04.29,1.62740,1.63330,1.62610,1.63180,101,50,0,EURCHF,Pepperstone MT5
1998.04.30,1.63230,1.63820,1.63050,1.63630,115,50,0,EURCHF,Pepperstone MT5
1998.05.01,1.63570,1.64310,1.63400,1.63650,175,50,0,EURCHF,Pepperstone MT5
1998.05.04,1.63060,1.63880,1.63060,1.63850,86,50,0,EURCHF,Pepperstone MT5
1998.05.05,1.63820,1.64050,1.63370,1.63640,119,50,0,EURCHF,Pepperstone MT5
1998.05.06,1.63510,1.63910,1.63080,1.63190,135,50,0,EURCHF,Pepperstone MT5
1998.05.07,1.63320,1.63360,1.62540,1.62860,119,50,0,EURCHF,Pepperstone MT5
1998.05.08,1.62980,1.63740,1.62720,1.63500,153,50,0,EURCHF,Pepperstone MT5
1998.05.11,1.63640,1.63640,1.63170,1.63350,66,50,0,EURCHF,Pepperstone MT5
1998.05.12,1.63400,1.63790,1.62970,1.62970,122,50,0,EURCHF,Pepperstone MT5
1998.05.13,1.63020,1.63100,1.62380,1.62890,132,50,0,EURCHF,Pepperstone MT5
1998.05.14,1.62870,1.63100,1.62380,1.62780,136,50,0,EURCHF,Pepperstone MT5
1998.05.15,1.62740,1.63140,1.62380,1.62860,141,50,0,EURCHF,Pepperstone MT5
1998.05.18,1.63050,1.63220,1.62640,1.62860,98,50,0,EURCHF,Pepperstone MT5
1998.05.19,1.62960,1.62960,1.62090,1.62150,94,50,0,EURCHF,Pepperstone MT5
1998.05.20,1.62120,1.63410,1.61990,1.63090,188,50,0,EURCHF,Pepperstone MT5
1998.05.21,1.63160,1.63500,1.62770,1.62890,120,50,0,EURCHF,Pepperstone MT5
1998.05.22,1.62840,1.63190,1.62640,1.62810,108,50,0,EURCHF,Pepperstone MT5
1998.05.25,1.62800,1.63190,1.62680,1.63190,64,50,0,EURCHF,Pepperstone MT5
1998.05.26,1.63170,1.63350,1.62340,1.62400,126,50,0,EURCHF,Pepperstone MT5
1998.05.27,1.62380,1.62600,1.61240,1.61500,185,50,0,EURCHF,Pepperstone MT5
1998.05.28,1.61700,1.62370,1.61550,1.62130,122,50,0,EURCHF,Pepperstone MT5
1998.05.29,1.62050,1.62720,1.61890,1.62610,111,50,0,EURCHF,Pepperstone MT5
1998.06.01,1.62810,1.62990,1.61990,1.62360,156,50,0,EURCHF,Pepperstone MT5
1998.06.02,1.62170,1.62810,1.62080,1.62520,112,50,0,EURCHF,Pepperstone MT5
1998.06.03,1.62600,1.63180,1.62540,1.63010,88,50,0,EURCHF,Pepperstone MT5
1998.06.04,1.63130,1.63250,1.62430,1.62640,116,50,0,EURCHF,Pepperstone MT5
1998.06.05,1.62620,1.63040,1.62340,1.62720,131,50,0,EURCHF,Pepperstone MT5
1998.06.08,1.62750,1.63030,1.62360,1.62480,108,50,0,EURCHF,Pepperstone MT5
1998.06.09,1.62580,1.62720,1.62030,1.62150,96,50,0,EURCHF,Pepperstone MT5
1998.06.10,1.62170,1.62300,1.61560,1.61700,102,50,0,EURCHF,Pepperstone MT5
1998.06.11,1.61700,1.62040,1.61490,1.61730,108,50,0,EURCHF,Pepperstone MT5
1998.06.12,1.61840,1.62520,1.61480,1.62350,158,50,0,EURCHF,Pepperstone MT5
1998.06.15,1.62300,1.63020,1.61990,1.62840,153,50,0,EURCHF,Pepperstone MT5
1998.06.16,1.62740,1.63240,1.62630,1.62730,122,50,0,EURCHF,Pepperstone MT5
1998.06.17,1.62730,1.63340,1.62500,1.63050,137,50,0,EURCHF,Pepperstone MT5
1998.06.18,1.63280,1.63530,1.62900,1.63220,121,50,0,EURCHF,Pepperstone MT5
1998.06.19,1.63370,1.63850,1.63030,1.63290,157,50,0,EURCHF,Pepperstone MT5
1998.06.22,1.63610,1.63770,1.63040,1.63250,111,50,0,EURCHF,Pepperstone MT5
1998.06.23,1.63210,1.63640,1.63040,1.63320,110,50,0,EURCHF,Pepperstone MT5
1998.06.24,1.63410,1.63800,1.63050,1.63710,121,50,0,EURCHF,Pepperstone MT5
1998.06.25,1.63660,1.65120,1.63460,1.64890,210,50,0,EURCHF,Pepperstone MT5
1998.06.26,1.64740,1.65150,1.64310,1.64910,152,50,0,EURCHF,Pepperstone MT5
1998.06.29,1.65030,1.65140,1.64500,1.64560,82,50,0,EURCHF,Pepperstone MT5
1998.06.30,1.64490,1.65140,1.64100,1.64570,201,50,0,EURCHF,Pepperstone MT5
1998.07.01,1.64620,1.64920,1.64090,1.64370,142,50,0,EURCHF,Pepperstone MT5
1998.07.02,1.64300,1.64960,1.64020,1.64710,148,50,0,EURCHF,Pepperstone MT5
1998.07.03,1.64690,1.65030,1.64230,1.64510,143,50,0,EURCHF,Pepperstone MT5
1998.07.06,1.64650,1.64940,1.64420,1.64510,91,50,0,EURCHF,Pepperstone MT5
1998.07.07,1.64480,1.64850,1.63940,1.64850,146,50,0,EURCHF,Pepperstone MT5
1998.07.08,1.64760,1.64780,1.64160,1.64410,90,50,0,EURCHF,Pepperstone MT5
1998.07.09,1.64420,1.65270,1.64130,1.64990,172,50,0,EURCHF,Pepperstone MT5
1998.07.10,1.65040,1.65760,1.64930,1.65700,101,50,0,EURCHF,Pepperstone MT5
1998.07.13,1.65440,1.65790,1.64780,1.64930,152,50,0,EURCHF,Pepperstone MT5
1998.07.14,1.65010,1.65270,1.64590,1.64970,133,50,0,EURCHF,Pepperstone MT5
1998.07.15,1.64910,1.64920,1.64180,1.64250,83,50,0,EURCHF,Pepperstone MT5
1998.07.16,1.64150,1.64780,1.63950,1.64590,123,50,0,EURCHF,Pepperstone MT5
1998.07.17,1.64630,1.65200,1.64500,1.65070,97,50,0,EURCHF,Pepperstone MT5
1998.07.20,1.64910,1.65430,1.64690,1.65240,116,50,0,EURCHF,Pepperstone MT5
1998.07.21,1.65130,1.65500,1.64930,1.65280,100,50,0,EURCHF,Pepperstone MT5
1998.07.22,1.65390,1.65600,1.65130,1.65290,85,50,0,EURCHF,Pepperstone MT5
1998.07.23,1.65240,1.65550,1.64810,1.64810,106,50,0,EURCHF,Pepperstone MT5
1998.07.24,1.64780,1.65040,1.64050,1.64560,177,50,0,EURCHF,Pepperstone MT5
1998.07.27,1.64500,1.64710,1.64090,1.64550,120,50,0,EURCHF,Pepperstone MT5
1998.07.28,1.64610,1.64850,1.64160,1.64520,130,50,0,EURCHF,Pepperstone MT5
1998.07.29,1.64440,1.64570,1.63650,1.63740,115,50,0,EURCHF,Pepperstone MT5
1998.07.30,1.63700,1.64020,1.63470,1.63910,90,50,0,EURCHF,Pepperstone MT5
1998.07.31,1.63750,1.64270,1.63700,1.63820,108,50,0,EURCHF,Pepperstone MT5
1998.08.03,1.63980,1.64740,1.63950,1.64510,106,50,0,EURCHF,Pepperstone MT5
1998.08.04,1.64270,1.64830,1.64270,1.64470,93,50,0,EURCHF,Pepperstone MT5
1998.08.05,1.64420,1.64720,1.64320,1.64450,78,50,0,EURCHF,Pepperstone MT5
1998.08.06,1.64700,1.65010,1.64540,1.64660,91,50,0,EURCHF,Pepperstone MT5
1998.08.07,1.64620,1.64780,1.64280,1.64340,73,50,0,EURCHF,Pepperstone MT5
1998.08.10,1.64260,1.64820,1.64180,1.64650,90,50,0,EURCHF,Pepperstone MT5
1998.08.11,1.64660,1.64660,1.63320,1.63680,171,50,0,EURCHF,Pepperstone MT5
1998.08.12,1.63590,1.64000,1.62530,1.63100,246,50,0,EURCHF,Pepperstone MT5
1998.08.13,1.62900,1.63270,1.62500,1.63190,126,50,0,EURCHF,Pepperstone MT5
1998.08.14,1.63170,1.63990,1.62900,1.63640,172,50,0,EURCHF,Pepperstone MT5
1998.08.17,1.63620,1.64460,1.63030,1.64190,230,50,0,EURCHF,Pepperstone MT5
1998.08.18,1.63940,1.64230,1.63770,1.63970,90,50,0,EURCHF,Pepperstone MT5
1998.08.19,1.63980,1.64260,1.63580,1.63770,116,50,0,EURCHF,Pepperstone MT5
1998.08.20,1.63870,1.64280,1.63250,1.63690,189,50,0,EURCHF,Pepperstone MT5
1998.08.21,1.63670,1.63700,1.63030,1.63480,116,50,0,EURCHF,Pepperstone MT5
1998.08.24,1.63270,1.63550,1.63000,1.63480,90,50,0,EURCHF,Pepperstone MT5
1998.08.25,1.63610,1.63760,1.63340,1.63470,71,50,0,EURCHF,Pepperstone MT5
1998.08.26,1.63300,1.63400,1.62590,1.63030,136,50,0,EURCHF,Pepperstone MT5
1998.08.27,1.62940,1.63050,1.61170,1.61250,208,50,0,EURCHF,Pepperstone MT5
1998.08.28,1.61340,1.61650,1.59970,1.60210,224,50,0,EURCHF,Pepperstone MT5
1998.08.31,1.61080,1.61080,1.59910,1.60460,173,50,0,EURCHF,Pepperstone MT5
1998.09.01,1.60600,1.61260,1.60210,1.61190,152,50,0,EURCHF,Pepperstone MT5
1998.09.02,1.60950,1.61600,1.60710,1.61300,144,50,0,EURCHF,Pepperstone MT5
1998.09.03,1.61260,1.61620,1.60320,1.60460,181,50,0,EURCHF,Pepperstone MT5
1998.09.04,1.60680,1.61190,1.60220,1.60810,182,50,0,EURCHF,Pepperstone MT5
1998.09.07,1.60640,1.60940,1.59740,1.59850,162,50,0,EURCHF,Pepperstone MT5
1998.09.08,1.59790,1.60370,1.59640,1.60070,119,50,0,EURCHF,Pepperstone MT5
1998.09.09,1.60290,1.61000,1.59700,1.60550,235,50,0,EURCHF,Pepperstone MT5
1998.09.10,1.60430,1.61070,1.59940,1.60730,197,50,0,EURCHF,Pepperstone MT5
1998.09.11,1.60710,1.61240,1.59840,1.60490,259,50,0,EURCHF,Pepperstone MT5
1998.09.14,1.60680,1.61490,1.60230,1.61350,186,50,0,EURCHF,Pepperstone MT5
1998.09.15,1.61320,1.61690,1.61020,1.61380,129,50,0,EURCHF,Pepperstone MT5
1998.09.16,1.61220,1.61720,1.60720,1.61030,182,50,0,EURCHF,Pepperstone MT5
1998.09.17,1.61100,1.61230,1.60070,1.60450,168,50,0,EURCHF,Pepperstone MT5
1998.09.18,1.60490,1.61050,1.60270,1.60860,120,50,0,EURCHF,Pepperstone MT5
1998.09.21,1.60910,1.61120,1.60410,1.60910,143,50,0,EURCHF,Pepperstone MT5
1998.09.22,1.60960,1.61670,1.60690,1.61500,143,50,0,EURCHF,Pepperstone MT5
1998.09.23,1.61820,1.62220,1.61650,1.61950,102,50,0,EURCHF,Pepperstone MT5
1998.09.24,1.61950,1.62450,1.61570,1.61880,170,50,0,EURCHF,Pepperstone MT5
1998.09.25,1.61730,1.61920,1.60860,1.61530,193,50,0,EURCHF,Pepperstone MT5
1998.09.28,1.61430,1.62330,1.60910,1.62070,221,50,0,EURCHF,Pepperstone MT5
1998.09.29,1.62200,1.62430,1.61750,1.62430,114,50,0,EURCHF,Pepperstone MT5
1998.09.30,1.62280,1.62360,1.61460,1.61640,117,50,0,EURCHF,Pepperstone MT5
1998.10.01,1.61670,1.61860,1.60940,1.61250,143,50,0,EURCHF,Pepperstone MT5
1998.10.02,1.61300,1.61790,1.60830,1.61150,178,50,0,EURCHF,Pepperstone MT5
1998.10.05,1.61420,1.61760,1.60620,1.60620,149,50,0,EURCHF,Pepperstone MT5
1998.10.06,1.60620,1.61420,1.60590,1.60680,161,50,0,EURCHF,Pepperstone MT5
1998.10.07,1.60780,1.61200,1.58010,1.58620,423,50,0,EURCHF,Pepperstone MT5
1998.10.08,1.58490,1.59150,1.55960,1.57640,554,50,0,EURCHF,Pepperstone MT5
1998.10.09,1.58030,1.58970,1.56720,1.58130,441,50,0,EURCHF,Pepperstone MT5
1998.10.12,1.58050,1.59020,1.57940,1.58820,140,50,0,EURCHF,Pepperstone MT5
1998.10.13,1.58910,1.59290,1.58310,1.58490,155,50,0,EURCHF,Pepperstone MT5
1998.10.14,1.58430,1.59190,1.58210,1.59130,127,50,0,EURCHF,Pepperstone MT5
1998.10.15,1.59390,1.59820,1.58710,1.59190,203,50,0,EURCHF,Pepperstone MT5
1998.10.16,1.58950,1.59410,1.58230,1.59130,219,50,0,EURCHF,Pepperstone MT5
1998.10.19,1.59230,1.59400,1.58620,1.59140,148,50,0,EURCHF,Pepperstone MT5
1998.10.20,1.59110,1.60500,1.58880,1.60420,194,50,0,EURCHF,Pepperstone MT5
1998.10.21,1.60220,1.61030,1.60010,1.60050,188,50,0,EURCHF,Pepperstone MT5
1998.10.22,1.60000,1.60640,1.59670,1.60000,195,50,0,EURCHF,Pepperstone MT5
1998.10.23,1.59810,1.60240,1.59410,1.59760,162,50,0,EURCHF,Pepperstone MT5
1998.10.26,1.59860,1.60290,1.59050,1.60120,223,50,0,EURCHF,Pepperstone MT5
1998.10.27,1.60100,1.60380,1.58840,1.59210,220,50,0,EURCHF,Pepperstone MT5
1998.10.28,1.59230,1.59590,1.58290,1.59210,259,50,0,EURCHF,Pepperstone MT5
1998.10.29,1.59160,1.59370,1.58610,1.59140,151,50,0,EURCHF,Pepperstone MT5
1998.10.30,1.59350,1.60140,1.58870,1.59860,204,50,0,EURCHF,Pepperstone MT5
1998.11.02,1.59710,1.60030,1.59420,1.59820,112,50,0,EURCHF,Pepperstone MT5
1998.11.03,1.59720,1.60350,1.59440,1.60040,151,50,0,EURCHF,Pepperstone MT5
1998.11.04,1.59950,1.60670,1.59950,1.60290,111,50,0,EURCHF,Pepperstone MT5
1998.11.05,1.60270,1.60850,1.60110,1.60730,103,50,0,EURCHF,Pepperstone MT5
1998.11.06,1.60840,1.61480,1.60750,1.61090,122,50,0,EURCHF,Pepperstone MT5
1998.11.09,1.61310,1.61970,1.60950,1.61840,152,50,0,EURCHF,Pepperstone MT5
1998.11.10,1.61680,1.62020,1.61120,1.61350,148,50,0,EURCHF,Pepperstone MT5
1998.11.11,1.61410,1.61790,1.61010,1.61300,146,50,0,EURCHF,Pepperstone MT5
1998.11.12,1.61260,1.61630,1.60830,1.61170,152,50,0,EURCHF,Pepperstone MT5
1998.11.13,1.61220,1.61350,1.60850,1.61050,84,50,0,EURCHF,Pepperstone MT5
1998.11.16,1.61110,1.61760,1.60820,1.61050,183,50,0,EURCHF,Pepperstone MT5
1998.11.17,1.61250,1.61390,1.60580,1.61160,154,50,0,EURCHF,Pepperstone MT5
1998.11.18,1.61010,1.61390,1.60670,1.61060,140,50,0,EURCHF,Pepperstone MT5
1998.11.19,1.61040,1.61120,1.60540,1.60920,105,50,0,EURCHF,Pepperstone MT5
1998.11.20,1.61020,1.61300,1.60810,1.61230,78,50,0,EURCHF,Pepperstone MT5
1998.11.23,1.61140,1.61610,1.60950,1.61170,130,50,0,EURCHF,Pepperstone MT5
1998.11.24,1.61160,1.61730,1.61160,1.61440,87,50,0,EURCHF,Pepperstone MT5
1998.11.25,1.61410,1.61970,1.61130,1.61820,128,50,0,EURCHF,Pepperstone MT5
1998.11.26,1.61810,1.61960,1.61480,1.61800,96,50,0,EURCHF,Pepperstone MT5
1998.11.27,1.61810,1.61890,1.61040,1.61380,128,50,0,EURCHF,Pepperstone MT5
1998.11.30,1.61490,1.61520,1.60700,1.61100,126,50,0,EURCHF,Pepperstone MT5
1998.12.01,1.61090,1.61230,1.60150,1.60530,161,50,0,EURCHF,Pepperstone MT5
1998.12.02,1.60510,1.60610,1.59600,1.59970,149,50,0,EURCHF,Pepperstone MT5
1998.12.03,1.60020,1.60300,1.59050,1.59590,208,50,0,EURCHF,Pepperstone MT5
1998.12.04,1.59630,1.60130,1.59440,1.59640,138,50,0,EURCHF,Pepperstone MT5
1998.12.07,1.59770,1.60480,1.59740,1.60320,94,50,0,EURCHF,Pepperstone MT5
1998.12.08,1.60180,1.60480,1.59600,1.59700,129,50,0,EURCHF,Pepperstone MT5
1998.12.09,1.59760,1.59910,1.59160,1.59250,100,50,0,EURCHF,Pepperstone MT5
1998.12.10,1.59270,1.59520,1.57850,1.58130,221,50,0,EURCHF,Pepperstone MT5
1998.12.11,1.58330,1.58730,1.57330,1.57800,228,50,0,EURCHF,Pepperstone MT5
1998.12.14,1.57550,1.58270,1.57300,1.57470,187,50,0,EURCHF,Pepperstone MT5
1998.12.15,1.57480,1.58480,1.57430,1.58310,128,50,0,EURCHF,Pepperstone MT5
1998.12.16,1.58360,1.58370,1.57530,1.58340,167,50,0,EURCHF,Pepperstone MT5
1998.12.17,1.58470,1.58600,1.57450,1.58310,215,50,0,EURCHF,Pepperstone MT5
1998.12.18,1.58240,1.58720,1.58040,1.58320,129,50,0,EURCHF,Pepperstone MT5
1998.12.21,1.58440,1.59290,1.58200,1.59160,147,50,0,EURCHF,Pepperstone MT5
1998.12.22,1.59110,1.59730,1.58740,1.59510,159,50,0,EURCHF,Pepperstone MT5
1998.12.23,1.59600,1.59800,1.59020,1.59280,125,50,0,EURCHF,Pepperstone MT5
1998.12.24,1.59250,1.59930,1.59060,1.59930,107,50,0,EURCHF,Pepperstone MT5
1998.12.25,1.60190,1.60190,1.59350,1.59750,125,50,0,EURCHF,Pepperstone MT5
1998.12.28,1.59810,1.60210,1.59450,1.59720,144,50,0,EURCHF,Pepperstone MT5
1998.12.29,1.59690,1.60020,1.59340,1.59920,114,50,0,EURCHF,Pepperstone MT5
1998.12.30,1.59890,1.61170,1.59590,1.61130,193,50,0,EURCHF,Pepperstone MT5
1998.12.31,1.61120,1.61600,1.60390,1.61240,231,50,0,EURCHF,Pepperstone MT5
1999.01.04,1.61490,1.63310,1.61090,1.61630,5376,50,0,EURCHF,Pepperstone MT5
1999.01.05,1.61500,1.62030,1.60930,1.61520,6289,50,0,EURCHF,Pepperstone MT5
1999.01.06,1.61300,1.62400,1.60760,1.61750,6271,50,0,EURCHF,Pepperstone MT5
1999.01.07,1.61800,1.63360,1.61170,1.61390,12133,50,0,EURCHF,Pepperstone MT5
1999.01.08,1.61350,1.61900,1.60460,1.61510,5946,50,0,EURCHF,Pepperstone MT5
1999.01.11,1.61500,1.62000,1.60670,1.61020,6996,50,0,EURCHF,Pepperstone MT5
1999.01.12,1.61000,1.61330,1.60180,1.60430,7591,50,0,EURCHF,Pepperstone MT5
1999.01.13,1.60420,1.60580,1.57800,1.59060,10183,50,0,EURCHF,Pepperstone MT5
1999.01.14,1.59030,1.59910,1.58310,1.58810,8748,50,0,EURCHF,Pepperstone MT5
1999.01.15,1.58780,1.60780,1.58090,1.59890,17651,50,0,EURCHF,Pepperstone MT5
1999.01.18,1.59830,1.60740,1.59450,1.60210,11749,50,0,EURCHF,Pepperstone MT5
1999.01.19,1.60070,1.60630,1.59370,1.59940,9514,50,0,EURCHF,Pepperstone MT5
1999.01.20,1.59790,1.61110,1.59660,1.60620,10736,50,0,EURCHF,Pepperstone MT5
1999.01.21,1.60630,1.60900,1.59770,1.60660,7300,50,0,EURCHF,Pepperstone MT5
1999.01.22,1.60640,1.61010,1.59450,1.60180,10998,50,0,EURCHF,Pepperstone MT5
1999.01.25,1.60190,1.60570,1.59430,1.60230,7506,50,0,EURCHF,Pepperstone MT5
1999.01.26,1.60260,1.61000,1.59860,1.60790,8909,50,0,EURCHF,Pepperstone MT5
1999.01.27,1.60780,1.61470,1.60020,1.61460,10129,50,0,EURCHF,Pepperstone MT5
1999.01.28,1.61310,1.62060,1.59990,1.61260,15026,50,0,EURCHF,Pepperstone MT5
1999.01.29,1.61230,1.61800,1.60630,1.60940,14326,50,0,EURCHF,Pepperstone MT5
1999.02.01,1.61050,1.62600,1.60440,1.60740,12893,50,0,EURCHF,Pepperstone MT5
1999.02.02,1.60860,1.60910,1.59500,1.60500,12821,50,0,EURCHF,Pepperstone MT5
1999.02.03,1.60520,1.60660,1.59410,1.60320,11889,50,0,EURCHF,Pepperstone MT5
1999.02.04,1.60260,1.60930,1.59370,1.60260,15191,50,0,EURCHF,Pepperstone MT5
1999.02.05,1.60220,1.60790,1.58940,1.59970,15392,50,0,EURCHF,Pepperstone MT5
1999.02.06,1.60030,1.60030,1.60030,1.60030,1,50,0,EURCHF,Pepperstone MT5
1999.02.08,1.60050,1.60790,1.59300,1.60340,11868,50,0,EURCHF,Pepperstone MT5
1999.02.09,1.60360,1.61490,1.59790,1.60210,9777,50,0,EURCHF,Pepperstone MT5
1999.02.10,1.60170,1.60410,1.58800,1.59670,11555,50,0,EURCHF,Pepperstone MT5
1999.02.11,1.59730,1.60350,1.59420,1.60020,9513,50,0,EURCHF,Pepperstone MT5
1999.02.12,1.60010,1.61070,1.58900,1.60020,12685,50,0,EURCHF,Pepperstone MT5
1999.02.15,1.59850,1.60170,1.59370,1.59790,10724,50,0,EURCHF,Pepperstone MT5
1999.02.16,1.59830,1.60350,1.59270,1.59780,11993,50,0,EURCHF,Pepperstone MT5
1999.02.17,1.59840,1.60270,1.59120,1.59780,12337,50,0,EURCHF,Pepperstone MT5
1999.02.18,1.59730,1.60330,1.59050,1.60120,12438,50,0,EURCHF,Pepperstone MT5
1999.02.19,1.60090,1.60920,1.58700,1.60090,16415,50,0,EURCHF,Pepperstone MT5
1999.02.22,1.60110,1.60940,1.59330,1.59930,11708,50,0,EURCHF,Pepperstone MT5
1999.02.23,1.59900,1.60870,1.59040,1.59350,12377,50,0,EURCHF,Pepperstone MT5
1999.02.24,1.59400,1.60080,1.58520,1.59160,12662,50,0,EURCHF,Pepperstone MT5
1999.02.25,1.59190,1.59520,1.58170,1.58800,10699,50,0,EURCHF,Pepperstone MT5
1999.02.26,1.58730,1.59930,1.58460,1.59500,14122,50,0,EURCHF,Pepperstone MT5
1999.03.01,1.59310,1.60100,1.59000,1.59290,12449,50,0,EURCHF,Pepperstone MT5
1999.03.02,1.59200,1.60140,1.58670,1.59470,11185,50,0,EURCHF,Pepperstone MT5
1999.03.03,1.59440,1.59570,1.58450,1.58920,11668,50,0,EURCHF,Pepperstone MT5
1999.03.04,1.58940,1.60100,1.58360,1.58880,12468,50,0,EURCHF,Pepperstone MT5
1999.03.05,1.58900,1.59780,1.58560,1.59140,9034,50,0,EURCHF,Pepperstone MT5
1999.03.08,1.59180,1.59790,1.58280,1.59310,13483,50,0,EURCHF,Pepperstone MT5
1999.03.09,1.59300,1.60130,1.58950,1.59670,8692,50,0,EURCHF,Pepperstone MT5
1999.03.10,1.59610,1.60680,1.59470,1.59720,11973,50,0,EURCHF,Pepperstone MT5
1999.03.11,1.59730,1.61170,1.58550,1.60320,13845,50,0,EURCHF,Pepperstone MT5
1999.03.12,1.60300,1.60590,1.58860,1.59730,17485,50,0,EURCHF,Pepperstone MT5
1999.03.13,1.59600,1.59600,1.59600,1.59600,1,50,0,EURCHF,Pepperstone MT5
1999.03.15,1.59880,1.60730,1.59550,1.60210,9116,50,0,EURCHF,Pepperstone MT5
1999.03.16,1.60240,1.60430,1.58860,1.59820,10494,50,0,EURCHF,Pepperstone MT5
1999.03.17,1.59850,1.60960,1.59470,1.59670,9561,50,0,EURCHF,Pepperstone MT5
1999.03.18,1.59680,1.60870,1.59160,1.59890,12296,50,0,EURCHF,Pepperstone MT5
1999.03.19,1.59910,1.60600,1.58590,1.59730,12313,50,0,EURCHF,Pepperstone MT5
1999.03.20,1.59740,1.59770,1.59720,1.59770,4,50,0,EURCHF,Pepperstone MT5
1999.03.22,1.59790,1.60490,1.58860,1.59750,17057,50,0,EURCHF,Pepperstone MT5
1999.03.23,1.59770,1.60050,1.58860,1.58970,18295,50,0,EURCHF,Pepperstone MT5
1999.03.24,1.59050,1.59760,1.58440,1.59460,15363,50,0,EURCHF,Pepperstone MT5
1999.03.25,1.59470,1.60010,1.58300,1.59460,12119,50,0,EURCHF,Pepperstone MT5
1999.03.26,1.59340,1.60320,1.58840,1.59280,13615,50,0,EURCHF,Pepperstone MT5
1999.03.29,1.59250,1.60090,1.58980,1.59450,9601,50,0,EURCHF,Pepperstone MT5
1999.03.30,1.59480,1.60160,1.59240,1.59680,5926,50,0,EURCHF,Pepperstone MT5
1999.03.31,1.59770,1.60290,1.59270,1.59550,14527,50,0,EURCHF,Pepperstone MT5
1999.04.01,1.59750,1.60040,1.59010,1.59600,11114,50,0,EURCHF,Pepperstone MT5
1999.04.02,1.59680,1.60000,1.59380,1.59720,1274,50,0,EURCHF,Pepperstone MT5
1999.04.05,1.59810,1.60150,1.59410,1.59590,1485,50,0,EURCHF,Pepperstone MT5
1999.04.06,1.59620,1.60610,1.58670,1.59670,8658,50,0,EURCHF,Pepperstone MT5
1999.04.07,1.59760,1.60060,1.59120,1.59700,9293,50,0,EURCHF,Pepperstone MT5
1999.04.08,1.59830,1.60430,1.58850,1.59720,12607,50,0,EURCHF,Pepperstone MT5
1999.04.09,1.59750,1.60340,1.59250,1.60200,10522,50,0,EURCHF,Pepperstone MT5
1999.04.10,1.60070,1.60070,1.59940,1.60050,4,50,0,EURCHF,Pepperstone MT5
1999.04.12,1.60130,1.60700,1.59600,1.60540,6653,50,0,EURCHF,Pepperstone MT5
1999.04.13,1.60620,1.61030,1.59580,1.60600,8502,50,0,EURCHF,Pepperstone MT5
1999.04.14,1.60700,1.60830,1.60210,1.60320,7327,50,0,EURCHF,Pepperstone MT5
1999.04.15,1.60420,1.60660,1.60010,1.60430,6593,50,0,EURCHF,Pepperstone MT5
1999.04.16,1.60450,1.60650,1.60010,1.60210,8188,50,0,EURCHF,Pepperstone MT5
1999.04.17,1.60160,1.60160,1.60160,1.60160,1,50,0,EURCHF,Pepperstone MT5
1999.04.19,1.60120,1.60900,1.59860,1.60080,10544,50,0,EURCHF,Pepperstone MT5
1999.04.20,1.60110,1.60680,1.59690,1.60190,9793,50,0,EURCHF,Pepperstone MT5
1999.04.21,1.60210,1.60740,1.59720,1.60150,11179,50,0,EURCHF,Pepperstone MT5
1999.04.22,1.60130,1.60740,1.59560,1.60150,10585,50,0,EURCHF,Pepperstone MT5
1999.04.23,1.60190,1.60900,1.59340,1.60290,12660,50,0,EURCHF,Pepperstone MT5
1999.04.24,1.60210,1.60210,1.60140,1.60170,3,50,0,EURCHF,Pepperstone MT5
1999.04.26,1.60130,1.60790,1.59980,1.60330,8808,50,0,EURCHF,Pepperstone MT5
1999.04.27,1.60350,1.60890,1.59580,1.60780,10681,50,0,EURCHF,Pepperstone MT5
1999.04.28,1.60900,1.61040,1.60370,1.60650,7677,50,0,EURCHF,Pepperstone MT5
1999.04.29,1.60760,1.61200,1.60280,1.61120,11749,50,0,EURCHF,Pepperstone MT5
1999.04.30,1.61080,1.61540,1.60560,1.60890,8788,50,0,EURCHF,Pepperstone MT5
1999.05.01,1.61280,1.61280,1.61150,1.61150,2,50,0,EURCHF,Pepperstone MT5
1999.05.03,1.61230,1.61790,1.60810,1.61130,11210,50,0,EURCHF,Pepperstone MT5
1999.05.04,1.61120,1.61660,1.60330,1.60680,14422,50,0,EURCHF,Pepperstone MT5
1999.05.05,1.60650,1.61320,1.60200,1.60700,12265,50,0,EURCHF,Pepperstone MT5
1999.05.06,1.60720,1.61260,1.59710,1.60760,12267,50,0,EURCHF,Pepperstone MT5
1999.05.07,1.60640,1.61210,1.60070,1.60930,10783,50,0,EURCHF,Pepperstone MT5
1999.05.08,1.60720,1.60740,1.60610,1.60740,3,50,0,EURCHF,Pepperstone MT5
1999.05.10,1.60660,1.61930,1.60420,1.60770,10046,50,0,EURCHF,Pepperstone MT5
1999.05.11,1.60820,1.61330,1.60500,1.60860,11381,50,0,EURCHF,Pepperstone MT5
1999.05.12,1.60830,1.61900,1.59650,1.60360,18333,50,0,EURCHF,Pepperstone MT5
1999.05.13,1.60340,1.60610,1.59740,1.60250,6589,50,0,EURCHF,Pepperstone MT5
1999.05.14,1.60200,1.60920,1.59300,1.60330,18950,50,0,EURCHF,Pepperstone MT5
1999.05.17,1.60390,1.60870,1.59930,1.60370,8887,50,0,EURCHF,Pepperstone MT5
1999.05.18,1.60470,1.60950,1.59780,1.60220,9386,50,0,EURCHF,Pepperstone MT5
1999.05.19,1.60190,1.60860,1.59740,1.60340,11444,50,0,EURCHF,Pepperstone MT5
1999.05.20,1.60290,1.60740,1.59900,1.60300,8586,50,0,EURCHF,Pepperstone MT5
1999.05.21,1.60330,1.61220,1.59970,1.60470,11450,50,0,EURCHF,Pepperstone MT5
1999.05.22,1.60420,1.60600,1.60420,1.60600,3,50,0,EURCHF,Pepperstone MT5
1999.05.24,1.60470,1.60700,1.59990,1.60280,5273,50,0,EURCHF,Pepperstone MT5
1999.05.25,1.60210,1.60270,1.59100,1.59110,8720,50,0,EURCHF,Pepperstone MT5
1999.05.26,1.59140,1.59980,1.58870,1.59460,9761,50,0,EURCHF,Pepperstone MT5
1999.05.27,1.59490,1.59840,1.58840,1.59150,9505,50,0,EURCHF,Pepperstone MT5
1999.05.28,1.59160,1.59850,1.58660,1.59430,9771,50,0,EURCHF,Pepperstone MT5
1999.05.29,1.59350,1.59350,1.59350,1.59350,1,50,0,EURCHF,Pepperstone MT5
1999.05.31,1.59340,1.59730,1.58750,1.59140,9698,50,0,EURCHF,Pepperstone MT5
1999.06.01,1.59160,1.59580,1.58900,1.59240,9148,50,0,EURCHF,Pepperstone MT5
1999.06.02,1.59330,1.60370,1.58700,1.59190,13421,50,0,EURCHF,Pepperstone MT5
1999.06.03,1.59140,1.59820,1.58550,1.59040,12839,50,0,EURCHF,Pepperstone MT5
1999.06.04,1.59050,1.59560,1.58100,1.58860,12534,50,0,EURCHF,Pepperstone MT5
1999.06.07,1.59170,1.59220,1.58160,1.58840,9925,50,0,EURCHF,Pepperstone MT5
1999.06.08,1.58900,1.59600,1.58170,1.59170,14448,50,0,EURCHF,Pepperstone MT5
1999.06.09,1.59230,1.59660,1.58670,1.59470,10536,50,0,EURCHF,Pepperstone MT5
1999.06.10,1.59460,1.60200,1.58750,1.59580,14607,50,0,EURCHF,Pepperstone MT5
1999.06.11,1.59570,1.60350,1.58790,1.59600,14060,50,0,EURCHF,Pepperstone MT5
1999.06.12,1.59340,1.59560,1.59200,1.59400,91,50,0,EURCHF,Pepperstone MT5
1999.06.14,1.59650,1.60020,1.58920,1.59400,12334,50,0,EURCHF,Pepperstone MT5
1999.06.15,1.59430,1.59880,1.59130,1.59600,10179,50,0,EURCHF,Pepperstone MT5
1999.06.16,1.59590,1.60070,1.59140,1.59520,10801,50,0,EURCHF,Pepperstone MT5
1999.06.17,1.59490,1.60350,1.59190,1.59560,12475,50,0,EURCHF,Pepperstone MT5
1999.06.18,1.59540,1.60400,1.59270,1.59720,10968,50,0,EURCHF,Pepperstone MT5
1999.06.19,1.59500,1.59500,1.59500,1.59500,1,50,0,EURCHF,Pepperstone MT5
1999.06.21,1.59550,1.60460,1.59000,1.59630,11009,50,0,EURCHF,Pepperstone MT5
1999.06.22,1.59550,1.60070,1.59200,1.59530,9002,50,0,EURCHF,Pepperstone MT5
1999.06.23,1.59540,1.60270,1.59160,1.59650,10245,50,0,EURCHF,Pepperstone MT5
1999.06.24,1.59730,1.60370,1.59030,1.59670,18500,50,0,EURCHF,Pepperstone MT5
1999.06.25,1.59690,1.60560,1.59150,1.59840,11367,50,0,EURCHF,Pepperstone MT5
1999.06.26,1.59830,1.59870,1.59830,1.59870,2,50,0,EURCHF,Pepperstone MT5
1999.06.28,1.59820,1.60650,1.59420,1.59790,12517,50,0,EURCHF,Pepperstone MT5
1999.06.29,1.59880,1.60650,1.59710,1.60200,8497,50,0,EURCHF,Pepperstone MT5
1999.06.30,1.59990,1.60840,1.59930,1.60290,8648,50,0,EURCHF,Pepperstone MT5
1999.07.01,1.60130,1.60900,1.59540,1.60470,14078,50,0,EURCHF,Pepperstone MT5
1999.07.02,1.60480,1.61040,1.60130,1.60620,9474,50,0,EURCHF,Pepperstone MT5
1999.07.03,1.60640,1.60640,1.60640,1.60640,1,50,0,EURCHF,Pepperstone MT5
1999.07.05,1.60590,1.61140,1.59960,1.60460,7649,50,0,EURCHF,Pepperstone MT5
1999.07.06,1.60440,1.61240,1.59880,1.60280,9638,50,0,EURCHF,Pepperstone MT5
1999.07.07,1.60300,1.60950,1.59300,1.60450,9360,50,0,EURCHF,Pepperstone MT5
1999.07.08,1.60460,1.61120,1.60070,1.60530,9683,50,0,EURCHF,Pepperstone MT5
1999.07.09,1.60520,1.61220,1.60340,1.60600,8869,50,0,EURCHF,Pepperstone MT5
1999.07.10,1.60720,1.60730,1.60720,1.60730,2,50,0,EURCHF,Pepperstone MT5
1999.07.12,1.60680,1.61020,1.60310,1.60480,6624,50,0,EURCHF,Pepperstone MT5
1999.07.13,1.60460,1.61240,1.59960,1.60440,14325,50,0,EURCHF,Pepperstone MT5
1999.07.14,1.60430,1.61360,1.59400,1.60620,11916,50,0,EURCHF,Pepperstone MT5
1999.07.15,1.60630,1.61240,1.60130,1.60640,9810,50,0,EURCHF,Pepperstone MT5
1999.07.16,1.60620,1.60900,1.60260,1.60630,8105,50,0,EURCHF,Pepperstone MT5
1999.07.19,1.60610,1.60810,1.59610,1.60380,6226,50,0,EURCHF,Pepperstone MT5
1999.07.20,1.60400,1.60910,1.59570,1.60480,5919,50,0,EURCHF,Pepperstone MT5
1999.07.21,1.60510,1.61090,1.59720,1.60650,6703,50,0,EURCHF,Pepperstone MT5
1999.07.22,1.60640,1.61010,1.60160,1.60670,6615,50,0,EURCHF,Pepperstone MT5
1999.07.23,1.60640,1.60820,1.60260,1.60720,6398,50,0,EURCHF,Pepperstone MT5
1999.07.26,1.60560,1.60900,1.60260,1.60490,7062,50,0,EURCHF,Pepperstone MT5
1999.07.27,1.60460,1.60850,1.59630,1.60060,8629,50,0,EURCHF,Pepperstone MT5
1999.07.28,1.60080,1.60410,1.59380,1.59790,7363,50,0,EURCHF,Pepperstone MT5
1999.07.29,1.59800,1.60140,1.59060,1.59560,8647,50,0,EURCHF,Pepperstone MT5
1999.07.30,1.59570,1.60130,1.59050,1.59500,6230,50,0,EURCHF,Pepperstone MT5
1999.08.02,1.59590,1.60140,1.59240,1.59680,8664,50,0,EURCHF,Pepperstone MT5
1999.08.03,1.59700,1.60130,1.59570,1.59850,7250,50,0,EURCHF,Pepperstone MT5
1999.08.04,1.59840,1.60310,1.59670,1.59960,8777,50,0,EURCHF,Pepperstone MT5
1999.08.05,1.59910,1.60230,1.59520,1.60140,8647,50,0,EURCHF,Pepperstone MT5
1999.08.06,1.60150,1.60550,1.59740,1.59890,7167,50,0,EURCHF,Pepperstone MT5
1999.08.07,1.59990,1.60040,1.59890,1.60040,3,50,0,EURCHF,Pepperstone MT5
1999.08.09,1.60100,1.60380,1.59680,1.60200,7000,50,0,EURCHF,Pepperstone MT5
1999.08.10,1.60180,1.60450,1.59770,1.60290,6309,50,0,EURCHF,Pepperstone MT5
1999.08.11,1.60240,1.60380,1.59540,1.60180,17159,50,0,EURCHF,Pepperstone MT5
1999.08.12,1.60190,1.60760,1.59530,1.60100,8428,50,0,EURCHF,Pepperstone MT5
1999.08.13,1.60110,1.60540,1.59120,1.60240,7207,50,0,EURCHF,Pepperstone MT5
1999.08.14,1.60270,1.60350,1.60160,1.60230,30,50,0,EURCHF,Pepperstone MT5
1999.08.16,1.60200,1.60550,1.59870,1.60110,6326,50,0,EURCHF,Pepperstone MT5
1999.08.17,1.60140,1.60710,1.59860,1.60160,9111,50,0,EURCHF,Pepperstone MT5
1999.08.18,1.60010,1.60680,1.59530,1.59960,10260,50,0,EURCHF,Pepperstone MT5
1999.08.19,1.59980,1.61020,1.59110,1.59840,13194,50,0,EURCHF,Pepperstone MT5
1999.08.20,1.59820,1.60250,1.59380,1.59660,12340,50,0,EURCHF,Pepperstone MT5
1999.08.21,1.59750,1.59750,1.59600,1.59600,3,50,0,EURCHF,Pepperstone MT5
1999.08.23,1.59690,1.61080,1.59280,1.60110,14535,50,0,EURCHF,Pepperstone MT5
1999.08.24,1.60160,1.60630,1.59310,1.60140,15800,50,0,EURCHF,Pepperstone MT5
1999.08.25,1.60100,1.61030,1.59590,1.60240,17721,50,0,EURCHF,Pepperstone MT5
1999.08.26,1.60230,1.61080,1.59510,1.60190,12907,50,0,EURCHF,Pepperstone MT5
1999.08.27,1.60160,1.60360,1.59470,1.60100,16737,50,0,EURCHF,Pepperstone MT5
1999.08.28,1.60090,1.60090,1.60090,1.60090,1,50,0,EURCHF,Pepperstone MT5
1999.08.30,1.60140,1.61160,1.59800,1.60140,13656,50,0,EURCHF,Pepperstone MT5
1999.08.31,1.60120,1.61220,1.58990,1.60060,15488,50,0,EURCHF,Pepperstone MT5
1999.09.01,1.60070,1.60680,1.59460,1.60130,10462,50,0,EURCHF,Pepperstone MT5
1999.09.02,1.60120,1.60740,1.59120,1.59650,15766,50,0,EURCHF,Pepperstone MT5
1999.09.03,1.59620,1.61240,1.59060,1.59870,16365,50,0,EURCHF,Pepperstone MT5
1999.09.04,1.59980,1.60060,1.59980,1.60060,3,50,0,EURCHF,Pepperstone MT5
1999.09.06,1.59900,1.60100,1.59410,1.59840,7946,50,0,EURCHF,Pepperstone MT5
1999.09.07,1.59850,1.60260,1.59650,1.59900,7470,50,0,EURCHF,Pepperstone MT5
1999.09.08,1.59890,1.60320,1.59250,1.60110,8707,50,0,EURCHF,Pepperstone MT5
1999.09.09,1.60150,1.61070,1.59050,1.60000,15064,50,0,EURCHF,Pepperstone MT5
1999.09.10,1.60070,1.61260,1.59920,1.60800,13949,50,0,EURCHF,Pepperstone MT5
1999.09.11,1.60820,1.60870,1.60800,1.60840,20,50,0,EURCHF,Pepperstone MT5
1999.09.13,1.60750,1.60860,1.60260,1.60540,10154,50,0,EURCHF,Pepperstone MT5
1999.09.14,1.60570,1.61210,1.59540,1.60400,22579,50,0,EURCHF,Pepperstone MT5
1999.09.15,1.60330,1.61190,1.59300,1.60390,20900,50,0,EURCHF,Pepperstone MT5
1999.09.16,1.60410,1.60950,1.58880,1.60260,22836,50,0,EURCHF,Pepperstone MT5
1999.09.17,1.60280,1.61030,1.59960,1.60520,9490,50,0,EURCHF,Pepperstone MT5
1999.09.18,1.60540,1.60540,1.60530,1.60530,2,50,0,EURCHF,Pepperstone MT5
1999.09.20,1.60380,1.61170,1.60180,1.60740,11833,50,0,EURCHF,Pepperstone MT5
1999.09.21,1.60730,1.61240,1.59520,1.60340,16322,50,0,EURCHF,Pepperstone MT5
1999.09.22,1.60330,1.61030,1.59640,1.60510,16180,50,0,EURCHF,Pepperstone MT5
1999.09.23,1.60500,1.61260,1.59800,1.60200,16733,50,0,EURCHF,Pepperstone MT5
1999.09.24,1.60190,1.60770,1.59780,1.60160,9510,50,0,EURCHF,Pepperstone MT5
1999.09.25,1.60170,1.60170,1.59990,1.59990,10,50,0,EURCHF,Pepperstone MT5
1999.09.27,1.60200,1.60850,1.59530,1.60170,12767,50,0,EURCHF,Pepperstone MT5
1999.09.28,1.60160,1.60790,1.59660,1.60150,12411,50,0,EURCHF,Pepperstone MT5
1999.09.29,1.60180,1.60370,1.59730,1.60030,8542,50,0,EURCHF,Pepperstone MT5
1999.09.30,1.59990,1.60190,1.59450,1.59840,7444,50,0,EURCHF,Pepperstone MT5
1999.10.01,1.59830,1.60140,1.58880,1.58980,7934,50,0,EURCHF,Pepperstone MT5
1999.10.04,1.59160,1.59440,1.58950,1.59350,7229,50,0,EURCHF,Pepperstone MT5
1999.10.05,1.59320,1.59610,1.58960,1.59060,7931,50,0,EURCHF,Pepperstone MT5
1999.10.06,1.59070,1.59310,1.58740,1.59180,8099,50,0,EURCHF,Pepperstone MT5
1999.10.07,1.59200,1.59570,1.58900,1.59290,7741,50,0,EURCHF,Pepperstone MT5
1999.10.08,1.59320,1.59820,1.59080,1.59520,7660,50,0,EURCHF,Pepperstone MT5
1999.10.09,1.59560,1.59610,1.59520,1.59520,17,50,0,EURCHF,Pepperstone MT5
1999.10.11,1.59430,1.59800,1.59290,1.59560,7248,50,0,EURCHF,Pepperstone MT5
1999.10.12,1.59570,1.59750,1.59110,1.59260,8304,50,0,EURCHF,Pepperstone MT5
1999.10.13,1.59250,1.59370,1.58890,1.58960,7721,50,0,EURCHF,Pepperstone MT5
1999.10.14,1.58970,1.59190,1.58790,1.59030,8598,50,0,EURCHF,Pepperstone MT5
1999.10.15,1.59010,1.59170,1.58510,1.58680,7600,50,0,EURCHF,Pepperstone MT5
1999.10.16,1.58690,1.58810,1.58480,1.58720,21,50,0,EURCHF,Pepperstone MT5
1999.10.18,1.58690,1.59030,1.58560,1.58910,8079,50,0,EURCHF,Pepperstone MT5
1999.10.19,1.58920,1.59340,1.58650,1.59060,9580,50,0,EURCHF,Pepperstone MT5
1999.10.20,1.59030,1.59680,1.58650,1.59280,11904,50,0,EURCHF,Pepperstone MT5
1999.10.21,1.59290,1.59610,1.58770,1.59440,11395,50,0,EURCHF,Pepperstone MT5
1999.10.22,1.59410,1.60950,1.59030,1.59970,12050,50,0,EURCHF,Pepperstone MT5
1999.10.23,1.59890,1.60000,1.59680,1.59770,162,50,0,EURCHF,Pepperstone MT5
1999.10.25,1.59790,1.60240,1.59610,1.59800,6954,50,0,EURCHF,Pepperstone MT5
1999.10.26,1.59800,1.60330,1.59510,1.60020,11164,50,0,EURCHF,Pepperstone MT5
1999.10.27,1.60010,1.60350,1.59560,1.60080,9620,50,0,EURCHF,Pepperstone MT5
1999.10.28,1.60050,1.60730,1.59760,1.60390,12391,50,0,EURCHF,Pepperstone MT5
1999.10.29,1.60370,1.60600,1.59920,1.60460,10102,50,0,EURCHF,Pepperstone MT5
1999.10.30,1.60500,1.60540,1.59900,1.59990,76,50,0,EURCHF,Pepperstone MT5
1999.11.01,1.60460,1.60720,1.59980,1.60400,7437,50,0,EURCHF,Pepperstone MT5
1999.11.02,1.60410,1.61060,1.59950,1.60780,10935,50,0,EURCHF,Pepperstone MT5
1999.11.03,1.60700,1.61080,1.60380,1.60900,8511,50,0,EURCHF,Pepperstone MT5
1999.11.04,1.60900,1.61650,1.60590,1.61620,10551,50,0,EURCHF,Pepperstone MT5
1999.11.05,1.61660,1.61980,1.60940,1.61360,12706,50,0,EURCHF,Pepperstone MT5
1999.11.06,1.61300,1.61700,1.61300,1.61690,9,50,0,EURCHF,Pepperstone MT5
1999.11.08,1.61340,1.61630,1.60790,1.60940,10316,50,0,EURCHF,Pepperstone MT5
1999.11.09,1.60960,1.61320,1.60530,1.60850,10852,50,0,EURCHF,Pepperstone MT5
1999.11.10,1.60780,1.61220,1.60440,1.60840,9816,50,0,EURCHF,Pepperstone MT5
1999.11.11,1.60920,1.61040,1.60430,1.60560,8153,50,0,EURCHF,Pepperstone MT5
1999.11.12,1.60580,1.61160,1.60280,1.60620,10354,50,0,EURCHF,Pepperstone MT5
1999.11.13,1.60600,1.60600,1.60580,1.60590,6,50,0,EURCHF,Pepperstone MT5
1999.11.15,1.60630,1.61060,1.60330,1.60530,9719,50,0,EURCHF,Pepperstone MT5
1999.11.16,1.60550,1.60930,1.59980,1.60290,8772,50,0,EURCHF,Pepperstone MT5
1999.11.17,1.60260,1.60660,1.59800,1.60330,10820,50,0,EURCHF,Pepperstone MT5
1999.11.18,1.60330,1.60760,1.59880,1.60210,7724,50,0,EURCHF,Pepperstone MT5
1999.11.19,1.60220,1.60730,1.59790,1.60260,9368,50,0,EURCHF,Pepperstone MT5
1999.11.22,1.60370,1.60750,1.59770,1.60230,11886,50,0,EURCHF,Pepperstone MT5
1999.11.23,1.60220,1.60480,1.59710,1.59950,10907,50,0,EURCHF,Pepperstone MT5
1999.11.24,1.60020,1.60450,1.59510,1.59970,11405,50,0,EURCHF,Pepperstone MT5
1999.11.25,1.59990,1.60460,1.59590,1.60060,12093,50,0,EURCHF,Pepperstone MT5
1999.11.26,1.60020,1.61030,1.59680,1.60460,11095,50,0,EURCHF,Pepperstone MT5
1999.11.27,1.60430,1.60500,1.60430,1.60440,15,50,0,EURCHF,Pepperstone MT5
1999.11.29,1.60260,1.60730,1.59910,1.60440,13091,50,0,EURCHF,Pepperstone MT5
1999.11.30,1.60520,1.60620,1.59760,1.60250,13733,50,0,EURCHF,Pepperstone MT5
1999.12.01,1.60180,1.60470,1.59730,1.59780,11452,50,0,EURCHF,Pepperstone MT5
1999.12.02,1.59840,1.60360,1.59560,1.60020,12862,50,0,EURCHF,Pepperstone MT5
1999.12.03,1.59900,1.60290,1.59260,1.59490,9024,50,0,EURCHF,Pepperstone MT5
1999.12.04,1.59510,1.59580,1.59450,1.59510,56,50,0,EURCHF,Pepperstone MT5
1999.12.06,1.59520,1.60150,1.59280,1.59910,9736,50,0,EURCHF,Pepperstone MT5
1999.12.07,1.59900,1.60380,1.59540,1.59970,9296,50,0,EURCHF,Pepperstone MT5
1999.12.08,1.59980,1.60480,1.59600,1.60050,11524,50,0,EURCHF,Pepperstone MT5
1999.12.09,1.60030,1.60320,1.59440,1.59970,9631,50,0,EURCHF,Pepperstone MT5
1999.12.10,1.59990,1.60570,1.59470,1.60020,12274,50,0,EURCHF,Pepperstone MT5
1999.12.11,1.60220,1.60290,1.60220,1.60290,2,50,0,EURCHF,Pepperstone MT5
1999.12.13,1.60190,1.60760,1.59740,1.60140,9719,50,0,EURCHF,Pepperstone MT5
1999.12.14,1.60150,1.60790,1.59800,1.60020,10932,50,0,EURCHF,Pepperstone MT5
1999.12.15,1.60000,1.60350,1.59670,1.60060,8675,50,0,EURCHF,Pepperstone MT5
1999.12.16,1.59990,1.60420,1.59480,1.60120,12886,50,0,EURCHF,Pepperstone MT5
1999.12.17,1.60130,1.60950,1.59450,1.60170,13995,50,0,EURCHF,Pepperstone MT5
1999.12.18,1.60190,1.60190,1.60150,1.60190,9,50,0,EURCHF,Pepperstone MT5
1999.12.20,1.60260,1.60760,1.59450,1.59860,16388,50,0,EURCHF,Pepperstone MT5
1999.12.21,1.59830,1.60540,1.59370,1.59950,13987,50,0,EURCHF,Pepperstone MT5
1999.12.22,1.59970,1.60710,1.59640,1.60040,23230,50,0,EURCHF,Pepperstone MT5
1999.12.23,1.60050,1.60800,1.59470,1.60550,12870,50,0,EURCHF,Pepperstone MT5
1999.12.24,1.60570,1.61230,1.59970,1.60660,11202,50,0,EURCHF,Pepperstone MT5
1999.12.27,1.60530,1.61190,1.60080,1.60510,13240,50,0,EURCHF,Pepperstone MT5
1999.12.28,1.60430,1.61130,1.59880,1.60580,19406,50,0,EURCHF,Pepperstone MT5
1999.12.29,1.60540,1.61110,1.60110,1.60470,11809,50,0,EURCHF,Pepperstone MT5
1999.12.30,1.60520,1.61160,1.60020,1.60660,13696,50,0,EURCHF,Pepperstone MT5
1999.12.31,1.60670,1.60890,1.60010,1.60080,3357,50,0,EURCHF,Pepperstone MT5
2000.01.01,1.60040,1.60050,1.60040,1.60050,2,50,0,EURCHF,Pepperstone MT5
2000.01.03,1.60440,1.61000,1.60100,1.60470,8728,50,0,EURCHF,Pepperstone MT5
2000.01.04,1.60500,1.60990,1.59930,1.60360,10581,50,0,EURCHF,Pepperstone MT5
2000.01.05,1.60340,1.60820,1.60170,1.60600,9399,50,0,EURCHF,Pepperstone MT5
2000.01.06,1.60650,1.61200,1.59960,1.60400,10540,50,0,EURCHF,Pepperstone MT5
2000.01.07,1.60400,1.61180,1.60220,1.60870,7470,50,0,EURCHF,Pepperstone MT5
2000.01.08,1.60880,1.60880,1.60880,1.60880,1,50,0,EURCHF,Pepperstone MT5
2000.01.10,1.60910,1.61290,1.60420,1.60930,9316,50,0,EURCHF,Pepperstone MT5
2000.01.11,1.60910,1.61350,1.60560,1.61060,10031,50,0,EURCHF,Pepperstone MT5
2000.01.12,1.61070,1.61400,1.60570,1.61090,10160,50,0,EURCHF,Pepperstone MT5
2000.01.13,1.61060,1.61690,1.60560,1.61230,7631,50,0,EURCHF,Pepperstone MT5
2000.01.14,1.61220,1.61840,1.60570,1.61370,11186,50,0,EURCHF,Pepperstone MT5
2000.01.15,1.61380,1.61500,1.61290,1.61390,18,50,0,EURCHF,Pepperstone MT5
2000.01.17,1.61500,1.62000,1.60830,1.61490,10025,50,0,EURCHF,Pepperstone MT5
2000.01.18,1.61540,1.61840,1.60830,1.61300,9142,50,0,EURCHF,Pepperstone MT5
2000.01.19,1.61310,1.61920,1.60800,1.61400,9496,50,0,EURCHF,Pepperstone MT5
2000.01.20,1.61380,1.62010,1.61030,1.61070,9958,50,0,EURCHF,Pepperstone MT5
2000.01.21,1.61100,1.61630,1.60610,1.61120,10640,50,0,EURCHF,Pepperstone MT5
2000.01.22,1.61170,1.61170,1.61040,1.61050,4,50,0,EURCHF,Pepperstone MT5
2000.01.24,1.61290,1.61720,1.60900,1.61130,9995,50,0,EURCHF,Pepperstone MT5
2000.01.25,1.61140,1.61750,1.60800,1.61280,8489,50,0,EURCHF,Pepperstone MT5
2000.01.26,1.61270,1.61740,1.60760,1.61240,12385,50,0,EURCHF,Pepperstone MT5
2000.01.27,1.61260,1.61740,1.60680,1.61350,12893,50,0,EURCHF,Pepperstone MT5
2000.01.28,1.61330,1.61680,1.60590,1.60890,10155,50,0,EURCHF,Pepperstone MT5
2000.01.29,1.60930,1.61190,1.60910,1.61110,15,50,0,EURCHF,Pepperstone MT5
2000.01.31,1.60960,1.61440,1.60430,1.60870,10488,50,0,EURCHF,Pepperstone MT5
2000.02.01,1.60840,1.61370,1.60350,1.60910,8995,50,0,EURCHF,Pepperstone MT5
2000.02.02,1.60970,1.61760,1.60700,1.61110,8759,50,0,EURCHF,Pepperstone MT5
2000.02.03,1.61140,1.61650,1.60430,1.60750,10184,50,0,EURCHF,Pepperstone MT5
2000.02.04,1.60800,1.61160,1.60190,1.60710,10101,50,0,EURCHF,Pepperstone MT5
2000.02.05,1.60720,1.60910,1.60650,1.60730,41,50,0,EURCHF,Pepperstone MT5
2000.02.07,1.60600,1.61130,1.60260,1.60860,9420,50,0,EURCHF,Pepperstone MT5
2000.02.08,1.60820,1.61210,1.60300,1.60820,10793,50,0,EURCHF,Pepperstone MT5
2000.02.09,1.60790,1.61310,1.60400,1.60840,12830,50,0,EURCHF,Pepperstone MT5
2000.02.10,1.60900,1.61160,1.60160,1.60640,11372,50,0,EURCHF,Pepperstone MT5
2000.02.11,1.60630,1.60860,1.60150,1.60470,6503,50,0,EURCHF,Pepperstone MT5
2000.02.12,1.60480,1.60670,1.60480,1.60640,12,50,0,EURCHF,Pepperstone MT5
2000.02.14,1.60510,1.60920,1.60350,1.60800,5656,50,0,EURCHF,Pepperstone MT5
2000.02.15,1.60890,1.60980,1.60320,1.60560,9103,50,0,EURCHF,Pepperstone MT5
2000.02.16,1.60550,1.60760,1.60190,1.60420,8706,50,0,EURCHF,Pepperstone MT5
2000.02.17,1.60400,1.60730,1.60180,1.60460,7451,50,0,EURCHF,Pepperstone MT5
2000.02.18,1.60420,1.60620,1.60100,1.60430,7139,50,0,EURCHF,Pepperstone MT5
2000.02.19,1.60340,1.60340,1.60050,1.60150,11,50,0,EURCHF,Pepperstone MT5
2000.02.21,1.60300,1.60550,1.60140,1.60280,7295,50,0,EURCHF,Pepperstone MT5
2000.02.22,1.60300,1.61030,1.60190,1.60780,7338,50,0,EURCHF,Pepperstone MT5
2000.02.23,1.60820,1.61330,1.60720,1.61150,7140,50,0,EURCHF,Pepperstone MT5
2000.02.24,1.61120,1.61280,1.60760,1.60880,7655,50,0,EURCHF,Pepperstone MT5
2000.02.25,1.60820,1.61110,1.60670,1.60860,6640,50,0,EURCHF,Pepperstone MT5
2000.02.26,1.60880,1.60930,1.60810,1.60810,9,50,0,EURCHF,Pepperstone MT5
2000.02.28,1.60770,1.60870,1.60280,1.60680,5794,50,0,EURCHF,Pepperstone MT5
2000.02.29,1.60670,1.60890,1.60200,1.60590,6845,50,0,EURCHF,Pepperstone MT5
2000.03.01,1.60630,1.60910,1.60420,1.60710,6430,50,0,EURCHF,Pepperstone MT5
2000.03.02,1.60720,1.61060,1.60470,1.60750,6886,50,0,EURCHF,Pepperstone MT5
2000.03.03,1.60780,1.61000,1.60270,1.60340,7511,50,0,EURCHF,Pepperstone MT5
2000.03.04,1.60320,1.60320,1.60320,1.60320,1,50,0,EURCHF,Pepperstone MT5
2000.03.06,1.60610,1.61010,1.60490,1.60800,6548,50,0,EURCHF,Pepperstone MT5
2000.03.07,1.60810,1.61100,1.60580,1.60650,6653,50,0,EURCHF,Pepperstone MT5
2000.03.08,1.60640,1.60830,1.60430,1.60670,6405,50,0,EURCHF,Pepperstone MT5
2000.03.09,1.60660,1.60810,1.60400,1.60760,6589,50,0,EURCHF,Pepperstone MT5
2000.03.10,1.60740,1.61050,1.60520,1.60930,6799,50,0,EURCHF,Pepperstone MT5
2000.03.11,1.60950,1.60990,1.60920,1.60990,8,50,0,EURCHF,Pepperstone MT5
2000.03.13,1.60900,1.61260,1.60740,1.61120,6599,50,0,EURCHF,Pepperstone MT5
2000.03.14,1.61140,1.61330,1.60930,1.61210,6453,50,0,EURCHF,Pepperstone MT5
2000.03.15,1.61140,1.61350,1.60990,1.61210,6892,50,0,EURCHF,Pepperstone MT5
2000.03.16,1.61220,1.61470,1.60950,1.61180,6596,50,0,EURCHF,Pepperstone MT5
2000.03.17,1.61210,1.61430,1.60960,1.61110,8158,50,0,EURCHF,Pepperstone MT5
2000.03.18,1.61080,1.61090,1.61080,1.61090,2,50,0,EURCHF,Pepperstone MT5
2000.03.20,1.61140,1.61560,1.60970,1.61160,7038,50,0,EURCHF,Pepperstone MT5
2000.03.21,1.61200,1.61310,1.60970,1.61170,6642,50,0,EURCHF,Pepperstone MT5
2000.03.22,1.61200,1.61490,1.60760,1.60900,6499,50,0,EURCHF,Pepperstone MT5
2000.03.23,1.60890,1.61000,1.59820,1.59940,7248,50,0,EURCHF,Pepperstone MT5
2000.03.24,1.59920,1.60190,1.58540,1.58690,7686,50,0,EURCHF,Pepperstone MT5
2000.03.25,1.58720,1.58850,1.58690,1.58850,13,50,0,EURCHF,Pepperstone MT5
2000.03.27,1.58680,1.59280,1.58610,1.58870,6926,50,0,EURCHF,Pepperstone MT5
2000.03.28,1.58790,1.59250,1.58750,1.59030,8174,50,0,EURCHF,Pepperstone MT5
2000.03.29,1.59040,1.59490,1.58670,1.59390,8650,50,0,EURCHF,Pepperstone MT5
2000.03.30,1.59370,1.59680,1.58890,1.59310,7956,50,0,EURCHF,Pepperstone MT5
2000.03.31,1.59230,1.59490,1.58880,1.59050,7336,50,0,EURCHF,Pepperstone MT5
2000.04.01,1.59110,1.59210,1.58900,1.59060,233,50,0,EURCHF,Pepperstone MT5
2000.04.03,1.59040,1.59170,1.57960,1.57990,6294,50,0,EURCHF,Pepperstone MT5
2000.04.04,1.58020,1.58330,1.57290,1.57580,7466,50,0,EURCHF,Pepperstone MT5
2000.04.05,1.57600,1.57920,1.57000,1.57400,8024,50,0,EURCHF,Pepperstone MT5
2000.04.06,1.57460,1.57710,1.56860,1.57160,8059,50,0,EURCHF,Pepperstone MT5
2000.04.07,1.57120,1.57650,1.56650,1.57010,7758,50,0,EURCHF,Pepperstone MT5
2000.04.08,1.56990,1.57100,1.56930,1.56970,20,50,0,EURCHF,Pepperstone MT5
2000.04.10,1.57000,1.57690,1.56840,1.57300,7598,50,0,EURCHF,Pepperstone MT5
2000.04.11,1.57320,1.57550,1.56920,1.57420,7488,50,0,EURCHF,Pepperstone MT5
2000.04.12,1.57440,1.57830,1.57110,1.57380,7855,50,0,EURCHF,Pepperstone MT5
2000.04.13,1.57460,1.57750,1.56950,1.57250,7629,50,0,EURCHF,Pepperstone MT5
2000.04.14,1.57240,1.57530,1.56820,1.57120,7127,50,0,EURCHF,Pepperstone MT5
2000.04.15,1.57150,1.57160,1.56810,1.56970,38,50,0,EURCHF,Pepperstone MT5
2000.04.17,1.56950,1.57150,1.56580,1.57090,7180,50,0,EURCHF,Pepperstone MT5
2000.04.18,1.57110,1.57650,1.56700,1.57520,8734,50,0,EURCHF,Pepperstone MT5
2000.04.19,1.57510,1.57690,1.56790,1.56910,7756,50,0,EURCHF,Pepperstone MT5
2000.04.20,1.57060,1.57490,1.56890,1.57150,8619,50,0,EURCHF,Pepperstone MT5
2000.04.21,1.57150,1.57430,1.56920,1.57140,5475,50,0,EURCHF,Pepperstone MT5
2000.04.22,1.57240,1.57290,1.57190,1.57190,9,50,0,EURCHF,Pepperstone MT5
2000.04.24,1.57090,1.57410,1.56930,1.57220,4554,50,0,EURCHF,Pepperstone MT5
2000.04.25,1.57180,1.57500,1.56870,1.57190,8521,50,0,EURCHF,Pepperstone MT5
2000.04.26,1.57120,1.57640,1.56920,1.57140,9911,50,0,EURCHF,Pepperstone MT5
2000.04.27,1.57140,1.57630,1.56860,1.57220,10227,50,0,EURCHF,Pepperstone MT5
2000.04.28,1.57240,1.57560,1.56460,1.56510,8880,50,0,EURCHF,Pepperstone MT5
2000.04.29,1.56450,1.56630,1.56400,1.56450,98,50,0,EURCHF,Pepperstone MT5
2000.05.01,1.56590,1.56760,1.56080,1.56480,5951,50,0,EURCHF,Pepperstone MT5
2000.05.02,1.56500,1.56660,1.55280,1.55910,7871,50,0,EURCHF,Pepperstone MT5
2000.05.03,1.55920,1.55990,1.53910,1.54320,9646,50,0,EURCHF,Pepperstone MT5
2000.05.04,1.54330,1.54900,1.54050,1.54780,10252,50,0,EURCHF,Pepperstone MT5
2000.05.05,1.54830,1.55470,1.54310,1.55370,9003,50,0,EURCHF,Pepperstone MT5
2000.05.06,1.55380,1.55380,1.55320,1.55320,3,50,0,EURCHF,Pepperstone MT5
2000.05.08,1.55370,1.55530,1.54670,1.54980,9661,50,0,EURCHF,Pepperstone MT5
2000.05.09,1.54990,1.55840,1.54450,1.55610,9091,50,0,EURCHF,Pepperstone MT5
2000.05.10,1.55590,1.56270,1.55350,1.55900,9313,50,0,EURCHF,Pepperstone MT5
2000.05.11,1.55780,1.55970,1.55230,1.55740,9103,50,0,EURCHF,Pepperstone MT5
2000.05.12,1.55720,1.56090,1.55010,1.55500,8259,50,0,EURCHF,Pepperstone MT5
2000.05.13,1.55510,1.55520,1.55200,1.55210,32,50,0,EURCHF,Pepperstone MT5
2000.05.15,1.55510,1.55920,1.55190,1.55190,7077,50,0,EURCHF,Pepperstone MT5
2000.05.16,1.55300,1.55730,1.54950,1.54980,7521,50,0,EURCHF,Pepperstone MT5
2000.05.17,1.54990,1.55360,1.54640,1.55310,8057,50,0,EURCHF,Pepperstone MT5
2000.05.18,1.55310,1.55680,1.54920,1.55540,7604,50,0,EURCHF,Pepperstone MT5
2000.05.19,1.55530,1.55580,1.54960,1.55270,7688,50,0,EURCHF,Pepperstone MT5
2000.05.20,1.55290,1.55290,1.54660,1.55050,33,50,0,EURCHF,Pepperstone MT5
2000.05.22,1.55140,1.55600,1.54970,1.55400,8533,50,0,EURCHF,Pepperstone MT5
2000.05.23,1.55400,1.56590,1.55360,1.56150,10292,50,0,EURCHF,Pepperstone MT5
2000.05.24,1.56130,1.56700,1.55840,1.55880,9757,50,0,EURCHF,Pepperstone MT5
2000.05.25,1.55850,1.56460,1.55600,1.56270,9972,50,0,EURCHF,Pepperstone MT5
2000.05.26,1.56300,1.56870,1.56030,1.56380,9857,50,0,EURCHF,Pepperstone MT5
2000.05.29,1.56580,1.57080,1.56160,1.56750,9622,50,0,EURCHF,Pepperstone MT5
2000.05.30,1.56810,1.57550,1.56550,1.56910,10280,50,0,EURCHF,Pepperstone MT5
2000.05.31,1.57030,1.57670,1.56710,1.57570,10226,50,0,EURCHF,Pepperstone MT5
2000.06.01,1.57610,1.57730,1.56960,1.57120,7927,50,0,EURCHF,Pepperstone MT5
2000.06.02,1.57090,1.57740,1.56950,1.57390,8222,50,0,EURCHF,Pepperstone MT5
2000.06.03,1.57470,1.57560,1.57160,1.57280,46,50,0,EURCHF,Pepperstone MT5
2000.06.05,1.57420,1.57690,1.57070,1.57430,9745,50,0,EURCHF,Pepperstone MT5
2000.06.06,1.57520,1.57640,1.56870,1.57070,9457,50,0,EURCHF,Pepperstone MT5
2000.06.07,1.57050,1.57290,1.56640,1.56840,9650,50,0,EURCHF,Pepperstone MT5
2000.06.08,1.56840,1.57080,1.56370,1.56720,9489,50,0,EURCHF,Pepperstone MT5
2000.06.09,1.56710,1.56870,1.56270,1.56580,9926,50,0,EURCHF,Pepperstone MT5
2000.06.10,1.56560,1.56640,1.56530,1.56570,11,50,0,EURCHF,Pepperstone MT5
2000.06.12,1.56510,1.56690,1.55980,1.56220,6878,50,0,EURCHF,Pepperstone MT5
2000.06.13,1.56230,1.56570,1.56030,1.56270,7749,50,0,EURCHF,Pepperstone MT5
2000.06.14,1.56330,1.56660,1.56130,1.56430,9333,50,0,EURCHF,Pepperstone MT5
2000.06.15,1.56460,1.56650,1.56000,1.56170,8950,50,0,EURCHF,Pepperstone MT5
2000.06.16,1.56140,1.56400,1.55770,1.56010,9074,50,0,EURCHF,Pepperstone MT5
2000.06.17,1.56000,1.56070,1.55760,1.55890,32,50,0,EURCHF,Pepperstone MT5
2000.06.19,1.55980,1.56410,1.55780,1.56010,8462,50,0,EURCHF,Pepperstone MT5
2000.06.20,1.56010,1.56130,1.55340,1.55550,8153,50,0,EURCHF,Pepperstone MT5
2000.06.21,1.55550,1.55640,1.54610,1.54810,9326,50,0,EURCHF,Pepperstone MT5
2000.06.22,1.54730,1.55200,1.54330,1.54840,9033,50,0,EURCHF,Pepperstone MT5
2000.06.23,1.54880,1.55380,1.54690,1.55170,8422,50,0,EURCHF,Pepperstone MT5
2000.06.24,1.55170,1.55340,1.55170,1.55180,42,50,0,EURCHF,Pepperstone MT5
2000.06.26,1.55130,1.55300,1.54500,1.54800,7563,50,0,EURCHF,Pepperstone MT5
2000.06.27,1.54840,1.55040,1.54520,1.54630,8596,50,0,EURCHF,Pepperstone MT5
2000.06.28,1.54640,1.55260,1.54390,1.55040,8191,50,0,EURCHF,Pepperstone MT5
2000.06.29,1.55010,1.55890,1.54910,1.55710,8327,50,0,EURCHF,Pepperstone MT5
2000.06.30,1.55720,1.56240,1.55370,1.55720,9597,50,0,EURCHF,Pepperstone MT5
2000.07.01,1.55690,1.55870,1.55670,1.55870,53,50,0,EURCHF,Pepperstone MT5
2000.07.03,1.55740,1.55880,1.55170,1.55540,8498,50,0,EURCHF,Pepperstone MT5
2000.07.04,1.55540,1.55620,1.55110,1.55220,8948,50,0,EURCHF,Pepperstone MT5
2000.07.05,1.55340,1.55630,1.54500,1.54710,9591,50,0,EURCHF,Pepperstone MT5
2000.07.06,1.54700,1.55140,1.54450,1.54620,9839,50,0,EURCHF,Pepperstone MT5
2000.07.07,1.54580,1.54880,1.54040,1.54280,9099,50,0,EURCHF,Pepperstone MT5
2000.07.08,1.54300,1.54320,1.54020,1.54210,101,50,0,EURCHF,Pepperstone MT5
2000.07.10,1.54230,1.55200,1.54120,1.54970,8495,50,0,EURCHF,Pepperstone MT5
2000.07.11,1.55040,1.55410,1.54820,1.55070,9625,50,0,EURCHF,Pepperstone MT5
2000.07.12,1.55080,1.55730,1.54970,1.55690,8892,50,0,EURCHF,Pepperstone MT5
2000.07.13,1.55660,1.55810,1.54870,1.54960,9573,50,0,EURCHF,Pepperstone MT5
2000.07.14,1.55060,1.55200,1.54410,1.54950,10629,50,0,EURCHF,Pepperstone MT5
2000.07.15,1.54940,1.55100,1.54770,1.54850,48,50,0,EURCHF,Pepperstone MT5
2000.07.17,1.54870,1.55220,1.54490,1.54840,9357,50,0,EURCHF,Pepperstone MT5
2000.07.18,1.54850,1.55180,1.54640,1.55070,9101,50,0,EURCHF,Pepperstone MT5
2000.07.19,1.55080,1.55240,1.54540,1.55070,9010,50,0,EURCHF,Pepperstone MT5
2000.07.20,1.54920,1.55310,1.54690,1.55130,9392,50,0,EURCHF,Pepperstone MT5
2000.07.21,1.55140,1.55790,1.54850,1.55540,9424,50,0,EURCHF,Pepperstone MT5
2000.07.22,1.55520,1.55660,1.55470,1.55510,25,50,0,EURCHF,Pepperstone MT5
2000.07.24,1.55480,1.55670,1.55270,1.55410,8995,50,0,EURCHF,Pepperstone MT5
2000.07.25,1.55420,1.55690,1.55040,1.55210,8894,50,0,EURCHF,Pepperstone MT5
2000.07.26,1.55190,1.55530,1.55010,1.55360,9607,50,0,EURCHF,Pepperstone MT5
2000.07.27,1.55400,1.55620,1.54760,1.55080,9969,50,0,EURCHF,Pepperstone MT5
2000.07.28,1.55090,1.55320,1.54500,1.54750,9318,50,0,EURCHF,Pepperstone MT5
2000.07.29,1.54740,1.54770,1.54640,1.54770,18,50,0,EURCHF,Pepperstone MT5
2000.07.31,1.54850,1.55050,1.54430,1.54740,8418,50,0,EURCHF,Pepperstone MT5
2000.08.01,1.54730,1.54910,1.53890,1.54400,8366,50,0,EURCHF,Pepperstone MT5
2000.08.02,1.54410,1.54650,1.54100,1.54190,8579,50,0,EURCHF,Pepperstone MT5
2000.08.03,1.54170,1.54710,1.53970,1.54500,9148,50,0,EURCHF,Pepperstone MT5
2000.08.04,1.54490,1.55060,1.54120,1.54810,9630,50,0,EURCHF,Pepperstone MT5
2000.08.05,1.54830,1.54900,1.54790,1.54850,11,50,0,EURCHF,Pepperstone MT5
2000.08.07,1.54860,1.55010,1.54470,1.54830,9059,50,0,EURCHF,Pepperstone MT5
2000.08.08,1.54850,1.54930,1.54200,1.54340,9103,50,0,EURCHF,Pepperstone MT5
2000.08.09,1.54330,1.54760,1.54210,1.54380,9200,50,0,EURCHF,Pepperstone MT5
2000.08.10,1.54380,1.55010,1.54330,1.54830,9206,50,0,EURCHF,Pepperstone MT5
2000.08.11,1.54810,1.55710,1.54630,1.55400,7079,50,0,EURCHF,Pepperstone MT5
2000.08.12,1.55380,1.55560,1.55200,1.55560,46,50,0,EURCHF,Pepperstone MT5
2000.08.14,1.55500,1.55900,1.55030,1.55620,9204,50,0,EURCHF,Pepperstone MT5
2000.08.15,1.55720,1.56280,1.55540,1.56140,9762,50,0,EURCHF,Pepperstone MT5
2000.08.16,1.56120,1.56630,1.55760,1.56290,9409,50,0,EURCHF,Pepperstone MT5
2000.08.17,1.56300,1.56630,1.56020,1.56440,8514,50,0,EURCHF,Pepperstone MT5
2000.08.18,1.56510,1.56610,1.55850,1.55930,10027,50,0,EURCHF,Pepperstone MT5
2000.08.19,1.56040,1.56090,1.55960,1.56080,50,50,0,EURCHF,Pepperstone MT5
2000.08.21,1.56050,1.56230,1.55700,1.56150,8121,50,0,EURCHF,Pepperstone MT5
2000.08.22,1.56010,1.56310,1.55780,1.55990,9002,50,0,EURCHF,Pepperstone MT5
2000.08.23,1.55960,1.56110,1.54720,1.54990,9443,50,0,EURCHF,Pepperstone MT5
2000.08.24,1.55060,1.55380,1.54290,1.54530,9115,50,0,EURCHF,Pepperstone MT5
2000.08.25,1.54550,1.55070,1.54010,1.54210,10282,50,0,EURCHF,Pepperstone MT5
2000.08.26,1.54200,1.54320,1.53990,1.54050,70,50,0,EURCHF,Pepperstone MT5
2000.08.28,1.54280,1.54610,1.54080,1.54190,6738,50,0,EURCHF,Pepperstone MT5
2000.08.29,1.54240,1.54800,1.53980,1.54650,7610,50,0,EURCHF,Pepperstone MT5
2000.08.30,1.54600,1.55060,1.54550,1.54570,8174,50,0,EURCHF,Pepperstone MT5
2000.08.31,1.54640,1.55180,1.54430,1.54650,7642,50,0,EURCHF,Pepperstone MT5
2000.09.01,1.54670,1.55310,1.54350,1.55180,8492,50,0,EURCHF,Pepperstone MT5
2000.09.02,1.55130,1.55360,1.55000,1.55210,176,50,0,EURCHF,Pepperstone MT5
2000.09.04,1.55220,1.55530,1.55000,1.55200,8419,50,0,EURCHF,Pepperstone MT5
2000.09.05,1.55160,1.55410,1.54750,1.55360,7603,50,0,EURCHF,Pepperstone MT5
2000.09.06,1.55340,1.55340,1.54460,1.54720,8600,50,0,EURCHF,Pepperstone MT5
2000.09.07,1.54810,1.55140,1.54500,1.54860,9573,50,0,EURCHF,Pepperstone MT5
2000.09.08,1.54880,1.55200,1.54510,1.54680,8854,50,0,EURCHF,Pepperstone MT5
2000.09.09,1.54790,1.54940,1.54690,1.54840,72,50,0,EURCHF,Pepperstone MT5
2000.09.11,1.54680,1.54810,1.51810,1.51880,10047,50,0,EURCHF,Pepperstone MT5
2000.09.12,1.52220,1.52760,1.51480,1.52460,9686,50,0,EURCHF,Pepperstone MT5
2000.09.13,1.52560,1.53070,1.51940,1.52160,9152,50,0,EURCHF,Pepperstone MT5
2000.09.14,1.52150,1.53410,1.51280,1.53250,9837,50,0,EURCHF,Pepperstone MT5
2000.09.15,1.53290,1.53380,1.52400,1.52530,9368,50,0,EURCHF,Pepperstone MT5
2000.09.16,1.52610,1.52650,1.52380,1.52380,183,50,0,EURCHF,Pepperstone MT5
2000.09.18,1.52360,1.52730,1.51980,1.52300,8894,50,0,EURCHF,Pepperstone MT5
2000.09.19,1.52320,1.52490,1.50930,1.51170,9848,50,0,EURCHF,Pepperstone MT5
2000.09.20,1.51150,1.51510,1.50570,1.50850,9666,50,0,EURCHF,Pepperstone MT5
2000.09.21,1.50820,1.51870,1.50640,1.51580,9600,50,0,EURCHF,Pepperstone MT5
2000.09.22,1.51630,1.54090,1.51330,1.51840,10494,50,0,EURCHF,Pepperstone MT5
2000.09.23,1.51930,1.52070,1.51790,1.51910,152,50,0,EURCHF,Pepperstone MT5
2000.09.25,1.52460,1.52620,1.51540,1.51780,10019,50,0,EURCHF,Pepperstone MT5
2000.09.26,1.51790,1.52450,1.51570,1.52310,9988,50,0,EURCHF,Pepperstone MT5
2000.09.27,1.52310,1.52890,1.52110,1.52310,9396,50,0,EURCHF,Pepperstone MT5
2000.09.28,1.52310,1.53130,1.52210,1.52360,8893,50,0,EURCHF,Pepperstone MT5
2000.09.29,1.52380,1.52740,1.52120,1.52330,9397,50,0,EURCHF,Pepperstone MT5
2000.09.30,1.52280,1.52570,1.52250,1.52470,162,50,0,EURCHF,Pepperstone MT5
2000.10.02,1.52450,1.52690,1.52120,1.52310,8501,50,0,EURCHF,Pepperstone MT5
2000.10.03,1.52290,1.52600,1.51510,1.51720,9618,50,0,EURCHF,Pepperstone MT5
2000.10.04,1.51760,1.52060,1.51290,1.51790,8500,50,0,EURCHF,Pepperstone MT5
2000.10.05,1.51810,1.52450,1.51430,1.52300,9944,50,0,EURCHF,Pepperstone MT5
2000.10.06,1.52320,1.52830,1.51810,1.51970,9770,50,0,EURCHF,Pepperstone MT5
2000.10.07,1.51930,1.52080,1.51850,1.51930,56,50,0,EURCHF,Pepperstone MT5
2000.10.09,1.51990,1.52300,1.51840,1.52220,8231,50,0,EURCHF,Pepperstone MT5
2000.10.10,1.52140,1.52350,1.51660,1.52000,9435,50,0,EURCHF,Pepperstone MT5
2000.10.11,1.51990,1.52150,1.50820,1.51290,9742,50,0,EURCHF,Pepperstone MT5
2000.10.12,1.51290,1.51390,1.50180,1.50460,10954,50,0,EURCHF,Pepperstone MT5
2000.10.13,1.50420,1.51420,1.50190,1.51220,9839,50,0,EURCHF,Pepperstone MT5
2000.10.14,1.51240,1.51420,1.51130,1.51380,129,50,0,EURCHF,Pepperstone MT5
2000.10.16,1.51160,1.51410,1.50670,1.50830,10475,50,0,EURCHF,Pepperstone MT5
2000.10.17,1.50740,1.51530,1.50560,1.51070,11126,50,0,EURCHF,Pepperstone MT5
2000.10.18,1.51060,1.51250,1.49600,1.49920,9998,50,0,EURCHF,Pepperstone MT5
2000.10.19,1.49930,1.50720,1.49760,1.50630,11062,50,0,EURCHF,Pepperstone MT5
2000.10.20,1.50500,1.50890,1.49960,1.50070,10055,50,0,EURCHF,Pepperstone MT5
2000.10.21,1.50140,1.50260,1.50010,1.50220,174,50,0,EURCHF,Pepperstone MT5
2000.10.23,1.50160,1.50500,1.49860,1.50270,9509,50,0,EURCHF,Pepperstone MT5
2000.10.24,1.50260,1.50630,1.49860,1.50280,10572,50,0,EURCHF,Pepperstone MT5
2000.10.25,1.50330,1.50810,1.49860,1.50600,10418,50,0,EURCHF,Pepperstone MT5
2000.10.26,1.50560,1.51230,1.50320,1.51000,10690,50,0,EURCHF,Pepperstone MT5
2000.10.27,1.51050,1.52270,1.50680,1.51890,12336,50,0,EURCHF,Pepperstone MT5
2000.10.28,1.51900,1.51970,1.51770,1.51820,41,50,0,EURCHF,Pepperstone MT5
2000.10.30,1.51870,1.52770,1.51590,1.52020,11528,50,0,EURCHF,Pepperstone MT5
2000.10.31,1.52060,1.52810,1.51400,1.52610,12100,50,0,EURCHF,Pepperstone MT5
2000.11.01,1.52580,1.53120,1.52210,1.52730,11342,50,0,EURCHF,Pepperstone MT5
2000.11.02,1.52760,1.53330,1.52230,1.52710,11631,50,0,EURCHF,Pepperstone MT5
2000.11.03,1.52690,1.53630,1.51950,1.52180,12526,50,0,EURCHF,Pepperstone MT5
2000.11.04,1.52240,1.52240,1.52110,1.52180,33,50,0,EURCHF,Pepperstone MT5
2000.11.06,1.52100,1.52900,1.51570,1.52210,10502,50,0,EURCHF,Pepperstone MT5
2000.11.07,1.52190,1.52530,1.51940,1.52160,11953,50,0,EURCHF,Pepperstone MT5
2000.11.08,1.52090,1.52560,1.51550,1.51850,14347,50,0,EURCHF,Pepperstone MT5
2000.11.09,1.51850,1.52400,1.51670,1.52030,10589,50,0,EURCHF,Pepperstone MT5
2000.11.10,1.52050,1.52660,1.51840,1.52370,11521,50,0,EURCHF,Pepperstone MT5
2000.11.11,1.52370,1.52510,1.52280,1.52510,115,50,0,EURCHF,Pepperstone MT5
2000.11.13,1.52440,1.52810,1.51580,1.52030,11064,50,0,EURCHF,Pepperstone MT5
2000.11.14,1.52060,1.52330,1.51740,1.52220,11173,50,0,EURCHF,Pepperstone MT5
2000.11.15,1.52280,1.52700,1.51890,1.52620,11195,50,0,EURCHF,Pepperstone MT5
2000.11.16,1.52570,1.52970,1.52330,1.52400,11244,50,0,EURCHF,Pepperstone MT5
2000.11.17,1.52480,1.52830,1.52270,1.52640,11311,50,0,EURCHF,Pepperstone MT5
2000.11.18,1.52610,1.52720,1.52560,1.52630,98,50,0,EURCHF,Pepperstone MT5
2000.11.20,1.52800,1.53120,1.52380,1.52640,10685,50,0,EURCHF,Pepperstone MT5
2000.11.21,1.52600,1.52850,1.51850,1.52220,10532,50,0,EURCHF,Pepperstone MT5
2000.11.22,1.52160,1.52330,1.51700,1.52100,11100,50,0,EURCHF,Pepperstone MT5
2000.11.23,1.52150,1.52290,1.51800,1.52120,10725,50,0,EURCHF,Pepperstone MT5
2000.11.24,1.52180,1.52440,1.51340,1.51420,10626,50,0,EURCHF,Pepperstone MT5
2000.11.25,1.51410,1.51550,1.51380,1.51510,65,50,0,EURCHF,Pepperstone MT5
2000.11.27,1.51810,1.51810,1.51100,1.51260,10200,50,0,EURCHF,Pepperstone MT5
2000.11.28,1.51230,1.51640,1.50750,1.51050,10222,50,0,EURCHF,Pepperstone MT5
2000.11.29,1.51040,1.51470,1.50730,1.51050,11168,50,0,EURCHF,Pepperstone MT5
2000.11.30,1.50990,1.51340,1.50580,1.50890,11666,50,0,EURCHF,Pepperstone MT5
2000.12.01,1.50910,1.51600,1.50800,1.51460,11956,50,0,EURCHF,Pepperstone MT5
2000.12.02,1.51500,1.51570,1.51380,1.51430,147,50,0,EURCHF,Pepperstone MT5
2000.12.04,1.51480,1.51950,1.50730,1.50910,12011,50,0,EURCHF,Pepperstone MT5
2000.12.05,1.50850,1.51440,1.50780,1.50860,11065,50,0,EURCHF,Pepperstone MT5
2000.12.06,1.50830,1.51850,1.50660,1.51530,10632,50,0,EURCHF,Pepperstone MT5
2000.12.07,1.51560,1.51930,1.50930,1.51160,11422,50,0,EURCHF,Pepperstone MT5
2000.12.08,1.51200,1.51540,1.50730,1.51130,9882,50,0,EURCHF,Pepperstone MT5
2000.12.09,1.51150,1.51210,1.51060,1.51160,112,50,0,EURCHF,Pepperstone MT5
2000.12.11,1.51050,1.51170,1.49990,1.50190,7471,50,0,EURCHF,Pepperstone MT5
2000.12.12,1.50170,1.50840,1.49960,1.50670,10111,50,0,EURCHF,Pepperstone MT5
2000.12.13,1.50660,1.50970,1.50020,1.50280,11537,50,0,EURCHF,Pepperstone MT5
2000.12.14,1.50300,1.50880,1.50220,1.50620,9563,50,0,EURCHF,Pepperstone MT5
2000.12.15,1.50650,1.51110,1.50400,1.50440,11172,50,0,EURCHF,Pepperstone MT5
2000.12.16,1.50460,1.50720,1.50250,1.50440,170,50,0,EURCHF,Pepperstone MT5
2000.12.18,1.50520,1.50870,1.50080,1.50290,10278,50,0,EURCHF,Pepperstone MT5
2000.12.19,1.50320,1.51240,1.50170,1.50700,10822,50,0,EURCHF,Pepperstone MT5
2000.12.20,1.50640,1.52080,1.50500,1.51980,10825,50,0,EURCHF,Pepperstone MT5
2000.12.21,1.51980,1.52790,1.51680,1.52260,11887,50,0,EURCHF,Pepperstone MT5
2000.12.22,1.52170,1.52930,1.51780,1.52040,10113,50,0,EURCHF,Pepperstone MT5
2000.12.23,1.51920,1.52090,1.51920,1.52090,18,50,0,EURCHF,Pepperstone MT5
2000.12.25,1.52120,1.52690,1.51560,1.52420,4970,50,0,EURCHF,Pepperstone MT5
2000.12.26,1.52430,1.52430,1.51550,1.51690,7347,50,0,EURCHF,Pepperstone MT5
2000.12.27,1.51690,1.53040,1.51550,1.52290,10293,50,0,EURCHF,Pepperstone MT5
2000.12.28,1.52380,1.53120,1.51840,1.51960,10851,50,0,EURCHF,Pepperstone MT5
2000.12.29,1.51910,1.52820,1.51660,1.51820,10298,50,0,EURCHF,Pepperstone MT5
2000.12.30,1.51790,1.51920,1.51790,1.51860,41,50,0,EURCHF,Pepperstone MT5
2001.01.01,1.51820,1.51830,1.51640,1.51740,35,50,0,EURCHF,Pepperstone MT5
2001.01.02,1.51900,1.52690,1.51610,1.52080,9407,50,0,EURCHF,Pepperstone MT5
2001.01.03,1.52070,1.52400,1.51080,1.51340,10279,50,0,EURCHF,Pepperstone MT5
2001.01.04,1.51260,1.52600,1.51200,1.52530,10427,50,0,EURCHF,Pepperstone MT5
2001.01.05,1.52440,1.53370,1.52330,1.53150,11899,50,0,EURCHF,Pepperstone MT5
2001.01.06,1.53190,1.53270,1.52720,1.53010,178,50,0,EURCHF,Pepperstone MT5
2001.01.08,1.53170,1.53330,1.52220,1.52390,10520,50,0,EURCHF,Pepperstone MT5
2001.01.09,1.52420,1.52770,1.52050,1.52380,9197,50,0,EURCHF,Pepperstone MT5
2001.01.10,1.52390,1.53100,1.52090,1.52580,8097,50,0,EURCHF,Pepperstone MT5
2001.01.11,1.52590,1.53750,1.52440,1.53600,7515,50,0,EURCHF,Pepperstone MT5
2001.01.12,1.53590,1.54360,1.53420,1.53990,10475,50,0,EURCHF,Pepperstone MT5
2001.01.13,1.53990,1.54120,1.53870,1.54110,116,50,0,EURCHF,Pepperstone MT5
2001.01.15,1.53990,1.54700,1.53720,1.54030,9917,50,0,EURCHF,Pepperstone MT5
2001.01.16,1.54040,1.54370,1.53530,1.53940,10985,50,0,EURCHF,Pepperstone MT5
2001.01.17,1.53950,1.54160,1.53450,1.53760,10069,50,0,EURCHF,Pepperstone MT5
2001.01.18,1.53770,1.54110,1.52520,1.52820,10357,50,0,EURCHF,Pepperstone MT5
2001.01.19,1.52800,1.53220,1.52510,1.53070,9615,50,0,EURCHF,Pepperstone MT5
2001.01.20,1.53040,1.53070,1.52730,1.52830,116,50,0,EURCHF,Pepperstone MT5
2001.01.22,1.53050,1.53560,1.52800,1.53150,9176,50,0,EURCHF,Pepperstone MT5
2001.01.23,1.53070,1.53560,1.53010,1.53220,9423,50,0,EURCHF,Pepperstone MT5
2001.01.24,1.53180,1.53390,1.52770,1.52980,9056,50,0,EURCHF,Pepperstone MT5
2001.01.25,1.52960,1.53070,1.52170,1.52520,9645,50,0,EURCHF,Pepperstone MT5
2001.01.26,1.52530,1.53280,1.52320,1.52660,10287,50,0,EURCHF,Pepperstone MT5
2001.01.27,1.52710,1.53010,1.52590,1.52770,72,50,0,EURCHF,Pepperstone MT5
2001.01.29,1.52740,1.52940,1.51900,1.51960,10171,50,0,EURCHF,Pepperstone MT5
2001.01.30,1.51990,1.52680,1.51710,1.52560,9893,50,0,EURCHF,Pepperstone MT5
2001.01.31,1.52590,1.53270,1.52360,1.53160,9578,50,0,EURCHF,Pepperstone MT5
2001.02.01,1.53130,1.53550,1.53010,1.53200,9895,50,0,EURCHF,Pepperstone MT5
2001.02.02,1.53220,1.54240,1.53000,1.53960,9717,50,0,EURCHF,Pepperstone MT5
2001.02.03,1.53940,1.54240,1.53920,1.53980,102,50,0,EURCHF,Pepperstone MT5
2001.02.05,1.53810,1.54220,1.53630,1.53730,9002,50,0,EURCHF,Pepperstone MT5
2001.02.06,1.53740,1.54130,1.53480,1.54050,9568,50,0,EURCHF,Pepperstone MT5
2001.02.07,1.54070,1.54170,1.53520,1.53630,10510,50,0,EURCHF,Pepperstone MT5
2001.02.08,1.53590,1.53890,1.53010,1.53350,10613,50,0,EURCHF,Pepperstone MT5
2001.02.09,1.53340,1.53710,1.53110,1.53540,10393,50,0,EURCHF,Pepperstone MT5
2001.02.10,1.53510,1.53560,1.53310,1.53390,131,50,0,EURCHF,Pepperstone MT5
2001.02.12,1.53530,1.54160,1.53320,1.54030,9199,50,0,EURCHF,Pepperstone MT5
2001.02.13,1.54020,1.54160,1.53410,1.53580,9630,50,0,EURCHF,Pepperstone MT5
2001.02.14,1.53640,1.53740,1.53170,1.53340,10258,50,0,EURCHF,Pepperstone MT5
2001.02.15,1.53360,1.53520,1.52950,1.53030,8526,50,0,EURCHF,Pepperstone MT5
2001.02.16,1.53060,1.53990,1.53000,1.53630,11202,50,0,EURCHF,Pepperstone MT5
2001.02.17,1.53590,1.53960,1.53590,1.53770,45,50,0,EURCHF,Pepperstone MT5
2001.02.19,1.53380,1.53960,1.53270,1.53830,10885,50,0,EURCHF,Pepperstone MT5
2001.02.20,1.53820,1.53920,1.53270,1.53560,10740,50,0,EURCHF,Pepperstone MT5
2001.02.21,1.53580,1.54130,1.53050,1.53350,11757,50,0,EURCHF,Pepperstone MT5
2001.02.22,1.53340,1.53450,1.52760,1.53210,10586,50,0,EURCHF,Pepperstone MT5
2001.02.23,1.53120,1.53700,1.53030,1.53580,9591,50,0,EURCHF,Pepperstone MT5
2001.02.24,1.53600,1.53790,1.53550,1.53600,69,50,0,EURCHF,Pepperstone MT5
2001.02.26,1.53570,1.53780,1.53200,1.53660,10143,50,0,EURCHF,Pepperstone MT5
2001.02.27,1.53640,1.54050,1.53390,1.53840,10218,50,0,EURCHF,Pepperstone MT5
2001.02.28,1.53850,1.54330,1.53630,1.54190,11062,50,0,EURCHF,Pepperstone MT5
2001.03.01,1.54180,1.54440,1.53470,1.53610,11593,50,0,EURCHF,Pepperstone MT5
2001.03.02,1.53590,1.54090,1.53330,1.53960,11417,50,0,EURCHF,Pepperstone MT5
2001.03.03,1.53950,1.54530,1.53780,1.53960,194,50,0,EURCHF,Pepperstone MT5
2001.03.05,1.53850,1.54110,1.53330,1.53490,10054,50,0,EURCHF,Pepperstone MT5
2001.03.06,1.53460,1.54150,1.53290,1.53980,10612,50,0,EURCHF,Pepperstone MT5
2001.03.07,1.53990,1.54310,1.53590,1.54000,10456,50,0,EURCHF,Pepperstone MT5
2001.03.08,1.53980,1.54320,1.53740,1.53970,11377,50,0,EURCHF,Pepperstone MT5
2001.03.09,1.54000,1.54610,1.53870,1.54180,9911,50,0,EURCHF,Pepperstone MT5
2001.03.10,1.54200,1.54480,1.54060,1.54180,186,50,0,EURCHF,Pepperstone MT5
2001.03.12,1.54140,1.54440,1.53820,1.54000,10282,50,0,EURCHF,Pepperstone MT5
2001.03.13,1.53940,1.54200,1.53550,1.53980,8580,50,0,EURCHF,Pepperstone MT5
2001.03.14,1.53990,1.54150,1.53250,1.53840,10400,50,0,EURCHF,Pepperstone MT5
2001.03.15,1.53840,1.54190,1.53470,1.53790,11721,50,0,EURCHF,Pepperstone MT5
2001.03.16,1.53740,1.54030,1.53030,1.53570,11720,50,0,EURCHF,Pepperstone MT5
2001.03.17,1.53590,1.53590,1.53540,1.53540,6,50,0,EURCHF,Pepperstone MT5
2001.03.19,1.53530,1.53670,1.53020,1.53400,10439,50,0,EURCHF,Pepperstone MT5
2001.03.20,1.53360,1.53820,1.53010,1.53660,10480,50,0,EURCHF,Pepperstone MT5
2001.03.21,1.53680,1.53810,1.53080,1.53320,12023,50,0,EURCHF,Pepperstone MT5
2001.03.22,1.53270,1.53480,1.52470,1.53270,10976,50,0,EURCHF,Pepperstone MT5
2001.03.23,1.53200,1.53520,1.52830,1.52990,9616,50,0,EURCHF,Pepperstone MT5
2001.03.26,1.53020,1.53780,1.52900,1.53640,10975,50,0,EURCHF,Pepperstone MT5
2001.03.27,1.53600,1.53890,1.53060,1.53460,11254,50,0,EURCHF,Pepperstone MT5
2001.03.28,1.53420,1.53540,1.52860,1.53030,10196,50,0,EURCHF,Pepperstone MT5
2001.03.29,1.53050,1.53290,1.52310,1.52550,11174,50,0,EURCHF,Pepperstone MT5
2001.03.30,1.52550,1.53010,1.52020,1.52870,11923,50,0,EURCHF,Pepperstone MT5
2001.03.31,1.52930,1.52970,1.52580,1.52690,145,50,0,EURCHF,Pepperstone MT5
2001.04.02,1.52660,1.53100,1.52330,1.52700,10614,50,0,EURCHF,Pepperstone MT5
2001.04.03,1.52660,1.53250,1.52480,1.52850,9913,50,0,EURCHF,Pepperstone MT5
2001.04.04,1.52780,1.52990,1.52210,1.52890,11107,50,0,EURCHF,Pepperstone MT5
2001.04.05,1.52940,1.53260,1.52510,1.52730,11743,50,0,EURCHF,Pepperstone MT5
2001.04.06,1.52750,1.53210,1.52430,1.52970,12334,50,0,EURCHF,Pepperstone MT5
2001.04.07,1.52910,1.53060,1.52800,1.52890,214,50,0,EURCHF,Pepperstone MT5
2001.04.09,1.52840,1.53160,1.52530,1.52740,10606,50,0,EURCHF,Pepperstone MT5
2001.04.10,1.52760,1.53030,1.52290,1.52610,11148,50,0,EURCHF,Pepperstone MT5
2001.04.11,1.52640,1.52820,1.51650,1.51830,11544,50,0,EURCHF,Pepperstone MT5
2001.04.12,1.51880,1.52360,1.51670,1.52310,10814,50,0,EURCHF,Pepperstone MT5
2001.04.13,1.52280,1.52520,1.51920,1.52240,7921,50,0,EURCHF,Pepperstone MT5
2001.04.14,1.52250,1.52250,1.52200,1.52200,6,50,0,EURCHF,Pepperstone MT5
2001.04.16,1.51790,1.52500,1.51700,1.52400,5218,50,0,EURCHF,Pepperstone MT5
2001.04.17,1.52400,1.52840,1.51950,1.52710,10684,50,0,EURCHF,Pepperstone MT5
2001.04.18,1.52730,1.53620,1.52170,1.52940,10692,50,0,EURCHF,Pepperstone MT5
2001.04.19,1.52920,1.53560,1.52710,1.52880,11571,50,0,EURCHF,Pepperstone MT5
2001.04.20,1.52880,1.53440,1.52660,1.52960,10393,50,0,EURCHF,Pepperstone MT5
2001.04.21,1.52940,1.53050,1.52750,1.52860,211,50,0,EURCHF,Pepperstone MT5
2001.04.23,1.52920,1.53270,1.52660,1.52980,10470,50,0,EURCHF,Pepperstone MT5
2001.04.24,1.53000,1.53420,1.52470,1.53210,10748,50,0,EURCHF,Pepperstone MT5
2001.04.25,1.53250,1.53520,1.52830,1.53300,10464,50,0,EURCHF,Pepperstone MT5
2001.04.26,1.53340,1.53970,1.53030,1.53840,10227,50,0,EURCHF,Pepperstone MT5
2001.04.27,1.53940,1.54060,1.53460,1.53860,12047,50,0,EURCHF,Pepperstone MT5
2001.04.28,1.53870,1.54240,1.53830,1.53940,63,50,0,EURCHF,Pepperstone MT5
2001.04.30,1.53730,1.54150,1.53470,1.53900,9643,50,0,EURCHF,Pepperstone MT5
2001.05.01,1.53890,1.54350,1.53690,1.54180,9183,50,0,EURCHF,Pepperstone MT5
2001.05.02,1.54130,1.54560,1.53910,1.54350,10103,50,0,EURCHF,Pepperstone MT5
2001.05.03,1.54350,1.54680,1.53930,1.54130,10345,50,0,EURCHF,Pepperstone MT5
2001.05.04,1.54160,1.54740,1.53980,1.54380,10389,50,0,EURCHF,Pepperstone MT5
2001.05.05,1.54420,1.54420,1.54280,1.54330,44,50,0,EURCHF,Pepperstone MT5
2001.05.07,1.54370,1.54670,1.54010,1.54270,10032,50,0,EURCHF,Pepperstone MT5
2001.05.08,1.54270,1.54430,1.53930,1.54190,9575,50,0,EURCHF,Pepperstone MT5
2001.05.09,1.54200,1.54310,1.53760,1.54150,8947,50,0,EURCHF,Pepperstone MT5
2001.05.10,1.54140,1.54330,1.53520,1.53620,9066,50,0,EURCHF,Pepperstone MT5
2001.05.11,1.53630,1.53890,1.53150,1.53320,9419,50,0,EURCHF,Pepperstone MT5
2001.05.12,1.53300,1.53340,1.53190,1.53250,150,50,0,EURCHF,Pepperstone MT5
2001.05.14,1.53330,1.53480,1.52950,1.53060,8086,50,0,EURCHF,Pepperstone MT5
2001.05.15,1.53090,1.53430,1.52880,1.53220,10189,50,0,EURCHF,Pepperstone MT5
2001.05.16,1.53230,1.53620,1.52920,1.53230,9982,50,0,EURCHF,Pepperstone MT5
2001.05.17,1.53230,1.53620,1.53040,1.53550,10481,50,0,EURCHF,Pepperstone MT5
2001.05.18,1.53480,1.53750,1.53190,1.53450,9576,50,0,EURCHF,Pepperstone MT5
2001.05.19,1.53490,1.53720,1.53420,1.53700,230,50,0,EURCHF,Pepperstone MT5
2001.05.21,1.53340,1.53590,1.52940,1.53260,9440,50,0,EURCHF,Pepperstone MT5
2001.05.22,1.53290,1.53450,1.52760,1.52890,9576,50,0,EURCHF,Pepperstone MT5
2001.05.23,1.52910,1.53100,1.52180,1.52450,11036,50,0,EURCHF,Pepperstone MT5
2001.05.24,1.52460,1.52980,1.52000,1.52310,10158,50,0,EURCHF,Pepperstone MT5
2001.05.25,1.52330,1.52880,1.52250,1.52760,9898,50,0,EURCHF,Pepperstone MT5
2001.05.26,1.52730,1.52830,1.52690,1.52790,98,50,0,EURCHF,Pepperstone MT5
2001.05.28,1.52710,1.53000,1.52490,1.52820,8772,50,0,EURCHF,Pepperstone MT5
2001.05.29,1.52970,1.52970,1.52310,1.52350,9747,50,0,EURCHF,Pepperstone MT5
2001.05.30,1.52380,1.52730,1.52250,1.52370,9244,50,0,EURCHF,Pepperstone MT5
2001.05.31,1.52370,1.52530,1.51870,1.51950,8709,50,0,EURCHF,Pepperstone MT5
2001.06.01,1.51980,1.52320,1.51830,1.52030,8901,50,0,EURCHF,Pepperstone MT5
2001.06.02,1.52020,1.52270,1.51910,1.52200,160,50,0,EURCHF,Pepperstone MT5
2001.06.04,1.52060,1.52340,1.51660,1.51800,9018,50,0,EURCHF,Pepperstone MT5
2001.06.05,1.51810,1.51940,1.51240,1.51750,9823,50,0,EURCHF,Pepperstone MT5
2001.06.06,1.51740,1.52110,1.51500,1.52080,9287,50,0,EURCHF,Pepperstone MT5
2001.06.07,1.52070,1.52600,1.51810,1.52330,8854,50,0,EURCHF,Pepperstone MT5
2001.06.08,1.52350,1.52620,1.52040,1.52530,10116,50,0,EURCHF,Pepperstone MT5
2001.06.09,1.52510,1.52570,1.52460,1.52500,79,50,0,EURCHF,Pepperstone MT5
2001.06.11,1.52370,1.52580,1.51720,1.52130,8396,50,0,EURCHF,Pepperstone MT5
2001.06.12,1.52120,1.52690,1.51860,1.52630,9567,50,0,EURCHF,Pepperstone MT5
2001.06.13,1.52610,1.52950,1.52350,1.52780,8874,50,0,EURCHF,Pepperstone MT5
2001.06.14,1.52760,1.52980,1.52400,1.52720,8949,50,0,EURCHF,Pepperstone MT5
2001.06.15,1.52670,1.53280,1.52360,1.53230,8850,50,0,EURCHF,Pepperstone MT5
2001.06.16,1.53240,1.53270,1.52670,1.52890,122,50,0,EURCHF,Pepperstone MT5
2001.06.18,1.53180,1.53370,1.52810,1.53050,9022,50,0,EURCHF,Pepperstone MT5
2001.06.19,1.53090,1.53170,1.52650,1.52820,8951,50,0,EURCHF,Pepperstone MT5
2001.06.20,1.52850,1.52960,1.52270,1.52470,9643,50,0,EURCHF,Pepperstone MT5
2001.06.21,1.52430,1.52760,1.51920,1.52020,9744,50,0,EURCHF,Pepperstone MT5
2001.06.22,1.52010,1.52120,1.51560,1.52010,8941,50,0,EURCHF,Pepperstone MT5
2001.06.23,1.52020,1.52090,1.51920,1.52010,152,50,0,EURCHF,Pepperstone MT5
2001.06.25,1.51880,1.52240,1.51760,1.51960,10139,50,0,EURCHF,Pepperstone MT5
2001.06.26,1.51950,1.52480,1.51870,1.52360,9616,50,0,EURCHF,Pepperstone MT5
2001.06.27,1.52380,1.52590,1.51810,1.51950,10364,50,0,EURCHF,Pepperstone MT5
2001.06.28,1.51930,1.52260,1.51670,1.51900,11102,50,0,EURCHF,Pepperstone MT5
2001.06.29,1.51980,1.52530,1.51880,1.52360,11644,50,0,EURCHF,Pepperstone MT5
2001.06.30,1.52370,1.52460,1.52120,1.52290,164,50,0,EURCHF,Pepperstone MT5
2001.07.02,1.52370,1.52490,1.51910,1.52130,10248,50,0,EURCHF,Pepperstone MT5
2001.07.03,1.52140,1.52540,1.52010,1.52210,12308,50,0,EURCHF,Pepperstone MT5
2001.07.04,1.52190,1.52640,1.51740,1.52170,12344,50,0,EURCHF,Pepperstone MT5
2001.07.05,1.52190,1.52450,1.51850,1.52130,11925,50,0,EURCHF,Pepperstone MT5
2001.07.06,1.52140,1.52490,1.51790,1.52080,11113,50,0,EURCHF,Pepperstone MT5
2001.07.07,1.52010,1.52230,1.51860,1.52020,195,50,0,EURCHF,Pepperstone MT5
2001.07.09,1.51960,1.52630,1.51810,1.52560,12546,50,0,EURCHF,Pepperstone MT5
2001.07.10,1.52520,1.52810,1.52030,1.52110,12596,50,0,EURCHF,Pepperstone MT5
2001.07.11,1.52120,1.52220,1.51430,1.51760,11941,50,0,EURCHF,Pepperstone MT5
2001.07.12,1.51780,1.51950,1.50960,1.51150,11196,50,0,EURCHF,Pepperstone MT5
2001.07.13,1.51140,1.51490,1.50880,1.51310,10104,50,0,EURCHF,Pepperstone MT5
2001.07.14,1.51290,1.51360,1.51190,1.51200,69,50,0,EURCHF,Pepperstone MT5
2001.07.16,1.51270,1.51590,1.51030,1.51160,9257,50,0,EURCHF,Pepperstone MT5
2001.07.17,1.51140,1.51460,1.50560,1.50630,11499,50,0,EURCHF,Pepperstone MT5
2001.07.18,1.50690,1.50890,1.50170,1.50460,13044,50,0,EURCHF,Pepperstone MT5
2001.07.19,1.50440,1.50900,1.50250,1.50510,14234,50,0,EURCHF,Pepperstone MT5
2001.07.20,1.50500,1.50900,1.50290,1.50430,12783,50,0,EURCHF,Pepperstone MT5
2001.07.21,1.50410,1.50550,1.50310,1.50430,129,50,0,EURCHF,Pepperstone MT5
2001.07.23,1.50460,1.50820,1.50250,1.50690,11382,50,0,EURCHF,Pepperstone MT5
2001.07.24,1.50690,1.50860,1.50410,1.50540,11406,50,0,EURCHF,Pepperstone MT5
2001.07.25,1.50530,1.51100,1.50370,1.50970,13067,50,0,EURCHF,Pepperstone MT5
2001.07.26,1.50960,1.51250,1.50750,1.51010,11975,50,0,EURCHF,Pepperstone MT5
2001.07.27,1.51000,1.51180,1.50570,1.51020,12397,50,0,EURCHF,Pepperstone MT5
2001.07.28,1.51010,1.51060,1.50880,1.50950,106,50,0,EURCHF,Pepperstone MT5
2001.07.30,1.50930,1.51220,1.50640,1.51030,11674,50,0,EURCHF,Pepperstone MT5
2001.07.31,1.51020,1.51330,1.50870,1.51250,11520,50,0,EURCHF,Pepperstone MT5
2001.08.01,1.51260,1.51470,1.50760,1.50950,12007,50,0,EURCHF,Pepperstone MT5
2001.08.02,1.50980,1.51200,1.50740,1.51060,11545,50,0,EURCHF,Pepperstone MT5
2001.08.03,1.51050,1.51240,1.50610,1.50930,10543,50,0,EURCHF,Pepperstone MT5
2001.08.04,1.50920,1.51180,1.50780,1.50920,93,50,0,EURCHF,Pepperstone MT5
2001.08.06,1.50700,1.50930,1.50390,1.50740,9658,50,0,EURCHF,Pepperstone MT5
2001.08.07,1.50740,1.50990,1.50420,1.50760,11379,50,0,EURCHF,Pepperstone MT5
2001.08.08,1.50710,1.50820,1.50270,1.50470,11967,50,0,EURCHF,Pepperstone MT5
2001.08.09,1.50460,1.50820,1.50300,1.50670,12154,50,0,EURCHF,Pepperstone MT5
2001.08.10,1.50680,1.51440,1.50450,1.51270,14084,50,0,EURCHF,Pepperstone MT5
2001.08.11,1.51260,1.51380,1.51250,1.51370,65,50,0,EURCHF,Pepperstone MT5
2001.08.13,1.51380,1.51890,1.51120,1.51670,13375,50,0,EURCHF,Pepperstone MT5
2001.08.14,1.51700,1.51890,1.51410,1.51570,12025,50,0,EURCHF,Pepperstone MT5
2001.08.15,1.51550,1.52050,1.51190,1.51960,12449,50,0,EURCHF,Pepperstone MT5
2001.08.16,1.51960,1.52320,1.51650,1.51960,12613,50,0,EURCHF,Pepperstone MT5
2001.08.17,1.51950,1.52130,1.51660,1.52120,11832,50,0,EURCHF,Pepperstone MT5
2001.08.18,1.52100,1.52180,1.51990,1.52080,130,50,0,EURCHF,Pepperstone MT5
2001.08.20,1.52050,1.52180,1.51580,1.51870,12406,50,0,EURCHF,Pepperstone MT5
2001.08.21,1.51920,1.51950,1.51450,1.51840,12822,50,0,EURCHF,Pepperstone MT5
2001.08.22,1.51830,1.52260,1.51660,1.52150,10761,50,0,EURCHF,Pepperstone MT5
2001.08.23,1.52090,1.52270,1.51790,1.52000,11658,50,0,EURCHF,Pepperstone MT5
2001.08.24,1.52040,1.52230,1.51710,1.52110,11977,50,0,EURCHF,Pepperstone MT5
2001.08.25,1.52150,1.52400,1.51980,1.52250,170,50,0,EURCHF,Pepperstone MT5
2001.08.27,1.52090,1.52360,1.51820,1.52010,11793,50,0,EURCHF,Pepperstone MT5
2001.08.28,1.51970,1.52040,1.51470,1.51700,11532,50,0,EURCHF,Pepperstone MT5
2001.08.29,1.51700,1.51930,1.51530,1.51790,11001,50,0,EURCHF,Pepperstone MT5
2001.08.30,1.51760,1.51900,1.51350,1.51560,12462,50,0,EURCHF,Pepperstone MT5
2001.08.31,1.51570,1.51840,1.51360,1.51620,12038,50,0,EURCHF,Pepperstone MT5
2001.09.01,1.51630,1.51790,1.51460,1.51790,114,50,0,EURCHF,Pepperstone MT5
2001.09.03,1.51570,1.51820,1.51410,1.51590,10144,50,0,EURCHF,Pepperstone MT5
2001.09.04,1.51550,1.51730,1.51170,1.51280,11555,50,0,EURCHF,Pepperstone MT5
2001.09.05,1.51260,1.51410,1.50810,1.51080,12007,50,0,EURCHF,Pepperstone MT5
2001.09.06,1.51090,1.51410,1.50910,1.51160,11627,50,0,EURCHF,Pepperstone MT5
2001.09.07,1.51190,1.51860,1.50970,1.51760,12185,50,0,EURCHF,Pepperstone MT5
2001.09.08,1.51760,1.51860,1.51640,1.51720,161,50,0,EURCHF,Pepperstone MT5
2001.09.10,1.51680,1.51870,1.51350,1.51610,11644,50,0,EURCHF,Pepperstone MT5
2001.09.11,1.51640,1.51730,1.49500,1.50110,13612,50,0,EURCHF,Pepperstone MT5
2001.09.12,1.50020,1.50870,1.49670,1.50520,14232,50,0,EURCHF,Pepperstone MT5
2001.09.13,1.50470,1.51020,1.50060,1.50220,13161,50,0,EURCHF,Pepperstone MT5
2001.09.14,1.50190,1.50390,1.49250,1.49510,13423,50,0,EURCHF,Pepperstone MT5
2001.09.15,1.49430,1.49630,1.49310,1.49310,43,50,0,EURCHF,Pepperstone MT5
2001.09.17,1.49660,1.50020,1.48060,1.48390,12299,50,0,EURCHF,Pepperstone MT5
2001.09.18,1.48400,1.48780,1.47620,1.48170,13495,50,0,EURCHF,Pepperstone MT5
2001.09.19,1.48160,1.48570,1.47510,1.47860,11380,50,0,EURCHF,Pepperstone MT5
2001.09.20,1.47880,1.48130,1.46910,1.47100,11799,50,0,EURCHF,Pepperstone MT5
2001.09.21,1.47070,1.47260,1.43900,1.44400,13300,50,0,EURCHF,Pepperstone MT5
2001.09.22,1.44480,1.44720,1.44130,1.44380,195,50,0,EURCHF,Pepperstone MT5
2001.09.24,1.44550,1.46590,1.44250,1.46470,10502,50,0,EURCHF,Pepperstone MT5
2001.09.25,1.46480,1.46890,1.45670,1.46610,11899,50,0,EURCHF,Pepperstone MT5
2001.09.26,1.46580,1.48030,1.46340,1.47550,13116,50,0,EURCHF,Pepperstone MT5
2001.09.27,1.47530,1.48390,1.47290,1.48070,11643,50,0,EURCHF,Pepperstone MT5
2001.09.28,1.48060,1.48390,1.46870,1.47680,12409,50,0,EURCHF,Pepperstone MT5
2001.09.29,1.47700,1.47890,1.47530,1.47580,183,50,0,EURCHF,Pepperstone MT5
2001.10.01,1.47620,1.48500,1.47560,1.48350,10944,50,0,EURCHF,Pepperstone MT5
2001.10.02,1.48380,1.48870,1.47780,1.48800,10623,50,0,EURCHF,Pepperstone MT5
2001.10.03,1.48830,1.48950,1.48000,1.48480,11185,50,0,EURCHF,Pepperstone MT5
2001.10.04,1.48410,1.48920,1.48100,1.48730,11413,50,0,EURCHF,Pepperstone MT5
2001.10.05,1.48760,1.49270,1.48260,1.48520,10911,50,0,EURCHF,Pepperstone MT5
2001.10.06,1.48410,1.48520,1.48370,1.48370,128,50,0,EURCHF,Pepperstone MT5
2001.10.08,1.48140,1.48380,1.47500,1.48130,10167,50,0,EURCHF,Pepperstone MT5
2001.10.09,1.48160,1.48570,1.47710,1.48450,10443,50,0,EURCHF,Pepperstone MT5
2001.10.10,1.48430,1.48600,1.48080,1.48290,10144,50,0,EURCHF,Pepperstone MT5
2001.10.11,1.48280,1.48780,1.48160,1.48410,10646,50,0,EURCHF,Pepperstone MT5
2001.10.12,1.48430,1.48570,1.47880,1.48150,10186,50,0,EURCHF,Pepperstone MT5
2001.10.13,1.48150,1.48240,1.48100,1.48120,87,50,0,EURCHF,Pepperstone MT5
2001.10.15,1.48080,1.48320,1.47670,1.47850,10095,50,0,EURCHF,Pepperstone MT5
2001.10.16,1.47820,1.48580,1.47510,1.48530,10191,50,0,EURCHF,Pepperstone MT5
2001.10.17,1.48520,1.48570,1.47950,1.48060,9856,50,0,EURCHF,Pepperstone MT5
2001.10.18,1.48040,1.48160,1.47600,1.47930,10252,50,0,EURCHF,Pepperstone MT5
2001.10.19,1.47930,1.48030,1.47360,1.47690,9448,50,0,EURCHF,Pepperstone MT5
2001.10.20,1.47700,1.47760,1.47580,1.47670,117,50,0,EURCHF,Pepperstone MT5
2001.10.22,1.47700,1.48180,1.47460,1.47960,9990,50,0,EURCHF,Pepperstone MT5
2001.10.23,1.47950,1.48320,1.47720,1.47790,10590,50,0,EURCHF,Pepperstone MT5
2001.10.24,1.47830,1.48290,1.47610,1.48100,11471,50,0,EURCHF,Pepperstone MT5
2001.10.25,1.48060,1.48170,1.47470,1.47560,9881,50,0,EURCHF,Pepperstone MT5
2001.10.26,1.47560,1.47750,1.47220,1.47520,9569,50,0,EURCHF,Pepperstone MT5
2001.10.27,1.47540,1.47560,1.47340,1.47350,132,50,0,EURCHF,Pepperstone MT5
2001.10.29,1.47510,1.47700,1.47150,1.47270,9400,50,0,EURCHF,Pepperstone MT5
2001.10.30,1.47220,1.47510,1.46790,1.47000,10713,50,0,EURCHF,Pepperstone MT5
2001.10.31,1.47010,1.47210,1.46740,1.47100,9836,50,0,EURCHF,Pepperstone MT5
2001.11.01,1.47080,1.47520,1.46930,1.47210,10437,50,0,EURCHF,Pepperstone MT5
2001.11.02,1.47220,1.47580,1.46980,1.47120,9882,50,0,EURCHF,Pepperstone MT5
2001.11.03,1.47140,1.47390,1.47140,1.47350,126,50,0,EURCHF,Pepperstone MT5
2001.11.05,1.47190,1.47390,1.46980,1.47220,9164,50,0,EURCHF,Pepperstone MT5
2001.11.06,1.47190,1.47470,1.47000,1.47290,8784,50,0,EURCHF,Pepperstone MT5
2001.11.07,1.47290,1.47490,1.46720,1.46890,10502,50,0,EURCHF,Pepperstone MT5
2001.11.08,1.46910,1.47090,1.46350,1.46390,9828,50,0,EURCHF,Pepperstone MT5
2001.11.09,1.46410,1.47020,1.46320,1.46510,9980,50,0,EURCHF,Pepperstone MT5
2001.11.10,1.46550,1.46630,1.46430,1.46480,79,50,0,EURCHF,Pepperstone MT5
2001.11.12,1.46630,1.46760,1.45850,1.46400,5456,50,0,EURCHF,Pepperstone MT5
2001.11.13,1.46390,1.47280,1.46320,1.47170,10769,50,0,EURCHF,Pepperstone MT5
2001.11.14,1.47140,1.47410,1.46690,1.46900,10205,50,0,EURCHF,Pepperstone MT5
2001.11.15,1.46890,1.47410,1.46410,1.46530,10867,50,0,EURCHF,Pepperstone MT5
2001.11.16,1.46490,1.46990,1.46280,1.46660,10364,50,0,EURCHF,Pepperstone MT5
2001.11.17,1.46640,1.46670,1.46510,1.46610,61,50,0,EURCHF,Pepperstone MT5
2001.11.19,1.46580,1.46790,1.45760,1.45860,8347,50,0,EURCHF,Pepperstone MT5
2001.11.20,1.45910,1.46060,1.45420,1.45680,10116,50,0,EURCHF,Pepperstone MT5
2001.11.21,1.45650,1.45910,1.45220,1.45390,10759,50,0,EURCHF,Pepperstone MT5
2001.11.22,1.45360,1.46220,1.45220,1.45880,10581,50,0,EURCHF,Pepperstone MT5
2001.11.23,1.45830,1.46490,1.45770,1.46350,9440,50,0,EURCHF,Pepperstone MT5
2001.11.24,1.46350,1.46390,1.46320,1.46360,24,50,0,EURCHF,Pepperstone MT5
2001.11.26,1.46300,1.46720,1.46070,1.46470,9653,50,0,EURCHF,Pepperstone MT5
2001.11.27,1.46480,1.46780,1.46120,1.46330,9299,50,0,EURCHF,Pepperstone MT5
2001.11.28,1.46320,1.46470,1.45260,1.46180,10327,50,0,EURCHF,Pepperstone MT5
2001.11.29,1.46170,1.47090,1.45960,1.46980,8895,50,0,EURCHF,Pepperstone MT5
2001.11.30,1.47000,1.47570,1.46740,1.47150,11469,50,0,EURCHF,Pepperstone MT5
2001.12.01,1.47150,1.47200,1.46960,1.47060,86,50,0,EURCHF,Pepperstone MT5
2001.12.03,1.47170,1.47680,1.46940,1.47540,10006,50,0,EURCHF,Pepperstone MT5
2001.12.04,1.47520,1.47670,1.47050,1.47130,10311,50,0,EURCHF,Pepperstone MT5
2001.12.05,1.47170,1.47640,1.47030,1.47370,10325,50,0,EURCHF,Pepperstone MT5
2001.12.06,1.47330,1.47670,1.47160,1.47430,10623,50,0,EURCHF,Pepperstone MT5
2001.12.07,1.47410,1.48000,1.47250,1.47650,10623,50,0,EURCHF,Pepperstone MT5
2001.12.08,1.47630,1.48010,1.47590,1.47970,92,50,0,EURCHF,Pepperstone MT5
2001.12.10,1.47610,1.48250,1.47540,1.48130,9129,50,0,EURCHF,Pepperstone MT5
2001.12.11,1.48140,1.48290,1.47480,1.47580,9363,50,0,EURCHF,Pepperstone MT5
2001.12.12,1.47600,1.47970,1.47260,1.47520,10451,50,0,EURCHF,Pepperstone MT5
2001.12.13,1.47540,1.47780,1.47170,1.47480,9675,50,0,EURCHF,Pepperstone MT5
2001.12.14,1.47550,1.47790,1.47150,1.47340,10490,50,0,EURCHF,Pepperstone MT5
2001.12.15,1.47390,1.47590,1.46970,1.47580,196,50,0,EURCHF,Pepperstone MT5
2001.12.17,1.47300,1.47880,1.46960,1.47410,11239,50,0,EURCHF,Pepperstone MT5
2001.12.18,1.47430,1.47700,1.47230,1.47490,11626,50,0,EURCHF,Pepperstone MT5
2001.12.19,1.47520,1.47910,1.47250,1.47600,11547,50,0,EURCHF,Pepperstone MT5
2001.12.20,1.47580,1.47700,1.46510,1.46770,11998,50,0,EURCHF,Pepperstone MT5
2001.12.21,1.46790,1.47020,1.45970,1.46890,11821,50,0,EURCHF,Pepperstone MT5
2001.12.22,1.46910,1.46960,1.46760,1.46760,78,50,0,EURCHF,Pepperstone MT5
2001.12.24,1.46810,1.48750,1.46440,1.48370,11986,50,0,EURCHF,Pepperstone MT5
2001.12.25,1.48670,1.48930,1.47930,1.48510,3661,50,0,EURCHF,Pepperstone MT5
2001.12.26,1.48600,1.48810,1.48050,1.48660,10184,50,0,EURCHF,Pepperstone MT5
2001.12.27,1.48700,1.48980,1.47810,1.48200,12188,50,0,EURCHF,Pepperstone MT5
2001.12.28,1.48160,1.48370,1.47790,1.48160,9637,50,0,EURCHF,Pepperstone MT5
2001.12.29,1.48130,1.48220,1.48050,1.48100,112,50,0,EURCHF,Pepperstone MT5
2001.12.31,1.48030,1.48390,1.47560,1.47880,9546,50,0,EURCHF,Pepperstone MT5
2002.01.01,1.47830,1.48030,1.47640,1.47910,533,50,0,EURCHF,Pepperstone MT5
2002.01.02,1.47880,1.48680,1.47760,1.48620,11165,100,0,EURCHF,Pepperstone MT5
2002.01.03,1.48570,1.48890,1.48170,1.48370,11711,100,0,EURCHF,Pepperstone MT5
2002.01.04,1.48380,1.48520,1.47600,1.47880,11701,100,0,EURCHF,Pepperstone MT5
2002.01.05,1.47890,1.48140,1.47820,1.47920,80,100,0,EURCHF,Pepperstone MT5
2002.01.07,1.47900,1.48140,1.47080,1.47330,11084,100,0,EURCHF,Pepperstone MT5
2002.01.08,1.47290,1.47960,1.46810,1.47850,12281,100,0,EURCHF,Pepperstone MT5
2002.01.09,1.47830,1.48150,1.47440,1.47970,12714,100,0,EURCHF,Pepperstone MT5
2002.01.10,1.47970,1.48490,1.47610,1.48120,11952,100,0,EURCHF,Pepperstone MT5
2002.01.11,1.48150,1.48430,1.47460,1.47560,11545,100,0,EURCHF,Pepperstone MT5
2002.01.12,1.47750,1.47890,1.47440,1.47660,119,100,0,EURCHF,Pepperstone MT5
2002.01.14,1.47910,1.48150,1.47700,1.48090,11574,100,0,EURCHF,Pepperstone MT5
2002.01.15,1.48080,1.48190,1.47540,1.47600,11649,100,0,EURCHF,Pepperstone MT5
2002.01.16,1.47590,1.47650,1.46150,1.46370,12531,100,0,EURCHF,Pepperstone MT5
2002.01.17,1.46370,1.47030,1.46320,1.46740,12410,100,0,EURCHF,Pepperstone MT5
2002.01.18,1.46710,1.47210,1.46690,1.47000,12432,100,0,EURCHF,Pepperstone MT5
2002.01.19,1.47020,1.47020,1.46800,1.46970,81,100,0,EURCHF,Pepperstone MT5
2002.01.21,1.46840,1.47200,1.46680,1.46790,9978,100,0,EURCHF,Pepperstone MT5
2002.01.22,1.46810,1.47350,1.46590,1.47210,11484,100,0,EURCHF,Pepperstone MT5
2002.01.23,1.47250,1.47560,1.46570,1.46770,11936,100,0,EURCHF,Pepperstone MT5
2002.01.24,1.46790,1.47260,1.46470,1.46960,11373,100,0,EURCHF,Pepperstone MT5
2002.01.25,1.46980,1.47570,1.46500,1.47470,11255,100,0,EURCHF,Pepperstone MT5
2002.01.26,1.47460,1.47590,1.47340,1.47340,128,100,0,EURCHF,Pepperstone MT5
2002.01.28,1.47310,1.47670,1.46950,1.47120,10785,100,0,EURCHF,Pepperstone MT5
2002.01.29,1.47200,1.47360,1.46960,1.47070,10869,100,0,EURCHF,Pepperstone MT5
2002.01.30,1.47080,1.47410,1.46810,1.47350,11440,100,0,EURCHF,Pepperstone MT5
2002.01.31,1.47290,1.47870,1.47130,1.47660,11245,100,0,EURCHF,Pepperstone MT5
2002.02.01,1.47670,1.48080,1.47480,1.47760,11314,100,0,EURCHF,Pepperstone MT5
2002.02.02,1.47770,1.47890,1.47720,1.47770,111,100,0,EURCHF,Pepperstone MT5
2002.02.04,1.47790,1.48220,1.47590,1.47770,9344,100,0,EURCHF,Pepperstone MT5
2002.02.05,1.47740,1.47830,1.46950,1.47350,11225,100,0,EURCHF,Pepperstone MT5
2002.02.06,1.47370,1.47530,1.46930,1.47140,11008,100,0,EURCHF,Pepperstone MT5
2002.02.07,1.47170,1.47420,1.46960,1.47220,10831,100,0,EURCHF,Pepperstone MT5
2002.02.08,1.47240,1.47620,1.47040,1.47550,11999,100,0,EURCHF,Pepperstone MT5
2002.02.09,1.47530,1.47600,1.47470,1.47470,111,100,0,EURCHF,Pepperstone MT5
2002.02.11,1.47440,1.48020,1.47410,1.47660,10396,100,0,EURCHF,Pepperstone MT5
2002.02.12,1.47670,1.48060,1.47480,1.47850,10835,100,0,EURCHF,Pepperstone MT5
2002.02.13,1.47900,1.48340,1.47630,1.48160,10896,100,0,EURCHF,Pepperstone MT5
2002.02.14,1.48140,1.48440,1.47970,1.48350,11559,100,0,EURCHF,Pepperstone MT5
2002.02.15,1.48370,1.48430,1.48070,1.48270,10042,100,0,EURCHF,Pepperstone MT5
2002.02.16,1.48230,1.48300,1.48140,1.48150,86,100,0,EURCHF,Pepperstone MT5
2002.02.18,1.48280,1.48480,1.47930,1.47990,8735,100,0,EURCHF,Pepperstone MT5
2002.02.19,1.47990,1.48170,1.47770,1.47940,10634,100,0,EURCHF,Pepperstone MT5
2002.02.20,1.47930,1.48200,1.47770,1.47920,10088,100,0,EURCHF,Pepperstone MT5
2002.02.21,1.47910,1.48170,1.47730,1.47940,10000,100,0,EURCHF,Pepperstone MT5
2002.02.22,1.47960,1.48130,1.47730,1.47980,10439,100,0,EURCHF,Pepperstone MT5
2002.02.23,1.47970,1.48090,1.47900,1.47940,85,100,0,EURCHF,Pepperstone MT5
2002.02.25,1.47880,1.48110,1.47440,1.47610,10940,100,0,EURCHF,Pepperstone MT5
2002.02.26,1.47630,1.47810,1.47310,1.47650,11090,100,0,EURCHF,Pepperstone MT5
2002.02.27,1.47650,1.47860,1.47400,1.47630,11720,100,0,EURCHF,Pepperstone MT5
2002.02.28,1.47650,1.47820,1.47320,1.47460,11623,100,0,EURCHF,Pepperstone MT5
2002.03.01,1.47470,1.47850,1.47350,1.47760,12107,100,0,EURCHF,Pepperstone MT5
2002.03.02,1.47780,1.47810,1.47660,1.47800,156,100,0,EURCHF,Pepperstone MT5
2002.03.04,1.47710,1.48150,1.47620,1.47830,8692,100,0,EURCHF,Pepperstone MT5
2002.03.05,1.47820,1.47910,1.47470,1.47700,9303,100,0,EURCHF,Pepperstone MT5
2002.03.06,1.47690,1.47850,1.47300,1.47440,9875,100,0,EURCHF,Pepperstone MT5
2002.03.07,1.47480,1.47690,1.46800,1.47210,10895,100,0,EURCHF,Pepperstone MT5
2002.03.08,1.47240,1.47550,1.46910,1.47380,9813,100,0,EURCHF,Pepperstone MT5
2002.03.09,1.47410,1.47540,1.47150,1.47150,156,100,0,EURCHF,Pepperstone MT5
2002.03.11,1.47360,1.47500,1.46940,1.46990,9255,100,0,EURCHF,Pepperstone MT5
2002.03.12,1.47010,1.47140,1.46620,1.47010,10126,100,0,EURCHF,Pepperstone MT5
2002.03.13,1.46970,1.47090,1.46660,1.46780,9742,100,0,EURCHF,Pepperstone MT5
2002.03.14,1.46770,1.46960,1.45960,1.46070,10413,100,0,EURCHF,Pepperstone MT5
2002.03.15,1.46070,1.46490,1.46000,1.46250,9648,100,0,EURCHF,Pepperstone MT5
2002.03.16,1.46230,1.46280,1.46180,1.46220,49,100,0,EURCHF,Pepperstone MT5
2002.03.18,1.46200,1.46520,1.46130,1.46400,9564,100,0,EURCHF,Pepperstone MT5
2002.03.19,1.46410,1.46870,1.46290,1.46420,10231,100,0,EURCHF,Pepperstone MT5
2002.03.20,1.46410,1.46700,1.46210,1.46470,9958,100,0,EURCHF,Pepperstone MT5
2002.03.21,1.46470,1.46680,1.46080,1.46200,10233,100,0,EURCHF,Pepperstone MT5
2002.03.22,1.46200,1.46390,1.45850,1.46170,10126,100,0,EURCHF,Pepperstone MT5
2002.03.23,1.46190,1.46310,1.46030,1.46260,140,100,0,EURCHF,Pepperstone MT5
2002.03.25,1.46210,1.46290,1.45930,1.46000,10590,100,0,EURCHF,Pepperstone MT5
2002.03.26,1.46050,1.46510,1.45810,1.46270,10539,100,0,EURCHF,Pepperstone MT5
2002.03.27,1.46280,1.46810,1.46040,1.46490,10480,100,0,EURCHF,Pepperstone MT5
2002.03.28,1.46470,1.46870,1.46360,1.46690,10175,100,0,EURCHF,Pepperstone MT5
2002.03.29,1.46690,1.46810,1.46350,1.46580,7487,100,0,EURCHF,Pepperstone MT5
2002.03.30,1.46550,1.46660,1.46540,1.46600,13,100,0,EURCHF,Pepperstone MT5
2002.04.01,1.46550,1.46800,1.46060,1.46360,8040,100,0,EURCHF,Pepperstone MT5
2002.04.02,1.46320,1.46480,1.46150,1.46280,10666,100,0,EURCHF,Pepperstone MT5
2002.04.03,1.46260,1.46500,1.46070,1.46230,10673,100,0,EURCHF,Pepperstone MT5
2002.04.04,1.46180,1.46450,1.46030,1.46200,10913,100,0,EURCHF,Pepperstone MT5
2002.04.05,1.46240,1.46830,1.46160,1.46520,11117,100,0,EURCHF,Pepperstone MT5
2002.04.06,1.46490,1.46510,1.46290,1.46310,52,100,0,EURCHF,Pepperstone MT5
2002.04.08,1.46380,1.46760,1.46240,1.46620,10560,100,0,EURCHF,Pepperstone MT5
2002.04.09,1.46620,1.46860,1.46450,1.46760,13067,100,0,EURCHF,Pepperstone MT5
2002.04.10,1.46730,1.47000,1.46540,1.46820,11197,100,0,EURCHF,Pepperstone MT5
2002.04.11,1.46840,1.47010,1.46430,1.46520,10981,100,0,EURCHF,Pepperstone MT5
2002.04.12,1.46530,1.46750,1.46390,1.46510,10536,100,0,EURCHF,Pepperstone MT5
2002.04.13,1.46590,1.46810,1.46500,1.46610,323,100,0,EURCHF,Pepperstone MT5
2002.04.15,1.46620,1.47060,1.46480,1.46740,10212,100,0,EURCHF,Pepperstone MT5
2002.04.16,1.46750,1.47150,1.46580,1.46830,10414,100,0,EURCHF,Pepperstone MT5
2002.04.17,1.46840,1.47230,1.46780,1.46940,11493,100,0,EURCHF,Pepperstone MT5
2002.04.18,1.46980,1.47100,1.46390,1.46760,11909,100,0,EURCHF,Pepperstone MT5
2002.04.19,1.46740,1.47030,1.46520,1.46650,8167,100,0,EURCHF,Pepperstone MT5
2002.04.20,1.46630,1.46750,1.46560,1.46740,187,100,0,EURCHF,Pepperstone MT5
2002.04.22,1.46640,1.46950,1.46410,1.46890,9354,100,0,EURCHF,Pepperstone MT5
2002.04.23,1.46880,1.47010,1.46590,1.46670,9314,100,0,EURCHF,Pepperstone MT5
2002.04.24,1.46670,1.46800,1.46440,1.46630,10014,100,0,EURCHF,Pepperstone MT5
2002.04.25,1.46650,1.46730,1.46250,1.46280,10082,100,0,EURCHF,Pepperstone MT5
2002.04.26,1.46290,1.46730,1.46170,1.46340,10085,100,0,EURCHF,Pepperstone MT5
2002.04.27,1.46330,1.46440,1.46160,1.46180,145,100,0,EURCHF,Pepperstone MT5
2002.04.29,1.46400,1.47030,1.46170,1.46350,10475,100,0,EURCHF,Pepperstone MT5
2002.04.30,1.46330,1.46550,1.45370,1.45580,11071,100,0,EURCHF,Pepperstone MT5
2002.05.01,1.45570,1.45840,1.44930,1.45240,11187,100,0,EURCHF,Pepperstone MT5
2002.05.02,1.45200,1.45870,1.45010,1.45370,10978,100,0,EURCHF,Pepperstone MT5
2002.05.03,1.45360,1.45830,1.45240,1.45530,9518,100,0,EURCHF,Pepperstone MT5
2002.05.04,1.45560,1.45600,1.45390,1.45600,102,100,0,EURCHF,Pepperstone MT5
2002.05.06,1.45580,1.45810,1.45410,1.45530,8489,100,0,EURCHF,Pepperstone MT5
2002.05.07,1.45530,1.45980,1.45290,1.45400,9519,100,0,EURCHF,Pepperstone MT5
2002.05.08,1.45400,1.45720,1.45270,1.45520,10046,100,0,EURCHF,Pepperstone MT5
2002.05.09,1.45530,1.45660,1.45170,1.45280,10662,100,0,EURCHF,Pepperstone MT5
2002.05.10,1.45300,1.45580,1.45180,1.45440,10693,100,0,EURCHF,Pepperstone MT5
2002.05.11,1.45430,1.45500,1.45360,1.45370,171,100,0,EURCHF,Pepperstone MT5
2002.05.13,1.45390,1.45710,1.45230,1.45460,9351,100,0,EURCHF,Pepperstone MT5
2002.05.14,1.45480,1.45880,1.45330,1.45760,10131,100,0,EURCHF,Pepperstone MT5
2002.05.15,1.45710,1.45840,1.45420,1.45560,10497,100,0,EURCHF,Pepperstone MT5
2002.05.16,1.45560,1.45910,1.45440,1.45660,9695,100,0,EURCHF,Pepperstone MT5
2002.05.17,1.45650,1.45800,1.45390,1.45520,10373,100,0,EURCHF,Pepperstone MT5
2002.05.18,1.45510,1.45590,1.45420,1.45590,164,100,0,EURCHF,Pepperstone MT5
2002.05.20,1.45440,1.45570,1.45170,1.45280,10309,100,0,EURCHF,Pepperstone MT5
2002.05.21,1.45270,1.45470,1.44900,1.45070,11395,100,0,EURCHF,Pepperstone MT5
2002.05.22,1.45100,1.45440,1.44940,1.45260,11664,100,0,EURCHF,Pepperstone MT5
2002.05.23,1.45270,1.45610,1.45130,1.45440,11113,100,0,EURCHF,Pepperstone MT5
2002.05.24,1.45410,1.46000,1.45320,1.45760,10754,100,0,EURCHF,Pepperstone MT5
2002.05.25,1.45730,1.45930,1.45590,1.45750,108,100,0,EURCHF,Pepperstone MT5
2002.05.27,1.45690,1.46060,1.45490,1.45710,9330,100,0,EURCHF,Pepperstone MT5
2002.05.28,1.45700,1.46390,1.45590,1.46190,10740,100,0,EURCHF,Pepperstone MT5
2002.05.29,1.46200,1.46880,1.46020,1.46650,10913,100,0,EURCHF,Pepperstone MT5
2002.05.30,1.46750,1.47010,1.46270,1.46390,12578,100,0,EURCHF,Pepperstone MT5
2002.05.31,1.46370,1.46670,1.46170,1.46460,12486,100,0,EURCHF,Pepperstone MT5
2002.06.01,1.46450,1.46870,1.46340,1.46830,356,100,0,EURCHF,Pepperstone MT5
2002.06.03,1.46490,1.46970,1.46280,1.46840,10471,100,0,EURCHF,Pepperstone MT5
2002.06.04,1.46830,1.47110,1.46570,1.47050,11484,100,0,EURCHF,Pepperstone MT5
2002.06.05,1.47050,1.47290,1.46840,1.47030,11262,100,0,EURCHF,Pepperstone MT5
2002.06.06,1.47030,1.47740,1.46760,1.47430,11022,100,0,EURCHF,Pepperstone MT5
2002.06.07,1.47430,1.47600,1.46790,1.47080,11230,100,0,EURCHF,Pepperstone MT5
2002.06.08,1.47080,1.47110,1.46900,1.46950,173,100,0,EURCHF,Pepperstone MT5
2002.06.10,1.46940,1.47390,1.46790,1.47300,10009,100,0,EURCHF,Pepperstone MT5
2002.06.11,1.47270,1.47730,1.47040,1.47500,11351,100,0,EURCHF,Pepperstone MT5
2002.06.12,1.47510,1.47900,1.47360,1.47800,11755,100,0,EURCHF,Pepperstone MT5
2002.06.13,1.47800,1.47870,1.47350,1.47480,11818,100,0,EURCHF,Pepperstone MT5
2002.06.14,1.47470,1.47730,1.47300,1.47590,12120,100,0,EURCHF,Pepperstone MT5
2002.06.15,1.47580,1.47710,1.47500,1.47550,183,100,0,EURCHF,Pepperstone MT5
2002.06.17,1.47500,1.47800,1.47400,1.47600,10323,100,0,EURCHF,Pepperstone MT5
2002.06.18,1.47560,1.47770,1.47410,1.47600,11383,100,0,EURCHF,Pepperstone MT5
2002.06.19,1.47640,1.47840,1.47020,1.47060,11386,100,0,EURCHF,Pepperstone MT5
2002.06.20,1.47080,1.47270,1.46810,1.47040,10798,100,0,EURCHF,Pepperstone MT5
2002.06.21,1.47030,1.47230,1.46550,1.46740,10794,100,0,EURCHF,Pepperstone MT5
2002.06.22,1.46750,1.46860,1.46650,1.46660,216,100,0,EURCHF,Pepperstone MT5
2002.06.24,1.46710,1.47080,1.46560,1.46760,12189,100,0,EURCHF,Pepperstone MT5
2002.06.25,1.46770,1.47030,1.46590,1.46780,12699,100,0,EURCHF,Pepperstone MT5
2002.06.26,1.46750,1.47110,1.46490,1.46790,14047,100,0,EURCHF,Pepperstone MT5
2002.06.27,1.46710,1.47320,1.46660,1.47060,12403,100,0,EURCHF,Pepperstone MT5
2002.06.28,1.47050,1.47440,1.46740,1.46870,12687,100,0,EURCHF,Pepperstone MT5
2002.06.29,1.46890,1.46970,1.46780,1.46790,110,100,0,EURCHF,Pepperstone MT5
2002.07.01,1.46880,1.47220,1.46750,1.47020,10735,100,0,EURCHF,Pepperstone MT5
2002.07.02,1.46990,1.47090,1.46460,1.46680,11652,100,0,EURCHF,Pepperstone MT5
2002.07.03,1.46660,1.46700,1.46100,1.46420,11619,100,0,EURCHF,Pepperstone MT5
2002.07.04,1.46430,1.46650,1.46250,1.46420,11493,100,0,EURCHF,Pepperstone MT5
2002.07.05,1.46450,1.46780,1.46280,1.46700,11746,100,0,EURCHF,Pepperstone MT5
2002.07.06,1.46690,1.46740,1.46470,1.46610,81,100,0,EURCHF,Pepperstone MT5
2002.07.08,1.46730,1.47080,1.46620,1.46980,11695,100,0,EURCHF,Pepperstone MT5
2002.07.09,1.46980,1.47470,1.46840,1.47300,12931,100,0,EURCHF,Pepperstone MT5
2002.07.10,1.47270,1.47520,1.46940,1.47030,13056,100,0,EURCHF,Pepperstone MT5
2002.07.11,1.47050,1.47150,1.46540,1.46630,12983,100,0,EURCHF,Pepperstone MT5
2002.07.12,1.46660,1.47090,1.46480,1.47020,12300,100,0,EURCHF,Pepperstone MT5
2002.07.13,1.46990,1.47070,1.46860,1.46900,148,100,0,EURCHF,Pepperstone MT5
2002.07.15,1.46990,1.47160,1.46550,1.46700,10992,100,0,EURCHF,Pepperstone MT5
2002.07.16,1.46790,1.46990,1.46540,1.46650,11781,100,0,EURCHF,Pepperstone MT5
2002.07.17,1.46650,1.46890,1.46280,1.46570,12457,100,0,EURCHF,Pepperstone MT5
2002.07.18,1.46540,1.46650,1.46270,1.46480,12694,100,0,EURCHF,Pepperstone MT5
2002.07.19,1.46460,1.46650,1.45760,1.45930,12566,100,0,EURCHF,Pepperstone MT5
2002.07.20,1.45940,1.46010,1.45690,1.45970,343,100,0,EURCHF,Pepperstone MT5
2002.07.22,1.45890,1.46080,1.45180,1.45500,12705,100,0,EURCHF,Pepperstone MT5
2002.07.23,1.45430,1.45840,1.45180,1.45300,13922,100,0,EURCHF,Pepperstone MT5
2002.07.24,1.45300,1.45590,1.44390,1.45170,14027,100,0,EURCHF,Pepperstone MT5
2002.07.25,1.45150,1.45240,1.44500,1.44630,11669,100,0,EURCHF,Pepperstone MT5
2002.07.26,1.44600,1.45170,1.44450,1.44680,13986,100,0,EURCHF,Pepperstone MT5
2002.07.27,1.44710,1.44740,1.44420,1.44520,382,100,0,EURCHF,Pepperstone MT5
2002.07.29,1.44800,1.45900,1.44700,1.45810,12329,100,0,EURCHF,Pepperstone MT5
2002.07.30,1.45830,1.46050,1.45420,1.45730,12204,100,0,EURCHF,Pepperstone MT5
2002.07.31,1.45740,1.45850,1.45090,1.45210,12367,100,0,EURCHF,Pepperstone MT5
2002.08.01,1.45180,1.45300,1.44600,1.44920,12427,100,0,EURCHF,Pepperstone MT5
2002.08.02,1.44900,1.45370,1.44660,1.45060,12905,100,0,EURCHF,Pepperstone MT5
2002.08.03,1.45030,1.45180,1.44720,1.44730,177,100,0,EURCHF,Pepperstone MT5
2002.08.05,1.45030,1.45600,1.44880,1.45340,11894,100,0,EURCHF,Pepperstone MT5
2002.08.06,1.45360,1.45940,1.45080,1.45830,12649,100,0,EURCHF,Pepperstone MT5
2002.08.07,1.45840,1.46020,1.45610,1.45820,12425,100,0,EURCHF,Pepperstone MT5
2002.08.08,1.45830,1.46430,1.45630,1.46300,12630,100,0,EURCHF,Pepperstone MT5
2002.08.09,1.46310,1.46520,1.45710,1.45870,11588,100,0,EURCHF,Pepperstone MT5
2002.08.10,1.45840,1.45920,1.45630,1.45670,115,100,0,EURCHF,Pepperstone MT5
2002.08.12,1.45860,1.46410,1.45630,1.46260,11349,100,0,EURCHF,Pepperstone MT5
2002.08.13,1.46220,1.46580,1.45970,1.46190,11850,100,0,EURCHF,Pepperstone MT5
2002.08.14,1.46190,1.46410,1.45790,1.46240,12380,100,0,EURCHF,Pepperstone MT5
2002.08.15,1.46210,1.46540,1.46040,1.46330,12135,100,0,EURCHF,Pepperstone MT5
2002.08.16,1.46300,1.46790,1.46030,1.46650,11332,100,0,EURCHF,Pepperstone MT5
2002.08.17,1.46650,1.46950,1.46550,1.46950,97,100,0,EURCHF,Pepperstone MT5
2002.08.19,1.46500,1.46930,1.46380,1.46800,10512,100,0,EURCHF,Pepperstone MT5
2002.08.20,1.46790,1.47140,1.46600,1.46810,11592,100,0,EURCHF,Pepperstone MT5
2002.08.21,1.46890,1.47180,1.46720,1.46810,11901,100,0,EURCHF,Pepperstone MT5
2002.08.22,1.46840,1.47350,1.46650,1.47280,11695,100,0,EURCHF,Pepperstone MT5
2002.08.23,1.47270,1.47460,1.47040,1.47280,11595,100,0,EURCHF,Pepperstone MT5
2002.08.24,1.47260,1.47310,1.47050,1.47150,119,100,0,EURCHF,Pepperstone MT5
2002.08.26,1.47210,1.47390,1.46920,1.47170,10337,100,0,EURCHF,Pepperstone MT5
2002.08.27,1.47160,1.47360,1.46540,1.46750,9247,100,0,EURCHF,Pepperstone MT5
2002.08.28,1.46740,1.47300,1.46560,1.47060,11985,100,0,EURCHF,Pepperstone MT5
2002.08.29,1.47070,1.47250,1.46760,1.47130,12559,100,0,EURCHF,Pepperstone MT5
2002.08.30,1.47140,1.47320,1.46770,1.47110,12373,100,0,EURCHF,Pepperstone MT5
2002.08.31,1.47100,1.47350,1.47050,1.47110,111,100,0,EURCHF,Pepperstone MT5
2002.09.02,1.47150,1.47360,1.46930,1.47020,10949,100,0,EURCHF,Pepperstone MT5
2002.09.03,1.47160,1.47330,1.46570,1.46630,11636,100,0,EURCHF,Pepperstone MT5
2002.09.04,1.46640,1.46700,1.46150,1.46450,12062,100,0,EURCHF,Pepperstone MT5
2002.09.05,1.46390,1.46500,1.45760,1.46100,12364,100,0,EURCHF,Pepperstone MT5
2002.09.06,1.46070,1.46180,1.45640,1.45810,12796,100,0,EURCHF,Pepperstone MT5
2002.09.07,1.45770,1.45810,1.45570,1.45570,118,100,0,EURCHF,Pepperstone MT5
2002.09.09,1.45710,1.46100,1.45590,1.45880,10681,100,0,EURCHF,Pepperstone MT5
2002.09.10,1.45880,1.46290,1.45700,1.46000,11069,100,0,EURCHF,Pepperstone MT5
2002.09.11,1.45990,1.46700,1.45830,1.46600,11315,100,0,EURCHF,Pepperstone MT5
2002.09.12,1.46570,1.47070,1.46370,1.46930,11091,100,0,EURCHF,Pepperstone MT5
2002.09.13,1.46930,1.47040,1.46310,1.46740,12079,100,0,EURCHF,Pepperstone MT5
2002.09.14,1.46780,1.46830,1.46590,1.46700,298,100,0,EURCHF,Pepperstone MT5
2002.09.16,1.46720,1.47020,1.46570,1.46910,10531,100,0,EURCHF,Pepperstone MT5
2002.09.17,1.46920,1.47440,1.46700,1.47000,12605,100,0,EURCHF,Pepperstone MT5
2002.09.18,1.47000,1.47190,1.46540,1.46810,12599,100,0,EURCHF,Pepperstone MT5
2002.09.19,1.46820,1.46980,1.46150,1.46240,12417,100,0,EURCHF,Pepperstone MT5
2002.09.20,1.46250,1.46720,1.46140,1.46480,12110,100,0,EURCHF,Pepperstone MT5
2002.09.21,1.46470,1.46620,1.46380,1.46450,83,100,0,EURCHF,Pepperstone MT5
2002.09.23,1.46400,1.46640,1.46230,1.46450,10440,100,0,EURCHF,Pepperstone MT5
2002.09.24,1.46470,1.46650,1.46170,1.46380,11929,100,0,EURCHF,Pepperstone MT5
2002.09.25,1.46320,1.46650,1.46120,1.46420,12234,100,0,EURCHF,Pepperstone MT5
2002.09.26,1.46410,1.46960,1.46210,1.46750,11886,100,0,EURCHF,Pepperstone MT5
2002.09.27,1.46750,1.46900,1.46450,1.46620,11741,100,0,EURCHF,Pepperstone MT5
2002.09.28,1.46610,1.46690,1.46420,1.46420,295,100,0,EURCHF,Pepperstone MT5
2002.09.30,1.46410,1.46720,1.45440,1.45670,11703,100,0,EURCHF,Pepperstone MT5
2002.10.01,1.45650,1.46370,1.45420,1.46280,12241,100,0,EURCHF,Pepperstone MT5
2002.10.02,1.46280,1.46470,1.45760,1.45870,12235,100,0,EURCHF,Pepperstone MT5
2002.10.03,1.45890,1.46200,1.45690,1.46020,11568,100,0,EURCHF,Pepperstone MT5
2002.10.04,1.46030,1.46430,1.45770,1.46190,11009,100,0,EURCHF,Pepperstone MT5
2002.10.05,1.46030,1.46210,1.46010,1.46050,87,100,0,EURCHF,Pepperstone MT5
2002.10.07,1.46120,1.46380,1.45980,1.46320,9951,100,0,EURCHF,Pepperstone MT5
2002.10.08,1.46310,1.46890,1.46120,1.46650,10992,100,0,EURCHF,Pepperstone MT5
2002.10.09,1.46650,1.46860,1.46340,1.46400,12445,100,0,EURCHF,Pepperstone MT5
2002.10.10,1.46420,1.46580,1.46080,1.46410,12414,100,0,EURCHF,Pepperstone MT5
2002.10.11,1.46400,1.46600,1.46200,1.46350,9889,100,0,EURCHF,Pepperstone MT5
2002.10.12,1.46320,1.46460,1.46290,1.46390,54,100,0,EURCHF,Pepperstone MT5
2002.10.14,1.46210,1.46460,1.45970,1.46190,9399,100,0,EURCHF,Pepperstone MT5
2002.10.15,1.46250,1.46850,1.46090,1.46700,11376,100,0,EURCHF,Pepperstone MT5
2002.10.16,1.46700,1.47080,1.46510,1.46700,11286,100,0,EURCHF,Pepperstone MT5
2002.10.17,1.46670,1.47020,1.46470,1.46800,11393,100,0,EURCHF,Pepperstone MT5
2002.10.18,1.46830,1.47070,1.46700,1.46990,11140,100,0,EURCHF,Pepperstone MT5
2002.10.19,1.47000,1.47110,1.46920,1.47090,96,100,0,EURCHF,Pepperstone MT5
2002.10.21,1.46910,1.47160,1.46820,1.47090,10522,100,0,EURCHF,Pepperstone MT5
2002.10.22,1.47090,1.47250,1.46700,1.46840,11674,100,0,EURCHF,Pepperstone MT5
2002.10.23,1.46840,1.46980,1.46520,1.46800,11672,100,0,EURCHF,Pepperstone MT5
2002.10.24,1.46810,1.46890,1.46580,1.46750,11664,100,0,EURCHF,Pepperstone MT5
2002.10.25,1.46720,1.46880,1.46450,1.46740,10559,100,0,EURCHF,Pepperstone MT5
2002.10.26,1.46730,1.46770,1.46620,1.46750,102,100,0,EURCHF,Pepperstone MT5
2002.10.28,1.46750,1.46950,1.46390,1.46540,10553,100,0,EURCHF,Pepperstone MT5
2002.10.29,1.46540,1.46700,1.46310,1.46520,11078,100,0,EURCHF,Pepperstone MT5
2002.10.30,1.46530,1.46670,1.46300,1.46480,11211,100,0,EURCHF,Pepperstone MT5
2002.10.31,1.46490,1.46700,1.46080,1.46280,11519,100,0,EURCHF,Pepperstone MT5
2002.11.01,1.46300,1.46440,1.45880,1.46170,11980,100,0,EURCHF,Pepperstone MT5
2002.11.02,1.46180,1.46320,1.46150,1.46180,137,100,0,EURCHF,Pepperstone MT5
2002.11.04,1.46220,1.46480,1.46090,1.46270,10408,100,0,EURCHF,Pepperstone MT5
2002.11.05,1.46260,1.46500,1.45910,1.46280,11836,100,0,EURCHF,Pepperstone MT5
2002.11.06,1.46290,1.46510,1.45980,1.46280,12128,100,0,EURCHF,Pepperstone MT5
2002.11.07,1.46280,1.46610,1.46140,1.46400,12659,100,0,EURCHF,Pepperstone MT5
2002.11.08,1.46430,1.46570,1.46140,1.46240,11056,100,0,EURCHF,Pepperstone MT5
2002.11.09,1.46200,1.46290,1.46040,1.46220,132,100,0,EURCHF,Pepperstone MT5
2002.11.11,1.46220,1.46480,1.46120,1.46350,10308,100,0,EURCHF,Pepperstone MT5
2002.11.12,1.46350,1.46450,1.46060,1.46140,13095,100,0,EURCHF,Pepperstone MT5
2002.11.13,1.46240,1.46820,1.46120,1.46670,12229,100,0,EURCHF,Pepperstone MT5
2002.11.14,1.46660,1.46750,1.46440,1.46680,11775,100,0,EURCHF,Pepperstone MT5
2002.11.15,1.46680,1.46780,1.46460,1.46550,11596,100,0,EURCHF,Pepperstone MT5
2002.11.16,1.46560,1.46670,1.46430,1.46620,246,100,0,EURCHF,Pepperstone MT5
2002.11.18,1.46550,1.46940,1.46460,1.46750,12219,100,0,EURCHF,Pepperstone MT5
2002.11.19,1.46740,1.46990,1.46590,1.46780,11805,100,0,EURCHF,Pepperstone MT5
2002.11.20,1.46840,1.47000,1.46630,1.46860,10144,100,0,EURCHF,Pepperstone MT5
2002.11.21,1.46870,1.47050,1.46730,1.46940,9639,100,0,EURCHF,Pepperstone MT5
2002.11.22,1.46950,1.47400,1.46870,1.47280,10604,100,0,EURCHF,Pepperstone MT5
2002.11.23,1.47300,1.47330,1.47180,1.47280,93,100,0,EURCHF,Pepperstone MT5
2002.11.25,1.47220,1.47630,1.47120,1.47260,10892,100,0,EURCHF,Pepperstone MT5
2002.11.26,1.47320,1.47560,1.47160,1.47330,10984,100,0,EURCHF,Pepperstone MT5
2002.11.27,1.47310,1.47700,1.47180,1.47530,11334,100,0,EURCHF,Pepperstone MT5
2002.11.28,1.47490,1.47700,1.47310,1.47500,9597,100,0,EURCHF,Pepperstone MT5
2002.11.29,1.47560,1.47720,1.47350,1.47480,10874,100,0,EURCHF,Pepperstone MT5
2002.11.30,1.47520,1.47570,1.47310,1.47410,30,100,0,EURCHF,Pepperstone MT5
2002.12.02,1.47600,1.47890,1.47110,1.47210,10253,100,0,EURCHF,Pepperstone MT5
2002.12.03,1.47190,1.47460,1.47050,1.47120,11324,100,0,EURCHF,Pepperstone MT5
2002.12.04,1.47130,1.47420,1.47030,1.47320,11523,100,0,EURCHF,Pepperstone MT5
2002.12.05,1.47350,1.47520,1.47070,1.47070,10733,100,0,EURCHF,Pepperstone MT5
2002.12.06,1.47100,1.47370,1.46910,1.47140,11868,100,0,EURCHF,Pepperstone MT5
2002.12.07,1.47180,1.47250,1.47010,1.47190,235,100,0,EURCHF,Pepperstone MT5
2002.12.09,1.47130,1.47510,1.46990,1.47290,11671,100,0,EURCHF,Pepperstone MT5
2002.12.10,1.47280,1.47500,1.47220,1.47330,11458,100,0,EURCHF,Pepperstone MT5
2002.12.11,1.47380,1.47560,1.47160,1.47380,12100,100,0,EURCHF,Pepperstone MT5
2002.12.12,1.47430,1.47860,1.47270,1.47700,12027,100,0,EURCHF,Pepperstone MT5
2002.12.13,1.47710,1.47960,1.47350,1.47710,12380,100,0,EURCHF,Pepperstone MT5
2002.12.14,1.47720,1.47760,1.47630,1.47730,209,100,0,EURCHF,Pepperstone MT5
2002.12.16,1.47620,1.47870,1.47380,1.47500,11956,100,0,EURCHF,Pepperstone MT5
2002.12.17,1.47510,1.47630,1.46640,1.46720,12903,100,0,EURCHF,Pepperstone MT5
2002.12.18,1.46710,1.46940,1.46120,1.46330,12682,100,0,EURCHF,Pepperstone MT5
2002.12.19,1.46350,1.46510,1.46020,1.46220,12845,100,0,EURCHF,Pepperstone MT5
2002.12.20,1.46190,1.46420,1.46010,1.46260,12225,100,0,EURCHF,Pepperstone MT5
2002.12.21,1.46260,1.46330,1.46190,1.46260,73,100,0,EURCHF,Pepperstone MT5
2002.12.23,1.46140,1.46410,1.45470,1.45570,11022,100,0,EURCHF,Pepperstone MT5
2002.12.24,1.45550,1.45800,1.45020,1.45170,10270,100,0,EURCHF,Pepperstone MT5
2002.12.25,1.45040,1.45280,1.44840,1.45130,4925,100,0,EURCHF,Pepperstone MT5
2002.12.26,1.45130,1.45620,1.45000,1.45520,9650,100,0,EURCHF,Pepperstone MT5
2002.12.27,1.45490,1.45800,1.45040,1.45110,11537,100,0,EURCHF,Pepperstone MT5
2002.12.28,1.45110,1.45190,1.45050,1.45120,123,100,0,EURCHF,Pepperstone MT5
2002.12.30,1.45280,1.45690,1.45080,1.45380,10320,100,0,EURCHF,Pepperstone MT5
2002.12.31,1.45370,1.45760,1.44950,1.45070,10379,100,0,EURCHF,Pepperstone MT5
2003.01.01,1.45080,1.45220,1.44860,1.45180,1170,50,0,EURCHF,Pepperstone MT5
2003.01.02,1.45190,1.45490,1.45010,1.45330,10391,50,0,EURCHF,Pepperstone MT5
2003.01.03,1.45300,1.45800,1.45200,1.45690,12020,50,0,EURCHF,Pepperstone MT5
2003.01.04,1.45700,1.45830,1.45620,1.45720,71,50,0,EURCHF,Pepperstone MT5
2003.01.06,1.45690,1.45910,1.45450,1.45710,12153,50,0,EURCHF,Pepperstone MT5
2003.01.07,1.45690,1.46030,1.45530,1.45820,12509,50,0,EURCHF,Pepperstone MT5
2003.01.08,1.45880,1.46100,1.45380,1.45660,12314,50,0,EURCHF,Pepperstone MT5
2003.01.09,1.45650,1.46110,1.45510,1.45950,12425,50,0,EURCHF,Pepperstone MT5
2003.01.10,1.45970,1.46270,1.45790,1.46010,12436,50,0,EURCHF,Pepperstone MT5
2003.01.11,1.45990,1.46050,1.45860,1.45980,110,50,0,EURCHF,Pepperstone MT5
2003.01.13,1.45940,1.46270,1.45840,1.46130,11595,50,0,EURCHF,Pepperstone MT5
2003.01.14,1.46120,1.46450,1.46060,1.46370,12602,50,0,EURCHF,Pepperstone MT5
2003.01.15,1.46300,1.46510,1.46050,1.46150,12128,50,0,EURCHF,Pepperstone MT5
2003.01.16,1.46080,1.46430,1.45830,1.45970,12484,50,0,EURCHF,Pepperstone MT5
2003.01.17,1.45940,1.46200,1.45760,1.46040,13067,50,0,EURCHF,Pepperstone MT5
2003.01.18,1.46050,1.46090,1.45890,1.45920,161,50,0,EURCHF,Pepperstone MT5
2003.01.20,1.46070,1.46260,1.45910,1.46100,12097,50,0,EURCHF,Pepperstone MT5
2003.01.21,1.46140,1.46300,1.45990,1.46210,13453,50,0,EURCHF,Pepperstone MT5
2003.01.22,1.46180,1.46430,1.46070,1.46350,13656,50,0,EURCHF,Pepperstone MT5
2003.01.23,1.46360,1.46570,1.46190,1.46450,12558,50,0,EURCHF,Pepperstone MT5
2003.01.24,1.46480,1.46820,1.46260,1.46510,13530,50,0,EURCHF,Pepperstone MT5
2003.01.25,1.46550,1.46820,1.46410,1.46800,480,50,0,EURCHF,Pepperstone MT5
2003.01.27,1.46570,1.47020,1.46520,1.46860,12396,50,0,EURCHF,Pepperstone MT5
2003.01.28,1.46850,1.47100,1.46690,1.46850,12636,50,0,EURCHF,Pepperstone MT5
2003.01.29,1.46890,1.47100,1.46630,1.46890,14096,50,0,EURCHF,Pepperstone MT5
2003.01.30,1.46890,1.47130,1.46550,1.46690,12945,50,0,EURCHF,Pepperstone MT5
2003.01.31,1.46810,1.46990,1.46600,1.46920,12485,50,0,EURCHF,Pepperstone MT5
2003.02.01,1.46890,1.46950,1.46760,1.46870,116,50,0,EURCHF,Pepperstone MT5
2003.02.03,1.46860,1.47010,1.46560,1.46740,9907,50,0,EURCHF,Pepperstone MT5
2003.02.04,1.46730,1.46900,1.46440,1.46580,11363,50,0,EURCHF,Pepperstone MT5
2003.02.05,1.46570,1.47030,1.46350,1.46690,13634,50,0,EURCHF,Pepperstone MT5
2003.02.06,1.46710,1.46830,1.46460,1.46690,10909,50,0,EURCHF,Pepperstone MT5
2003.02.07,1.46690,1.46830,1.46520,1.46660,11085,50,0,EURCHF,Pepperstone MT5
2003.02.08,1.46680,1.46780,1.46600,1.46670,140,50,0,EURCHF,Pepperstone MT5
2003.02.10,1.46650,1.46790,1.46430,1.46690,9517,50,0,EURCHF,Pepperstone MT5
2003.02.11,1.46700,1.46900,1.46510,1.46780,12630,50,0,EURCHF,Pepperstone MT5
2003.02.12,1.46780,1.47020,1.46600,1.46890,9774,50,0,EURCHF,Pepperstone MT5
2003.02.13,1.46890,1.47060,1.46680,1.46810,12355,50,0,EURCHF,Pepperstone MT5
2003.02.14,1.46840,1.47120,1.46680,1.46970,10734,50,0,EURCHF,Pepperstone MT5
2003.02.15,1.47000,1.47090,1.46940,1.46980,178,50,0,EURCHF,Pepperstone MT5
2003.02.17,1.47060,1.47410,1.46790,1.47140,12304,50,0,EURCHF,Pepperstone MT5
2003.02.18,1.47180,1.47290,1.46810,1.47110,10680,50,0,EURCHF,Pepperstone MT5
2003.02.19,1.47100,1.47320,1.46900,1.47010,14279,50,0,EURCHF,Pepperstone MT5
2003.02.20,1.46970,1.47160,1.46720,1.46810,11683,50,0,EURCHF,Pepperstone MT5
2003.02.21,1.46770,1.47080,1.46570,1.47020,12881,50,0,EURCHF,Pepperstone MT5
2003.02.22,1.47040,1.47100,1.46950,1.47030,95,50,0,EURCHF,Pepperstone MT5
2003.02.24,1.47040,1.47140,1.46260,1.46420,10235,50,0,EURCHF,Pepperstone MT5
2003.02.25,1.46410,1.46630,1.45840,1.46090,12086,50,0,EURCHF,Pepperstone MT5
2003.02.26,1.46110,1.46400,1.45920,1.46190,10530,50,0,EURCHF,Pepperstone MT5
2003.02.27,1.46160,1.46570,1.46110,1.46270,10756,50,0,EURCHF,Pepperstone MT5
2003.02.28,1.46250,1.46450,1.45900,1.46090,10665,50,0,EURCHF,Pepperstone MT5
2003.03.01,1.46100,1.46120,1.45990,1.46080,172,50,0,EURCHF,Pepperstone MT5
2003.03.03,1.46160,1.46360,1.45610,1.45700,10917,50,0,EURCHF,Pepperstone MT5
2003.03.04,1.45690,1.46140,1.45650,1.45850,11331,50,0,EURCHF,Pepperstone MT5
2003.03.05,1.45840,1.46110,1.45700,1.45880,11271,50,0,EURCHF,Pepperstone MT5
2003.03.06,1.45870,1.46590,1.45790,1.46450,11326,50,0,EURCHF,Pepperstone MT5
2003.03.07,1.46440,1.47170,1.46270,1.47080,11031,50,0,EURCHF,Pepperstone MT5
2003.03.08,1.47060,1.47100,1.46840,1.47050,302,50,0,EURCHF,Pepperstone MT5
2003.03.10,1.46970,1.47070,1.46380,1.46490,10413,50,0,EURCHF,Pepperstone MT5
2003.03.11,1.46480,1.46950,1.46420,1.46730,10835,50,0,EURCHF,Pepperstone MT5
2003.03.12,1.46740,1.46980,1.46580,1.46870,11460,50,0,EURCHF,Pepperstone MT5
2003.03.13,1.46880,1.47140,1.46470,1.46840,12043,50,0,EURCHF,Pepperstone MT5
2003.03.14,1.46820,1.46990,1.46580,1.46800,11366,50,0,EURCHF,Pepperstone MT5
2003.03.15,1.46780,1.46880,1.46640,1.46810,219,50,0,EURCHF,Pepperstone MT5
2003.03.17,1.46670,1.47050,1.46490,1.46820,11434,50,0,EURCHF,Pepperstone MT5
2003.03.18,1.46780,1.47300,1.46640,1.47080,12519,50,0,EURCHF,Pepperstone MT5
2003.03.19,1.47050,1.47360,1.46920,1.47240,11584,50,0,EURCHF,Pepperstone MT5
2003.03.20,1.47230,1.47470,1.46880,1.47270,12705,50,0,EURCHF,Pepperstone MT5
2003.03.21,1.47270,1.47710,1.47140,1.47640,11194,50,0,EURCHF,Pepperstone MT5
2003.03.22,1.47650,1.47700,1.47550,1.47630,102,50,0,EURCHF,Pepperstone MT5
2003.03.24,1.47490,1.47600,1.47200,1.47360,10401,50,0,EURCHF,Pepperstone MT5
2003.03.25,1.47360,1.47490,1.47040,1.47330,11180,50,0,EURCHF,Pepperstone MT5
2003.03.26,1.47350,1.47850,1.47210,1.47720,10759,50,0,EURCHF,Pepperstone MT5
2003.03.27,1.47720,1.48140,1.47610,1.47820,12058,50,0,EURCHF,Pepperstone MT5
2003.03.28,1.47780,1.47990,1.47310,1.47690,12562,50,0,EURCHF,Pepperstone MT5
2003.03.29,1.47710,1.47780,1.47590,1.47680,98,50,0,EURCHF,Pepperstone MT5
2003.03.31,1.47630,1.47770,1.47310,1.47540,12982,50,0,EURCHF,Pepperstone MT5
2003.04.01,1.47550,1.47850,1.47380,1.47710,11416,50,0,EURCHF,Pepperstone MT5
2003.04.02,1.47720,1.48610,1.47630,1.48550,13029,50,0,EURCHF,Pepperstone MT5
2003.04.03,1.48540,1.48700,1.48150,1.48330,13117,50,0,EURCHF,Pepperstone MT5
2003.04.04,1.48320,1.48840,1.48150,1.48690,14372,50,0,EURCHF,Pepperstone MT5
2003.04.05,1.48710,1.48770,1.48570,1.48700,339,50,0,EURCHF,Pepperstone MT5
2003.04.07,1.48750,1.48960,1.48370,1.48440,12628,50,0,EURCHF,Pepperstone MT5
2003.04.08,1.48440,1.48740,1.48330,1.48560,13143,50,0,EURCHF,Pepperstone MT5
2003.04.09,1.48500,1.48870,1.48500,1.48660,12478,50,0,EURCHF,Pepperstone MT5
2003.04.10,1.48620,1.49780,1.48560,1.49690,12830,50,0,EURCHF,Pepperstone MT5
2003.04.11,1.49680,1.49990,1.49430,1.49800,11925,50,0,EURCHF,Pepperstone MT5
2003.04.12,1.49800,1.49900,1.49720,1.49800,122,50,0,EURCHF,Pepperstone MT5
2003.04.14,1.49770,1.49900,1.49370,1.49710,11927,50,0,EURCHF,Pepperstone MT5
2003.04.15,1.49710,1.50460,1.49600,1.50350,11774,50,0,EURCHF,Pepperstone MT5
2003.04.16,1.50330,1.50540,1.49470,1.49610,11485,50,0,EURCHF,Pepperstone MT5
2003.04.17,1.49650,1.50340,1.49480,1.50290,12019,50,0,EURCHF,Pepperstone MT5
2003.04.18,1.50290,1.50430,1.50060,1.50330,7762,50,0,EURCHF,Pepperstone MT5
2003.04.19,1.50320,1.50440,1.50300,1.50300,51,50,0,EURCHF,Pepperstone MT5
2003.04.21,1.50230,1.51020,1.50130,1.50860,8397,50,0,EURCHF,Pepperstone MT5
2003.04.22,1.50860,1.50990,1.50210,1.50410,11090,50,0,EURCHF,Pepperstone MT5
2003.04.23,1.50420,1.50900,1.50320,1.50740,11960,50,0,EURCHF,Pepperstone MT5
2003.04.24,1.50780,1.50810,1.49880,1.50200,12403,50,0,EURCHF,Pepperstone MT5
2003.04.25,1.50220,1.50390,1.49980,1.50280,11411,50,0,EURCHF,Pepperstone MT5
2003.04.26,1.50280,1.50320,1.50230,1.50280,87,50,0,EURCHF,Pepperstone MT5
2003.04.28,1.50180,1.50830,1.50090,1.50660,10999,50,0,EURCHF,Pepperstone MT5
2003.04.29,1.50660,1.50950,1.50440,1.50900,10280,50,0,EURCHF,Pepperstone MT5
2003.04.30,1.50910,1.51580,1.50750,1.51500,12762,50,0,EURCHF,Pepperstone MT5
2003.05.01,1.51470,1.51820,1.50770,1.51050,12266,50,0,EURCHF,Pepperstone MT5
2003.05.02,1.51030,1.51240,1.50810,1.50950,11778,50,0,EURCHF,Pepperstone MT5
2003.05.03,1.50960,1.51230,1.50870,1.50930,177,50,0,EURCHF,Pepperstone MT5
2003.05.05,1.50950,1.51720,1.50840,1.51540,11968,50,0,EURCHF,Pepperstone MT5
2003.05.06,1.51570,1.51770,1.51070,1.51470,13863,50,0,EURCHF,Pepperstone MT5
2003.05.07,1.51420,1.51740,1.50180,1.50420,14345,50,0,EURCHF,Pepperstone MT5
2003.05.08,1.50420,1.51100,1.50150,1.50970,14882,50,0,EURCHF,Pepperstone MT5
2003.05.09,1.50990,1.51310,1.50560,1.51000,14798,50,0,EURCHF,Pepperstone MT5
2003.05.10,1.50940,1.51030,1.50880,1.50960,179,50,0,EURCHF,Pepperstone MT5
2003.05.12,1.51030,1.51680,1.50910,1.51550,13457,50,0,EURCHF,Pepperstone MT5
2003.05.13,1.51560,1.51740,1.51070,1.51450,14080,50,0,EURCHF,Pepperstone MT5
2003.05.14,1.51450,1.51730,1.50880,1.51350,12545,50,0,EURCHF,Pepperstone MT5
2003.05.15,1.51330,1.51440,1.50300,1.50820,13047,50,0,EURCHF,Pepperstone MT5
2003.05.16,1.50810,1.51430,1.50450,1.51370,12590,50,0,EURCHF,Pepperstone MT5
2003.05.17,1.51390,1.51580,1.51360,1.51550,218,50,0,EURCHF,Pepperstone MT5
2003.05.19,1.51660,1.51660,1.50980,1.51150,12498,50,0,EURCHF,Pepperstone MT5
2003.05.20,1.51180,1.51460,1.51010,1.51230,12891,50,0,EURCHF,Pepperstone MT5
2003.05.21,1.51220,1.51580,1.50600,1.51320,13016,50,0,EURCHF,Pepperstone MT5
2003.05.22,1.51330,1.51640,1.51050,1.51500,12436,50,0,EURCHF,Pepperstone MT5
2003.05.23,1.51470,1.52530,1.51410,1.52470,12009,50,0,EURCHF,Pepperstone MT5
2003.05.24,1.52490,1.52650,1.52470,1.52600,129,50,0,EURCHF,Pepperstone MT5
2003.05.26,1.52640,1.52960,1.52280,1.52820,10458,50,0,EURCHF,Pepperstone MT5
2003.05.27,1.52840,1.52990,1.52070,1.52120,12566,50,0,EURCHF,Pepperstone MT5
2003.05.28,1.52130,1.52700,1.52020,1.52440,11828,50,0,EURCHF,Pepperstone MT5
2003.05.29,1.52420,1.53160,1.52380,1.52860,13594,50,0,EURCHF,Pepperstone MT5
2003.05.30,1.52840,1.53350,1.52630,1.52920,13597,50,0,EURCHF,Pepperstone MT5
2003.05.31,1.52960,1.53100,1.52740,1.52910,164,50,0,EURCHF,Pepperstone MT5
2003.06.02,1.52950,1.53080,1.52270,1.52810,12615,50,0,EURCHF,Pepperstone MT5
2003.06.03,1.52840,1.53950,1.52720,1.53800,13035,50,0,EURCHF,Pepperstone MT5
2003.06.04,1.53840,1.53960,1.53290,1.53520,13535,50,0,EURCHF,Pepperstone MT5
2003.06.05,1.53540,1.54500,1.53400,1.54000,14032,50,0,EURCHF,Pepperstone MT5
2003.06.06,1.53990,1.55080,1.53900,1.54500,14063,50,0,EURCHF,Pepperstone MT5
2003.06.07,1.54460,1.54510,1.54350,1.54460,154,50,0,EURCHF,Pepperstone MT5
2003.06.09,1.54430,1.54750,1.53760,1.54170,13571,50,0,EURCHF,Pepperstone MT5
2003.06.10,1.54150,1.54390,1.53470,1.53760,12886,50,0,EURCHF,Pepperstone MT5
2003.06.11,1.53770,1.53990,1.53290,1.53820,13440,50,0,EURCHF,Pepperstone MT5
2003.06.12,1.53850,1.54360,1.53440,1.54190,12809,50,0,EURCHF,Pepperstone MT5
2003.06.13,1.54160,1.55040,1.53800,1.53970,12990,50,0,EURCHF,Pepperstone MT5
2003.06.14,1.53970,1.54140,1.53720,1.54140,287,50,0,EURCHF,Pepperstone MT5
2003.06.16,1.54080,1.54680,1.53900,1.54320,12674,50,0,EURCHF,Pepperstone MT5
2003.06.17,1.54370,1.54480,1.53860,1.54280,12570,50,0,EURCHF,Pepperstone MT5
2003.06.18,1.54280,1.54880,1.54050,1.54600,13006,50,0,EURCHF,Pepperstone MT5
2003.06.19,1.54560,1.55470,1.53860,1.54080,14885,50,0,EURCHF,Pepperstone MT5
2003.06.20,1.54070,1.54650,1.53990,1.54160,13492,50,0,EURCHF,Pepperstone MT5
2003.06.21,1.54140,1.54320,1.54110,1.54210,287,50,0,EURCHF,Pepperstone MT5
2003.06.23,1.54170,1.54360,1.52840,1.52940,13479,50,0,EURCHF,Pepperstone MT5
2003.06.24,1.52960,1.53410,1.52690,1.52940,13268,50,0,EURCHF,Pepperstone MT5
2003.06.25,1.52940,1.53830,1.52640,1.53280,13822,50,0,EURCHF,Pepperstone MT5
2003.06.26,1.53230,1.54480,1.53180,1.54380,14820,50,0,EURCHF,Pepperstone MT5
2003.06.27,1.54340,1.54890,1.54130,1.54310,13883,50,0,EURCHF,Pepperstone MT5
2003.06.28,1.54310,1.54420,1.54190,1.54210,78,50,0,EURCHF,Pepperstone MT5
2003.06.30,1.54320,1.55680,1.54120,1.55500,12381,50,0,EURCHF,Pepperstone MT5
2003.07.01,1.55500,1.56070,1.55060,1.55290,13423,50,0,EURCHF,Pepperstone MT5
2003.07.02,1.55310,1.55700,1.54930,1.55140,13532,50,0,EURCHF,Pepperstone MT5
2003.07.03,1.55150,1.55400,1.54640,1.55090,12873,50,0,EURCHF,Pepperstone MT5
2003.07.04,1.55090,1.55170,1.54740,1.54910,12697,50,0,EURCHF,Pepperstone MT5
2003.07.05,1.55100,1.55120,1.54880,1.55110,31,50,0,EURCHF,Pepperstone MT5
2003.07.07,1.54890,1.55640,1.54650,1.55440,13620,50,0,EURCHF,Pepperstone MT5
2003.07.08,1.55430,1.55670,1.54760,1.54960,15337,50,0,EURCHF,Pepperstone MT5
2003.07.09,1.54920,1.55200,1.54150,1.54390,13706,50,0,EURCHF,Pepperstone MT5
2003.07.10,1.54350,1.55260,1.53690,1.54890,13754,50,0,EURCHF,Pepperstone MT5
2003.07.11,1.54870,1.55460,1.54620,1.55420,13419,50,0,EURCHF,Pepperstone MT5
2003.07.12,1.55400,1.55540,1.55130,1.55490,292,50,0,EURCHF,Pepperstone MT5
2003.07.14,1.55360,1.55540,1.54790,1.54990,13218,50,0,EURCHF,Pepperstone MT5
2003.07.15,1.54980,1.55350,1.54670,1.54840,13636,50,0,EURCHF,Pepperstone MT5
2003.07.16,1.54820,1.55170,1.54010,1.54290,13610,50,0,EURCHF,Pepperstone MT5
2003.07.17,1.54300,1.54570,1.53440,1.53620,13621,50,0,EURCHF,Pepperstone MT5
2003.07.18,1.53560,1.54000,1.52990,1.53590,13600,50,0,EURCHF,Pepperstone MT5
2003.07.19,1.53580,1.53660,1.53520,1.53550,114,50,0,EURCHF,Pepperstone MT5
2003.07.21,1.53350,1.53980,1.53250,1.53670,11937,50,0,EURCHF,Pepperstone MT5
2003.07.22,1.53660,1.54530,1.53550,1.54240,13423,50,0,EURCHF,Pepperstone MT5
2003.07.23,1.54200,1.54780,1.54140,1.54650,13572,50,0,EURCHF,Pepperstone MT5
2003.07.24,1.54630,1.55050,1.54360,1.54430,13207,50,0,EURCHF,Pepperstone MT5
2003.07.25,1.54410,1.54950,1.54390,1.54800,12880,50,0,EURCHF,Pepperstone MT5
2003.07.26,1.54770,1.54810,1.54590,1.54610,162,50,0,EURCHF,Pepperstone MT5
2003.07.28,1.54590,1.55050,1.54560,1.54710,12184,50,0,EURCHF,Pepperstone MT5
2003.07.29,1.54750,1.54970,1.54500,1.54710,13132,50,0,EURCHF,Pepperstone MT5
2003.07.30,1.54740,1.55220,1.54610,1.54980,12630,50,0,EURCHF,Pepperstone MT5
2003.07.31,1.54910,1.55170,1.53880,1.53970,13347,50,0,EURCHF,Pepperstone MT5
2003.08.01,1.53960,1.54130,1.52920,1.53860,14175,50,0,EURCHF,Pepperstone MT5
2003.08.02,1.53900,1.54000,1.53810,1.53980,143,50,0,EURCHF,Pepperstone MT5
2003.08.04,1.53960,1.53970,1.52780,1.52980,12524,50,0,EURCHF,Pepperstone MT5
2003.08.05,1.53000,1.53580,1.52880,1.53510,13072,50,0,EURCHF,Pepperstone MT5
2003.08.06,1.53460,1.53630,1.53110,1.53440,13281,50,0,EURCHF,Pepperstone MT5
2003.08.07,1.53410,1.54000,1.53320,1.53620,12735,50,0,EURCHF,Pepperstone MT5
2003.08.08,1.53610,1.53960,1.53470,1.53750,12163,50,0,EURCHF,Pepperstone MT5
2003.08.09,1.53780,1.53850,1.53690,1.53710,128,50,0,EURCHF,Pepperstone MT5
2003.08.11,1.53740,1.54380,1.53450,1.54320,11546,50,0,EURCHF,Pepperstone MT5
2003.08.12,1.54310,1.54600,1.54000,1.54440,12494,50,0,EURCHF,Pepperstone MT5
2003.08.13,1.54420,1.54840,1.54230,1.54670,12693,50,0,EURCHF,Pepperstone MT5
2003.08.14,1.54690,1.54890,1.54130,1.54350,12731,50,0,EURCHF,Pepperstone MT5
2003.08.15,1.54340,1.54630,1.54140,1.54450,12954,50,0,EURCHF,Pepperstone MT5
2003.08.16,1.54480,1.54680,1.54280,1.54340,179,50,0,EURCHF,Pepperstone MT5
2003.08.18,1.54500,1.55190,1.54360,1.54740,11449,50,0,EURCHF,Pepperstone MT5
2003.08.19,1.54850,1.55100,1.54500,1.54680,12961,50,0,EURCHF,Pepperstone MT5
2003.08.20,1.54670,1.54800,1.54220,1.54350,12713,50,0,EURCHF,Pepperstone MT5
2003.08.21,1.54340,1.54500,1.53980,1.54360,12442,50,0,EURCHF,Pepperstone MT5
2003.08.22,1.54350,1.54490,1.54080,1.54170,12589,50,0,EURCHF,Pepperstone MT5
2003.08.23,1.54170,1.54310,1.54130,1.54250,107,50,0,EURCHF,Pepperstone MT5
2003.08.25,1.54190,1.54320,1.53840,1.53900,11518,50,0,EURCHF,Pepperstone MT5
2003.08.26,1.53910,1.54290,1.53190,1.53410,13254,50,0,EURCHF,Pepperstone MT5
2003.08.27,1.53380,1.54030,1.53260,1.53860,12721,50,0,EURCHF,Pepperstone MT5
2003.08.28,1.53870,1.54230,1.53700,1.53930,11867,50,0,EURCHF,Pepperstone MT5
2003.08.29,1.53930,1.54100,1.53590,1.53760,11917,50,0,EURCHF,Pepperstone MT5
2003.08.30,1.53770,1.53860,1.53690,1.53690,144,50,0,EURCHF,Pepperstone MT5
2003.09.01,1.53840,1.54070,1.53540,1.53620,10637,50,0,EURCHF,Pepperstone MT5
2003.09.02,1.53600,1.53890,1.53250,1.53380,12944,50,0,EURCHF,Pepperstone MT5
2003.09.03,1.53380,1.53600,1.52960,1.53510,13526,50,0,EURCHF,Pepperstone MT5
2003.09.04,1.53490,1.54070,1.53350,1.53750,12174,50,0,EURCHF,Pepperstone MT5
2003.09.05,1.53740,1.54200,1.53470,1.53530,13188,50,0,EURCHF,Pepperstone MT5
2003.09.06,1.53520,1.53660,1.53440,1.53560,327,50,0,EURCHF,Pepperstone MT5
2003.09.08,1.53560,1.54120,1.53540,1.53980,12710,50,0,EURCHF,Pepperstone MT5
2003.09.09,1.53950,1.54900,1.53920,1.54810,13274,50,0,EURCHF,Pepperstone MT5
2003.09.10,1.54800,1.55520,1.54630,1.55110,13154,50,0,EURCHF,Pepperstone MT5
2003.09.11,1.55090,1.55610,1.54850,1.55080,13534,50,0,EURCHF,Pepperstone MT5
2003.09.12,1.55110,1.55850,1.54940,1.55710,13212,50,0,EURCHF,Pepperstone MT5
2003.09.13,1.55730,1.55850,1.55640,1.55690,95,50,0,EURCHF,Pepperstone MT5
2003.09.15,1.55510,1.55960,1.55430,1.55760,12079,50,0,EURCHF,Pepperstone MT5
2003.09.16,1.55780,1.56290,1.55160,1.55330,12818,50,0,EURCHF,Pepperstone MT5
2003.09.17,1.55310,1.55740,1.54820,1.55650,13162,50,0,EURCHF,Pepperstone MT5
2003.09.18,1.55680,1.56110,1.55410,1.55870,13250,50,0,EURCHF,Pepperstone MT5
2003.09.19,1.55880,1.56120,1.55290,1.55550,12835,50,0,EURCHF,Pepperstone MT5
2003.09.20,1.55530,1.55850,1.55420,1.55840,240,50,0,EURCHF,Pepperstone MT5
2003.09.22,1.55830,1.55970,1.55090,1.55260,14036,50,0,EURCHF,Pepperstone MT5
2003.09.23,1.55290,1.55650,1.55040,1.55530,12909,50,0,EURCHF,Pepperstone MT5
2003.09.24,1.55530,1.55650,1.55120,1.55210,12591,50,0,EURCHF,Pepperstone MT5
2003.09.25,1.55210,1.55420,1.54330,1.54400,13897,50,0,EURCHF,Pepperstone MT5
2003.09.26,1.54390,1.54660,1.54030,1.54190,13036,50,0,EURCHF,Pepperstone MT5
2003.09.27,1.54150,1.54340,1.54010,1.54150,285,50,0,EURCHF,Pepperstone MT5
2003.09.29,1.54140,1.54500,1.53630,1.53740,13214,50,0,EURCHF,Pepperstone MT5
2003.09.30,1.53740,1.54200,1.53510,1.53780,14760,50,0,EURCHF,Pepperstone MT5
2003.10.01,1.53790,1.54360,1.53660,1.53890,13531,50,0,EURCHF,Pepperstone MT5
2003.10.02,1.53930,1.54390,1.53860,1.54050,13645,50,0,EURCHF,Pepperstone MT5
2003.10.03,1.54010,1.54870,1.53960,1.54770,13358,50,0,EURCHF,Pepperstone MT5
2003.10.04,1.54790,1.54910,1.54670,1.54860,301,50,0,EURCHF,Pepperstone MT5
2003.10.06,1.54640,1.54890,1.54290,1.54620,12590,50,0,EURCHF,Pepperstone MT5
2003.10.07,1.54600,1.55070,1.54480,1.54840,12793,50,0,EURCHF,Pepperstone MT5
2003.10.08,1.54850,1.55250,1.54440,1.55020,13271,50,0,EURCHF,Pepperstone MT5
2003.10.09,1.55010,1.55300,1.54600,1.54750,13636,50,0,EURCHF,Pepperstone MT5
2003.10.10,1.54770,1.55140,1.54590,1.54950,12388,50,0,EURCHF,Pepperstone MT5
2003.10.11,1.54940,1.55090,1.54850,1.54930,132,50,0,EURCHF,Pepperstone MT5
2003.10.13,1.54870,1.55100,1.54650,1.54830,11239,50,0,EURCHF,Pepperstone MT5
2003.10.14,1.54870,1.55030,1.54240,1.54450,14175,50,0,EURCHF,Pepperstone MT5
2003.10.15,1.54500,1.55000,1.54330,1.54830,15100,50,0,EURCHF,Pepperstone MT5
2003.10.16,1.54850,1.55050,1.54550,1.54770,13818,50,0,EURCHF,Pepperstone MT5
2003.10.17,1.54760,1.55440,1.54670,1.55120,13271,50,0,EURCHF,Pepperstone MT5
2003.10.18,1.55140,1.55170,1.54990,1.55050,158,50,0,EURCHF,Pepperstone MT5
2003.10.20,1.55190,1.55420,1.54990,1.55110,13281,50,0,EURCHF,Pepperstone MT5
2003.10.21,1.55090,1.55470,1.54990,1.55220,13207,50,0,EURCHF,Pepperstone MT5
2003.10.22,1.55230,1.55560,1.55000,1.55070,12817,50,0,EURCHF,Pepperstone MT5
2003.10.23,1.55050,1.55280,1.54420,1.54830,13773,50,0,EURCHF,Pepperstone MT5
2003.10.24,1.54840,1.55030,1.54400,1.54690,13604,50,0,EURCHF,Pepperstone MT5
2003.10.25,1.54720,1.54840,1.54590,1.54760,125,50,0,EURCHF,Pepperstone MT5
2003.10.27,1.54730,1.54950,1.54450,1.54780,12536,50,0,EURCHF,Pepperstone MT5
2003.10.28,1.54810,1.55470,1.54550,1.55350,14224,50,0,EURCHF,Pepperstone MT5
2003.10.29,1.55350,1.55500,1.54840,1.55270,13398,50,0,EURCHF,Pepperstone MT5
2003.10.30,1.55230,1.55440,1.54740,1.54980,13022,50,0,EURCHF,Pepperstone MT5
2003.10.31,1.55000,1.55410,1.54780,1.55280,13430,50,0,EURCHF,Pepperstone MT5
2003.11.01,1.55280,1.55400,1.55160,1.55230,153,50,0,EURCHF,Pepperstone MT5
2003.11.03,1.55170,1.56050,1.55080,1.55870,12826,50,0,EURCHF,Pepperstone MT5
2003.11.04,1.55910,1.56630,1.55760,1.56480,13101,50,0,EURCHF,Pepperstone MT5
2003.11.05,1.56510,1.56910,1.56400,1.56660,12778,50,0,EURCHF,Pepperstone MT5
2003.11.06,1.56670,1.57290,1.56500,1.57230,13573,50,0,EURCHF,Pepperstone MT5
2003.11.07,1.57220,1.57370,1.56710,1.57180,13916,50,0,EURCHF,Pepperstone MT5
2003.11.08,1.57180,1.57590,1.57090,1.57410,168,50,0,EURCHF,Pepperstone MT5
2003.11.10,1.57180,1.57470,1.57040,1.57400,12414,50,0,EURCHF,Pepperstone MT5
2003.11.11,1.57380,1.57550,1.56590,1.56860,12238,50,0,EURCHF,Pepperstone MT5
2003.11.12,1.56850,1.57320,1.56540,1.57220,12755,50,0,EURCHF,Pepperstone MT5
2003.11.13,1.57260,1.57400,1.56800,1.56860,13445,50,0,EURCHF,Pepperstone MT5
2003.11.14,1.56860,1.57070,1.56100,1.56340,14690,50,0,EURCHF,Pepperstone MT5
2003.11.15,1.56330,1.56500,1.56190,1.56400,127,50,0,EURCHF,Pepperstone MT5
2003.11.17,1.56160,1.56480,1.55400,1.55590,13921,50,0,EURCHF,Pepperstone MT5
2003.11.18,1.55640,1.55930,1.54550,1.54640,14524,50,0,EURCHF,Pepperstone MT5
2003.11.19,1.54630,1.55470,1.54570,1.55430,14978,50,0,EURCHF,Pepperstone MT5
2003.11.20,1.55410,1.55640,1.54620,1.54760,14415,50,0,EURCHF,Pepperstone MT5
2003.11.21,1.54780,1.54930,1.54460,1.54680,13908,50,0,EURCHF,Pepperstone MT5
2003.11.22,1.54680,1.54820,1.54640,1.54780,128,50,0,EURCHF,Pepperstone MT5
2003.11.24,1.54700,1.55550,1.54580,1.55440,12040,50,0,EURCHF,Pepperstone MT5
2003.11.25,1.55420,1.55610,1.55100,1.55430,13768,50,0,EURCHF,Pepperstone MT5
2003.11.26,1.55390,1.55540,1.54270,1.54310,13844,50,0,EURCHF,Pepperstone MT5
2003.11.27,1.54340,1.54990,1.54210,1.54900,11973,50,0,EURCHF,Pepperstone MT5
2003.11.28,1.54880,1.55170,1.54560,1.54840,12785,50,0,EURCHF,Pepperstone MT5
2003.11.29,1.54840,1.55000,1.54810,1.54970,134,50,0,EURCHF,Pepperstone MT5
2003.12.01,1.55030,1.55530,1.54750,1.55340,13948,50,0,EURCHF,Pepperstone MT5
2003.12.02,1.55310,1.55890,1.55140,1.55560,13548,50,0,EURCHF,Pepperstone MT5
2003.12.03,1.55600,1.56050,1.55450,1.55760,14194,50,0,EURCHF,Pepperstone MT5
2003.12.04,1.55790,1.56090,1.55510,1.55660,13864,50,0,EURCHF,Pepperstone MT5
2003.12.05,1.55680,1.55990,1.54910,1.55150,14148,50,0,EURCHF,Pepperstone MT5
2003.12.06,1.55100,1.55400,1.55040,1.55370,212,50,0,EURCHF,Pepperstone MT5
2003.12.08,1.55060,1.55430,1.54500,1.54950,13042,50,0,EURCHF,Pepperstone MT5
2003.12.09,1.54970,1.55080,1.54480,1.54700,13657,50,0,EURCHF,Pepperstone MT5
2003.12.10,1.54700,1.54990,1.54450,1.54790,13637,50,0,EURCHF,Pepperstone MT5
2003.12.11,1.54760,1.55380,1.54540,1.55070,14258,50,0,EURCHF,Pepperstone MT5
2003.12.12,1.55090,1.55290,1.54840,1.55090,13879,50,0,EURCHF,Pepperstone MT5
2003.12.13,1.55110,1.55200,1.55040,1.55090,150,50,0,EURCHF,Pepperstone MT5
2003.12.15,1.55430,1.55580,1.55090,1.55220,13489,50,0,EURCHF,Pepperstone MT5
2003.12.16,1.55210,1.55740,1.55090,1.55270,14428,50,0,EURCHF,Pepperstone MT5
2003.12.17,1.55270,1.55730,1.55070,1.55610,13779,50,0,EURCHF,Pepperstone MT5
2003.12.18,1.55560,1.55900,1.55130,1.55270,14095,50,0,EURCHF,Pepperstone MT5
2003.12.19,1.55300,1.55840,1.55160,1.55420,13587,50,0,EURCHF,Pepperstone MT5
2003.12.20,1.55600,1.55670,1.55240,1.55490,194,50,0,EURCHF,Pepperstone MT5
2003.12.22,1.55330,1.56110,1.55130,1.55910,12976,50,0,EURCHF,Pepperstone MT5
2003.12.23,1.55890,1.56300,1.55770,1.56000,12621,50,0,EURCHF,Pepperstone MT5
2003.12.24,1.56010,1.56110,1.55250,1.55380,11312,50,0,EURCHF,Pepperstone MT5
2003.12.25,1.55350,1.55740,1.55010,1.55530,7102,50,0,EURCHF,Pepperstone MT5
2003.12.26,1.55450,1.56180,1.55180,1.55890,9936,50,0,EURCHF,Pepperstone MT5
2003.12.27,1.55930,1.55950,1.55780,1.55900,84,50,0,EURCHF,Pepperstone MT5
2003.12.29,1.55730,1.56220,1.55660,1.56030,12797,50,0,EURCHF,Pepperstone MT5
2003.12.30,1.56040,1.56180,1.55790,1.55910,12810,50,0,EURCHF,Pepperstone MT5
2003.12.31,1.55860,1.56150,1.55620,1.56090,12540,50,0,EURCHF,Pepperstone MT5
2004.01.01,1.56050,1.56510,1.55800,1.56110,2496,50,0,EURCHF,Pepperstone MT5
2004.01.02,1.56140,1.56300,1.55730,1.55960,12619,50,0,EURCHF,Pepperstone MT5
2004.01.03,1.55980,1.56020,1.55840,1.55870,72,50,0,EURCHF,Pepperstone MT5
2004.01.05,1.56000,1.56450,1.55820,1.56160,13779,50,0,EURCHF,Pepperstone MT5
2004.01.06,1.56310,1.57060,1.56120,1.56750,14128,50,0,EURCHF,Pepperstone MT5
2004.01.07,1.56750,1.57180,1.56610,1.56740,14439,50,0,EURCHF,Pepperstone MT5
2004.01.08,1.56760,1.57110,1.56370,1.56610,14389,50,0,EURCHF,Pepperstone MT5
2004.01.09,1.56560,1.57010,1.56360,1.56700,14344,50,0,EURCHF,Pepperstone MT5
2004.01.10,1.56670,1.56790,1.56670,1.56710,128,50,0,EURCHF,Pepperstone MT5
2004.01.12,1.56680,1.56920,1.56260,1.56540,14106,50,0,EURCHF,Pepperstone MT5
2004.01.13,1.56560,1.56690,1.55820,1.55940,15298,50,0,EURCHF,Pepperstone MT5
2004.01.14,1.55940,1.56330,1.55760,1.55950,15733,50,0,EURCHF,Pepperstone MT5
2004.01.15,1.55920,1.56910,1.55790,1.56690,15815,50,0,EURCHF,Pepperstone MT5
2004.01.16,1.56710,1.57080,1.56440,1.56820,15819,50,0,EURCHF,Pepperstone MT5
2004.01.17,1.56840,1.56870,1.56730,1.56780,121,50,0,EURCHF,Pepperstone MT5
2004.01.19,1.56870,1.57260,1.56710,1.56960,13675,50,0,EURCHF,Pepperstone MT5
2004.01.20,1.56950,1.57510,1.56740,1.56870,15086,50,0,EURCHF,Pepperstone MT5
2004.01.21,1.56870,1.57230,1.56630,1.56800,15616,50,0,EURCHF,Pepperstone MT5
2004.01.22,1.56770,1.57090,1.56430,1.56740,15930,50,0,EURCHF,Pepperstone MT5
2004.01.23,1.56780,1.57010,1.56270,1.56390,16299,50,0,EURCHF,Pepperstone MT5
2004.01.24,1.56370,1.56480,1.56180,1.56370,275,50,0,EURCHF,Pepperstone MT5
2004.01.26,1.56330,1.56930,1.56170,1.56730,16629,50,0,EURCHF,Pepperstone MT5
2004.01.27,1.56740,1.57130,1.56470,1.56730,16826,50,0,EURCHF,Pepperstone MT5
2004.01.28,1.56720,1.57240,1.56520,1.56700,17998,50,0,EURCHF,Pepperstone MT5
2004.01.29,1.56700,1.56780,1.55970,1.56260,18082,50,0,EURCHF,Pepperstone MT5
2004.01.30,1.56230,1.56970,1.56010,1.56750,17933,50,0,EURCHF,Pepperstone MT5
2004.01.31,1.56770,1.56870,1.56550,1.56550,209,50,0,EURCHF,Pepperstone MT5
2004.02.02,1.56690,1.57060,1.56510,1.56800,15482,50,0,EURCHF,Pepperstone MT5
2004.02.03,1.56820,1.56980,1.56460,1.56630,17080,50,0,EURCHF,Pepperstone MT5
2004.02.04,1.56660,1.57100,1.56500,1.56760,16553,50,0,EURCHF,Pepperstone MT5
2004.02.05,1.56800,1.57130,1.56580,1.56920,17000,50,0,EURCHF,Pepperstone MT5
2004.02.06,1.56900,1.57180,1.56460,1.56780,16713,50,0,EURCHF,Pepperstone MT5
2004.02.07,1.56840,1.56950,1.56660,1.56750,412,50,0,EURCHF,Pepperstone MT5
2004.02.09,1.56790,1.57110,1.56360,1.56810,17460,50,0,EURCHF,Pepperstone MT5
2004.02.10,1.56840,1.57100,1.56630,1.56950,17653,50,0,EURCHF,Pepperstone MT5
2004.02.11,1.56980,1.57910,1.56760,1.57780,17490,50,0,EURCHF,Pepperstone MT5
2004.02.12,1.57810,1.57950,1.57370,1.57670,17495,50,0,EURCHF,Pepperstone MT5
2004.02.13,1.57680,1.58100,1.57420,1.57810,17783,50,0,EURCHF,Pepperstone MT5
2004.02.14,1.57770,1.57850,1.57640,1.57800,276,50,0,EURCHF,Pepperstone MT5
2004.02.16,1.57690,1.57880,1.57310,1.57580,15563,50,0,EURCHF,Pepperstone MT5
2004.02.17,1.57590,1.57790,1.57300,1.57570,17067,50,0,EURCHF,Pepperstone MT5
2004.02.18,1.57470,1.57790,1.57320,1.57570,17776,50,0,EURCHF,Pepperstone MT5
2004.02.19,1.57550,1.57900,1.57360,1.57570,17735,50,0,EURCHF,Pepperstone MT5
2004.02.20,1.57570,1.58160,1.57400,1.57890,18002,50,0,EURCHF,Pepperstone MT5
2004.02.21,1.57850,1.58030,1.57780,1.58000,197,50,0,EURCHF,Pepperstone MT5
2004.02.23,1.57900,1.58010,1.57540,1.57830,16787,50,0,EURCHF,Pepperstone MT5
2004.02.24,1.57840,1.58020,1.57170,1.57430,17670,50,0,EURCHF,Pepperstone MT5
2004.02.25,1.57460,1.57710,1.57180,1.57360,17585,50,0,EURCHF,Pepperstone MT5
2004.02.26,1.57430,1.57810,1.57150,1.57580,18266,50,0,EURCHF,Pepperstone MT5
2004.02.27,1.57580,1.58090,1.57480,1.57690,17132,50,0,EURCHF,Pepperstone MT5
2004.02.28,1.57690,1.57820,1.57560,1.57670,204,50,0,EURCHF,Pepperstone MT5
2004.03.01,1.57660,1.58060,1.57450,1.57840,15825,50,0,EURCHF,Pepperstone MT5
2004.03.02,1.57820,1.58740,1.57700,1.58340,17268,50,0,EURCHF,Pepperstone MT5
2004.03.03,1.58330,1.58570,1.57500,1.57710,18079,50,0,EURCHF,Pepperstone MT5
2004.03.04,1.57720,1.58140,1.57500,1.57690,17596,50,0,EURCHF,Pepperstone MT5
2004.03.05,1.57710,1.58030,1.57430,1.57870,17690,50,0,EURCHF,Pepperstone MT5
2004.03.06,1.57940,1.58060,1.57820,1.57960,210,50,0,EURCHF,Pepperstone MT5
2004.03.08,1.57880,1.58380,1.57670,1.58110,16527,50,0,EURCHF,Pepperstone MT5
2004.03.09,1.58120,1.58520,1.57580,1.57850,18191,50,0,EURCHF,Pepperstone MT5
2004.03.10,1.57900,1.58010,1.57410,1.57520,17714,50,0,EURCHF,Pepperstone MT5
2004.03.11,1.57450,1.57640,1.56270,1.56480,18340,50,0,EURCHF,Pepperstone MT5
2004.03.12,1.56470,1.57080,1.56240,1.56930,17647,50,0,EURCHF,Pepperstone MT5
2004.03.13,1.56950,1.57140,1.56790,1.57040,334,50,0,EURCHF,Pepperstone MT5
2004.03.15,1.56360,1.56750,1.56160,1.56450,16371,50,0,EURCHF,Pepperstone MT5
2004.03.16,1.56430,1.57050,1.56180,1.56820,17191,50,0,EURCHF,Pepperstone MT5
2004.03.17,1.56840,1.57000,1.56070,1.56280,17509,50,0,EURCHF,Pepperstone MT5
2004.03.18,1.56260,1.56520,1.55500,1.55800,18235,50,0,EURCHF,Pepperstone MT5
2004.03.19,1.55770,1.56280,1.55600,1.55970,17589,50,0,EURCHF,Pepperstone MT5
2004.03.20,1.55940,1.56150,1.55900,1.56010,250,50,0,EURCHF,Pepperstone MT5
2004.03.22,1.55990,1.56170,1.54970,1.55110,15846,50,0,EURCHF,Pepperstone MT5
2004.03.23,1.55110,1.55370,1.54730,1.55150,16124,50,0,EURCHF,Pepperstone MT5
2004.03.24,1.55150,1.55510,1.54720,1.54940,16360,50,0,EURCHF,Pepperstone MT5
2004.03.25,1.54950,1.55480,1.54570,1.55260,15752,50,0,EURCHF,Pepperstone MT5
2004.03.26,1.55320,1.55980,1.55140,1.55780,16066,50,0,EURCHF,Pepperstone MT5
2004.03.27,1.55830,1.55830,1.55600,1.55640,159,50,0,EURCHF,Pepperstone MT5
2004.03.29,1.55700,1.56330,1.55420,1.56090,14427,50,0,EURCHF,Pepperstone MT5
2004.03.30,1.56160,1.56320,1.55680,1.55980,17147,50,0,EURCHF,Pepperstone MT5
2004.03.31,1.55980,1.56190,1.55500,1.55850,17025,50,0,EURCHF,Pepperstone MT5
2004.04.01,1.55860,1.56260,1.55650,1.56180,16466,50,0,EURCHF,Pepperstone MT5
2004.04.02,1.56210,1.56860,1.55990,1.56580,15730,50,0,EURCHF,Pepperstone MT5
2004.04.03,1.56590,1.56690,1.56480,1.56560,468,50,0,EURCHF,Pepperstone MT5
2004.04.05,1.56460,1.56910,1.56340,1.56710,15338,50,0,EURCHF,Pepperstone MT5
2004.04.06,1.56720,1.56850,1.55980,1.56210,16467,50,0,EURCHF,Pepperstone MT5
2004.04.07,1.56240,1.56360,1.55160,1.55440,16047,50,0,EURCHF,Pepperstone MT5
2004.04.08,1.55410,1.55640,1.54850,1.54970,15830,50,0,EURCHF,Pepperstone MT5
2004.04.09,1.54980,1.55200,1.54680,1.54920,12279,50,0,EURCHF,Pepperstone MT5
2004.04.10,1.54950,1.55120,1.54910,1.55020,40,50,0,EURCHF,Pepperstone MT5
2004.04.12,1.54910,1.55280,1.54720,1.54870,13129,50,0,EURCHF,Pepperstone MT5
2004.04.13,1.54860,1.55500,1.54740,1.55220,15343,50,0,EURCHF,Pepperstone MT5
2004.04.14,1.55210,1.55470,1.54650,1.55240,16128,50,0,EURCHF,Pepperstone MT5
2004.04.15,1.55240,1.55480,1.54410,1.55230,16630,50,0,EURCHF,Pepperstone MT5
2004.04.16,1.55220,1.55530,1.55050,1.55310,16097,50,0,EURCHF,Pepperstone MT5
2004.04.17,1.55290,1.55450,1.55210,1.55390,193,50,0,EURCHF,Pepperstone MT5
2004.04.19,1.55060,1.55380,1.54810,1.54970,15001,50,0,EURCHF,Pepperstone MT5
2004.04.20,1.55020,1.55910,1.54900,1.55640,16538,50,0,EURCHF,Pepperstone MT5
2004.04.21,1.55630,1.55820,1.55310,1.55510,16969,50,0,EURCHF,Pepperstone MT5
2004.04.22,1.55500,1.55990,1.55170,1.55770,17277,50,0,EURCHF,Pepperstone MT5
2004.04.23,1.55750,1.56170,1.55640,1.55760,16361,50,0,EURCHF,Pepperstone MT5
2004.04.24,1.55780,1.55850,1.55610,1.55740,168,50,0,EURCHF,Pepperstone MT5
2004.04.26,1.55630,1.55890,1.54960,1.55070,15068,50,0,EURCHF,Pepperstone MT5
2004.04.27,1.55120,1.55220,1.54510,1.54860,15243,50,0,EURCHF,Pepperstone MT5
2004.04.28,1.54870,1.55060,1.54580,1.54710,16413,50,0,EURCHF,Pepperstone MT5
2004.04.29,1.54740,1.54840,1.54220,1.54670,16272,50,0,EURCHF,Pepperstone MT5
2004.04.30,1.54660,1.55590,1.54210,1.55160,16362,50,0,EURCHF,Pepperstone MT5
2004.05.03,1.55180,1.55460,1.55100,1.55350,13348,50,0,EURCHF,Pepperstone MT5
2004.05.04,1.55360,1.55550,1.54780,1.55010,15104,50,0,EURCHF,Pepperstone MT5
2004.05.05,1.54990,1.55270,1.54540,1.55100,15971,50,0,EURCHF,Pepperstone MT5
2004.05.06,1.55140,1.55290,1.54840,1.55080,15686,50,0,EURCHF,Pepperstone MT5
2004.05.07,1.55060,1.55300,1.54550,1.54700,16416,50,0,EURCHF,Pepperstone MT5
2004.05.08,1.54720,1.54810,1.54550,1.54730,251,50,0,EURCHF,Pepperstone MT5
2004.05.10,1.54750,1.54840,1.53740,1.53770,15842,50,0,EURCHF,Pepperstone MT5
2004.05.11,1.53840,1.54430,1.53750,1.53880,16173,50,0,EURCHF,Pepperstone MT5
2004.05.12,1.53870,1.54250,1.53410,1.54060,16333,50,0,EURCHF,Pepperstone MT5
2004.05.13,1.53990,1.54250,1.53530,1.53880,16574,50,0,EURCHF,Pepperstone MT5
2004.05.14,1.53890,1.54140,1.53750,1.54050,14709,50,0,EURCHF,Pepperstone MT5
2004.05.15,1.54040,1.54110,1.53860,1.54090,96,50,0,EURCHF,Pepperstone MT5
2004.05.17,1.54030,1.54240,1.53100,1.53390,16010,50,0,EURCHF,Pepperstone MT5
2004.05.18,1.53320,1.53790,1.53200,1.53380,15988,50,0,EURCHF,Pepperstone MT5
2004.05.19,1.53340,1.54180,1.53180,1.53420,15898,50,0,EURCHF,Pepperstone MT5
2004.05.20,1.53350,1.53920,1.53320,1.53770,16517,50,0,EURCHF,Pepperstone MT5
2004.05.21,1.53750,1.53890,1.53310,1.53690,15950,50,0,EURCHF,Pepperstone MT5
2004.05.22,1.53660,1.53930,1.53580,1.53740,260,50,0,EURCHF,Pepperstone MT5
2004.05.24,1.53660,1.53890,1.53350,1.53520,14707,50,0,EURCHF,Pepperstone MT5
2004.05.25,1.53480,1.54090,1.53380,1.54020,15758,50,0,EURCHF,Pepperstone MT5
2004.05.26,1.54010,1.54210,1.53590,1.54000,15558,50,0,EURCHF,Pepperstone MT5
2004.05.27,1.53960,1.54150,1.52600,1.52720,16057,50,0,EURCHF,Pepperstone MT5
2004.05.28,1.52740,1.53330,1.52610,1.53010,15896,50,0,EURCHF,Pepperstone MT5
2004.05.29,1.52990,1.53160,1.52930,1.53050,210,50,0,EURCHF,Pepperstone MT5
2004.05.31,1.53010,1.53080,1.52600,1.52860,14429,50,0,EURCHF,Pepperstone MT5
2004.06.01,1.52850,1.53320,1.52380,1.52630,16049,50,0,EURCHF,Pepperstone MT5
2004.06.02,1.52610,1.52890,1.52450,1.52720,15567,50,0,EURCHF,Pepperstone MT5
2004.06.03,1.52710,1.53000,1.52440,1.52800,15402,50,0,EURCHF,Pepperstone MT5
2004.06.04,1.52850,1.53000,1.52100,1.52260,15317,50,0,EURCHF,Pepperstone MT5
2004.06.05,1.52270,1.52300,1.52020,1.52220,214,50,0,EURCHF,Pepperstone MT5
2004.06.07,1.52350,1.52610,1.52120,1.52370,12666,50,0,EURCHF,Pepperstone MT5
2004.06.08,1.52380,1.52520,1.51670,1.51820,15118,50,0,EURCHF,Pepperstone MT5
2004.06.09,1.51770,1.52070,1.51060,1.51160,15214,50,0,EURCHF,Pepperstone MT5
2004.06.10,1.51200,1.51600,1.50350,1.50780,15121,50,0,EURCHF,Pepperstone MT5
2004.06.11,1.50810,1.51440,1.50380,1.51260,15099,50,0,EURCHF,Pepperstone MT5
2004.06.12,1.51250,1.51390,1.51190,1.51390,131,50,0,EURCHF,Pepperstone MT5
2004.06.14,1.51280,1.51830,1.50970,1.51500,13849,50,0,EURCHF,Pepperstone MT5
2004.06.15,1.51470,1.52050,1.51230,1.51950,15741,50,0,EURCHF,Pepperstone MT5
2004.06.16,1.51940,1.52780,1.51570,1.52100,15686,50,0,EURCHF,Pepperstone MT5
2004.06.17,1.52110,1.52340,1.50690,1.50980,15917,50,0,EURCHF,Pepperstone MT5
2004.06.18,1.50990,1.51290,1.50590,1.51080,16391,50,0,EURCHF,Pepperstone MT5
2004.06.19,1.51070,1.51100,1.50880,1.51030,95,50,0,EURCHF,Pepperstone MT5
2004.06.21,1.50960,1.51160,1.50710,1.50920,15497,50,0,EURCHF,Pepperstone MT5
2004.06.22,1.50960,1.51520,1.50830,1.51350,15824,50,0,EURCHF,Pepperstone MT5
2004.06.23,1.51340,1.51900,1.51110,1.51510,15588,50,0,EURCHF,Pepperstone MT5
2004.06.24,1.51540,1.51690,1.50890,1.51530,16235,50,0,EURCHF,Pepperstone MT5
2004.06.25,1.51510,1.52140,1.51240,1.51890,15082,50,0,EURCHF,Pepperstone MT5
2004.06.26,1.51850,1.51970,1.51750,1.51870,368,50,0,EURCHF,Pepperstone MT5
2004.06.28,1.51880,1.52360,1.51690,1.52210,14059,50,0,EURCHF,Pepperstone MT5
2004.06.29,1.52240,1.53100,1.52040,1.52920,15725,50,0,EURCHF,Pepperstone MT5
2004.06.30,1.52980,1.53080,1.52220,1.52280,15832,50,0,EURCHF,Pepperstone MT5
2004.07.01,1.52330,1.52520,1.51780,1.51870,15605,50,0,EURCHF,Pepperstone MT5
2004.07.02,1.51880,1.52190,1.51300,1.51840,16125,50,0,EURCHF,Pepperstone MT5
2004.07.03,1.51850,1.51970,1.51580,1.51930,238,50,0,EURCHF,Pepperstone MT5
2004.07.05,1.51440,1.52050,1.51310,1.51870,13663,50,0,EURCHF,Pepperstone MT5
2004.07.06,1.51920,1.52160,1.51600,1.51970,16275,50,0,EURCHF,Pepperstone MT5
2004.07.07,1.51950,1.52060,1.51660,1.51800,17001,50,0,EURCHF,Pepperstone MT5
2004.07.08,1.51820,1.52100,1.51640,1.51820,15163,50,0,EURCHF,Pepperstone MT5
2004.07.09,1.51820,1.52230,1.51630,1.51790,15314,50,0,EURCHF,Pepperstone MT5
2004.07.10,1.51820,1.51920,1.51790,1.51820,84,50,0,EURCHF,Pepperstone MT5
2004.07.12,1.51840,1.52130,1.51670,1.52000,14475,50,0,EURCHF,Pepperstone MT5
2004.07.13,1.51990,1.52570,1.51880,1.52340,15847,50,0,EURCHF,Pepperstone MT5
2004.07.14,1.52380,1.52710,1.52060,1.52240,14695,50,0,EURCHF,Pepperstone MT5
2004.07.15,1.52240,1.53040,1.52050,1.52770,14598,50,0,EURCHF,Pepperstone MT5
2004.07.16,1.52770,1.52890,1.52270,1.52520,14684,50,0,EURCHF,Pepperstone MT5
2004.07.17,1.52460,1.52640,1.52460,1.52560,188,50,0,EURCHF,Pepperstone MT5
2004.07.19,1.52560,1.52890,1.52420,1.52780,12939,50,0,EURCHF,Pepperstone MT5
2004.07.20,1.52790,1.53490,1.52690,1.53370,14540,50,0,EURCHF,Pepperstone MT5
2004.07.21,1.53380,1.53690,1.53130,1.53210,14853,50,0,EURCHF,Pepperstone MT5
2004.07.22,1.53200,1.53550,1.52780,1.53040,14979,50,0,EURCHF,Pepperstone MT5
2004.07.23,1.53020,1.53440,1.52760,1.53250,14721,50,0,EURCHF,Pepperstone MT5
2004.07.24,1.53290,1.53340,1.53180,1.53340,192,50,0,EURCHF,Pepperstone MT5
2004.07.26,1.53310,1.53710,1.53110,1.53560,14128,50,0,EURCHF,Pepperstone MT5
2004.07.27,1.53540,1.54030,1.53330,1.53830,15527,50,0,EURCHF,Pepperstone MT5
2004.07.28,1.53780,1.53960,1.53450,1.53780,15681,50,0,EURCHF,Pepperstone MT5
2004.07.29,1.53730,1.54410,1.53570,1.54200,15927,50,0,EURCHF,Pepperstone MT5
2004.07.30,1.54200,1.54300,1.53670,1.54020,16357,50,0,EURCHF,Pepperstone MT5
2004.07.31,1.54020,1.54110,1.53880,1.53980,277,50,0,EURCHF,Pepperstone MT5
2004.08.02,1.53750,1.54000,1.53340,1.53770,15173,50,0,EURCHF,Pepperstone MT5
2004.08.03,1.53830,1.54320,1.53610,1.54130,15452,50,0,EURCHF,Pepperstone MT5
2004.08.04,1.54090,1.54280,1.53500,1.53810,15637,50,0,EURCHF,Pepperstone MT5
2004.08.05,1.53780,1.53980,1.53590,1.53730,14924,50,0,EURCHF,Pepperstone MT5
2004.08.06,1.53720,1.54000,1.53360,1.53540,15746,50,0,EURCHF,Pepperstone MT5
2004.08.07,1.53490,1.53670,1.53460,1.53670,321,50,0,EURCHF,Pepperstone MT5
2004.08.09,1.53570,1.54030,1.53480,1.53850,14378,50,0,EURCHF,Pepperstone MT5
2004.08.10,1.53860,1.54540,1.53670,1.54380,14646,50,0,EURCHF,Pepperstone MT5
2004.08.11,1.54420,1.54530,1.53980,1.54130,14392,50,0,EURCHF,Pepperstone MT5
2004.08.12,1.54090,1.54240,1.53690,1.53930,15045,50,0,EURCHF,Pepperstone MT5
2004.08.13,1.53910,1.54010,1.53090,1.53220,15380,50,0,EURCHF,Pepperstone MT5
2004.08.14,1.53220,1.53290,1.53100,1.53180,284,50,0,EURCHF,Pepperstone MT5
2004.08.16,1.53260,1.53520,1.53020,1.53360,13705,50,0,EURCHF,Pepperstone MT5
2004.08.17,1.53370,1.53890,1.53190,1.53690,13783,50,0,EURCHF,Pepperstone MT5
2004.08.18,1.53590,1.53830,1.53390,1.53530,14211,50,0,EURCHF,Pepperstone MT5
2004.08.19,1.53610,1.53860,1.53410,1.53730,14527,50,0,EURCHF,Pepperstone MT5
2004.08.20,1.53720,1.54290,1.53440,1.54030,14291,50,0,EURCHF,Pepperstone MT5
2004.08.21,1.53970,1.54430,1.53940,1.54410,367,50,0,EURCHF,Pepperstone MT5
2004.08.23,1.54000,1.54360,1.53900,1.54170,12922,50,0,EURCHF,Pepperstone MT5
2004.08.24,1.54150,1.54290,1.53630,1.53750,14785,50,0,EURCHF,Pepperstone MT5
2004.08.25,1.53750,1.54170,1.53580,1.53850,14146,50,0,EURCHF,Pepperstone MT5
2004.08.26,1.53880,1.54170,1.53740,1.54020,14410,50,0,EURCHF,Pepperstone MT5
2004.08.27,1.54050,1.54430,1.53900,1.54050,14548,50,0,EURCHF,Pepperstone MT5
2004.08.28,1.54040,1.54360,1.53780,1.54320,422,50,0,EURCHF,Pepperstone MT5
2004.08.30,1.54050,1.54310,1.53890,1.54230,13448,50,0,EURCHF,Pepperstone MT5
2004.08.31,1.54230,1.54390,1.53960,1.54260,13890,50,0,EURCHF,Pepperstone MT5
2004.09.01,1.54280,1.54350,1.53420,1.53610,13649,50,0,EURCHF,Pepperstone MT5
2004.09.02,1.53590,1.53800,1.53290,1.53560,13808,50,0,EURCHF,Pepperstone MT5
2004.09.03,1.53550,1.53690,1.53050,1.53290,14001,50,0,EURCHF,Pepperstone MT5
2004.09.04,1.53300,1.53360,1.53190,1.53340,73,50,0,EURCHF,Pepperstone MT5
2004.09.06,1.53230,1.53480,1.53060,1.53330,12720,50,0,EURCHF,Pepperstone MT5
2004.09.07,1.53300,1.53660,1.53100,1.53400,13211,50,0,EURCHF,Pepperstone MT5
2004.09.08,1.53410,1.53930,1.53330,1.53580,14396,50,0,EURCHF,Pepperstone MT5
2004.09.09,1.53580,1.54210,1.53440,1.54110,13971,50,0,EURCHF,Pepperstone MT5
2004.09.10,1.54110,1.54390,1.53780,1.54290,15346,50,0,EURCHF,Pepperstone MT5
2004.09.11,1.54250,1.54430,1.54210,1.54300,188,50,0,EURCHF,Pepperstone MT5
2004.09.13,1.54290,1.54480,1.54030,1.54310,12495,50,0,EURCHF,Pepperstone MT5
2004.09.14,1.54310,1.54600,1.54120,1.54240,13816,50,0,EURCHF,Pepperstone MT5
2004.09.15,1.54260,1.54590,1.53980,1.54280,14753,50,0,EURCHF,Pepperstone MT5
2004.09.16,1.54320,1.54710,1.54130,1.54570,13991,50,0,EURCHF,Pepperstone MT5
2004.09.17,1.54580,1.54890,1.54430,1.54500,14246,50,0,EURCHF,Pepperstone MT5
2004.09.18,1.54530,1.54780,1.54470,1.54750,182,50,0,EURCHF,Pepperstone MT5
2004.09.20,1.54520,1.55050,1.54470,1.54810,13401,50,0,EURCHF,Pepperstone MT5
2004.09.21,1.54820,1.55150,1.54290,1.54630,13954,50,0,EURCHF,Pepperstone MT5
2004.09.22,1.54680,1.54880,1.54410,1.54520,14809,50,0,EURCHF,Pepperstone MT5
2004.09.23,1.54480,1.54840,1.54380,1.54680,14465,50,0,EURCHF,Pepperstone MT5
2004.09.24,1.54640,1.55040,1.54530,1.54810,14209,50,0,EURCHF,Pepperstone MT5
2004.09.25,1.54810,1.54890,1.54730,1.54790,104,50,0,EURCHF,Pepperstone MT5
2004.09.27,1.54800,1.55200,1.54720,1.55070,13479,50,0,EURCHF,Pepperstone MT5
2004.09.28,1.55070,1.55380,1.54940,1.55140,15173,50,0,EURCHF,Pepperstone MT5
2004.09.29,1.55210,1.55500,1.54970,1.55290,15132,50,0,EURCHF,Pepperstone MT5
2004.09.30,1.55300,1.55470,1.54740,1.54970,14990,50,0,EURCHF,Pepperstone MT5
2004.10.01,1.54970,1.55270,1.54720,1.55140,13991,50,0,EURCHF,Pepperstone MT5
2004.10.02,1.55150,1.55320,1.54950,1.55060,418,50,0,EURCHF,Pepperstone MT5
2004.10.04,1.55110,1.55580,1.54910,1.55400,13345,50,0,EURCHF,Pepperstone MT5
2004.10.05,1.55390,1.55590,1.55190,1.55380,14542,50,0,EURCHF,Pepperstone MT5
2004.10.06,1.55350,1.55640,1.55200,1.55390,14112,50,0,EURCHF,Pepperstone MT5
2004.10.07,1.55370,1.55590,1.55170,1.55320,13865,50,0,EURCHF,Pepperstone MT5
2004.10.08,1.55350,1.55410,1.54930,1.55240,14150,50,0,EURCHF,Pepperstone MT5
2004.10.09,1.55230,1.55240,1.55140,1.55200,46,50,0,EURCHF,Pepperstone MT5
2004.10.11,1.55060,1.55210,1.54780,1.54910,11846,50,0,EURCHF,Pepperstone MT5
2004.10.12,1.54930,1.55060,1.54610,1.54780,12907,50,0,EURCHF,Pepperstone MT5
2004.10.13,1.54810,1.54910,1.54370,1.54430,13172,50,0,EURCHF,Pepperstone MT5
2004.10.14,1.54540,1.54740,1.54110,1.54250,14641,50,0,EURCHF,Pepperstone MT5
2004.10.15,1.54240,1.54330,1.53740,1.53870,14882,50,0,EURCHF,Pepperstone MT5
2004.10.16,1.53860,1.54080,1.53720,1.53830,188,50,0,EURCHF,Pepperstone MT5
2004.10.18,1.53930,1.54130,1.53670,1.53840,13255,50,0,EURCHF,Pepperstone MT5
2004.10.19,1.53770,1.54190,1.53720,1.53850,14122,50,0,EURCHF,Pepperstone MT5
2004.10.20,1.53860,1.54000,1.53570,1.53720,14621,50,0,EURCHF,Pepperstone MT5
2004.10.21,1.53710,1.53880,1.53450,1.53600,13867,50,0,EURCHF,Pepperstone MT5
2004.10.22,1.53610,1.54010,1.53410,1.53570,13585,50,0,EURCHF,Pepperstone MT5
2004.10.23,1.53560,1.53600,1.53470,1.53490,265,50,0,EURCHF,Pepperstone MT5
2004.10.25,1.53440,1.53560,1.53000,1.53230,14397,50,0,EURCHF,Pepperstone MT5
2004.10.26,1.53220,1.53460,1.53070,1.53400,14546,50,0,EURCHF,Pepperstone MT5
2004.10.27,1.53360,1.53590,1.53060,1.53400,14219,50,0,EURCHF,Pepperstone MT5
2004.10.28,1.53380,1.53540,1.52590,1.52940,14497,50,0,EURCHF,Pepperstone MT5
2004.10.29,1.52970,1.53160,1.52620,1.52850,13651,50,0,EURCHF,Pepperstone MT5
2004.10.30,1.52880,1.53000,1.52740,1.52800,191,50,0,EURCHF,Pepperstone MT5
2004.11.01,1.52900,1.53360,1.52770,1.53270,13067,50,0,EURCHF,Pepperstone MT5
2004.11.02,1.53240,1.53560,1.52990,1.53230,13033,50,0,EURCHF,Pepperstone MT5
2004.11.03,1.53230,1.53570,1.52940,1.53050,15189,50,0,EURCHF,Pepperstone MT5
2004.11.04,1.53060,1.53190,1.52620,1.52860,14155,50,0,EURCHF,Pepperstone MT5
2004.11.05,1.52870,1.53380,1.52500,1.52640,14172,50,0,EURCHF,Pepperstone MT5
2004.11.06,1.52650,1.52810,1.52580,1.52740,283,50,0,EURCHF,Pepperstone MT5
2004.11.08,1.52660,1.52950,1.52500,1.52600,13823,50,0,EURCHF,Pepperstone MT5
2004.11.09,1.52600,1.52890,1.52490,1.52630,13998,50,0,EURCHF,Pepperstone MT5
2004.11.10,1.52640,1.52770,1.52040,1.52240,13830,50,0,EURCHF,Pepperstone MT5
2004.11.11,1.52320,1.52450,1.51760,1.51990,13283,50,0,EURCHF,Pepperstone MT5
2004.11.12,1.51980,1.52360,1.51830,1.52060,13289,50,0,EURCHF,Pepperstone MT5
2004.11.13,1.52060,1.52130,1.51940,1.51980,194,50,0,EURCHF,Pepperstone MT5
2004.11.15,1.52030,1.52780,1.51890,1.52670,11930,50,0,EURCHF,Pepperstone MT5
2004.11.16,1.52660,1.52770,1.52250,1.52380,13121,50,0,EURCHF,Pepperstone MT5
2004.11.17,1.52350,1.52500,1.51360,1.51600,13296,50,0,EURCHF,Pepperstone MT5
2004.11.18,1.51560,1.51970,1.51410,1.51790,13670,50,0,EURCHF,Pepperstone MT5
2004.11.19,1.51780,1.51850,1.51190,1.51290,13718,50,0,EURCHF,Pepperstone MT5
2004.11.20,1.51290,1.51440,1.51230,1.51260,135,50,0,EURCHF,Pepperstone MT5
2004.11.22,1.51290,1.51800,1.51240,1.51660,12135,50,0,EURCHF,Pepperstone MT5
2004.11.23,1.51700,1.51890,1.51370,1.51590,13222,50,0,EURCHF,Pepperstone MT5
2004.11.24,1.51590,1.51750,1.50760,1.51020,12757,50,0,EURCHF,Pepperstone MT5
2004.11.25,1.51030,1.51250,1.50830,1.51140,12214,50,0,EURCHF,Pepperstone MT5
2004.11.26,1.51150,1.51730,1.50940,1.51440,13594,50,0,EURCHF,Pepperstone MT5
2004.11.27,1.51440,1.51500,1.51330,1.51410,93,50,0,EURCHF,Pepperstone MT5
2004.11.29,1.51460,1.51850,1.51250,1.51660,12328,50,0,EURCHF,Pepperstone MT5
2004.11.30,1.51680,1.51750,1.50950,1.51540,13801,50,0,EURCHF,Pepperstone MT5
2004.12.01,1.51550,1.52340,1.51200,1.52170,13610,50,0,EURCHF,Pepperstone MT5
2004.12.02,1.52220,1.53150,1.51960,1.52790,14479,50,0,EURCHF,Pepperstone MT5
2004.12.03,1.52800,1.52990,1.52010,1.52160,13055,50,0,EURCHF,Pepperstone MT5
2004.12.04,1.52160,1.52210,1.52060,1.52150,221,50,0,EURCHF,Pepperstone MT5
2004.12.06,1.52140,1.53110,1.52040,1.52960,12402,50,0,EURCHF,Pepperstone MT5
2004.12.07,1.52960,1.53260,1.52610,1.53220,13145,50,0,EURCHF,Pepperstone MT5
2004.12.08,1.53180,1.53620,1.52990,1.53250,13899,50,0,EURCHF,Pepperstone MT5
2004.12.09,1.53250,1.53560,1.53000,1.53120,13723,50,0,EURCHF,Pepperstone MT5
2004.12.10,1.53130,1.53810,1.53050,1.53550,13542,50,0,EURCHF,Pepperstone MT5
2004.12.11,1.53470,1.53560,1.53310,1.53320,215,50,0,EURCHF,Pepperstone MT5
2004.12.13,1.53510,1.53810,1.53260,1.53590,12948,50,0,EURCHF,Pepperstone MT5
2004.12.14,1.53590,1.53840,1.53360,1.53530,13743,50,0,EURCHF,Pepperstone MT5
2004.12.15,1.53510,1.53660,1.52710,1.53020,13461,50,0,EURCHF,Pepperstone MT5
2004.12.16,1.53010,1.53730,1.52860,1.53480,14175,50,0,EURCHF,Pepperstone MT5
2004.12.17,1.53410,1.54060,1.53190,1.53970,13851,50,0,EURCHF,Pepperstone MT5
2004.12.18,1.53970,1.54200,1.53920,1.53950,323,50,0,EURCHF,Pepperstone MT5
2004.12.20,1.53960,1.54090,1.53430,1.53960,11967,50,0,EURCHF,Pepperstone MT5
2004.12.21,1.53980,1.54340,1.53740,1.54270,13022,50,0,EURCHF,Pepperstone MT5
2004.12.22,1.54260,1.54510,1.53990,1.54370,13013,50,0,EURCHF,Pepperstone MT5
2004.12.23,1.54390,1.54620,1.54170,1.54530,13090,50,0,EURCHF,Pepperstone MT5
2004.12.24,1.54550,1.54820,1.54330,1.54670,12182,50,0,EURCHF,Pepperstone MT5
2004.12.25,1.54730,1.54900,1.54620,1.54870,30,50,0,EURCHF,Pepperstone MT5
2004.12.27,1.54670,1.55010,1.54460,1.54600,12340,50,0,EURCHF,Pepperstone MT5
2004.12.28,1.54640,1.54780,1.54270,1.54340,13787,50,0,EURCHF,Pepperstone MT5
2004.12.29,1.54320,1.54660,1.54150,1.54270,13750,50,0,EURCHF,Pepperstone MT5
2004.12.30,1.54260,1.54670,1.54180,1.54380,13907,50,0,EURCHF,Pepperstone MT5
2004.12.31,1.54400,1.54790,1.54130,1.54680,14670,50,0,EURCHF,Pepperstone MT5
2005.01.01,1.54580,1.54740,1.54570,1.54620,93,50,0,EURCHF,Pepperstone MT5
2005.01.03,1.54500,1.54850,1.54090,1.54600,14322,40,0,EURCHF,Pepperstone MT5
2005.01.04,1.54580,1.55320,1.54330,1.55020,14432,40,0,EURCHF,Pepperstone MT5
2005.01.05,1.55030,1.55520,1.54840,1.54970,15220,40,0,EURCHF,Pepperstone MT5
2005.01.06,1.54990,1.55180,1.54550,1.54780,14451,40,0,EURCHF,Pepperstone MT5
2005.01.07,1.54750,1.55070,1.54550,1.54630,14953,40,0,EURCHF,Pepperstone MT5
2005.01.08,1.54620,1.54880,1.54500,1.54730,167,40,0,EURCHF,Pepperstone MT5
2005.01.10,1.54710,1.54920,1.54480,1.54600,13783,40,0,EURCHF,Pepperstone MT5
2005.01.11,1.54590,1.55190,1.54380,1.55120,14001,40,0,EURCHF,Pepperstone MT5
2005.01.12,1.55120,1.55230,1.54460,1.54860,14402,40,0,EURCHF,Pepperstone MT5
2005.01.13,1.54870,1.55040,1.54630,1.54940,14116,40,0,EURCHF,Pepperstone MT5
2005.01.14,1.54910,1.55170,1.54610,1.54670,14303,40,0,EURCHF,Pepperstone MT5
2005.01.15,1.54670,1.54910,1.54330,1.54330,144,40,0,EURCHF,Pepperstone MT5
2005.01.17,1.54710,1.54950,1.54320,1.54620,12643,40,0,EURCHF,Pepperstone MT5
2005.01.18,1.54610,1.54830,1.54170,1.54380,14562,40,0,EURCHF,Pepperstone MT5
2005.01.19,1.54400,1.54570,1.53960,1.54290,14514,40,0,EURCHF,Pepperstone MT5
2005.01.20,1.54310,1.54460,1.53950,1.54280,14877,40,0,EURCHF,Pepperstone MT5
2005.01.21,1.54280,1.55070,1.54170,1.54550,15013,40,0,EURCHF,Pepperstone MT5
2005.01.22,1.54570,1.54720,1.54450,1.54690,315,40,0,EURCHF,Pepperstone MT5
2005.01.24,1.54640,1.54790,1.54290,1.54550,14224,40,0,EURCHF,Pepperstone MT5
2005.01.25,1.54500,1.55140,1.54270,1.54790,14681,40,0,EURCHF,Pepperstone MT5
2005.01.26,1.54780,1.55120,1.54590,1.54720,14168,40,0,EURCHF,Pepperstone MT5
2005.01.27,1.54780,1.54880,1.54370,1.54450,14081,40,0,EURCHF,Pepperstone MT5
2005.01.28,1.54460,1.54960,1.54310,1.54700,13826,40,0,EURCHF,Pepperstone MT5
2005.01.29,1.54720,1.54820,1.54650,1.54800,177,40,0,EURCHF,Pepperstone MT5
2005.01.31,1.54910,1.55150,1.54630,1.55010,13085,40,0,EURCHF,Pepperstone MT5
2005.02.01,1.55010,1.55530,1.54940,1.55360,14003,40,0,EURCHF,Pepperstone MT5
2005.02.02,1.55400,1.55680,1.55010,1.55380,14987,40,0,EURCHF,Pepperstone MT5
2005.02.03,1.55390,1.56040,1.55310,1.55940,13844,40,0,EURCHF,Pepperstone MT5
2005.02.04,1.55960,1.56170,1.55640,1.55910,13516,40,0,EURCHF,Pepperstone MT5
2005.02.05,1.55870,1.56000,1.55770,1.55860,191,40,0,EURCHF,Pepperstone MT5
2005.02.07,1.55890,1.56290,1.55630,1.56210,13315,40,0,EURCHF,Pepperstone MT5
2005.02.08,1.56200,1.56380,1.55770,1.55910,13927,40,0,EURCHF,Pepperstone MT5
2005.02.09,1.55910,1.56140,1.55600,1.55810,13773,40,0,EURCHF,Pepperstone MT5
2005.02.10,1.55770,1.56070,1.55300,1.55580,13848,40,0,EURCHF,Pepperstone MT5
2005.02.11,1.55570,1.55880,1.55240,1.55730,13302,40,0,EURCHF,Pepperstone MT5
2005.02.12,1.55770,1.55840,1.55590,1.55720,74,40,0,EURCHF,Pepperstone MT5
2005.02.14,1.55710,1.55850,1.55250,1.55420,13144,40,0,EURCHF,Pepperstone MT5
2005.02.15,1.55450,1.55520,1.54830,1.54960,14269,40,0,EURCHF,Pepperstone MT5
2005.02.16,1.54980,1.55140,1.54530,1.54700,13924,40,0,EURCHF,Pepperstone MT5
2005.02.17,1.54720,1.54990,1.54470,1.54810,14037,40,0,EURCHF,Pepperstone MT5
2005.02.18,1.54780,1.54940,1.54460,1.54620,13048,40,0,EURCHF,Pepperstone MT5
2005.02.19,1.54660,1.54710,1.54530,1.54710,112,40,0,EURCHF,Pepperstone MT5
2005.02.21,1.54600,1.54710,1.54300,1.54350,10148,40,0,EURCHF,Pepperstone MT5
2005.02.22,1.54460,1.54660,1.53480,1.53620,13529,40,0,EURCHF,Pepperstone MT5
2005.02.23,1.53590,1.54000,1.53480,1.53790,14245,40,0,EURCHF,Pepperstone MT5
2005.02.24,1.53770,1.54500,1.53590,1.54330,14251,40,0,EURCHF,Pepperstone MT5
2005.02.25,1.54320,1.54440,1.53810,1.53890,13516,40,0,EURCHF,Pepperstone MT5
2005.02.26,1.53900,1.53950,1.53800,1.53880,232,40,0,EURCHF,Pepperstone MT5
2005.02.28,1.53910,1.54130,1.53640,1.53870,13409,40,0,EURCHF,Pepperstone MT5
2005.03.01,1.53830,1.54010,1.53430,1.53660,13401,40,0,EURCHF,Pepperstone MT5
2005.03.02,1.53630,1.54370,1.53560,1.54210,13868,40,0,EURCHF,Pepperstone MT5
2005.03.03,1.54150,1.54970,1.54090,1.54830,13320,40,0,EURCHF,Pepperstone MT5
2005.03.04,1.54810,1.55070,1.54550,1.54770,13349,40,0,EURCHF,Pepperstone MT5
2005.03.05,1.54750,1.54910,1.54750,1.54870,120,40,0,EURCHF,Pepperstone MT5
2005.03.07,1.54770,1.55420,1.54620,1.55260,12393,40,0,EURCHF,Pepperstone MT5
2005.03.08,1.55240,1.55420,1.54690,1.55020,13314,40,0,EURCHF,Pepperstone MT5
2005.03.09,1.55020,1.55470,1.54920,1.55210,13506,40,0,EURCHF,Pepperstone MT5
2005.03.10,1.55150,1.55310,1.54670,1.54840,14035,40,0,EURCHF,Pepperstone MT5
2005.03.11,1.54860,1.55150,1.54720,1.54780,13658,40,0,EURCHF,Pepperstone MT5
2005.03.12,1.54770,1.54860,1.54740,1.54810,139,40,0,EURCHF,Pepperstone MT5
2005.03.14,1.54840,1.55290,1.54700,1.55030,12247,40,0,EURCHF,Pepperstone MT5
2005.03.15,1.55020,1.55320,1.54850,1.55070,13239,40,0,EURCHF,Pepperstone MT5
2005.03.16,1.55070,1.55190,1.54470,1.54650,13740,40,0,EURCHF,Pepperstone MT5
2005.03.17,1.54660,1.54870,1.54370,1.54710,13431,40,0,EURCHF,Pepperstone MT5
2005.03.18,1.54730,1.55260,1.54630,1.55050,13161,40,0,EURCHF,Pepperstone MT5
2005.03.19,1.55100,1.55170,1.55010,1.55070,136,40,0,EURCHF,Pepperstone MT5
2005.03.21,1.55040,1.55390,1.54810,1.55100,12826,40,0,EURCHF,Pepperstone MT5
2005.03.22,1.55090,1.55770,1.55000,1.55460,13345,40,0,EURCHF,Pepperstone MT5
2005.03.23,1.55450,1.55740,1.55230,1.55280,13775,40,0,EURCHF,Pepperstone MT5
2005.03.24,1.55320,1.55560,1.55180,1.55480,13423,40,0,EURCHF,Pepperstone MT5
2005.03.25,1.55470,1.55600,1.55290,1.55480,12159,40,0,EURCHF,Pepperstone MT5
2005.03.26,1.55480,1.55540,1.55330,1.55530,32,40,0,EURCHF,Pepperstone MT5
2005.03.28,1.55480,1.55610,1.55100,1.55270,13233,40,0,EURCHF,Pepperstone MT5
2005.03.29,1.55280,1.55530,1.54990,1.55310,13387,40,0,EURCHF,Pepperstone MT5
2005.03.30,1.55330,1.55410,1.54760,1.54960,14166,40,0,EURCHF,Pepperstone MT5
2005.03.31,1.54960,1.55150,1.54740,1.55050,13586,40,0,EURCHF,Pepperstone MT5
2005.04.01,1.55070,1.55540,1.54960,1.55270,13695,40,0,EURCHF,Pepperstone MT5
2005.04.02,1.55310,1.55350,1.55220,1.55310,366,40,0,EURCHF,Pepperstone MT5
2005.04.04,1.55280,1.55550,1.55140,1.55350,13073,40,0,EURCHF,Pepperstone MT5
2005.04.05,1.55390,1.55570,1.54930,1.55100,13868,40,0,EURCHF,Pepperstone MT5
2005.04.06,1.55090,1.55280,1.54840,1.55160,13471,40,0,EURCHF,Pepperstone MT5
2005.04.07,1.55150,1.55280,1.54770,1.55170,14095,40,0,EURCHF,Pepperstone MT5
2005.04.08,1.55150,1.55330,1.54680,1.54820,13390,40,0,EURCHF,Pepperstone MT5
2005.04.09,1.54860,1.54970,1.54770,1.54850,168,40,0,EURCHF,Pepperstone MT5
2005.04.11,1.54780,1.55070,1.54610,1.54840,13059,40,0,EURCHF,Pepperstone MT5
2005.04.12,1.54850,1.55180,1.54680,1.54910,13421,40,0,EURCHF,Pepperstone MT5
2005.04.13,1.54950,1.55260,1.54630,1.54970,13210,40,0,EURCHF,Pepperstone MT5
2005.04.14,1.54960,1.55790,1.54840,1.55520,13569,40,0,EURCHF,Pepperstone MT5
2005.04.15,1.55520,1.55610,1.54920,1.55080,13971,40,0,EURCHF,Pepperstone MT5
2005.04.16,1.55060,1.55150,1.54860,1.54860,168,40,0,EURCHF,Pepperstone MT5
2005.04.18,1.55030,1.55140,1.54440,1.54700,13625,40,0,EURCHF,Pepperstone MT5
2005.04.19,1.54630,1.54850,1.54120,1.54220,12867,40,0,EURCHF,Pepperstone MT5
2005.04.20,1.54230,1.54570,1.54030,1.54170,13868,40,0,EURCHF,Pepperstone MT5
2005.04.21,1.54220,1.54570,1.53850,1.54360,13814,40,0,EURCHF,Pepperstone MT5
2005.04.22,1.54370,1.54620,1.54200,1.54310,13472,40,0,EURCHF,Pepperstone MT5
2005.04.23,1.54330,1.54440,1.54210,1.54220,158,40,0,EURCHF,Pepperstone MT5
2005.04.25,1.54330,1.54540,1.54180,1.54340,13228,40,0,EURCHF,Pepperstone MT5
2005.04.26,1.54380,1.54490,1.54020,1.54100,13054,40,0,EURCHF,Pepperstone MT5
2005.04.27,1.54090,1.54470,1.53910,1.54210,13637,40,0,EURCHF,Pepperstone MT5
2005.04.28,1.54220,1.54310,1.53730,1.53820,13967,40,0,EURCHF,Pepperstone MT5
2005.04.29,1.53830,1.54050,1.53490,1.53820,13203,40,0,EURCHF,Pepperstone MT5
2005.04.30,1.53830,1.53900,1.53770,1.53880,171,40,0,EURCHF,Pepperstone MT5
2005.05.02,1.53880,1.54230,1.53730,1.54060,11704,40,0,EURCHF,Pepperstone MT5
2005.05.03,1.54070,1.54480,1.53910,1.54290,13224,40,0,EURCHF,Pepperstone MT5
2005.05.04,1.54300,1.54410,1.53970,1.54380,14411,40,0,EURCHF,Pepperstone MT5
2005.05.05,1.54330,1.54910,1.54180,1.54620,13356,40,0,EURCHF,Pepperstone MT5
2005.05.06,1.54640,1.55060,1.54510,1.54750,13460,40,0,EURCHF,Pepperstone MT5
2005.05.07,1.54690,1.54960,1.54580,1.54620,196,40,0,EURCHF,Pepperstone MT5
2005.05.09,1.54730,1.54960,1.54550,1.54810,12992,40,0,EURCHF,Pepperstone MT5
2005.05.10,1.54830,1.54960,1.54490,1.54670,13146,40,0,EURCHF,Pepperstone MT5
2005.05.11,1.54720,1.54820,1.54270,1.54480,13547,40,0,EURCHF,Pepperstone MT5
2005.05.12,1.54460,1.54710,1.54210,1.54300,13140,40,0,EURCHF,Pepperstone MT5
2005.05.13,1.54330,1.54680,1.54120,1.54570,13017,40,0,EURCHF,Pepperstone MT5
2005.05.14,1.54620,1.54640,1.54470,1.54560,222,40,0,EURCHF,Pepperstone MT5
2005.05.16,1.54630,1.54770,1.54280,1.54520,12951,40,0,EURCHF,Pepperstone MT5
2005.05.17,1.54520,1.54600,1.54140,1.54500,12944,40,0,EURCHF,Pepperstone MT5
2005.05.18,1.54480,1.54570,1.54090,1.54380,13041,40,0,EURCHF,Pepperstone MT5
2005.05.19,1.54380,1.54640,1.54120,1.54450,12780,40,0,EURCHF,Pepperstone MT5
2005.05.20,1.54450,1.55050,1.54340,1.54920,12222,40,0,EURCHF,Pepperstone MT5
2005.05.21,1.54910,1.55020,1.54740,1.54740,145,40,0,EURCHF,Pepperstone MT5
2005.05.23,1.54930,1.55020,1.54560,1.54860,12000,40,0,EURCHF,Pepperstone MT5
2005.05.24,1.54820,1.54950,1.54480,1.54620,12959,40,0,EURCHF,Pepperstone MT5
2005.05.25,1.54620,1.54770,1.54470,1.54580,12789,40,0,EURCHF,Pepperstone MT5
2005.05.26,1.54580,1.54920,1.54370,1.54650,12706,40,0,EURCHF,Pepperstone MT5
2005.05.27,1.54650,1.54960,1.54530,1.54840,12082,40,0,EURCHF,Pepperstone MT5
2005.05.28,1.54770,1.54950,1.54600,1.54680,129,40,0,EURCHF,Pepperstone MT5
2005.05.30,1.54490,1.54680,1.54350,1.54560,11767,40,0,EURCHF,Pepperstone MT5
2005.05.31,1.54540,1.54600,1.53510,1.53590,13240,40,0,EURCHF,Pepperstone MT5
2005.06.01,1.53550,1.53740,1.52980,1.53200,12528,40,0,EURCHF,Pepperstone MT5
2005.06.02,1.53170,1.53690,1.53080,1.53610,13202,40,0,EURCHF,Pepperstone MT5
2005.06.03,1.53600,1.53790,1.53130,1.53240,13243,40,0,EURCHF,Pepperstone MT5
2005.06.04,1.53240,1.53340,1.53150,1.53290,167,40,0,EURCHF,Pepperstone MT5
2005.06.06,1.53240,1.53360,1.53010,1.53160,10661,40,0,EURCHF,Pepperstone MT5
2005.06.07,1.53150,1.53300,1.52880,1.53030,12220,40,0,EURCHF,Pepperstone MT5
2005.06.08,1.53020,1.53730,1.52920,1.53510,12751,40,0,EURCHF,Pepperstone MT5
2005.06.09,1.53480,1.53570,1.53120,1.53420,12863,40,0,EURCHF,Pepperstone MT5
2005.06.10,1.53440,1.53960,1.53230,1.53800,13722,40,0,EURCHF,Pepperstone MT5
2005.06.11,1.53780,1.53870,1.53710,1.53860,121,40,0,EURCHF,Pepperstone MT5
2005.06.13,1.53740,1.54030,1.53570,1.53860,13520,40,0,EURCHF,Pepperstone MT5
2005.06.14,1.53860,1.54110,1.53610,1.53710,13555,40,0,EURCHF,Pepperstone MT5
2005.06.15,1.53720,1.54060,1.53600,1.53970,12991,40,0,EURCHF,Pepperstone MT5
2005.06.16,1.53980,1.54150,1.53720,1.54000,13587,40,0,EURCHF,Pepperstone MT5
2005.06.17,1.53990,1.54710,1.53850,1.54530,13701,40,0,EURCHF,Pepperstone MT5
2005.06.18,1.54530,1.54600,1.54370,1.54370,121,40,0,EURCHF,Pepperstone MT5
2005.06.20,1.54280,1.54580,1.54240,1.54440,12385,40,0,EURCHF,Pepperstone MT5
2005.06.21,1.54460,1.54520,1.54010,1.54200,12997,40,0,EURCHF,Pepperstone MT5
2005.06.22,1.54200,1.54390,1.53870,1.54280,13328,40,0,EURCHF,Pepperstone MT5
2005.06.23,1.54280,1.54340,1.53860,1.54020,13296,40,0,EURCHF,Pepperstone MT5
2005.06.24,1.54010,1.54310,1.53720,1.54090,13019,40,0,EURCHF,Pepperstone MT5
2005.06.25,1.54080,1.54240,1.53900,1.54040,245,40,0,EURCHF,Pepperstone MT5
2005.06.27,1.54120,1.54430,1.53960,1.54270,13109,40,0,EURCHF,Pepperstone MT5
2005.06.28,1.54270,1.54630,1.54170,1.54480,13154,40,0,EURCHF,Pepperstone MT5
2005.06.29,1.54490,1.54870,1.54310,1.54800,13775,40,0,EURCHF,Pepperstone MT5
2005.06.30,1.54800,1.55280,1.54650,1.55140,13844,40,0,EURCHF,Pepperstone MT5
2005.07.01,1.55170,1.55530,1.54910,1.55020,14097,40,0,EURCHF,Pepperstone MT5
2005.07.02,1.55030,1.55190,1.54980,1.55130,116,40,0,EURCHF,Pepperstone MT5
2005.07.04,1.54850,1.55230,1.54580,1.55150,11748,40,0,EURCHF,Pepperstone MT5
2005.07.05,1.55150,1.55470,1.54930,1.55360,13601,40,0,EURCHF,Pepperstone MT5
2005.07.06,1.55340,1.55540,1.55230,1.55370,13235,40,0,EURCHF,Pepperstone MT5
2005.07.07,1.55370,1.55620,1.54360,1.55150,15238,40,0,EURCHF,Pepperstone MT5
2005.07.08,1.55100,1.55640,1.54890,1.55530,13046,40,0,EURCHF,Pepperstone MT5
2005.07.09,1.55510,1.55570,1.55360,1.55360,102,40,0,EURCHF,Pepperstone MT5
2005.07.11,1.55500,1.55760,1.55300,1.55400,12036,40,0,EURCHF,Pepperstone MT5
2005.07.12,1.55400,1.55800,1.55310,1.55620,13642,40,0,EURCHF,Pepperstone MT5
2005.07.13,1.55590,1.56100,1.55500,1.55950,13213,40,0,EURCHF,Pepperstone MT5
2005.07.14,1.55950,1.56080,1.55600,1.55890,13366,40,0,EURCHF,Pepperstone MT5
2005.07.15,1.55870,1.56170,1.55770,1.55950,12512,40,0,EURCHF,Pepperstone MT5
2005.07.16,1.55960,1.56040,1.55850,1.56010,136,40,0,EURCHF,Pepperstone MT5
2005.07.18,1.56050,1.56170,1.55840,1.56050,12457,40,0,EURCHF,Pepperstone MT5
2005.07.19,1.56030,1.56540,1.55930,1.56430,13462,40,0,EURCHF,Pepperstone MT5
2005.07.20,1.56420,1.56640,1.56030,1.56190,13815,40,0,EURCHF,Pepperstone MT5
2005.07.21,1.56210,1.56470,1.55920,1.56400,14313,40,0,EURCHF,Pepperstone MT5
2005.07.22,1.56410,1.56510,1.56140,1.56420,13630,40,0,EURCHF,Pepperstone MT5
2005.07.23,1.56420,1.56540,1.56320,1.56390,206,40,0,EURCHF,Pepperstone MT5
2005.07.25,1.56420,1.56540,1.56090,1.56330,11513,40,0,EURCHF,Pepperstone MT5
2005.07.26,1.56320,1.56420,1.55950,1.56170,12482,40,0,EURCHF,Pepperstone MT5
2005.07.27,1.56170,1.56550,1.56070,1.56290,13235,40,0,EURCHF,Pepperstone MT5
2005.07.28,1.56290,1.56590,1.55900,1.56010,13549,40,0,EURCHF,Pepperstone MT5
2005.07.29,1.56000,1.56340,1.55770,1.56310,13941,40,0,EURCHF,Pepperstone MT5
2005.07.30,1.56280,1.56370,1.56200,1.56310,280,40,0,EURCHF,Pepperstone MT5
2005.08.01,1.56200,1.56410,1.55700,1.55820,12944,40,0,EURCHF,Pepperstone MT5
2005.08.02,1.55780,1.55920,1.55490,1.55710,13436,40,0,EURCHF,Pepperstone MT5
2005.08.03,1.55700,1.56030,1.55490,1.55590,13154,40,0,EURCHF,Pepperstone MT5
2005.08.04,1.55580,1.55960,1.55500,1.55810,13273,40,0,EURCHF,Pepperstone MT5
2005.08.05,1.55820,1.56300,1.55670,1.55970,13474,40,0,EURCHF,Pepperstone MT5
2005.08.06,1.55920,1.56140,1.55880,1.56120,148,40,0,EURCHF,Pepperstone MT5
2005.08.08,1.56010,1.56210,1.55640,1.55780,13402,40,0,EURCHF,Pepperstone MT5
2005.08.09,1.55770,1.55900,1.55500,1.55800,13169,40,0,EURCHF,Pepperstone MT5
2005.08.10,1.55810,1.55890,1.55470,1.55600,12146,40,0,EURCHF,Pepperstone MT5
2005.08.11,1.55580,1.55740,1.55110,1.55340,13699,40,0,EURCHF,Pepperstone MT5
2005.08.12,1.55320,1.55510,1.55060,1.55150,12982,40,0,EURCHF,Pepperstone MT5
2005.08.13,1.55170,1.55220,1.55070,1.55160,93,40,0,EURCHF,Pepperstone MT5
2005.08.15,1.55140,1.55290,1.54920,1.55180,11246,40,0,EURCHF,Pepperstone MT5
2005.08.16,1.55210,1.55350,1.54910,1.55070,12255,40,0,EURCHF,Pepperstone MT5
2005.08.17,1.55070,1.55330,1.54720,1.54870,12652,40,0,EURCHF,Pepperstone MT5
2005.08.18,1.54860,1.54990,1.54470,1.54770,12014,40,0,EURCHF,Pepperstone MT5
2005.08.19,1.54780,1.55050,1.54650,1.55000,4126,40,0,EURCHF,Pepperstone MT5
2005.08.22,1.54950,1.55340,1.54900,1.55300,3140,40,0,EURCHF,Pepperstone MT5
2005.08.23,1.55320,1.55450,1.55240,1.55390,3798,40,0,EURCHF,Pepperstone MT5
2005.08.24,1.55390,1.55560,1.55120,1.55170,4596,40,0,EURCHF,Pepperstone MT5
2005.08.25,1.55170,1.55200,1.54520,1.54530,4470,40,0,EURCHF,Pepperstone MT5
2005.08.26,1.54530,1.54750,1.54460,1.54670,4038,40,0,EURCHF,Pepperstone MT5
2005.08.29,1.54610,1.55050,1.54270,1.54990,4372,40,0,EURCHF,Pepperstone MT5
2005.08.30,1.54990,1.55180,1.54730,1.55140,4198,40,0,EURCHF,Pepperstone MT5
2005.08.31,1.55140,1.55140,1.54630,1.54670,5452,40,0,EURCHF,Pepperstone MT5
2005.09.01,1.54670,1.54860,1.54150,1.54290,5873,40,0,EURCHF,Pepperstone MT5
2005.09.02,1.54290,1.54400,1.53980,1.54140,5544,40,0,EURCHF,Pepperstone MT5
2005.09.05,1.54020,1.54540,1.54000,1.54440,3201,40,0,EURCHF,Pepperstone MT5
2005.09.06,1.54460,1.54550,1.54170,1.54350,5051,40,0,EURCHF,Pepperstone MT5
2005.09.07,1.54350,1.54440,1.54190,1.54330,4508,40,0,EURCHF,Pepperstone MT5
2005.09.08,1.54330,1.54400,1.54170,1.54290,3043,40,0,EURCHF,Pepperstone MT5
2005.09.09,1.54290,1.54460,1.54130,1.54250,4017,40,0,EURCHF,Pepperstone MT5
2005.09.12,1.54250,1.54570,1.54230,1.54550,4082,40,0,EURCHF,Pepperstone MT5
2005.09.13,1.54550,1.54860,1.54440,1.54730,4687,40,0,EURCHF,Pepperstone MT5
2005.09.14,1.54730,1.54760,1.54440,1.54520,4169,40,0,EURCHF,Pepperstone MT5
2005.09.15,1.54520,1.54940,1.54380,1.54940,5033,40,0,EURCHF,Pepperstone MT5
2005.09.16,1.54940,1.55350,1.54840,1.55350,3672,40,0,EURCHF,Pepperstone MT5
2005.09.19,1.55090,1.55260,1.54820,1.55220,3680,40,0,EURCHF,Pepperstone MT5
2005.09.20,1.55220,1.55470,1.55140,1.55320,4299,40,0,EURCHF,Pepperstone MT5
2005.09.21,1.55320,1.55390,1.55030,1.55200,4651,40,0,EURCHF,Pepperstone MT5
2005.09.22,1.55200,1.55470,1.55140,1.55390,4484,40,0,EURCHF,Pepperstone MT5
2005.09.23,1.55390,1.55700,1.55350,1.55570,4362,40,0,EURCHF,Pepperstone MT5
2005.09.26,1.55570,1.55790,1.55490,1.55640,3855,40,0,EURCHF,Pepperstone MT5
2005.09.27,1.55640,1.55870,1.55540,1.55660,4314,40,0,EURCHF,Pepperstone MT5
2005.09.28,1.55660,1.55720,1.55430,1.55550,4383,40,0,EURCHF,Pepperstone MT5
2005.09.29,1.55550,1.55890,1.55490,1.55680,4024,40,0,EURCHF,Pepperstone MT5
2005.09.30,1.55700,1.55790,1.55300,1.55600,4803,40,0,EURCHF,Pepperstone MT5
2005.10.03,1.55430,1.55600,1.55050,1.55120,4280,40,0,EURCHF,Pepperstone MT5
2005.10.04,1.55120,1.55280,1.55010,1.55090,3243,40,0,EURCHF,Pepperstone MT5
2005.10.05,1.55120,1.55180,1.54780,1.54800,3592,40,0,EURCHF,Pepperstone MT5
2005.10.06,1.54800,1.54990,1.54430,1.54760,8819,40,0,EURCHF,Pepperstone MT5
2005.10.07,1.54780,1.55180,1.54690,1.54960,3725,40,0,EURCHF,Pepperstone MT5
2005.10.10,1.55030,1.55120,1.54820,1.54840,3116,40,0,EURCHF,Pepperstone MT5
2005.10.11,1.54840,1.54900,1.54650,1.54670,3604,40,0,EURCHF,Pepperstone MT5
2005.10.12,1.54670,1.54840,1.54610,1.54780,3994,40,0,EURCHF,Pepperstone MT5
2005.10.13,1.54780,1.55240,1.54590,1.55010,4405,40,0,EURCHF,Pepperstone MT5
2005.10.14,1.55010,1.55180,1.54720,1.55130,4811,40,0,EURCHF,Pepperstone MT5
2005.10.17,1.55090,1.55470,1.55030,1.55370,3695,40,0,EURCHF,Pepperstone MT5
2005.10.18,1.55370,1.55660,1.55260,1.55260,4826,40,0,EURCHF,Pepperstone MT5
2005.10.19,1.55260,1.55390,1.55120,1.55240,5119,40,0,EURCHF,Pepperstone MT5
2005.10.20,1.55240,1.55320,1.54690,1.54800,3831,40,0,EURCHF,Pepperstone MT5
2005.10.21,1.54800,1.54820,1.54310,1.54430,6204,40,0,EURCHF,Pepperstone MT5
2005.10.24,1.54360,1.54560,1.54190,1.54250,6396,40,0,EURCHF,Pepperstone MT5
2005.10.25,1.54250,1.54570,1.54170,1.54550,4809,40,0,EURCHF,Pepperstone MT5
2005.10.26,1.54550,1.54860,1.54380,1.54840,4319,40,0,EURCHF,Pepperstone MT5
2005.10.27,1.54840,1.54860,1.54550,1.54570,5368,40,0,EURCHF,Pepperstone MT5
2005.10.28,1.54570,1.54650,1.54310,1.54510,4131,40,0,EURCHF,Pepperstone MT5
2005.10.31,1.54480,1.54760,1.54420,1.54500,4022,40,0,EURCHF,Pepperstone MT5
2005.11.01,1.54500,1.54820,1.54500,1.54820,4001,40,0,EURCHF,Pepperstone MT5
2005.11.02,1.54820,1.54860,1.54130,1.54290,4895,40,0,EURCHF,Pepperstone MT5
2005.11.03,1.54290,1.54440,1.54160,1.54290,3928,40,0,EURCHF,Pepperstone MT5
2005.11.04,1.54290,1.54550,1.54160,1.54420,5047,40,0,EURCHF,Pepperstone MT5
2005.11.07,1.54560,1.54590,1.54080,1.54140,6830,40,0,EURCHF,Pepperstone MT5
2005.11.08,1.54130,1.54420,1.54060,1.54420,4888,40,0,EURCHF,Pepperstone MT5
2005.11.09,1.54420,1.54440,1.53980,1.54190,4201,40,0,EURCHF,Pepperstone MT5
2005.11.10,1.54190,1.54190,1.53620,1.53740,4852,40,0,EURCHF,Pepperstone MT5
2005.11.11,1.53740,1.53870,1.53600,1.53790,2761,40,0,EURCHF,Pepperstone MT5
2005.11.14,1.53830,1.54080,1.53710,1.54040,8051,40,0,EURCHF,Pepperstone MT5
2005.11.15,1.54020,1.54440,1.54000,1.54290,4036,40,0,EURCHF,Pepperstone MT5
2005.11.16,1.54290,1.54780,1.54270,1.54670,4151,40,0,EURCHF,Pepperstone MT5
2005.11.17,1.54650,1.54820,1.54550,1.54760,3800,40,0,EURCHF,Pepperstone MT5
2005.11.18,1.54760,1.54960,1.54630,1.54720,4924,40,0,EURCHF,Pepperstone MT5
2005.11.21,1.54750,1.54970,1.54650,1.54760,4049,40,0,EURCHF,Pepperstone MT5
2005.11.22,1.54760,1.54900,1.54610,1.54860,4347,40,0,EURCHF,Pepperstone MT5
2005.11.23,1.54860,1.55140,1.54800,1.55010,4065,40,0,EURCHF,Pepperstone MT5
2005.11.24,1.54990,1.55170,1.54940,1.55030,2057,40,0,EURCHF,Pepperstone MT5
2005.11.25,1.55030,1.55120,1.54550,1.54580,3248,40,0,EURCHF,Pepperstone MT5
2005.11.28,1.54540,1.54820,1.54460,1.54630,4736,40,0,EURCHF,Pepperstone MT5
2005.11.29,1.54650,1.54880,1.54630,1.54740,4624,40,0,EURCHF,Pepperstone MT5
2005.11.30,1.54740,1.55050,1.54660,1.55010,3787,40,0,EURCHF,Pepperstone MT5
2005.12.01,1.54990,1.55090,1.54520,1.54650,4624,40,0,EURCHF,Pepperstone MT5
2005.12.02,1.54630,1.54670,1.54240,1.54280,4581,40,0,EURCHF,Pepperstone MT5
2005.12.05,1.54330,1.54550,1.54040,1.54040,4067,40,0,EURCHF,Pepperstone MT5
2005.12.06,1.54040,1.54210,1.53810,1.53940,4187,40,0,EURCHF,Pepperstone MT5
2005.12.07,1.53940,1.54060,1.53870,1.53960,3583,40,0,EURCHF,Pepperstone MT5
2005.12.08,1.53960,1.54000,1.53600,1.53620,4398,40,0,EURCHF,Pepperstone MT5
2005.12.09,1.53640,1.54040,1.53580,1.53850,4298,40,0,EURCHF,Pepperstone MT5
2005.12.12,1.53870,1.54270,1.53770,1.54190,4625,40,0,EURCHF,Pepperstone MT5
2005.12.13,1.54190,1.54590,1.54000,1.54440,4544,40,0,EURCHF,Pepperstone MT5
2005.12.14,1.54440,1.54540,1.53790,1.53830,5529,40,0,EURCHF,Pepperstone MT5
2005.12.15,1.53830,1.54400,1.53740,1.54380,13897,40,0,EURCHF,Pepperstone MT5
2005.12.16,1.54390,1.55010,1.54130,1.54960,10868,40,0,EURCHF,Pepperstone MT5
2005.12.19,1.55000,1.55280,1.54880,1.55160,2139,40,0,EURCHF,Pepperstone MT5
2005.12.20,1.55170,1.55490,1.55090,1.55220,3307,40,0,EURCHF,Pepperstone MT5
2005.12.21,1.55200,1.55470,1.55160,1.55400,3296,40,0,EURCHF,Pepperstone MT5
2005.12.22,1.55390,1.55770,1.55320,1.55740,2505,40,0,EURCHF,Pepperstone MT5
2005.12.23,1.55720,1.55800,1.55510,1.55650,2609,40,0,EURCHF,Pepperstone MT5
2005.12.26,1.55710,1.56640,1.55320,1.55610,9096,40,0,EURCHF,Pepperstone MT5
2005.12.27,1.55620,1.55890,1.55520,1.55830,3972,40,0,EURCHF,Pepperstone MT5
2005.12.28,1.55850,1.55990,1.55620,1.55850,3750,40,0,EURCHF,Pepperstone MT5
2005.12.29,1.55870,1.55940,1.55520,1.55660,2454,40,0,EURCHF,Pepperstone MT5
2005.12.30,1.55640,1.55790,1.55340,1.55600,3433,40,0,EURCHF,Pepperstone MT5
2006.01.02,1.55660,1.55710,1.55170,1.55350,7980,40,0,EURCHF,Pepperstone MT5
2006.01.03,1.55410,1.55610,1.54900,1.55060,13717,40,0,EURCHF,Pepperstone MT5
2006.01.04,1.55050,1.55320,1.54560,1.54700,13984,40,0,EURCHF,Pepperstone MT5
2006.01.05,1.54700,1.54990,1.54390,1.54480,13319,40,0,EURCHF,Pepperstone MT5
2006.01.06,1.54480,1.54690,1.54040,1.54350,12782,40,0,EURCHF,Pepperstone MT5
2006.01.07,1.54310,1.54470,1.54310,1.54390,96,40,0,EURCHF,Pepperstone MT5
2006.01.09,1.54320,1.54430,1.54100,1.54210,12369,40,0,EURCHF,Pepperstone MT5
2006.01.10,1.54200,1.54650,1.54120,1.54500,13388,40,0,EURCHF,Pepperstone MT5
2006.01.11,1.54490,1.54850,1.54370,1.54700,12671,40,0,EURCHF,Pepperstone MT5
2006.01.12,1.54680,1.55030,1.54570,1.54700,13194,40,0,EURCHF,Pepperstone MT5
2006.01.13,1.54700,1.55100,1.54670,1.54960,12767,40,0,EURCHF,Pepperstone MT5
2006.01.14,1.54990,1.55040,1.54900,1.54900,41,40,0,EURCHF,Pepperstone MT5
2006.01.16,1.54920,1.55180,1.54770,1.55080,12335,40,0,EURCHF,Pepperstone MT5
2006.01.17,1.55060,1.55180,1.54810,1.55000,12103,40,0,EURCHF,Pepperstone MT5
2006.01.18,1.55000,1.55190,1.54550,1.55010,13305,40,0,EURCHF,Pepperstone MT5
2006.01.19,1.55010,1.55490,1.54960,1.55390,12288,40,0,EURCHF,Pepperstone MT5
2006.01.20,1.55320,1.55460,1.54840,1.54880,13153,40,0,EURCHF,Pepperstone MT5
2006.01.21,1.54870,1.54950,1.54830,1.54870,49,40,0,EURCHF,Pepperstone MT5
2006.01.23,1.54900,1.55180,1.54590,1.54660,13666,40,0,EURCHF,Pepperstone MT5
2006.01.24,1.54670,1.55050,1.54630,1.54840,12670,40,0,EURCHF,Pepperstone MT5
2006.01.25,1.54830,1.55160,1.54640,1.54840,12925,40,0,EURCHF,Pepperstone MT5
2006.01.26,1.54830,1.55240,1.54750,1.55010,13832,40,0,EURCHF,Pepperstone MT5
2006.01.27,1.55050,1.55470,1.54880,1.55340,13422,40,0,EURCHF,Pepperstone MT5
2006.01.28,1.55340,1.55490,1.55280,1.55430,96,40,0,EURCHF,Pepperstone MT5
2006.01.30,1.55210,1.55720,1.55150,1.55610,10927,40,0,EURCHF,Pepperstone MT5
2006.01.31,1.55590,1.55700,1.55210,1.55360,12202,40,0,EURCHF,Pepperstone MT5
2006.02.01,1.55350,1.55750,1.55230,1.55560,12199,40,0,EURCHF,Pepperstone MT5
2006.02.02,1.55570,1.55700,1.55310,1.55510,13667,40,0,EURCHF,Pepperstone MT5
2006.02.03,1.55490,1.55750,1.55320,1.55680,11650,40,0,EURCHF,Pepperstone MT5
2006.02.04,1.55680,1.55770,1.55640,1.55650,46,40,0,EURCHF,Pepperstone MT5
2006.02.06,1.55630,1.55860,1.55420,1.55700,12534,40,0,EURCHF,Pepperstone MT5
2006.02.07,1.55680,1.55890,1.55310,1.55430,13009,40,0,EURCHF,Pepperstone MT5
2006.02.08,1.55430,1.55650,1.55150,1.55430,13809,40,0,EURCHF,Pepperstone MT5
2006.02.09,1.55440,1.55880,1.55270,1.55690,13374,40,0,EURCHF,Pepperstone MT5
2006.02.10,1.55680,1.55810,1.55360,1.55580,13104,40,0,EURCHF,Pepperstone MT5
2006.02.11,1.55560,1.55640,1.55490,1.55560,63,40,0,EURCHF,Pepperstone MT5
2006.02.13,1.55560,1.55790,1.55390,1.55630,13286,40,0,EURCHF,Pepperstone MT5
2006.02.14,1.55650,1.55990,1.55510,1.55830,13899,40,0,EURCHF,Pepperstone MT5
2006.02.15,1.55850,1.55920,1.55630,1.55800,12065,40,0,EURCHF,Pepperstone MT5
2006.02.16,1.55790,1.56070,1.55600,1.55960,12383,40,0,EURCHF,Pepperstone MT5
2006.02.17,1.55890,1.56470,1.55830,1.56390,13084,40,0,EURCHF,Pepperstone MT5
2006.02.18,1.56420,1.56440,1.56290,1.56370,90,40,0,EURCHF,Pepperstone MT5
2006.02.20,1.56400,1.56480,1.55990,1.56100,9932,40,0,EURCHF,Pepperstone MT5
2006.02.21,1.56110,1.56220,1.55740,1.55830,12026,40,0,EURCHF,Pepperstone MT5
2006.02.22,1.55820,1.56300,1.55670,1.56130,11065,40,0,EURCHF,Pepperstone MT5
2006.02.23,1.56140,1.56330,1.55780,1.56030,11991,40,0,EURCHF,Pepperstone MT5
2006.02.24,1.56080,1.56490,1.55860,1.56430,12491,40,0,EURCHF,Pepperstone MT5
2006.02.25,1.56460,1.56580,1.56390,1.56410,112,40,0,EURCHF,Pepperstone MT5
2006.02.27,1.56440,1.56810,1.56230,1.56700,11665,40,0,EURCHF,Pepperstone MT5
2006.02.28,1.56710,1.56810,1.56240,1.56380,12519,40,0,EURCHF,Pepperstone MT5
2006.03.01,1.56370,1.56720,1.55980,1.56510,12174,40,0,EURCHF,Pepperstone MT5
2006.03.02,1.56510,1.56730,1.56160,1.56280,13666,40,0,EURCHF,Pepperstone MT5
2006.03.03,1.56260,1.56480,1.56030,1.56210,11155,40,0,EURCHF,Pepperstone MT5
2006.03.04,1.56200,1.56230,1.56160,1.56210,25,40,0,EURCHF,Pepperstone MT5
2006.03.06,1.56180,1.56250,1.55910,1.56050,10230,40,0,EURCHF,Pepperstone MT5
2006.03.07,1.56040,1.56340,1.55790,1.56120,11104,40,0,EURCHF,Pepperstone MT5
2006.03.08,1.56110,1.56260,1.55850,1.55950,10742,40,0,EURCHF,Pepperstone MT5
2006.03.09,1.55980,1.56670,1.55930,1.56520,11630,40,0,EURCHF,Pepperstone MT5
2006.03.10,1.56520,1.57030,1.56390,1.56910,10851,40,0,EURCHF,Pepperstone MT5
2006.03.11,1.56910,1.56930,1.56860,1.56910,31,40,0,EURCHF,Pepperstone MT5
2006.03.13,1.56870,1.57280,1.56790,1.56950,11425,40,0,EURCHF,Pepperstone MT5
2006.03.14,1.56980,1.57060,1.56320,1.56500,12223,40,0,EURCHF,Pepperstone MT5
2006.03.15,1.56480,1.56730,1.56300,1.56380,10945,40,0,EURCHF,Pepperstone MT5
2006.03.16,1.56390,1.57260,1.56280,1.57110,11093,40,0,EURCHF,Pepperstone MT5
2006.03.17,1.57090,1.57490,1.56900,1.57220,11828,40,0,EURCHF,Pepperstone MT5
2006.03.18,1.57200,1.57300,1.57140,1.57300,46,40,0,EURCHF,Pepperstone MT5
2006.03.20,1.57240,1.57380,1.56970,1.57080,10671,40,0,EURCHF,Pepperstone MT5
2006.03.21,1.57010,1.57560,1.56960,1.57370,10791,40,0,EURCHF,Pepperstone MT5
2006.03.22,1.57390,1.57730,1.57250,1.57620,11849,40,0,EURCHF,Pepperstone MT5
2006.03.23,1.57630,1.57920,1.57460,1.57640,11812,40,0,EURCHF,Pepperstone MT5
2006.03.24,1.57630,1.57910,1.57500,1.57750,11121,40,0,EURCHF,Pepperstone MT5
2006.03.25,1.57780,1.57830,1.57770,1.57770,29,40,0,EURCHF,Pepperstone MT5
2006.03.27,1.57740,1.57790,1.57150,1.57250,11222,40,0,EURCHF,Pepperstone MT5
2006.03.28,1.57240,1.57400,1.57000,1.57170,11642,40,0,EURCHF,Pepperstone MT5
2006.03.29,1.57190,1.57620,1.57030,1.57540,12005,40,0,EURCHF,Pepperstone MT5
2006.03.30,1.57540,1.57820,1.57370,1.57770,12010,40,0,EURCHF,Pepperstone MT5
2006.03.31,1.57770,1.58230,1.57720,1.57970,11490,40,0,EURCHF,Pepperstone MT5
2006.04.01,1.57960,1.58100,1.57900,1.58020,293,40,0,EURCHF,Pepperstone MT5
2006.04.03,1.57970,1.58520,1.57840,1.58330,11180,40,0,EURCHF,Pepperstone MT5
2006.04.04,1.58330,1.58600,1.57890,1.58180,11741,40,0,EURCHF,Pepperstone MT5
2006.04.05,1.58180,1.58270,1.57620,1.57740,11943,40,0,EURCHF,Pepperstone MT5
2006.04.06,1.57730,1.58110,1.57550,1.57720,11923,40,0,EURCHF,Pepperstone MT5
2006.04.07,1.57720,1.57840,1.57300,1.57360,12247,40,0,EURCHF,Pepperstone MT5
2006.04.08,1.57380,1.57450,1.57220,1.57380,163,40,0,EURCHF,Pepperstone MT5
2006.04.10,1.57400,1.57890,1.57250,1.57740,10727,40,0,EURCHF,Pepperstone MT5
2006.04.11,1.57750,1.57860,1.57480,1.57660,10689,40,0,EURCHF,Pepperstone MT5
2006.04.12,1.57660,1.57730,1.57140,1.57210,10189,40,0,EURCHF,Pepperstone MT5
2006.04.13,1.57220,1.57320,1.56920,1.57160,11361,40,0,EURCHF,Pepperstone MT5
2006.04.14,1.57180,1.57340,1.57030,1.57230,9682,40,0,EURCHF,Pepperstone MT5
2006.04.15,1.57190,1.57270,1.57140,1.57220,37,40,0,EURCHF,Pepperstone MT5
2006.04.17,1.57230,1.57380,1.56670,1.56800,9668,40,0,EURCHF,Pepperstone MT5
2006.04.18,1.56790,1.56910,1.56300,1.56680,11677,40,0,EURCHF,Pepperstone MT5
2006.04.19,1.56680,1.56970,1.56610,1.56850,12032,40,0,EURCHF,Pepperstone MT5
2006.04.20,1.56860,1.57580,1.56710,1.57430,12004,40,0,EURCHF,Pepperstone MT5
2006.04.21,1.57430,1.57660,1.57230,1.57390,11380,40,0,EURCHF,Pepperstone MT5
2006.04.22,1.57380,1.57450,1.57300,1.57420,205,40,0,EURCHF,Pepperstone MT5
2006.04.24,1.57300,1.57430,1.57010,1.57110,11006,40,0,EURCHF,Pepperstone MT5
2006.04.25,1.57110,1.57730,1.57020,1.57630,11527,40,0,EURCHF,Pepperstone MT5
2006.04.26,1.57630,1.58280,1.57500,1.58200,11518,40,0,EURCHF,Pepperstone MT5
2006.04.27,1.58190,1.58300,1.57720,1.57820,11991,40,0,EURCHF,Pepperstone MT5
2006.04.28,1.57820,1.58050,1.56390,1.56490,12642,40,0,EURCHF,Pepperstone MT5
2006.04.29,1.56500,1.56550,1.56400,1.56400,156,40,0,EURCHF,Pepperstone MT5
2006.05.01,1.56420,1.56630,1.55900,1.56190,10368,40,0,EURCHF,Pepperstone MT5
2006.05.02,1.56200,1.56530,1.56010,1.56100,11621,40,0,EURCHF,Pepperstone MT5
2006.05.03,1.56100,1.56390,1.55710,1.56180,12063,40,0,EURCHF,Pepperstone MT5
2006.05.04,1.56200,1.56510,1.55760,1.55990,12115,40,0,EURCHF,Pepperstone MT5
2006.05.05,1.56010,1.56280,1.55770,1.56100,12470,40,0,EURCHF,Pepperstone MT5
2006.05.06,1.56100,1.56130,1.56040,1.56080,95,40,0,EURCHF,Pepperstone MT5
2006.05.08,1.56030,1.56250,1.55690,1.56090,11594,40,0,EURCHF,Pepperstone MT5
2006.05.09,1.56080,1.56200,1.55620,1.55750,12043,40,0,EURCHF,Pepperstone MT5
2006.05.10,1.55730,1.56100,1.55530,1.55750,12497,40,0,EURCHF,Pepperstone MT5
2006.05.11,1.55750,1.56300,1.55530,1.55790,12642,40,0,EURCHF,Pepperstone MT5
2006.05.12,1.55790,1.55890,1.54680,1.54800,13695,40,0,EURCHF,Pepperstone MT5
2006.05.13,1.54800,1.54940,1.54760,1.54820,201,40,0,EURCHF,Pepperstone MT5
2006.05.15,1.54790,1.55230,1.54610,1.55000,13014,40,0,EURCHF,Pepperstone MT5
2006.05.16,1.55040,1.55490,1.54940,1.55200,13346,40,0,EURCHF,Pepperstone MT5
2006.05.17,1.55130,1.55330,1.54690,1.54780,13470,40,0,EURCHF,Pepperstone MT5
2006.05.18,1.54780,1.55230,1.54500,1.54930,13600,40,0,EURCHF,Pepperstone MT5
2006.05.19,1.54920,1.55770,1.54780,1.55450,13653,40,0,EURCHF,Pepperstone MT5
2006.05.20,1.55440,1.55470,1.55360,1.55450,145,40,0,EURCHF,Pepperstone MT5
2006.05.22,1.55360,1.55540,1.54700,1.54850,12532,40,0,EURCHF,Pepperstone MT5
2006.05.23,1.54870,1.55450,1.54670,1.54970,13149,40,0,EURCHF,Pepperstone MT5
2006.05.24,1.54950,1.55490,1.54780,1.55360,16009,40,0,EURCHF,Pepperstone MT5
2006.05.25,1.55320,1.55880,1.55240,1.55800,13286,40,0,EURCHF,Pepperstone MT5
2006.05.26,1.55810,1.56370,1.55650,1.56100,13108,40,0,EURCHF,Pepperstone MT5
2006.05.27,1.56120,1.56240,1.56060,1.56240,82,40,0,EURCHF,Pepperstone MT5
2006.05.29,1.56240,1.56290,1.55980,1.56070,10761,40,0,EURCHF,Pepperstone MT5
2006.05.30,1.56180,1.56310,1.55700,1.55910,13447,40,0,EURCHF,Pepperstone MT5
2006.05.31,1.55910,1.56240,1.55660,1.56170,13390,40,0,EURCHF,Pepperstone MT5
2006.06.01,1.56160,1.56500,1.55860,1.56410,13493,40,0,EURCHF,Pepperstone MT5
2006.06.02,1.56390,1.56570,1.55860,1.56070,12632,40,0,EURCHF,Pepperstone MT5
2006.06.03,1.56070,1.56150,1.56050,1.56070,147,40,0,EURCHF,Pepperstone MT5
2006.06.05,1.55970,1.56270,1.55720,1.55900,12152,40,0,EURCHF,Pepperstone MT5
2006.06.06,1.55900,1.56180,1.55620,1.55970,12988,40,0,EURCHF,Pepperstone MT5
2006.06.07,1.55970,1.56390,1.55760,1.56260,12535,40,0,EURCHF,Pepperstone MT5
2006.06.08,1.56230,1.56470,1.55710,1.55860,13186,40,0,EURCHF,Pepperstone MT5
2006.06.09,1.55880,1.56050,1.55490,1.55570,12864,40,0,EURCHF,Pepperstone MT5
2006.06.10,1.55580,1.55640,1.55510,1.55620,54,40,0,EURCHF,Pepperstone MT5
2006.06.12,1.55710,1.55750,1.55180,1.55240,13417,40,0,EURCHF,Pepperstone MT5
2006.06.13,1.55320,1.55600,1.55090,1.55410,14189,40,0,EURCHF,Pepperstone MT5
2006.06.14,1.55410,1.55610,1.54900,1.55140,14494,40,0,EURCHF,Pepperstone MT5
2006.06.15,1.55120,1.55590,1.55030,1.55520,14689,40,0,EURCHF,Pepperstone MT5
2006.06.16,1.55500,1.55890,1.55320,1.55690,13674,40,0,EURCHF,Pepperstone MT5
2006.06.17,1.55710,1.55730,1.55630,1.55690,45,40,0,EURCHF,Pepperstone MT5
2006.06.19,1.55700,1.56210,1.55490,1.56030,12947,40,0,EURCHF,Pepperstone MT5
2006.06.20,1.56040,1.56120,1.55710,1.55890,13433,40,0,EURCHF,Pepperstone MT5
2006.06.21,1.55860,1.56330,1.55770,1.56240,13492,40,0,EURCHF,Pepperstone MT5
2006.06.22,1.56260,1.56480,1.56090,1.56340,13688,40,0,EURCHF,Pepperstone MT5
2006.06.23,1.56310,1.56540,1.56090,1.56210,13408,40,0,EURCHF,Pepperstone MT5
2006.06.24,1.56250,1.56380,1.56090,1.56090,159,40,0,EURCHF,Pepperstone MT5
2006.06.26,1.56210,1.56540,1.56040,1.56330,13174,40,0,EURCHF,Pepperstone MT5
2006.06.27,1.56350,1.56820,1.56260,1.56450,13982,40,0,EURCHF,Pepperstone MT5
2006.06.28,1.56430,1.56540,1.56150,1.56420,13289,40,0,EURCHF,Pepperstone MT5
2006.06.29,1.56390,1.56760,1.56240,1.56590,14379,40,0,EURCHF,Pepperstone MT5
2006.06.30,1.56580,1.56890,1.56290,1.56430,13933,40,0,EURCHF,Pepperstone MT5
2006.07.01,1.56430,1.56520,1.56310,1.56450,107,40,0,EURCHF,Pepperstone MT5
2006.07.03,1.56500,1.56880,1.56370,1.56720,12727,40,0,EURCHF,Pepperstone MT5
2006.07.04,1.56720,1.56940,1.56580,1.56750,13348,40,0,EURCHF,Pepperstone MT5
2006.07.05,1.56720,1.57100,1.56450,1.56790,13898,40,0,EURCHF,Pepperstone MT5
2006.07.06,1.56800,1.57070,1.56670,1.56950,13587,40,0,EURCHF,Pepperstone MT5
2006.07.07,1.56940,1.57160,1.56550,1.56700,13216,40,0,EURCHF,Pepperstone MT5
2006.07.08,1.56710,1.56830,1.56640,1.56710,130,40,0,EURCHF,Pepperstone MT5
2006.07.10,1.56640,1.56900,1.56450,1.56690,12906,40,0,EURCHF,Pepperstone MT5
2006.07.11,1.56700,1.56800,1.56460,1.56600,13836,40,0,EURCHF,Pepperstone MT5
2006.07.12,1.56620,1.56970,1.56430,1.56740,13411,40,0,EURCHF,Pepperstone MT5
2006.07.13,1.56740,1.56850,1.55960,1.56090,13270,40,0,EURCHF,Pepperstone MT5
2006.07.14,1.56090,1.56380,1.55930,1.56130,13714,40,0,EURCHF,Pepperstone MT5
2006.07.15,1.56160,1.56190,1.56040,1.56170,98,40,0,EURCHF,Pepperstone MT5
2006.07.17,1.56040,1.56470,1.55860,1.56250,12495,40,0,EURCHF,Pepperstone MT5
2006.07.18,1.56240,1.56750,1.56180,1.56680,13492,40,0,EURCHF,Pepperstone MT5
2006.07.19,1.56690,1.57260,1.56510,1.57170,14107,40,0,EURCHF,Pepperstone MT5
2006.07.20,1.57140,1.57330,1.56970,1.57170,13621,40,0,EURCHF,Pepperstone MT5
2006.07.21,1.57120,1.57210,1.56830,1.56970,13341,40,0,EURCHF,Pepperstone MT5
2006.07.22,1.56930,1.57040,1.56930,1.56940,174,40,0,EURCHF,Pepperstone MT5
2006.07.24,1.56980,1.57560,1.56890,1.57360,13550,40,0,EURCHF,Pepperstone MT5
2006.07.25,1.57390,1.57740,1.57260,1.57690,14415,40,0,EURCHF,Pepperstone MT5
2006.07.26,1.57680,1.57870,1.57380,1.57770,14066,40,0,EURCHF,Pepperstone MT5
2006.07.27,1.57760,1.57940,1.57120,1.57290,14134,40,0,EURCHF,Pepperstone MT5
2006.07.28,1.57270,1.57430,1.57040,1.57290,14024,40,0,EURCHF,Pepperstone MT5
2006.07.29,1.57300,1.57320,1.57220,1.57260,86,40,0,EURCHF,Pepperstone MT5
2006.07.31,1.57240,1.57470,1.56910,1.57200,12276,40,0,EURCHF,Pepperstone MT5
2006.08.01,1.57220,1.57530,1.57060,1.57240,13738,40,0,EURCHF,Pepperstone MT5
2006.08.02,1.57250,1.57530,1.57130,1.57400,13639,40,0,EURCHF,Pepperstone MT5
2006.08.03,1.57430,1.57740,1.57260,1.57630,13587,40,0,EURCHF,Pepperstone MT5
2006.08.04,1.57610,1.57940,1.57240,1.57510,13286,40,0,EURCHF,Pepperstone MT5
2006.08.05,1.57470,1.57620,1.57440,1.57520,165,40,0,EURCHF,Pepperstone MT5
2006.08.07,1.57390,1.57520,1.57090,1.57390,12857,40,0,EURCHF,Pepperstone MT5
2006.08.08,1.57390,1.57580,1.57130,1.57300,13837,40,0,EURCHF,Pepperstone MT5
2006.08.09,1.57320,1.57830,1.57210,1.57770,13868,40,0,EURCHF,Pepperstone MT5
2006.08.10,1.57760,1.58050,1.57330,1.57890,12894,40,0,EURCHF,Pepperstone MT5
2006.08.11,1.57880,1.58270,1.57720,1.58160,13695,40,0,EURCHF,Pepperstone MT5
2006.08.12,1.58100,1.58230,1.58100,1.58210,112,40,0,EURCHF,Pepperstone MT5
2006.08.14,1.57930,1.58190,1.57800,1.57920,13123,40,0,EURCHF,Pepperstone MT5
2006.08.15,1.57970,1.58360,1.57790,1.58180,13484,40,0,EURCHF,Pepperstone MT5
2006.08.16,1.58190,1.58330,1.57630,1.57920,13394,40,0,EURCHF,Pepperstone MT5
2006.08.17,1.57930,1.58260,1.57590,1.58150,13175,40,0,EURCHF,Pepperstone MT5
2006.08.18,1.58160,1.58340,1.57870,1.58180,12767,40,0,EURCHF,Pepperstone MT5
2006.08.19,1.58160,1.58290,1.58140,1.58220,98,40,0,EURCHF,Pepperstone MT5
2006.08.21,1.58140,1.58270,1.57630,1.57880,12643,40,0,EURCHF,Pepperstone MT5
2006.08.22,1.57890,1.58180,1.57620,1.58030,13655,40,0,EURCHF,Pepperstone MT5
2006.08.23,1.58030,1.58220,1.57840,1.57960,13215,40,0,EURCHF,Pepperstone MT5
2006.08.24,1.57960,1.58260,1.57810,1.58110,13428,40,0,EURCHF,Pepperstone MT5
2006.08.25,1.58130,1.58260,1.57890,1.58130,13062,40,0,EURCHF,Pepperstone MT5
2006.08.26,1.58110,1.58180,1.58030,1.58110,389,40,0,EURCHF,Pepperstone MT5
2006.08.28,1.58120,1.58310,1.57840,1.58090,12305,40,0,EURCHF,Pepperstone MT5
2006.08.29,1.58100,1.58170,1.57410,1.57600,13068,40,0,EURCHF,Pepperstone MT5
2006.08.30,1.57610,1.57810,1.57430,1.57550,13399,40,0,EURCHF,Pepperstone MT5
2006.08.31,1.57540,1.57940,1.57390,1.57680,14226,40,0,EURCHF,Pepperstone MT5
2006.09.01,1.57670,1.58200,1.57510,1.57930,13931,40,0,EURCHF,Pepperstone MT5
2006.09.02,1.57910,1.58000,1.57870,1.57910,191,40,0,EURCHF,Pepperstone MT5
2006.09.04,1.57900,1.58210,1.57820,1.58070,12250,40,0,EURCHF,Pepperstone MT5
2006.09.05,1.57980,1.58360,1.57980,1.58090,13152,40,0,EURCHF,Pepperstone MT5
2006.09.06,1.58150,1.58570,1.57990,1.58220,13369,40,0,EURCHF,Pepperstone MT5
2006.09.07,1.58200,1.58460,1.58020,1.58250,13928,40,0,EURCHF,Pepperstone MT5
2006.09.08,1.58230,1.58350,1.57950,1.58160,13830,40,0,EURCHF,Pepperstone MT5
2006.09.09,1.58120,1.58270,1.58070,1.58090,216,40,0,EURCHF,Pepperstone MT5
2006.09.11,1.58090,1.58300,1.57850,1.58120,13424,40,0,EURCHF,Pepperstone MT5
2006.09.12,1.58110,1.58840,1.57810,1.58700,13592,40,0,EURCHF,Pepperstone MT5
2006.09.13,1.58710,1.59140,1.58600,1.58760,14035,40,0,EURCHF,Pepperstone MT5
2006.09.14,1.58730,1.59430,1.58270,1.59270,14033,40,0,EURCHF,Pepperstone MT5
2006.09.15,1.59280,1.59710,1.58810,1.59010,13716,40,0,EURCHF,Pepperstone MT5
2006.09.16,1.58990,1.59070,1.58880,1.58980,199,40,0,EURCHF,Pepperstone MT5
2006.09.18,1.58950,1.59100,1.58690,1.58910,12840,40,0,EURCHF,Pepperstone MT5
2006.09.19,1.58910,1.59190,1.58570,1.58690,12988,40,0,EURCHF,Pepperstone MT5
2006.09.20,1.58730,1.58930,1.58530,1.58810,13388,40,0,EURCHF,Pepperstone MT5
2006.09.21,1.58820,1.59530,1.58540,1.58780,14088,40,0,EURCHF,Pepperstone MT5
2006.09.22,1.58790,1.59030,1.57880,1.58000,13502,40,0,EURCHF,Pepperstone MT5
2006.09.23,1.58000,1.58170,1.57980,1.58020,90,40,0,EURCHF,Pepperstone MT5
2006.09.25,1.58040,1.58190,1.57560,1.57920,12544,40,0,EURCHF,Pepperstone MT5
2006.09.26,1.57920,1.58030,1.57630,1.57770,13279,40,0,EURCHF,Pepperstone MT5
2006.09.27,1.57820,1.58240,1.57680,1.58020,12338,40,0,EURCHF,Pepperstone MT5
2006.09.28,1.58040,1.58560,1.57930,1.58420,12933,40,0,EURCHF,Pepperstone MT5
2006.09.29,1.58410,1.59030,1.58230,1.58470,11550,40,0,EURCHF,Pepperstone MT5
2006.10.02,1.58520,1.58630,1.58220,1.58370,8289,40,0,EURCHF,Pepperstone MT5
2006.10.03,1.58360,1.58630,1.58310,1.58540,6137,40,0,EURCHF,Pepperstone MT5
2006.10.04,1.58550,1.58930,1.58510,1.58740,7756,40,0,EURCHF,Pepperstone MT5
2006.10.05,1.58750,1.59150,1.58600,1.58900,6406,40,0,EURCHF,Pepperstone MT5
2006.10.06,1.58880,1.59020,1.58740,1.58790,4910,40,0,EURCHF,Pepperstone MT5
2006.10.09,1.58800,1.58980,1.58630,1.58920,4483,40,0,EURCHF,Pepperstone MT5
2006.10.10,1.58910,1.59230,1.58850,1.59190,4988,40,0,EURCHF,Pepperstone MT5
2006.10.11,1.59200,1.59510,1.59180,1.59280,4740,40,0,EURCHF,Pepperstone MT5
2006.10.12,1.59270,1.59410,1.59200,1.59280,4074,40,0,EURCHF,Pepperstone MT5
2006.10.13,1.59270,1.59600,1.59200,1.59270,4854,40,0,EURCHF,Pepperstone MT5
2006.10.16,1.59260,1.59370,1.59090,1.59240,4452,40,0,EURCHF,Pepperstone MT5
2006.10.17,1.59230,1.59260,1.58800,1.59060,5134,40,0,EURCHF,Pepperstone MT5
2006.10.18,1.59050,1.59300,1.58870,1.59190,4051,40,0,EURCHF,Pepperstone MT5
2006.10.19,1.59200,1.59270,1.58590,1.58740,5687,40,0,EURCHF,Pepperstone MT5
2006.10.20,1.58760,1.58960,1.58600,1.58830,4666,40,0,EURCHF,Pepperstone MT5
2006.10.23,1.58710,1.59100,1.58690,1.58950,4564,40,0,EURCHF,Pepperstone MT5
2006.10.24,1.58960,1.59220,1.58880,1.59050,4630,40,0,EURCHF,Pepperstone MT5
2006.10.25,1.59070,1.59430,1.59000,1.59400,4463,40,0,EURCHF,Pepperstone MT5
2006.10.26,1.59390,1.59430,1.59040,1.59070,5200,40,0,EURCHF,Pepperstone MT5
2006.10.27,1.59090,1.59260,1.58900,1.59070,5298,40,0,EURCHF,Pepperstone MT5
2006.10.30,1.59000,1.59040,1.58770,1.58840,4277,40,0,EURCHF,Pepperstone MT5
2006.10.31,1.58860,1.58920,1.58560,1.58740,4620,40,0,EURCHF,Pepperstone MT5
2006.11.01,1.58760,1.58880,1.58640,1.58870,6984,40,0,EURCHF,Pepperstone MT5
2006.11.02,1.58850,1.59120,1.58780,1.59120,5214,40,0,EURCHF,Pepperstone MT5
2006.11.03,1.59110,1.59570,1.59040,1.59440,5055,40,0,EURCHF,Pepperstone MT5
2006.11.06,1.59420,1.59780,1.59350,1.59750,4121,40,0,EURCHF,Pepperstone MT5
2006.11.07,1.59740,1.59820,1.59400,1.59620,4741,40,0,EURCHF,Pepperstone MT5
2006.11.08,1.59610,1.59670,1.59410,1.59580,3737,40,0,EURCHF,Pepperstone MT5
2006.11.09,1.59610,1.59740,1.59340,1.59470,3873,40,0,EURCHF,Pepperstone MT5
2006.11.10,1.59450,1.59470,1.59150,1.59420,4626,40,0,EURCHF,Pepperstone MT5
2006.11.13,1.59170,1.59480,1.59100,1.59400,3891,40,0,EURCHF,Pepperstone MT5
2006.11.14,1.59390,1.59550,1.59280,1.59320,5308,40,0,EURCHF,Pepperstone MT5
2006.11.15,1.59300,1.59990,1.59280,1.59790,7458,40,0,EURCHF,Pepperstone MT5
2006.11.16,1.59800,1.59900,1.59630,1.59680,5039,40,0,EURCHF,Pepperstone MT5
2006.11.17,1.59660,1.60100,1.59480,1.59570,4901,40,0,EURCHF,Pepperstone MT5
2006.11.20,1.59540,1.59700,1.59210,1.59400,3937,40,0,EURCHF,Pepperstone MT5
2006.11.21,1.59440,1.59510,1.59140,1.59400,2790,40,0,EURCHF,Pepperstone MT5
2006.11.22,1.59390,1.59410,1.58640,1.58710,3936,40,0,EURCHF,Pepperstone MT5
2006.11.23,1.58690,1.58810,1.58260,1.58520,3260,40,0,EURCHF,Pepperstone MT5
2006.11.24,1.58500,1.58560,1.58090,1.58330,4422,40,0,EURCHF,Pepperstone MT5
2006.11.27,1.58320,1.58580,1.58270,1.58460,4186,40,0,EURCHF,Pepperstone MT5
2006.11.28,1.58480,1.58900,1.58330,1.58730,4252,40,0,EURCHF,Pepperstone MT5
2006.11.29,1.58750,1.59150,1.58690,1.59090,4205,40,0,EURCHF,Pepperstone MT5
2006.11.30,1.59110,1.59240,1.58610,1.58630,4271,40,0,EURCHF,Pepperstone MT5
2006.12.01,1.58620,1.59150,1.58590,1.59130,4657,40,0,EURCHF,Pepperstone MT5
2006.12.04,1.59110,1.59390,1.59010,1.59140,3689,40,0,EURCHF,Pepperstone MT5
2006.12.05,1.59130,1.59270,1.58630,1.58780,3976,40,0,EURCHF,Pepperstone MT5
2006.12.06,1.58770,1.58950,1.58660,1.58870,3529,40,0,EURCHF,Pepperstone MT5
2006.12.07,1.58860,1.58960,1.58700,1.58800,4718,40,0,EURCHF,Pepperstone MT5
2006.12.08,1.58810,1.59210,1.58710,1.59100,7994,40,0,EURCHF,Pepperstone MT5
2006.12.11,1.59000,1.59230,1.58840,1.59170,7342,40,0,EURCHF,Pepperstone MT5
2006.12.12,1.59180,1.59350,1.58990,1.59320,5152,40,0,EURCHF,Pepperstone MT5
2006.12.13,1.59340,1.59560,1.59110,1.59380,8365,40,0,EURCHF,Pepperstone MT5
2006.12.14,1.59390,1.59920,1.59170,1.59640,8132,40,0,EURCHF,Pepperstone MT5
2006.12.15,1.59660,1.59980,1.59540,1.59760,7073,40,0,EURCHF,Pepperstone MT5
2006.12.18,1.59810,1.60130,1.59700,1.60080,5520,40,0,EURCHF,Pepperstone MT5
2006.12.19,1.60090,1.60400,1.59870,1.60200,6660,40,0,EURCHF,Pepperstone MT5
2006.12.20,1.60220,1.60510,1.60100,1.60430,8508,40,0,EURCHF,Pepperstone MT5
2006.12.21,1.60420,1.60500,1.60170,1.60250,7661,40,0,EURCHF,Pepperstone MT5
2006.12.22,1.60270,1.60350,1.60070,1.60170,8191,40,0,EURCHF,Pepperstone MT5
2006.12.26,1.60200,1.60310,1.60050,1.60200,9300,40,0,EURCHF,Pepperstone MT5
2006.12.27,1.60210,1.60890,1.60140,1.60860,5489,40,0,EURCHF,Pepperstone MT5
2006.12.28,1.60850,1.61030,1.60510,1.60630,7772,40,0,EURCHF,Pepperstone MT5
2006.12.29,1.60640,1.61000,1.60490,1.60890,8901,40,0,EURCHF,Pepperstone MT5
2007.01.01,1.60950,1.60950,1.60950,1.60950,1,30,0,EURCHF,Pepperstone MT5
2007.01.02,1.60900,1.61190,1.60710,1.61070,6352,30,0,EURCHF,Pepperstone MT5
2007.01.03,1.61090,1.61690,1.60940,1.61450,7040,30,0,EURCHF,Pepperstone MT5
2007.01.04,1.61460,1.61510,1.61060,1.61280,7734,30,0,EURCHF,Pepperstone MT5
2007.01.05,1.61300,1.61350,1.60590,1.60710,7245,30,0,EURCHF,Pepperstone MT5
2007.01.08,1.60660,1.61090,1.60580,1.60970,7243,30,0,EURCHF,Pepperstone MT5
2007.01.09,1.61010,1.61460,1.60950,1.61350,7676,30,0,EURCHF,Pepperstone MT5
2007.01.10,1.61340,1.61450,1.61130,1.61230,6807,30,0,EURCHF,Pepperstone MT5
2007.01.11,1.61220,1.61690,1.60980,1.61050,5598,30,0,EURCHF,Pepperstone MT5
2007.01.12,1.61090,1.61410,1.60980,1.61250,6827,30,0,EURCHF,Pepperstone MT5
2007.01.15,1.61210,1.61600,1.61110,1.61510,6133,30,0,EURCHF,Pepperstone MT5
2007.01.16,1.61520,1.61610,1.61140,1.61220,7907,30,0,EURCHF,Pepperstone MT5
2007.01.17,1.61230,1.61460,1.61170,1.61350,7408,30,0,EURCHF,Pepperstone MT5
2007.01.18,1.61360,1.61950,1.61250,1.61610,6671,30,0,EURCHF,Pepperstone MT5
2007.01.19,1.61600,1.61920,1.61570,1.61780,6087,30,0,EURCHF,Pepperstone MT5
2007.01.22,1.61790,1.61960,1.61680,1.61730,4952,30,0,EURCHF,Pepperstone MT5
2007.01.23,1.61740,1.61890,1.61360,1.61830,6911,30,0,EURCHF,Pepperstone MT5
2007.01.24,1.61810,1.62230,1.61500,1.61810,8331,30,0,EURCHF,Pepperstone MT5
2007.01.25,1.61830,1.61890,1.61240,1.61460,8113,30,0,EURCHF,Pepperstone MT5
2007.01.26,1.61470,1.61990,1.61380,1.61890,7339,30,0,EURCHF,Pepperstone MT5
2007.01.29,1.61870,1.62420,1.61840,1.62360,3042,30,0,EURCHF,Pepperstone MT5
2007.01.30,1.62380,1.62530,1.62120,1.62280,3625,30,0,EURCHF,Pepperstone MT5
2007.01.31,1.62290,1.62600,1.61970,1.62110,5194,30,0,EURCHF,Pepperstone MT5
2007.02.01,1.62100,1.62190,1.61650,1.61900,4590,30,0,EURCHF,Pepperstone MT5
2007.02.02,1.61890,1.62040,1.61610,1.61760,4183,30,0,EURCHF,Pepperstone MT5
2007.02.05,1.61720,1.61820,1.61300,1.61420,3525,30,0,EURCHF,Pepperstone MT5
2007.02.06,1.61430,1.61440,1.60830,1.60980,3779,30,0,EURCHF,Pepperstone MT5
2007.02.07,1.60960,1.61580,1.60870,1.61510,3661,30,0,EURCHF,Pepperstone MT5
2007.02.08,1.61500,1.62600,1.61480,1.62450,4730,30,0,EURCHF,Pepperstone MT5
2007.02.09,1.62460,1.62710,1.62200,1.62250,3682,30,0,EURCHF,Pepperstone MT5
2007.02.12,1.62320,1.62540,1.62210,1.62510,3388,30,0,EURCHF,Pepperstone MT5
2007.02.13,1.62530,1.62700,1.62270,1.62560,3830,30,0,EURCHF,Pepperstone MT5
2007.02.14,1.62550,1.62870,1.62420,1.62770,4284,30,0,EURCHF,Pepperstone MT5
2007.02.15,1.62790,1.62860,1.62120,1.62240,5578,30,0,EURCHF,Pepperstone MT5
2007.02.16,1.62220,1.62290,1.62020,1.62240,3952,30,0,EURCHF,Pepperstone MT5
2007.02.19,1.62080,1.62330,1.61960,1.62150,2985,30,0,EURCHF,Pepperstone MT5
2007.02.20,1.62140,1.62740,1.62100,1.62430,3823,30,0,EURCHF,Pepperstone MT5
2007.02.21,1.62420,1.62860,1.62390,1.62630,4705,30,0,EURCHF,Pepperstone MT5
2007.02.22,1.62620,1.62890,1.62460,1.62510,4116,30,0,EURCHF,Pepperstone MT5
2007.02.23,1.62490,1.62690,1.62100,1.62310,5562,30,0,EURCHF,Pepperstone MT5
2007.02.26,1.62240,1.62390,1.61910,1.62180,3764,30,0,EURCHF,Pepperstone MT5
2007.02.27,1.62210,1.62240,1.60940,1.61240,6194,30,0,EURCHF,Pepperstone MT5
2007.02.28,1.61230,1.61460,1.61050,1.61320,6163,30,0,EURCHF,Pepperstone MT5
2007.03.01,1.61340,1.61420,1.60610,1.61080,6623,30,0,EURCHF,Pepperstone MT5
2007.03.02,1.61090,1.61310,1.60260,1.60450,6010,30,0,EURCHF,Pepperstone MT5
2007.03.05,1.60590,1.60590,1.59290,1.59780,7030,30,0,EURCHF,Pepperstone MT5
2007.03.06,1.59800,1.60710,1.59660,1.60590,4579,30,0,EURCHF,Pepperstone MT5
2007.03.07,1.60570,1.60770,1.60300,1.60420,4368,30,0,EURCHF,Pepperstone MT5
2007.03.08,1.60410,1.61350,1.60210,1.61210,4513,30,0,EURCHF,Pepperstone MT5
2007.03.09,1.61200,1.61930,1.61160,1.61920,4656,30,0,EURCHF,Pepperstone MT5
2007.03.12,1.61860,1.61930,1.61310,1.61530,3528,30,0,EURCHF,Pepperstone MT5
2007.03.13,1.61560,1.61670,1.60520,1.60780,4689,30,0,EURCHF,Pepperstone MT5
2007.03.14,1.60740,1.61060,1.60280,1.61000,5798,30,0,EURCHF,Pepperstone MT5
2007.03.15,1.61020,1.61240,1.60690,1.61110,4959,30,0,EURCHF,Pepperstone MT5
2007.03.16,1.61130,1.61210,1.60380,1.60710,5085,30,0,EURCHF,Pepperstone MT5
2007.03.19,1.60560,1.61380,1.60550,1.61230,3952,30,0,EURCHF,Pepperstone MT5
2007.03.20,1.61240,1.61420,1.61060,1.61390,4138,30,0,EURCHF,Pepperstone MT5
2007.03.21,1.61380,1.61930,1.61310,1.61820,3339,30,0,EURCHF,Pepperstone MT5
2007.03.22,1.61810,1.62180,1.61680,1.61850,3982,30,0,EURCHF,Pepperstone MT5
2007.03.23,1.61840,1.62000,1.61570,1.61920,3664,30,0,EURCHF,Pepperstone MT5
2007.03.26,1.61960,1.62150,1.61700,1.62020,3454,30,0,EURCHF,Pepperstone MT5
2007.03.27,1.62030,1.62200,1.61880,1.61960,3556,30,0,EURCHF,Pepperstone MT5
2007.03.28,1.61950,1.62170,1.61450,1.61920,6339,30,0,EURCHF,Pepperstone MT5
2007.03.29,1.61900,1.62460,1.61880,1.62320,3605,30,0,EURCHF,Pepperstone MT5
2007.03.30,1.62330,1.62670,1.61950,1.62330,4531,30,0,EURCHF,Pepperstone MT5
2007.04.02,1.62250,1.62500,1.62070,1.62460,3195,30,0,EURCHF,Pepperstone MT5
2007.04.03,1.62450,1.62960,1.62350,1.62960,3223,30,0,EURCHF,Pepperstone MT5
2007.04.04,1.62940,1.63180,1.62780,1.63070,3636,30,0,EURCHF,Pepperstone MT5
2007.04.05,1.63060,1.63180,1.62890,1.63150,3062,30,0,EURCHF,Pepperstone MT5
2007.04.06,1.63170,1.63550,1.63080,1.63460,1871,30,0,EURCHF,Pepperstone MT5
2007.04.09,1.63430,1.63890,1.63360,1.63820,2372,30,0,EURCHF,Pepperstone MT5
2007.04.10,1.63800,1.63870,1.63350,1.63480,3352,30,0,EURCHF,Pepperstone MT5
2007.04.11,1.63500,1.63960,1.63390,1.63940,3347,30,0,EURCHF,Pepperstone MT5
2007.04.12,1.63900,1.64500,1.63720,1.64050,3851,30,0,EURCHF,Pepperstone MT5
2007.04.13,1.64070,1.64400,1.63470,1.64320,5767,30,0,EURCHF,Pepperstone MT5
2007.04.16,1.64530,1.64650,1.64250,1.64330,2873,30,0,EURCHF,Pepperstone MT5
2007.04.17,1.64340,1.64390,1.63860,1.63940,3390,30,0,EURCHF,Pepperstone MT5
2007.04.18,1.63970,1.64080,1.63540,1.63820,3728,30,0,EURCHF,Pepperstone MT5
2007.04.19,1.63800,1.64040,1.63210,1.63940,4181,30,0,EURCHF,Pepperstone MT5
2007.04.20,1.63960,1.64360,1.63900,1.64230,4550,30,0,EURCHF,Pepperstone MT5
2007.04.23,1.64150,1.64330,1.63890,1.64210,3434,30,0,EURCHF,Pepperstone MT5
2007.04.24,1.64180,1.64220,1.63660,1.63870,3865,30,0,EURCHF,Pepperstone MT5
2007.04.25,1.63860,1.64320,1.63710,1.64260,3636,30,0,EURCHF,Pepperstone MT5
2007.04.26,1.64250,1.64470,1.64150,1.64370,4000,30,0,EURCHF,Pepperstone MT5
2007.04.27,1.64360,1.64650,1.64090,1.64550,4983,30,0,EURCHF,Pepperstone MT5
2007.04.28,1.64580,1.64580,1.64570,1.64570,2,30,0,EURCHF,Pepperstone MT5
2007.04.30,1.64180,1.64860,1.64150,1.64760,3384,30,0,EURCHF,Pepperstone MT5
2007.05.01,1.64750,1.65330,1.64620,1.65230,3528,30,0,EURCHF,Pepperstone MT5
2007.05.02,1.65220,1.65330,1.64900,1.64970,3574,30,0,EURCHF,Pepperstone MT5
2007.05.03,1.64950,1.65110,1.64660,1.64760,3834,30,0,EURCHF,Pepperstone MT5
2007.05.04,1.64750,1.64880,1.64440,1.64660,5025,30,0,EURCHF,Pepperstone MT5
2007.05.07,1.64580,1.64830,1.64400,1.64730,2975,30,0,EURCHF,Pepperstone MT5
2007.05.08,1.64750,1.65050,1.64690,1.64970,5100,30,0,EURCHF,Pepperstone MT5
2007.05.09,1.64980,1.65000,1.64680,1.64860,3768,30,0,EURCHF,Pepperstone MT5
2007.05.10,1.64840,1.65020,1.64450,1.64510,5025,30,0,EURCHF,Pepperstone MT5
2007.05.11,1.64500,1.64840,1.64140,1.64840,4154,30,0,EURCHF,Pepperstone MT5
2007.05.14,1.64760,1.65220,1.64760,1.65130,2731,30,0,EURCHF,Pepperstone MT5
2007.05.15,1.65110,1.65360,1.64840,1.65180,5194,30,0,EURCHF,Pepperstone MT5
2007.05.16,1.65160,1.65520,1.65050,1.65360,4829,30,0,EURCHF,Pepperstone MT5
2007.05.17,1.65340,1.65690,1.65120,1.65560,3708,30,0,EURCHF,Pepperstone MT5
2007.05.18,1.65580,1.65810,1.65270,1.65770,3817,30,0,EURCHF,Pepperstone MT5
2007.05.21,1.65990,1.66120,1.65450,1.65730,3601,30,0,EURCHF,Pepperstone MT5
2007.05.22,1.65740,1.65740,1.65300,1.65370,3317,30,0,EURCHF,Pepperstone MT5
2007.05.23,1.65380,1.65480,1.65040,1.65220,4116,30,0,EURCHF,Pepperstone MT5
2007.05.24,1.65190,1.65270,1.64760,1.64870,3724,30,0,EURCHF,Pepperstone MT5
2007.05.25,1.64880,1.65230,1.64760,1.65110,3866,30,0,EURCHF,Pepperstone MT5
2007.05.28,1.65050,1.65370,1.64980,1.65270,2092,30,0,EURCHF,Pepperstone MT5
2007.05.29,1.65260,1.65310,1.64650,1.64800,4334,30,0,EURCHF,Pepperstone MT5
2007.05.30,1.64790,1.64830,1.64430,1.64570,3435,30,0,EURCHF,Pepperstone MT5
2007.05.31,1.64540,1.64970,1.64510,1.64820,3034,30,0,EURCHF,Pepperstone MT5
2007.06.01,1.64830,1.65400,1.64760,1.65370,2992,30,0,EURCHF,Pepperstone MT5
2007.06.04,1.65240,1.65480,1.64830,1.65050,4607,30,0,EURCHF,Pepperstone MT5
2007.06.05,1.65060,1.65160,1.64580,1.64720,4080,30,0,EURCHF,Pepperstone MT5
2007.06.06,1.64700,1.64800,1.64210,1.64230,4196,30,0,EURCHF,Pepperstone MT5
2007.06.07,1.64250,1.64940,1.64160,1.64410,5424,30,0,EURCHF,Pepperstone MT5
2007.06.08,1.64400,1.65220,1.64330,1.65160,4984,30,0,EURCHF,Pepperstone MT5
2007.06.11,1.65090,1.65520,1.64930,1.65370,3335,30,0,EURCHF,Pepperstone MT5
2007.06.12,1.65380,1.65650,1.65260,1.65260,5222,30,0,EURCHF,Pepperstone MT5
2007.06.13,1.65220,1.65740,1.65150,1.65650,4389,30,0,EURCHF,Pepperstone MT5
2007.06.14,1.65660,1.65980,1.65370,1.65880,5909,30,0,EURCHF,Pepperstone MT5
2007.06.15,1.65900,1.66270,1.65660,1.66190,6705,30,0,EURCHF,Pepperstone MT5
2007.06.18,1.66200,1.66620,1.66080,1.66610,4583,30,0,EURCHF,Pepperstone MT5
2007.06.19,1.66590,1.66720,1.66140,1.66570,4370,30,0,EURCHF,Pepperstone MT5
2007.06.20,1.66580,1.66580,1.65820,1.65850,5622,30,0,EURCHF,Pepperstone MT5
2007.06.21,1.65860,1.66350,1.65840,1.66220,5198,30,0,EURCHF,Pepperstone MT5
2007.06.22,1.66210,1.66370,1.65420,1.65570,6775,30,0,EURCHF,Pepperstone MT5
2007.06.25,1.65470,1.65580,1.65170,1.65380,4500,30,0,EURCHF,Pepperstone MT5
2007.06.26,1.65390,1.65550,1.65100,1.65220,5758,30,0,EURCHF,Pepperstone MT5
2007.06.27,1.65210,1.65380,1.64890,1.65370,5081,30,0,EURCHF,Pepperstone MT5
2007.06.28,1.65380,1.65730,1.65250,1.65570,4701,30,0,EURCHF,Pepperstone MT5
2007.06.29,1.65580,1.65730,1.65250,1.65410,4723,30,0,EURCHF,Pepperstone MT5
2007.07.02,1.65340,1.65460,1.64620,1.64940,5145,30,0,EURCHF,Pepperstone MT5
2007.07.03,1.64930,1.65540,1.64820,1.65450,4898,30,0,EURCHF,Pepperstone MT5
2007.07.04,1.65460,1.65750,1.65380,1.65590,3905,30,0,EURCHF,Pepperstone MT5
2007.07.05,1.65630,1.65740,1.65220,1.65540,5279,30,0,EURCHF,Pepperstone MT5
2007.07.06,1.65530,1.66020,1.65480,1.65960,5075,30,0,EURCHF,Pepperstone MT5
2007.07.09,1.65970,1.66030,1.65660,1.65770,2830,30,0,EURCHF,Pepperstone MT5
2007.07.10,1.65780,1.65860,1.65220,1.65250,5867,30,0,EURCHF,Pepperstone MT5
2007.07.11,1.65260,1.65830,1.65200,1.65820,6205,30,0,EURCHF,Pepperstone MT5
2007.07.12,1.65810,1.65890,1.65590,1.65870,4511,30,0,EURCHF,Pepperstone MT5
2007.07.13,1.65810,1.65940,1.65500,1.65750,4003,30,0,EURCHF,Pepperstone MT5
2007.07.16,1.65630,1.65780,1.65460,1.65760,2421,30,0,EURCHF,Pepperstone MT5
2007.07.17,1.65750,1.65870,1.65250,1.65760,4837,30,0,EURCHF,Pepperstone MT5
2007.07.18,1.65750,1.65790,1.65320,1.65730,6532,30,0,EURCHF,Pepperstone MT5
2007.07.19,1.65720,1.66230,1.65570,1.66130,4884,30,0,EURCHF,Pepperstone MT5
2007.07.20,1.66120,1.66330,1.65840,1.66040,6073,30,0,EURCHF,Pepperstone MT5
2007.07.23,1.66150,1.66650,1.65800,1.66510,5244,30,0,EURCHF,Pepperstone MT5
2007.07.24,1.66520,1.66800,1.66150,1.66260,6314,30,0,EURCHF,Pepperstone MT5
2007.07.25,1.66250,1.66840,1.66140,1.66460,5925,30,0,EURCHF,Pepperstone MT5
2007.07.26,1.66480,1.66590,1.65350,1.65470,7871,30,0,EURCHF,Pepperstone MT5
2007.07.27,1.65450,1.65610,1.64670,1.64750,9611,30,0,EURCHF,Pepperstone MT5
2007.07.30,1.64530,1.64910,1.64130,1.64760,6442,30,0,EURCHF,Pepperstone MT5
2007.07.31,1.64770,1.65230,1.64300,1.64360,8257,30,0,EURCHF,Pepperstone MT5
2007.08.01,1.64350,1.64670,1.63480,1.64610,8735,30,0,EURCHF,Pepperstone MT5
2007.08.02,1.64600,1.65160,1.64190,1.65050,6725,30,0,EURCHF,Pepperstone MT5
2007.08.03,1.65060,1.65340,1.63820,1.64000,7353,30,0,EURCHF,Pepperstone MT5
2007.08.06,1.63530,1.64380,1.63520,1.64360,7316,30,0,EURCHF,Pepperstone MT5
2007.08.07,1.64370,1.64700,1.63880,1.64450,7035,30,0,EURCHF,Pepperstone MT5
2007.08.08,1.64460,1.65100,1.64320,1.65090,6783,30,0,EURCHF,Pepperstone MT5
2007.08.09,1.65070,1.65150,1.63620,1.63640,10518,30,0,EURCHF,Pepperstone MT5
2007.08.10,1.63630,1.64520,1.63060,1.64130,12236,30,0,EURCHF,Pepperstone MT5
2007.08.13,1.64050,1.64390,1.63550,1.64070,7401,30,0,EURCHF,Pepperstone MT5
2007.08.14,1.64060,1.64440,1.63770,1.63870,8149,30,0,EURCHF,Pepperstone MT5
2007.08.15,1.63880,1.64350,1.63430,1.63880,9266,30,0,EURCHF,Pepperstone MT5
2007.08.16,1.63870,1.63930,1.62550,1.63290,16174,30,0,EURCHF,Pepperstone MT5
2007.08.17,1.63300,1.63470,1.61770,1.62780,19126,30,0,EURCHF,Pepperstone MT5
2007.08.20,1.62720,1.63070,1.62310,1.62460,8238,30,0,EURCHF,Pepperstone MT5
2007.08.21,1.62470,1.62640,1.62050,1.62420,8840,30,0,EURCHF,Pepperstone MT5
2007.08.22,1.62410,1.63400,1.62310,1.63370,6956,30,0,EURCHF,Pepperstone MT5
2007.08.23,1.63380,1.64170,1.63360,1.63750,8092,30,0,EURCHF,Pepperstone MT5
2007.08.24,1.63770,1.64280,1.63260,1.64190,8267,30,0,EURCHF,Pepperstone MT5
2007.08.27,1.64110,1.64460,1.64090,1.64150,6941,30,0,EURCHF,Pepperstone MT5
2007.08.28,1.64140,1.64250,1.63320,1.63320,6836,30,0,EURCHF,Pepperstone MT5
2007.08.29,1.63330,1.64080,1.63170,1.64060,7424,30,0,EURCHF,Pepperstone MT5
2007.08.30,1.64070,1.64330,1.63780,1.64150,8393,30,0,EURCHF,Pepperstone MT5
2007.08.31,1.64160,1.64780,1.64130,1.64700,8959,30,0,EURCHF,Pepperstone MT5
2007.09.03,1.64640,1.64860,1.64450,1.64610,4717,30,0,EURCHF,Pepperstone MT5
2007.09.04,1.64640,1.64960,1.64370,1.64950,7373,30,0,EURCHF,Pepperstone MT5
2007.09.05,1.64970,1.64970,1.64280,1.64310,7317,30,0,EURCHF,Pepperstone MT5
2007.09.06,1.64320,1.64610,1.64210,1.64480,7270,30,0,EURCHF,Pepperstone MT5
2007.09.07,1.64460,1.64520,1.63370,1.63620,6972,30,0,EURCHF,Pepperstone MT5
2007.09.10,1.63520,1.63910,1.63320,1.63760,6419,30,0,EURCHF,Pepperstone MT5
2007.09.11,1.63770,1.64560,1.63540,1.64520,8896,30,0,EURCHF,Pepperstone MT5
2007.09.12,1.64530,1.64780,1.64100,1.64740,6612,30,0,EURCHF,Pepperstone MT5
2007.09.13,1.64750,1.64980,1.64060,1.64450,7713,30,0,EURCHF,Pepperstone MT5
2007.09.14,1.64460,1.65150,1.64280,1.65060,9062,30,0,EURCHF,Pepperstone MT5
2007.09.17,1.65040,1.65040,1.64390,1.64600,6760,30,0,EURCHF,Pepperstone MT5
2007.09.18,1.64590,1.65280,1.64320,1.65200,9539,30,0,EURCHF,Pepperstone MT5
2007.09.19,1.65070,1.65590,1.64910,1.65280,9582,30,0,EURCHF,Pepperstone MT5
2007.09.20,1.65270,1.65340,1.64440,1.64900,10940,30,0,EURCHF,Pepperstone MT5
2007.09.21,1.64880,1.65370,1.64830,1.65220,8251,30,0,EURCHF,Pepperstone MT5
2007.09.24,1.65110,1.65500,1.65020,1.65150,5949,30,0,EURCHF,Pepperstone MT5
2007.09.25,1.65170,1.65240,1.64680,1.64900,7352,30,0,EURCHF,Pepperstone MT5
2007.09.26,1.64910,1.65480,1.64850,1.65370,6237,30,0,EURCHF,Pepperstone MT5
2007.09.27,1.65380,1.66120,1.65250,1.66120,8163,30,0,EURCHF,Pepperstone MT5
2007.09.28,1.66100,1.66170,1.65760,1.66020,9145,30,0,EURCHF,Pepperstone MT5
2007.10.01,1.65970,1.66640,1.65860,1.66270,8013,30,0,EURCHF,Pepperstone MT5
2007.10.02,1.66280,1.66580,1.66170,1.66300,8156,30,0,EURCHF,Pepperstone MT5
2007.10.03,1.66280,1.66730,1.66140,1.66330,7726,30,0,EURCHF,Pepperstone MT5
2007.10.04,1.66320,1.66390,1.65920,1.66060,7629,30,0,EURCHF,Pepperstone MT5
2007.10.05,1.66050,1.66610,1.65960,1.66560,6352,30,0,EURCHF,Pepperstone MT5
2007.10.08,1.66390,1.66830,1.66360,1.66670,4572,30,0,EURCHF,Pepperstone MT5
2007.10.09,1.66680,1.66970,1.66380,1.66910,5700,30,0,EURCHF,Pepperstone MT5
2007.10.10,1.66920,1.67370,1.66850,1.67340,5316,30,0,EURCHF,Pepperstone MT5
2007.10.11,1.67320,1.68270,1.67270,1.67790,6058,30,0,EURCHF,Pepperstone MT5
2007.10.12,1.67800,1.68210,1.67570,1.67960,6115,30,0,EURCHF,Pepperstone MT5
2007.10.15,1.67840,1.68050,1.67550,1.67730,4962,30,0,EURCHF,Pepperstone MT5
2007.10.16,1.67720,1.67860,1.67390,1.67580,6258,30,0,EURCHF,Pepperstone MT5
2007.10.17,1.67570,1.68030,1.67160,1.67650,6790,30,0,EURCHF,Pepperstone MT5
2007.10.18,1.67630,1.67690,1.66800,1.67200,7407,30,0,EURCHF,Pepperstone MT5
2007.10.19,1.67190,1.67360,1.66720,1.66740,6733,30,0,EURCHF,Pepperstone MT5
2007.10.22,1.66300,1.67040,1.66300,1.67010,8768,30,0,EURCHF,Pepperstone MT5
2007.10.23,1.67000,1.67390,1.66650,1.67320,6819,30,0,EURCHF,Pepperstone MT5
2007.10.24,1.67330,1.67340,1.66710,1.67190,6309,30,0,EURCHF,Pepperstone MT5
2007.10.25,1.67200,1.67240,1.66750,1.67000,6037,30,0,EURCHF,Pepperstone MT5
2007.10.26,1.66990,1.67550,1.66920,1.67540,5980,30,0,EURCHF,Pepperstone MT5
2007.10.29,1.67450,1.68050,1.67440,1.67940,4553,30,0,EURCHF,Pepperstone MT5
2007.10.30,1.67920,1.67970,1.67180,1.67180,5432,30,0,EURCHF,Pepperstone MT5
2007.10.31,1.67200,1.67820,1.67080,1.67760,6722,30,0,EURCHF,Pepperstone MT5
2007.11.01,1.67750,1.67870,1.66970,1.67000,8113,30,0,EURCHF,Pepperstone MT5
2007.11.02,1.67010,1.67460,1.66700,1.67420,8430,30,0,EURCHF,Pepperstone MT5
2007.11.05,1.67240,1.67270,1.66710,1.66920,5806,30,0,EURCHF,Pepperstone MT5
2007.11.06,1.66910,1.67040,1.66330,1.66610,7158,30,0,EURCHF,Pepperstone MT5
2007.11.07,1.66620,1.66670,1.65810,1.65900,10484,30,0,EURCHF,Pepperstone MT5
2007.11.08,1.65910,1.66120,1.65160,1.65510,8971,30,0,EURCHF,Pepperstone MT5
2007.11.09,1.65490,1.65520,1.64480,1.64730,11321,30,0,EURCHF,Pepperstone MT5
2007.11.12,1.64470,1.64790,1.63760,1.63990,9782,30,0,EURCHF,Pepperstone MT5
2007.11.13,1.64020,1.64670,1.63900,1.64640,8043,30,0,EURCHF,Pepperstone MT5
2007.11.14,1.64650,1.64900,1.64360,1.64690,8768,30,0,EURCHF,Pepperstone MT5
2007.11.15,1.64680,1.64760,1.63890,1.64040,7332,30,0,EURCHF,Pepperstone MT5
2007.11.16,1.64050,1.64180,1.63490,1.63890,7686,30,0,EURCHF,Pepperstone MT5
2007.11.19,1.63770,1.64000,1.63480,1.63540,6114,30,0,EURCHF,Pepperstone MT5
2007.11.20,1.63530,1.64280,1.63410,1.64090,8303,30,0,EURCHF,Pepperstone MT5
2007.11.21,1.64110,1.64180,1.63450,1.63690,7443,30,0,EURCHF,Pepperstone MT5
2007.11.22,1.63680,1.63800,1.63260,1.63510,5565,30,0,EURCHF,Pepperstone MT5
2007.11.23,1.63480,1.63660,1.62970,1.63510,8692,30,0,EURCHF,Pepperstone MT5
2007.11.26,1.63690,1.63960,1.63040,1.63130,6621,30,0,EURCHF,Pepperstone MT5
2007.11.27,1.63110,1.64110,1.63030,1.63900,9070,30,0,EURCHF,Pepperstone MT5
2007.11.28,1.63910,1.65120,1.63710,1.64850,9566,30,0,EURCHF,Pepperstone MT5
2007.11.29,1.64840,1.65100,1.64720,1.64820,8414,30,0,EURCHF,Pepperstone MT5
2007.11.30,1.64830,1.65860,1.64790,1.65620,8591,30,0,EURCHF,Pepperstone MT5
2007.12.03,1.65540,1.65710,1.65140,1.65330,6511,30,0,EURCHF,Pepperstone MT5
2007.12.04,1.65340,1.65730,1.64660,1.64820,8169,30,0,EURCHF,Pepperstone MT5
2007.12.05,1.64840,1.65160,1.64540,1.64750,7814,30,0,EURCHF,Pepperstone MT5
2007.12.06,1.64740,1.65420,1.64610,1.65370,7638,30,0,EURCHF,Pepperstone MT5
2007.12.07,1.65360,1.65690,1.65230,1.65340,6070,30,0,EURCHF,Pepperstone MT5
2007.12.10,1.65270,1.65980,1.65210,1.65970,5026,30,0,EURCHF,Pepperstone MT5
2007.12.11,1.65960,1.66670,1.65610,1.65690,7691,30,0,EURCHF,Pepperstone MT5
2007.12.12,1.65680,1.67270,1.65480,1.66860,8041,30,0,EURCHF,Pepperstone MT5
2007.12.13,1.66870,1.67180,1.66430,1.66970,7943,30,0,EURCHF,Pepperstone MT5
2007.12.14,1.66990,1.67150,1.66180,1.66350,9234,30,0,EURCHF,Pepperstone MT5
2007.12.17,1.66490,1.66550,1.65310,1.65450,10142,30,0,EURCHF,Pepperstone MT5
2007.12.18,1.65420,1.66100,1.65410,1.66000,7545,30,0,EURCHF,Pepperstone MT5
2007.12.19,1.66010,1.66280,1.65770,1.66160,7805,30,0,EURCHF,Pepperstone MT5
2007.12.20,1.66150,1.66170,1.65750,1.65960,5818,30,0,EURCHF,Pepperstone MT5
2007.12.21,1.65940,1.66300,1.65870,1.66070,6209,30,0,EURCHF,Pepperstone MT5
2007.12.24,1.66090,1.66770,1.66080,1.66690,3785,30,0,EURCHF,Pepperstone MT5
2007.12.26,1.66580,1.66880,1.66430,1.66810,2458,30,0,EURCHF,Pepperstone MT5
2007.12.27,1.66820,1.66860,1.66400,1.66610,5293,30,0,EURCHF,Pepperstone MT5
2007.12.28,1.66590,1.66650,1.65670,1.65800,5827,30,0,EURCHF,Pepperstone MT5
2007.12.31,1.66020,1.66020,1.65410,1.65430,2905,30,0,EURCHF,Pepperstone MT5
2008.01.02,1.65440,1.65520,1.64290,1.64720,6057,30,0,EURCHF,Pepperstone MT5
2008.01.03,1.64700,1.64790,1.63800,1.63850,9615,30,0,EURCHF,Pepperstone MT5
2008.01.04,1.63870,1.64100,1.63220,1.63410,8901,30,0,EURCHF,Pepperstone MT5
2008.01.07,1.63350,1.64230,1.63270,1.64050,7718,30,0,EURCHF,Pepperstone MT5
2008.01.08,1.64060,1.64490,1.63540,1.63600,8256,30,0,EURCHF,Pepperstone MT5
2008.01.09,1.63610,1.64040,1.63290,1.63660,7717,30,0,EURCHF,Pepperstone MT5
2008.01.10,1.63650,1.63830,1.62870,1.63330,10800,30,0,EURCHF,Pepperstone MT5
2008.01.11,1.63340,1.63490,1.62470,1.62740,9439,30,0,EURCHF,Pepperstone MT5
2008.01.14,1.62700,1.63210,1.62280,1.62510,8731,30,0,EURCHF,Pepperstone MT5
2008.01.15,1.62520,1.62570,1.61720,1.61770,9418,30,0,EURCHF,Pepperstone MT5
2008.01.16,1.61780,1.61840,1.60830,1.61250,13090,30,0,EURCHF,Pepperstone MT5
2008.01.17,1.61270,1.61810,1.60950,1.61200,11871,30,0,EURCHF,Pepperstone MT5
2008.01.18,1.61190,1.61780,1.60530,1.60590,10174,30,0,EURCHF,Pepperstone MT5
2008.01.21,1.60520,1.60740,1.59490,1.60160,10444,30,0,EURCHF,Pepperstone MT5
2008.01.22,1.60170,1.60790,1.59490,1.60170,16563,30,0,EURCHF,Pepperstone MT5
2008.01.23,1.60180,1.60750,1.58250,1.59650,15045,30,0,EURCHF,Pepperstone MT5
2008.01.24,1.59670,1.60590,1.58910,1.60510,15838,30,0,EURCHF,Pepperstone MT5
2008.01.25,1.60500,1.61430,1.60470,1.61010,12614,30,0,EURCHF,Pepperstone MT5
2008.01.28,1.60820,1.61150,1.60320,1.60990,7785,30,0,EURCHF,Pepperstone MT5
2008.01.29,1.61010,1.61720,1.60780,1.61610,8161,30,0,EURCHF,Pepperstone MT5
2008.01.30,1.61600,1.61850,1.60930,1.60980,10704,30,0,EURCHF,Pepperstone MT5
2008.01.31,1.60970,1.61130,1.60160,1.60700,13395,30,0,EURCHF,Pepperstone MT5
2008.02.01,1.60690,1.61270,1.60070,1.61270,12825,30,0,EURCHF,Pepperstone MT5
2008.02.04,1.61220,1.61820,1.61060,1.61350,8339,30,0,EURCHF,Pepperstone MT5
2008.02.05,1.61360,1.62150,1.60950,1.61060,10006,30,0,EURCHF,Pepperstone MT5
2008.02.06,1.61040,1.61080,1.60350,1.60660,9639,30,0,EURCHF,Pepperstone MT5
2008.02.07,1.60630,1.60680,1.59610,1.59910,11965,30,0,EURCHF,Pepperstone MT5
2008.02.08,1.59880,1.60330,1.59670,1.60040,9484,30,0,EURCHF,Pepperstone MT5
2008.02.11,1.60170,1.60240,1.59430,1.60020,8607,30,0,EURCHF,Pepperstone MT5
2008.02.12,1.60030,1.60890,1.59790,1.60710,8888,30,0,EURCHF,Pepperstone MT5
2008.02.13,1.60720,1.61610,1.60450,1.61500,9606,30,0,EURCHF,Pepperstone MT5
2008.02.14,1.61510,1.61820,1.60450,1.60730,9091,30,0,EURCHF,Pepperstone MT5
2008.02.15,1.60700,1.60960,1.59930,1.60510,8956,30,0,EURCHF,Pepperstone MT5
2008.02.18,1.60520,1.61680,1.60420,1.61520,6489,30,0,EURCHF,Pepperstone MT5
2008.02.19,1.61510,1.61570,1.60860,1.61120,11227,30,0,EURCHF,Pepperstone MT5
2008.02.20,1.61060,1.61820,1.60910,1.61780,10000,30,0,EURCHF,Pepperstone MT5
2008.02.21,1.61770,1.62290,1.61170,1.61410,10238,30,0,EURCHF,Pepperstone MT5
2008.02.22,1.61440,1.61650,1.60650,1.60890,9229,30,0,EURCHF,Pepperstone MT5
2008.02.25,1.61000,1.61760,1.60970,1.61520,6947,30,0,EURCHF,Pepperstone MT5
2008.02.26,1.61540,1.61730,1.60890,1.61040,9939,30,0,EURCHF,Pepperstone MT5
2008.02.27,1.61050,1.61430,1.60550,1.60760,12788,30,0,EURCHF,Pepperstone MT5
2008.02.28,1.60730,1.60770,1.59620,1.59810,10654,30,0,EURCHF,Pepperstone MT5
2008.02.29,1.59790,1.59810,1.57990,1.58020,12778,30,0,EURCHF,Pepperstone MT5
2008.03.03,1.57160,1.58610,1.57010,1.58450,11379,30,0,EURCHF,Pepperstone MT5
2008.03.04,1.58410,1.58490,1.57400,1.57890,11273,30,0,EURCHF,Pepperstone MT5
2008.03.05,1.57900,1.58520,1.57470,1.58240,11318,30,0,EURCHF,Pepperstone MT5
2008.03.06,1.58230,1.58560,1.57180,1.57290,11952,30,0,EURCHF,Pepperstone MT5
2008.03.07,1.57240,1.57730,1.56590,1.57420,14203,30,0,EURCHF,Pepperstone MT5
2008.03.10,1.57070,1.57250,1.56190,1.56390,8859,30,0,EURCHF,Pepperstone MT5
2008.03.11,1.56380,1.58540,1.56160,1.58490,12535,30,0,EURCHF,Pepperstone MT5
2008.03.12,1.58480,1.58760,1.57650,1.57780,13581,30,0,EURCHF,Pepperstone MT5
2008.03.13,1.57770,1.58200,1.56780,1.57610,15762,30,0,EURCHF,Pepperstone MT5
2008.03.14,1.57600,1.58030,1.56240,1.56470,16783,30,0,EURCHF,Pepperstone MT5
2008.03.17,1.55840,1.56110,1.53330,1.54910,22783,30,0,EURCHF,Pepperstone MT5
2008.03.18,1.54890,1.56790,1.54500,1.56760,16482,30,0,EURCHF,Pepperstone MT5
2008.03.19,1.56770,1.56930,1.55700,1.55830,19656,30,0,EURCHF,Pepperstone MT5
2008.03.20,1.55840,1.57050,1.55490,1.55530,12850,30,0,EURCHF,Pepperstone MT5
2008.03.21,1.55560,1.55930,1.55320,1.55730,6013,30,0,EURCHF,Pepperstone MT5
2008.03.24,1.55980,1.57640,1.55850,1.57220,8719,30,0,EURCHF,Pepperstone MT5
2008.03.25,1.57250,1.57760,1.57080,1.57350,14852,30,0,EURCHF,Pepperstone MT5
2008.03.26,1.57360,1.57700,1.56560,1.56640,17460,30,0,EURCHF,Pepperstone MT5
2008.03.27,1.56650,1.57230,1.56530,1.56810,18517,30,0,EURCHF,Pepperstone MT5
2008.03.28,1.56800,1.57560,1.56670,1.57170,16090,30,0,EURCHF,Pepperstone MT5
2008.03.31,1.56960,1.57550,1.56640,1.56770,13853,30,0,EURCHF,Pepperstone MT5
2008.04.01,1.56760,1.58130,1.56640,1.58080,18497,30,0,EURCHF,Pepperstone MT5
2008.04.02,1.58070,1.58560,1.57760,1.58230,17145,30,0,EURCHF,Pepperstone MT5
2008.04.03,1.58220,1.58560,1.57840,1.58410,16079,30,0,EURCHF,Pepperstone MT5
2008.04.04,1.58420,1.58770,1.57710,1.58280,16267,30,0,EURCHF,Pepperstone MT5
2008.04.07,1.58240,1.59550,1.58170,1.59140,12767,30,0,EURCHF,Pepperstone MT5
2008.04.08,1.59160,1.59460,1.58800,1.59300,14507,30,0,EURCHF,Pepperstone MT5
2008.04.09,1.59290,1.59540,1.58140,1.58600,14686,30,0,EURCHF,Pepperstone MT5
2008.04.10,1.58590,1.58770,1.57200,1.58720,18277,30,0,EURCHF,Pepperstone MT5
2008.04.11,1.58710,1.59000,1.57910,1.58230,16467,30,0,EURCHF,Pepperstone MT5
2008.04.14,1.58140,1.58330,1.57600,1.58120,16437,30,0,EURCHF,Pepperstone MT5
2008.04.15,1.58110,1.58980,1.57960,1.58900,14245,30,0,EURCHF,Pepperstone MT5
2008.04.16,1.58890,1.59530,1.58650,1.59520,16687,30,0,EURCHF,Pepperstone MT5
2008.04.17,1.59510,1.60130,1.59050,1.60060,16803,30,0,EURCHF,Pepperstone MT5
2008.04.18,1.60070,1.61610,1.59740,1.61060,16912,30,0,EURCHF,Pepperstone MT5
2008.04.21,1.60950,1.61230,1.60250,1.60470,17815,30,0,EURCHF,Pepperstone MT5
2008.04.22,1.60480,1.60910,1.60110,1.60420,20605,30,0,EURCHF,Pepperstone MT5
2008.04.23,1.60430,1.61650,1.60290,1.61290,17874,30,0,EURCHF,Pepperstone MT5
2008.04.24,1.61270,1.62470,1.61090,1.62390,21472,30,0,EURCHF,Pepperstone MT5
2008.04.25,1.62380,1.62450,1.61390,1.61670,20042,30,0,EURCHF,Pepperstone MT5
2008.04.28,1.61580,1.62050,1.61360,1.61860,15492,30,0,EURCHF,Pepperstone MT5
2008.04.29,1.61850,1.61970,1.61020,1.61570,16516,30,0,EURCHF,Pepperstone MT5
2008.04.30,1.61560,1.62340,1.61210,1.61610,22303,30,0,EURCHF,Pepperstone MT5
2008.05.01,1.61600,1.62280,1.61600,1.62210,17079,30,0,EURCHF,Pepperstone MT5
2008.05.02,1.62220,1.63180,1.62000,1.63060,17962,30,0,EURCHF,Pepperstone MT5
2008.05.05,1.62860,1.63460,1.62840,1.63260,11085,30,0,EURCHF,Pepperstone MT5
2008.05.06,1.63270,1.63400,1.62550,1.63390,15915,30,0,EURCHF,Pepperstone MT5
2008.05.07,1.63380,1.63400,1.62340,1.62440,16671,30,0,EURCHF,Pepperstone MT5
2008.05.08,1.62430,1.62480,1.61720,1.61790,20388,30,0,EURCHF,Pepperstone MT5
2008.05.09,1.61780,1.61910,1.60670,1.61170,19688,30,0,EURCHF,Pepperstone MT5
2008.05.12,1.61120,1.62310,1.61020,1.62300,16640,30,0,EURCHF,Pepperstone MT5
2008.05.13,1.62290,1.63040,1.61850,1.62900,19844,30,0,EURCHF,Pepperstone MT5
2008.05.14,1.62890,1.63370,1.62660,1.63170,15982,30,0,EURCHF,Pepperstone MT5
2008.05.15,1.63150,1.63480,1.62870,1.63290,19360,30,0,EURCHF,Pepperstone MT5
2008.05.16,1.63280,1.63690,1.62680,1.63200,18739,30,0,EURCHF,Pepperstone MT5
2008.05.19,1.63090,1.63760,1.62730,1.63400,13266,30,0,EURCHF,Pepperstone MT5
2008.05.20,1.63390,1.63470,1.62260,1.62310,18670,30,0,EURCHF,Pepperstone MT5
2008.05.21,1.62320,1.62770,1.61830,1.61900,18458,30,0,EURCHF,Pepperstone MT5
2008.05.22,1.61930,1.62530,1.61610,1.62120,16228,30,0,EURCHF,Pepperstone MT5
2008.05.23,1.62110,1.62270,1.61300,1.61420,14644,30,0,EURCHF,Pepperstone MT5
2008.05.26,1.61520,1.61830,1.61490,1.61600,7090,30,0,EURCHF,Pepperstone MT5
2008.05.27,1.61560,1.62350,1.61460,1.62200,15269,30,0,EURCHF,Pepperstone MT5
2008.05.28,1.62190,1.62780,1.61620,1.62300,19363,30,0,EURCHF,Pepperstone MT5
2008.05.29,1.62320,1.63000,1.62240,1.62840,17927,30,0,EURCHF,Pepperstone MT5
2008.05.30,1.62830,1.62900,1.62060,1.62100,15714,30,0,EURCHF,Pepperstone MT5
2008.06.02,1.62140,1.62240,1.60790,1.61180,17111,30,0,EURCHF,Pepperstone MT5
2008.06.03,1.61190,1.61690,1.60530,1.60950,20263,30,0,EURCHF,Pepperstone MT5
2008.06.04,1.60960,1.61170,1.60370,1.60930,19827,30,0,EURCHF,Pepperstone MT5
2008.06.05,1.60910,1.61930,1.60760,1.61840,19123,30,0,EURCHF,Pepperstone MT5
2008.06.06,1.61850,1.62230,1.60650,1.60720,20155,30,0,EURCHF,Pepperstone MT5
2008.06.09,1.60650,1.61300,1.60470,1.60750,23007,30,0,EURCHF,Pepperstone MT5
2008.06.10,1.60760,1.61330,1.60530,1.61150,22499,30,0,EURCHF,Pepperstone MT5
2008.06.11,1.61140,1.61570,1.60300,1.60420,18962,30,0,EURCHF,Pepperstone MT5
2008.06.12,1.60430,1.61370,1.60250,1.60800,21078,30,0,EURCHF,Pepperstone MT5
2008.06.13,1.60810,1.61460,1.60650,1.61030,21207,30,0,EURCHF,Pepperstone MT5
2008.06.16,1.60980,1.61900,1.60970,1.61690,15788,30,0,EURCHF,Pepperstone MT5
2008.06.17,1.61680,1.61990,1.61250,1.61580,19476,30,0,EURCHF,Pepperstone MT5
2008.06.18,1.61590,1.61880,1.60830,1.60960,15845,30,0,EURCHF,Pepperstone MT5
2008.06.19,1.60980,1.62180,1.60720,1.62080,19665,30,0,EURCHF,Pepperstone MT5
2008.06.20,1.62070,1.62070,1.61270,1.61640,16158,30,0,EURCHF,Pepperstone MT5
2008.06.23,1.61650,1.62430,1.61550,1.62220,16085,30,0,EURCHF,Pepperstone MT5
2008.06.24,1.62210,1.62380,1.61580,1.62170,14973,30,0,EURCHF,Pepperstone MT5
2008.06.25,1.62160,1.62440,1.62000,1.62140,14351,30,0,EURCHF,Pepperstone MT5
2008.06.26,1.62130,1.62500,1.61100,1.61320,17380,30,0,EURCHF,Pepperstone MT5
2008.06.27,1.61310,1.61530,1.60400,1.60830,17098,30,0,EURCHF,Pepperstone MT5
2008.06.30,1.60820,1.60960,1.60300,1.60860,13323,30,0,EURCHF,Pepperstone MT5
2008.07.01,1.60850,1.61140,1.60150,1.61030,14374,30,0,EURCHF,Pepperstone MT5
2008.07.02,1.61020,1.61500,1.60750,1.61060,14204,30,0,EURCHF,Pepperstone MT5
2008.07.03,1.61070,1.61430,1.60800,1.61160,13091,30,0,EURCHF,Pepperstone MT5
2008.07.04,1.61170,1.61220,1.60630,1.61030,8431,30,0,EURCHF,Pepperstone MT5
2008.07.07,1.60880,1.61660,1.60770,1.61510,12385,30,0,EURCHF,Pepperstone MT5
2008.07.08,1.61500,1.61980,1.60790,1.61980,12622,30,0,EURCHF,Pepperstone MT5
2008.07.09,1.61970,1.62320,1.61570,1.61860,12094,30,0,EURCHF,Pepperstone MT5
2008.07.10,1.61870,1.62360,1.61790,1.62270,13452,30,0,EURCHF,Pepperstone MT5
2008.07.11,1.62280,1.62460,1.61510,1.61950,15153,30,0,EURCHF,Pepperstone MT5
2008.07.14,1.62020,1.62390,1.61610,1.61640,13637,30,0,EURCHF,Pepperstone MT5
2008.07.15,1.61650,1.61720,1.60310,1.60590,16938,30,0,EURCHF,Pepperstone MT5
2008.07.16,1.60580,1.61060,1.59900,1.61010,14965,30,0,EURCHF,Pepperstone MT5
2008.07.17,1.61020,1.62140,1.60820,1.61690,16305,30,0,EURCHF,Pepperstone MT5
2008.07.18,1.61670,1.62100,1.61610,1.62030,12285,30,0,EURCHF,Pepperstone MT5
2008.07.21,1.61970,1.62300,1.61950,1.62040,9979,30,0,EURCHF,Pepperstone MT5
2008.07.22,1.62030,1.62970,1.61610,1.62710,12305,30,0,EURCHF,Pepperstone MT5
2008.07.23,1.62720,1.63110,1.62530,1.62880,14017,30,0,EURCHF,Pepperstone MT5
2008.07.24,1.62900,1.62980,1.62270,1.62600,13367,30,0,EURCHF,Pepperstone MT5
2008.07.25,1.62590,1.63080,1.62240,1.62790,13578,30,0,EURCHF,Pepperstone MT5
2008.07.28,1.62800,1.62950,1.62660,1.62840,9152,30,0,EURCHF,Pepperstone MT5
2008.07.29,1.62830,1.63230,1.62530,1.63180,9883,30,0,EURCHF,Pepperstone MT5
2008.07.30,1.63190,1.63380,1.62860,1.63270,11655,30,0,EURCHF,Pepperstone MT5
2008.07.31,1.63280,1.63680,1.63110,1.63370,11767,30,0,EURCHF,Pepperstone MT5
2008.08.01,1.63380,1.63440,1.62880,1.63380,11508,30,0,EURCHF,Pepperstone MT5
2008.08.04,1.63330,1.63460,1.63090,1.63270,9063,30,0,EURCHF,Pepperstone MT5
2008.08.05,1.63280,1.63410,1.62930,1.62950,11539,30,0,EURCHF,Pepperstone MT5
2008.08.06,1.62960,1.63490,1.62780,1.63340,9525,30,0,EURCHF,Pepperstone MT5
2008.08.07,1.63330,1.63390,1.62710,1.62810,11398,30,0,EURCHF,Pepperstone MT5
2008.08.08,1.62820,1.62920,1.62250,1.62410,15922,30,0,EURCHF,Pepperstone MT5
2008.08.11,1.61920,1.62180,1.61670,1.61920,14041,30,0,EURCHF,Pepperstone MT5
2008.08.12,1.61930,1.62410,1.61830,1.62190,14237,30,0,EURCHF,Pepperstone MT5
2008.08.13,1.62200,1.62330,1.61550,1.61920,16275,30,0,EURCHF,Pepperstone MT5
2008.08.14,1.61930,1.62340,1.61730,1.62010,13844,30,0,EURCHF,Pepperstone MT5
2008.08.15,1.62020,1.62230,1.60960,1.60980,13564,30,0,EURCHF,Pepperstone MT5
2008.08.18,1.61000,1.61770,1.60970,1.61260,10990,30,0,EURCHF,Pepperstone MT5
2008.08.19,1.61270,1.61430,1.61000,1.61360,10776,30,0,EURCHF,Pepperstone MT5
2008.08.20,1.61350,1.62120,1.61130,1.62070,9374,30,0,EURCHF,Pepperstone MT5
2008.08.21,1.62060,1.62120,1.61450,1.61800,10338,30,0,EURCHF,Pepperstone MT5
2008.08.22,1.61840,1.62540,1.61810,1.62500,5342,30,0,EURCHF,Pepperstone MT5
2008.08.25,1.62450,1.62470,1.61560,1.61690,8903,30,0,EURCHF,Pepperstone MT5
2008.08.26,1.61670,1.61870,1.61040,1.61110,11823,30,0,EURCHF,Pepperstone MT5
2008.08.27,1.61100,1.61730,1.61040,1.61640,13568,30,0,EURCHF,Pepperstone MT5
2008.08.28,1.61610,1.61750,1.61060,1.61570,15686,30,0,EURCHF,Pepperstone MT5
2008.08.29,1.61580,1.61800,1.61270,1.61610,13641,30,0,EURCHF,Pepperstone MT5
2008.09.01,1.61470,1.61620,1.60570,1.60960,10578,30,0,EURCHF,Pepperstone MT5
2008.09.02,1.60970,1.61150,1.60520,1.60660,15811,30,0,EURCHF,Pepperstone MT5
2008.09.03,1.60670,1.60840,1.60130,1.60370,16124,30,0,EURCHF,Pepperstone MT5
2008.09.04,1.60360,1.60440,1.58700,1.58880,16821,30,0,EURCHF,Pepperstone MT5
2008.09.05,1.58870,1.59600,1.58110,1.59580,20542,30,0,EURCHF,Pepperstone MT5
2008.09.08,1.60660,1.60810,1.59490,1.59860,22534,30,0,EURCHF,Pepperstone MT5
2008.09.09,1.59880,1.60220,1.59110,1.59250,17644,30,0,EURCHF,Pepperstone MT5
2008.09.10,1.59240,1.59820,1.59040,1.59110,18218,30,0,EURCHF,Pepperstone MT5
2008.09.11,1.59090,1.59340,1.58400,1.59290,19761,30,0,EURCHF,Pepperstone MT5
2008.09.12,1.59280,1.60930,1.59010,1.60740,17717,30,0,EURCHF,Pepperstone MT5
2008.09.15,1.60050,1.60540,1.58530,1.58920,32679,30,0,EURCHF,Pepperstone MT5
2008.09.16,1.58930,1.59110,1.57510,1.58630,35789,30,0,EURCHF,Pepperstone MT5
2008.09.17,1.58620,1.59460,1.57900,1.58000,33210,30,0,EURCHF,Pepperstone MT5
2008.09.18,1.57990,1.59020,1.57730,1.58480,34708,30,0,EURCHF,Pepperstone MT5
2008.09.19,1.58490,1.60350,1.58370,1.59930,30758,30,0,EURCHF,Pepperstone MT5
2008.09.22,1.59960,1.60230,1.58750,1.58780,24233,30,0,EURCHF,Pepperstone MT5
2008.09.23,1.58770,1.59600,1.58700,1.59130,13735,30,0,EURCHF,Pepperstone MT5
2008.09.24,1.59140,1.59740,1.59060,1.59610,13990,30,0,EURCHF,Pepperstone MT5
2008.09.25,1.59620,1.59680,1.59030,1.59330,17830,30,0,EURCHF,Pepperstone MT5
2008.09.26,1.59340,1.59380,1.58600,1.59310,18100,30,0,EURCHF,Pepperstone MT5
2008.09.29,1.58970,1.59290,1.56890,1.57230,23529,30,0,EURCHF,Pepperstone MT5
2008.09.30,1.57240,1.58340,1.56650,1.58130,22798,30,0,EURCHF,Pepperstone MT5
2008.10.01,1.58120,1.58250,1.56900,1.57670,24322,30,0,EURCHF,Pepperstone MT5
2008.10.02,1.57680,1.57910,1.56770,1.56930,26416,30,0,EURCHF,Pepperstone MT5
2008.10.03,1.56940,1.57020,1.55490,1.55510,22937,30,0,EURCHF,Pepperstone MT5
2008.10.06,1.55040,1.55420,1.53810,1.55000,37954,30,0,EURCHF,Pepperstone MT5
2008.10.07,1.54990,1.56170,1.54470,1.54850,36450,30,0,EURCHF,Pepperstone MT5
2008.10.08,1.54860,1.55690,1.53720,1.53820,43903,30,0,EURCHF,Pepperstone MT5
2008.10.09,1.53810,1.55050,1.53560,1.53670,34016,30,0,EURCHF,Pepperstone MT5
2008.10.10,1.53650,1.53680,1.50730,1.52680,30271,30,0,EURCHF,Pepperstone MT5
2008.10.13,1.53460,1.55040,1.53400,1.54490,20175,30,0,EURCHF,Pepperstone MT5
2008.10.14,1.54520,1.55570,1.54360,1.54870,24276,30,0,EURCHF,Pepperstone MT5
2008.10.15,1.54860,1.55070,1.52700,1.52800,30162,30,0,EURCHF,Pepperstone MT5
2008.10.16,1.52810,1.53760,1.51430,1.53120,39089,30,0,EURCHF,Pepperstone MT5
2008.10.17,1.53100,1.53350,1.51730,1.52480,26206,30,0,EURCHF,Pepperstone MT5
2008.10.20,1.52320,1.53530,1.52250,1.53370,23333,30,0,EURCHF,Pepperstone MT5
2008.10.21,1.53360,1.53520,1.50350,1.50410,24679,30,0,EURCHF,Pepperstone MT5
2008.10.22,1.50400,1.50750,1.48460,1.49510,30191,30,0,EURCHF,Pepperstone MT5
2008.10.23,1.49500,1.50040,1.48550,1.49860,27501,30,0,EURCHF,Pepperstone MT5
2008.10.24,1.49880,1.50370,1.44140,1.47290,43276,30,0,EURCHF,Pepperstone MT5
2008.10.27,1.46260,1.47500,1.43150,1.44160,30796,30,0,EURCHF,Pepperstone MT5
2008.10.28,1.44130,1.47510,1.43220,1.47500,26198,30,0,EURCHF,Pepperstone MT5
2008.10.29,1.47510,1.47760,1.45580,1.46240,33256,30,0,EURCHF,Pepperstone MT5
2008.10.30,1.46250,1.49060,1.46210,1.47240,30315,30,0,EURCHF,Pepperstone MT5
2008.10.31,1.47230,1.48260,1.45450,1.47680,30032,30,0,EURCHF,Pepperstone MT5
2008.11.03,1.47510,1.48860,1.47360,1.48550,27813,30,0,EURCHF,Pepperstone MT5
2008.11.04,1.48540,1.51470,1.47770,1.50870,36594,30,0,EURCHF,Pepperstone MT5
2008.11.05,1.50860,1.51720,1.49630,1.50010,38943,30,0,EURCHF,Pepperstone MT5
2008.11.06,1.49970,1.50720,1.49400,1.49780,32950,30,0,EURCHF,Pepperstone MT5
2008.11.07,1.49800,1.50450,1.49280,1.49890,21240,30,0,EURCHF,Pepperstone MT5
2008.11.10,1.50450,1.51660,1.50110,1.50280,29554,30,0,EURCHF,Pepperstone MT5
2008.11.11,1.50290,1.50470,1.48360,1.48730,31873,30,0,EURCHF,Pepperstone MT5
2008.11.12,1.48740,1.49380,1.47130,1.48370,36984,30,0,EURCHF,Pepperstone MT5
2008.11.13,1.48390,1.52240,1.47630,1.51700,38915,30,0,EURCHF,Pepperstone MT5
2008.11.14,1.51670,1.51970,1.50440,1.50660,32859,30,0,EURCHF,Pepperstone MT5
2008.11.17,1.50400,1.52340,1.50000,1.51590,32809,30,0,EURCHF,Pepperstone MT5
2008.11.18,1.51600,1.52000,1.50880,1.51810,30904,30,0,EURCHF,Pepperstone MT5
2008.11.19,1.51820,1.53290,1.51560,1.51590,31026,30,0,EURCHF,Pepperstone MT5
2008.11.20,1.51620,1.53650,1.51280,1.52520,34429,30,0,EURCHF,Pepperstone MT5
2008.11.21,1.52510,1.54180,1.52250,1.53910,34478,30,0,EURCHF,Pepperstone MT5
2008.11.24,1.53940,1.54620,1.53430,1.54620,30668,30,0,EURCHF,Pepperstone MT5
2008.11.25,1.54640,1.55200,1.54000,1.54620,33848,30,0,EURCHF,Pepperstone MT5
2008.11.26,1.54600,1.55290,1.54140,1.55050,27675,30,0,EURCHF,Pepperstone MT5
2008.11.27,1.55040,1.55240,1.54390,1.54900,18185,30,0,EURCHF,Pepperstone MT5
2008.11.28,1.54890,1.55140,1.54010,1.54060,18213,30,0,EURCHF,Pepperstone MT5
2008.12.01,1.54210,1.54260,1.51810,1.52060,13892,30,0,EURCHF,Pepperstone MT5
2008.12.02,1.52080,1.53580,1.51630,1.53340,14852,30,0,EURCHF,Pepperstone MT5
2008.12.03,1.53360,1.53970,1.52700,1.53730,14109,30,0,EURCHF,Pepperstone MT5
2008.12.04,1.53750,1.53980,1.52230,1.52760,14356,30,0,EURCHF,Pepperstone MT5
2008.12.05,1.52750,1.55460,1.52530,1.55280,15881,30,0,EURCHF,Pepperstone MT5
2008.12.08,1.55210,1.56160,1.55060,1.55940,12957,30,0,EURCHF,Pepperstone MT5
2008.12.09,1.55950,1.56430,1.55560,1.55810,12546,30,0,EURCHF,Pepperstone MT5
2008.12.10,1.55820,1.56270,1.55460,1.56120,11756,30,0,EURCHF,Pepperstone MT5
2008.12.11,1.56110,1.58130,1.55840,1.58120,12826,30,0,EURCHF,Pepperstone MT5
2008.12.12,1.58110,1.58140,1.56870,1.57360,15585,30,0,EURCHF,Pepperstone MT5
2008.12.15,1.57190,1.58800,1.57180,1.58710,19845,30,0,EURCHF,Pepperstone MT5
2008.12.16,1.58700,1.58770,1.57270,1.57510,15760,30,0,EURCHF,Pepperstone MT5
2008.12.17,1.57490,1.57790,1.54370,1.54580,20019,30,0,EURCHF,Pepperstone MT5
2008.12.18,1.54570,1.55190,1.52850,1.54400,39611,30,0,EURCHF,Pepperstone MT5
2008.12.19,1.54370,1.54790,1.53450,1.53510,34975,30,0,EURCHF,Pepperstone MT5
2008.12.22,1.53740,1.54240,1.51990,1.52510,25278,30,0,EURCHF,Pepperstone MT5
2008.12.23,1.52530,1.53120,1.51270,1.51660,20009,30,0,EURCHF,Pepperstone MT5
2008.12.24,1.51710,1.51910,1.50070,1.50390,14240,30,0,EURCHF,Pepperstone MT5
2008.12.26,1.51120,1.51400,1.50120,1.50190,5080,30,0,EURCHF,Pepperstone MT5
2008.12.29,1.50180,1.50430,1.47570,1.47920,11367,30,0,EURCHF,Pepperstone MT5
2008.12.30,1.47930,1.49930,1.47770,1.48980,10150,30,0,EURCHF,Pepperstone MT5
2008.12.31,1.48960,1.49390,1.47650,1.49260,10305,30,0,EURCHF,Pepperstone MT5
2009.01.02,1.49030,1.50560,1.48140,1.50360,11891,30,0,EURCHF,Pepperstone MT5
2009.01.05,1.50150,1.51380,1.49300,1.51170,16574,30,0,EURCHF,Pepperstone MT5
2009.01.06,1.51180,1.51430,1.49760,1.50750,17223,30,0,EURCHF,Pepperstone MT5
2009.01.07,1.50760,1.50990,1.49330,1.50270,17182,30,0,EURCHF,Pepperstone MT5
2009.01.08,1.50260,1.50420,1.49350,1.49830,17557,30,0,EURCHF,Pepperstone MT5
2009.01.09,1.49780,1.50530,1.49190,1.49940,22646,30,0,EURCHF,Pepperstone MT5
2009.01.12,1.49570,1.50330,1.48540,1.48970,19900,30,0,EURCHF,Pepperstone MT5
2009.01.13,1.48960,1.49040,1.47380,1.47530,23673,30,0,EURCHF,Pepperstone MT5
2009.01.14,1.47540,1.48370,1.46570,1.47160,21682,30,0,EURCHF,Pepperstone MT5
2009.01.15,1.47150,1.48140,1.46760,1.47590,24907,30,0,EURCHF,Pepperstone MT5
2009.01.16,1.47580,1.48830,1.47430,1.48430,23554,30,0,EURCHF,Pepperstone MT5
2009.01.19,1.48680,1.49270,1.48020,1.48250,17521,30,0,EURCHF,Pepperstone MT5
2009.01.20,1.48260,1.48610,1.47620,1.47930,22918,30,0,EURCHF,Pepperstone MT5
2009.01.21,1.47920,1.50500,1.47360,1.50220,26006,30,0,EURCHF,Pepperstone MT5
2009.01.22,1.50230,1.51070,1.49250,1.49790,26041,30,0,EURCHF,Pepperstone MT5
2009.01.23,1.49820,1.50370,1.48950,1.49610,25254,30,0,EURCHF,Pepperstone MT5
2009.01.26,1.49660,1.50880,1.49510,1.49940,58238,30,0,EURCHF,Pepperstone MT5
2009.01.27,1.49910,1.50870,1.49640,1.50330,62938,30,0,EURCHF,Pepperstone MT5
2009.01.28,1.50320,1.51910,1.50290,1.51540,60751,30,0,EURCHF,Pepperstone MT5
2009.01.29,1.51530,1.51660,1.48920,1.49360,63458,30,0,EURCHF,Pepperstone MT5
2009.01.30,1.49360,1.49910,1.48250,1.48530,78495,30,0,EURCHF,Pepperstone MT5
2009.02.02,1.48390,1.49350,1.48160,1.49140,50233,30,0,EURCHF,Pepperstone MT5
2009.02.03,1.49150,1.49680,1.48240,1.48950,57795,30,0,EURCHF,Pepperstone MT5
2009.02.04,1.48950,1.49370,1.48600,1.48780,66971,30,0,EURCHF,Pepperstone MT5
2009.02.05,1.48770,1.50020,1.48710,1.49660,66930,30,0,EURCHF,Pepperstone MT5
2009.02.06,1.49650,1.50810,1.49570,1.50300,61282,30,0,EURCHF,Pepperstone MT5
2009.02.09,1.50430,1.51520,1.49880,1.51350,32383,30,0,EURCHF,Pepperstone MT5
2009.02.10,1.51350,1.51450,1.49030,1.49320,36020,30,0,EURCHF,Pepperstone MT5
2009.02.11,1.49330,1.50110,1.49150,1.49450,27262,30,0,EURCHF,Pepperstone MT5
2009.02.12,1.49460,1.49750,1.48710,1.49570,29332,30,0,EURCHF,Pepperstone MT5
2009.02.13,1.49560,1.49850,1.49060,1.49300,25464,30,0,EURCHF,Pepperstone MT5
2009.02.16,1.48860,1.49260,1.48280,1.48430,18008,30,0,EURCHF,Pepperstone MT5
2009.02.17,1.48450,1.48650,1.47060,1.47120,25809,30,0,EURCHF,Pepperstone MT5
2009.02.18,1.47130,1.48430,1.47000,1.47630,23180,30,0,EURCHF,Pepperstone MT5
2009.02.19,1.47610,1.49460,1.47550,1.48730,20275,30,0,EURCHF,Pepperstone MT5
2009.02.20,1.48720,1.49880,1.47570,1.48310,28713,30,0,EURCHF,Pepperstone MT5
2009.02.23,1.48450,1.49310,1.47970,1.48330,17199,30,0,EURCHF,Pepperstone MT5
2009.02.24,1.48350,1.49190,1.47690,1.49030,30800,30,0,EURCHF,Pepperstone MT5
2009.02.25,1.49000,1.49230,1.47990,1.48820,14256,30,0,EURCHF,Pepperstone MT5
2009.02.26,1.48830,1.49100,1.48170,1.48370,14882,30,0,EURCHF,Pepperstone MT5
2009.02.27,1.48360,1.48800,1.47660,1.48210,17872,30,0,EURCHF,Pepperstone MT5
2009.03.02,1.47860,1.48220,1.47450,1.47820,15044,30,0,EURCHF,Pepperstone MT5
2009.03.03,1.47860,1.48610,1.47350,1.47650,15542,30,0,EURCHF,Pepperstone MT5
2009.03.04,1.47640,1.48330,1.47270,1.47820,19042,30,0,EURCHF,Pepperstone MT5
2009.03.05,1.47830,1.48000,1.46760,1.46940,22574,30,0,EURCHF,Pepperstone MT5
2009.03.06,1.46850,1.46980,1.45770,1.46550,24995,30,0,EURCHF,Pepperstone MT5
2009.03.09,1.46710,1.47180,1.45980,1.46160,19720,30,0,EURCHF,Pepperstone MT5
2009.03.10,1.46170,1.47360,1.45890,1.47100,21782,30,0,EURCHF,Pepperstone MT5
2009.03.11,1.47090,1.48220,1.47080,1.48050,23194,30,0,EURCHF,Pepperstone MT5
2009.03.12,1.48040,1.53370,1.47510,1.53100,25604,30,0,EURCHF,Pepperstone MT5
2009.03.13,1.53140,1.54000,1.52630,1.53220,22689,30,0,EURCHF,Pepperstone MT5
2009.03.16,1.52950,1.54460,1.52930,1.53720,20858,30,0,EURCHF,Pepperstone MT5
2009.03.17,1.53710,1.54420,1.53150,1.53850,20919,30,0,EURCHF,Pepperstone MT5
2009.03.18,1.53860,1.54130,1.52730,1.53910,22470,30,0,EURCHF,Pepperstone MT5
2009.03.19,1.53900,1.54230,1.53200,1.53530,25353,30,0,EURCHF,Pepperstone MT5
2009.03.20,1.53520,1.53610,1.52265,1.53005,32745,30,0,EURCHF,Pepperstone MT5
2009.03.23,1.53434,1.53762,1.52870,1.53271,38149,30,0,EURCHF,Pepperstone MT5
2009.03.24,1.53272,1.53570,1.52035,1.52336,45866,30,0,EURCHF,Pepperstone MT5
2009.03.25,1.52337,1.52534,1.51836,1.52295,41714,30,0,EURCHF,Pepperstone MT5
2009.03.26,1.52285,1.52975,1.52049,1.52477,36805,30,0,EURCHF,Pepperstone MT5
2009.03.27,1.52480,1.52994,1.51730,1.52016,36096,30,0,EURCHF,Pepperstone MT5
2009.03.30,1.51995,1.52130,1.51272,1.51577,35225,30,0,EURCHF,Pepperstone MT5
2009.03.31,1.51576,1.51930,1.50905,1.50970,44356,30,0,EURCHF,Pepperstone MT5
2009.04.01,1.50972,1.51846,1.50610,1.51718,33948,30,0,EURCHF,Pepperstone MT5
2009.04.02,1.51717,1.52849,1.51650,1.52622,36085,30,0,EURCHF,Pepperstone MT5
2009.04.03,1.52620,1.52807,1.52083,1.52507,30596,30,0,EURCHF,Pepperstone MT5
2009.04.06,1.52650,1.52985,1.52146,1.52433,31302,30,0,EURCHF,Pepperstone MT5
2009.04.07,1.52429,1.52446,1.51509,1.51616,37013,30,0,EURCHF,Pepperstone MT5
2009.04.08,1.51617,1.52408,1.51159,1.52227,35596,30,0,EURCHF,Pepperstone MT5
2009.04.09,1.52285,1.52693,1.52080,1.52210,37226,30,0,EURCHF,Pepperstone MT5
2009.04.10,1.52207,1.52405,1.52041,1.52245,14870,30,0,EURCHF,Pepperstone MT5
2009.04.13,1.52328,1.52421,1.51332,1.51480,23463,30,0,EURCHF,Pepperstone MT5
2009.04.14,1.51482,1.51827,1.50861,1.50949,33954,30,0,EURCHF,Pepperstone MT5
2009.04.15,1.50948,1.51541,1.50774,1.51097,31571,30,0,EURCHF,Pepperstone MT5
2009.04.16,1.51082,1.51519,1.50803,1.51153,35702,30,0,EURCHF,Pepperstone MT5
2009.04.17,1.51157,1.52365,1.50941,1.51952,40880,30,0,EURCHF,Pepperstone MT5
2009.04.20,1.52146,1.52220,1.50995,1.51025,33610,30,0,EURCHF,Pepperstone MT5
2009.04.21,1.51021,1.51568,1.50985,1.51137,36708,30,0,EURCHF,Pepperstone MT5
2009.04.22,1.51174,1.51631,1.50914,1.51309,47307,30,0,EURCHF,Pepperstone MT5
2009.04.23,1.51304,1.51973,1.50867,1.51192,52630,30,0,EURCHF,Pepperstone MT5
2009.04.24,1.51188,1.51430,1.50731,1.50889,51434,30,0,EURCHF,Pepperstone MT5
2009.04.27,1.50716,1.50901,1.50263,1.50643,52062,30,0,EURCHF,Pepperstone MT5
2009.04.28,1.50642,1.50711,1.50224,1.50244,49191,30,0,EURCHF,Pepperstone MT5
2009.04.29,1.50241,1.51089,1.50154,1.50790,44447,30,0,EURCHF,Pepperstone MT5
2009.04.30,1.50840,1.51266,1.50488,1.50870,26735,30,0,EURCHF,Pepperstone MT5
2009.05.01,1.50863,1.51254,1.50604,1.50709,32486,30,0,EURCHF,Pepperstone MT5
2009.05.04,1.50751,1.51146,1.50741,1.51005,39294,30,0,EURCHF,Pepperstone MT5
2009.05.05,1.51008,1.51484,1.50705,1.50903,46784,30,0,EURCHF,Pepperstone MT5
2009.05.06,1.50901,1.51092,1.50561,1.50836,63820,30,0,EURCHF,Pepperstone MT5
2009.05.07,1.50837,1.51729,1.50753,1.51345,74717,30,0,EURCHF,Pepperstone MT5
2009.05.08,1.51348,1.51563,1.50596,1.50763,69345,30,0,EURCHF,Pepperstone MT5
2009.05.11,1.50728,1.50930,1.50364,1.50685,52677,30,0,EURCHF,Pepperstone MT5
2009.05.12,1.50686,1.50926,1.50604,1.50873,63303,30,0,EURCHF,Pepperstone MT5
2009.05.13,1.50873,1.50908,1.50395,1.50514,64584,30,0,EURCHF,Pepperstone MT5
2009.05.14,1.50514,1.50861,1.50371,1.50597,54299,30,0,EURCHF,Pepperstone MT5
2009.05.15,1.50596,1.51445,1.50070,1.51320,45718,30,0,EURCHF,Pepperstone MT5
2009.05.18,1.51304,1.51467,1.50925,1.51094,41968,30,0,EURCHF,Pepperstone MT5
2009.05.19,1.51096,1.51660,1.51004,1.51189,47137,30,0,EURCHF,Pepperstone MT5
2009.05.20,1.51190,1.51803,1.51015,1.51572,60069,30,0,EURCHF,Pepperstone MT5
2009.05.21,1.51569,1.52132,1.51317,1.51903,64927,30,0,EURCHF,Pepperstone MT5
2009.05.22,1.51901,1.52328,1.51806,1.51955,73823,30,0,EURCHF,Pepperstone MT5
2009.05.25,1.52122,1.52125,1.51603,1.51730,41063,30,0,EURCHF,Pepperstone MT5
2009.05.26,1.51733,1.51821,1.51253,1.51555,76589,30,0,EURCHF,Pepperstone MT5
2009.05.27,1.51552,1.51703,1.51083,1.51127,76121,30,0,EURCHF,Pepperstone MT5
2009.05.28,1.51128,1.51418,1.50938,1.51136,81474,30,0,EURCHF,Pepperstone MT5
2009.05.29,1.51135,1.51588,1.50758,1.51044,79845,30,0,EURCHF,Pepperstone MT5
2009.06.01,1.50830,1.51840,1.50801,1.51524,77982,30,0,EURCHF,Pepperstone MT5
2009.06.02,1.51525,1.51945,1.51184,1.51842,82789,30,0,EURCHF,Pepperstone MT5
2009.06.03,1.51840,1.52061,1.51211,1.51549,88861,30,0,EURCHF,Pepperstone MT5
2009.06.04,1.51551,1.51667,1.51006,1.51602,84484,30,0,EURCHF,Pepperstone MT5
2009.06.05,1.51606,1.52342,1.51506,1.51635,82359,30,0,EURCHF,Pepperstone MT5
2009.06.08,1.51620,1.52128,1.51558,1.51698,75247,30,0,EURCHF,Pepperstone MT5
2009.06.09,1.51697,1.51852,1.51493,1.51682,77278,30,0,EURCHF,Pepperstone MT5
2009.06.10,1.51682,1.51774,1.51063,1.51086,78102,30,0,EURCHF,Pepperstone MT5
2009.06.11,1.51088,1.51424,1.50915,1.50989,79755,30,0,EURCHF,Pepperstone MT5
2009.06.12,1.50990,1.51296,1.50844,1.51249,72254,30,0,EURCHF,Pepperstone MT5
2009.06.15,1.51152,1.51307,1.50549,1.50626,77249,30,0,EURCHF,Pepperstone MT5
2009.06.16,1.50633,1.50856,1.50535,1.50597,87177,30,0,EURCHF,Pepperstone MT5
2009.06.17,1.50600,1.51112,1.50441,1.50571,82778,30,0,EURCHF,Pepperstone MT5
2009.06.18,1.50572,1.51450,1.50068,1.50993,73455,30,0,EURCHF,Pepperstone MT5
2009.06.19,1.50994,1.51257,1.50596,1.50693,58500,30,0,EURCHF,Pepperstone MT5
2009.06.22,1.50630,1.50768,1.50502,1.50605,75208,30,0,EURCHF,Pepperstone MT5
2009.06.23,1.50606,1.50612,1.50139,1.50155,83473,30,0,EURCHF,Pepperstone MT5
2009.06.24,1.50156,1.53802,1.50112,1.52925,96591,30,0,EURCHF,Pepperstone MT5
2009.06.25,1.52924,1.53586,1.52539,1.53005,72776,30,0,EURCHF,Pepperstone MT5
2009.06.26,1.53008,1.53241,1.52099,1.52285,73952,30,0,EURCHF,Pepperstone MT5
2009.06.29,1.52220,1.52818,1.52214,1.52398,67238,30,0,EURCHF,Pepperstone MT5
2009.06.30,1.52400,1.52706,1.52288,1.52431,76535,30,0,EURCHF,Pepperstone MT5
2009.07.01,1.52434,1.52553,1.51961,1.52042,66476,30,0,EURCHF,Pepperstone MT5
2009.07.02,1.52035,1.52460,1.51745,1.51844,69442,30,0,EURCHF,Pepperstone MT5
2009.07.03,1.51845,1.52482,1.51743,1.51876,41568,30,0,EURCHF,Pepperstone MT5
2009.07.06,1.51830,1.52082,1.51516,1.51632,59536,30,0,EURCHF,Pepperstone MT5
2009.07.07,1.51633,1.51924,1.51443,1.51578,67286,30,0,EURCHF,Pepperstone MT5
2009.07.08,1.51583,1.51706,1.51219,1.51338,69930,30,0,EURCHF,Pepperstone MT5
2009.07.09,1.51337,1.51752,1.51082,1.51196,72606,30,0,EURCHF,Pepperstone MT5
2009.07.10,1.51194,1.51673,1.51152,1.51378,70252,30,0,EURCHF,Pepperstone MT5
2009.07.13,1.51295,1.51558,1.51209,1.51373,69530,30,0,EURCHF,Pepperstone MT5
2009.07.14,1.51367,1.52183,1.51336,1.52059,54016,30,0,EURCHF,Pepperstone MT5
2009.07.15,1.52067,1.52152,1.51464,1.51557,64774,30,0,EURCHF,Pepperstone MT5
2009.07.16,1.51552,1.51878,1.51474,1.51802,67390,30,0,EURCHF,Pepperstone MT5
2009.07.17,1.51803,1.52226,1.51695,1.51832,65853,30,0,EURCHF,Pepperstone MT5
2009.07.20,1.51935,1.52232,1.51824,1.51968,71443,30,0,EURCHF,Pepperstone MT5
2009.07.21,1.51967,1.52016,1.51424,1.51612,70791,30,0,EURCHF,Pepperstone MT5
2009.07.22,1.51610,1.51774,1.51498,1.51523,67790,30,0,EURCHF,Pepperstone MT5
2009.07.23,1.51522,1.52444,1.51501,1.52054,78258,30,0,EURCHF,Pepperstone MT5
2009.07.24,1.52046,1.52451,1.51973,1.52231,66023,30,0,EURCHF,Pepperstone MT5
2009.07.27,1.52210,1.52486,1.52157,1.52355,59813,30,0,EURCHF,Pepperstone MT5
2009.07.28,1.52354,1.52623,1.52142,1.52354,67683,30,0,EURCHF,Pepperstone MT5
2009.07.29,1.52358,1.52804,1.52183,1.52651,79082,30,0,EURCHF,Pepperstone MT5
2009.07.30,1.52624,1.53364,1.52601,1.53030,70986,30,0,EURCHF,Pepperstone MT5
2009.07.31,1.53028,1.53447,1.52123,1.52311,72115,30,0,EURCHF,Pepperstone MT5
2009.08.03,1.52347,1.52844,1.52266,1.52662,65575,30,0,EURCHF,Pepperstone MT5
2009.08.04,1.52668,1.53173,1.52575,1.52697,69773,30,0,EURCHF,Pepperstone MT5
2009.08.05,1.52700,1.53153,1.52573,1.52963,68162,30,0,EURCHF,Pepperstone MT5
2009.08.06,1.52962,1.53235,1.52796,1.52818,66323,30,0,EURCHF,Pepperstone MT5
2009.08.07,1.52823,1.53546,1.52358,1.53299,55947,30,0,EURCHF,Pepperstone MT5
2009.08.10,1.53396,1.53644,1.53348,1.53475,61090,30,0,EURCHF,Pepperstone MT5
2009.08.11,1.53478,1.53519,1.52817,1.53051,65219,30,0,EURCHF,Pepperstone MT5
2009.08.12,1.53052,1.53114,1.52656,1.52965,77447,30,0,EURCHF,Pepperstone MT5
2009.08.13,1.52970,1.53371,1.52725,1.52890,69035,30,0,EURCHF,Pepperstone MT5
2009.08.14,1.52882,1.53036,1.52196,1.52251,68314,30,0,EURCHF,Pepperstone MT5
2009.08.17,1.52290,1.52421,1.51746,1.51766,68333,30,0,EURCHF,Pepperstone MT5
2009.08.18,1.51769,1.52203,1.51734,1.52038,66247,30,0,EURCHF,Pepperstone MT5
2009.08.19,1.52039,1.52113,1.51353,1.51621,73197,30,0,EURCHF,Pepperstone MT5
2009.08.20,1.51620,1.51883,1.51475,1.51486,57146,30,0,EURCHF,Pepperstone MT5
2009.08.21,1.51487,1.51865,1.51345,1.51613,58696,30,0,EURCHF,Pepperstone MT5
2009.08.24,1.51550,1.52083,1.51533,1.51790,48097,30,0,EURCHF,Pepperstone MT5
2009.08.25,1.51788,1.51946,1.51517,1.51765,55653,30,0,EURCHF,Pepperstone MT5
2009.08.26,1.51762,1.52361,1.51703,1.52176,55484,30,0,EURCHF,Pepperstone MT5
2009.08.27,1.52183,1.52421,1.51643,1.51922,53361,30,0,EURCHF,Pepperstone MT5
2009.08.28,1.51923,1.52190,1.51515,1.51562,51533,30,0,EURCHF,Pepperstone MT5
2009.08.31,1.51644,1.51826,1.51447,1.51760,38833,30,0,EURCHF,Pepperstone MT5
2009.09.01,1.51759,1.51820,1.51470,1.51530,50928,30,0,EURCHF,Pepperstone MT5
2009.09.02,1.51520,1.51860,1.51240,1.51300,49928,30,0,EURCHF,Pepperstone MT5
2009.09.03,1.51300,1.51540,1.51230,1.51420,43865,30,0,EURCHF,Pepperstone MT5
2009.09.04,1.51420,1.51830,1.51360,1.51630,42790,30,0,EURCHF,Pepperstone MT5
2009.09.07,1.51720,1.51980,1.51580,1.51900,34153,30,0,EURCHF,Pepperstone MT5
2009.09.08,1.51900,1.52020,1.51490,1.51640,49463,30,0,EURCHF,Pepperstone MT5
2009.09.09,1.51640,1.51770,1.51540,1.51560,27575,30,0,EURCHF,Pepperstone MT5
2009.09.10,1.51570,1.51970,1.51370,1.51420,8538,30,0,EURCHF,Pepperstone MT5
2009.09.11,1.51410,1.51480,1.51230,1.51290,7628,30,0,EURCHF,Pepperstone MT5
2009.09.14,1.51280,1.51410,1.51090,1.51240,8075,30,0,EURCHF,Pepperstone MT5
2009.09.15,1.51250,1.51740,1.51170,1.51680,8443,30,0,EURCHF,Pepperstone MT5
2009.09.16,1.51690,1.51980,1.51610,1.51790,8668,30,0,EURCHF,Pepperstone MT5
2009.09.17,1.51810,1.52240,1.51450,1.51580,8650,30,0,EURCHF,Pepperstone MT5
2009.09.18,1.51590,1.51680,1.51340,1.51460,8056,30,0,EURCHF,Pepperstone MT5
2009.09.21,1.51470,1.51890,1.51350,1.51530,9197,30,0,EURCHF,Pepperstone MT5
2009.09.22,1.51540,1.51580,1.51340,1.51430,9701,30,0,EURCHF,Pepperstone MT5
2009.09.23,1.51440,1.51470,1.51200,1.51290,9472,30,0,EURCHF,Pepperstone MT5
2009.09.24,1.51280,1.51330,1.50840,1.50980,9822,30,0,EURCHF,Pepperstone MT5
2009.09.25,1.50970,1.51230,1.50790,1.50920,10073,30,0,EURCHF,Pepperstone MT5
2009.09.28,1.50980,1.51220,1.50820,1.50960,9787,30,0,EURCHF,Pepperstone MT5
2009.09.29,1.50950,1.51270,1.50890,1.51140,9678,30,0,EURCHF,Pepperstone MT5
2009.09.30,1.51130,1.52380,1.50770,1.51680,12086,30,0,EURCHF,Pepperstone MT5
2009.10.01,1.51690,1.51920,1.51300,1.51380,10090,30,0,EURCHF,Pepperstone MT5
2009.10.02,1.51370,1.51420,1.50840,1.50890,8339,30,0,EURCHF,Pepperstone MT5
2009.10.05,1.50910,1.51270,1.50870,1.51200,7443,30,0,EURCHF,Pepperstone MT5
2009.10.06,1.51190,1.51240,1.50950,1.51170,25968,30,0,EURCHF,Pepperstone MT5
2009.10.07,1.51160,1.51780,1.51130,1.51740,8428,30,0,EURCHF,Pepperstone MT5
2009.10.08,1.51730,1.51840,1.51520,1.51750,9109,30,0,EURCHF,Pepperstone MT5
2009.10.09,1.51740,1.51960,1.51700,1.51930,7364,30,0,EURCHF,Pepperstone MT5
2009.10.12,1.51820,1.52030,1.51590,1.51720,6467,30,0,EURCHF,Pepperstone MT5
2009.10.13,1.51710,1.51900,1.51610,1.51740,7732,30,0,EURCHF,Pepperstone MT5
2009.10.14,1.51750,1.51820,1.51390,1.51480,8311,30,0,EURCHF,Pepperstone MT5
2009.10.15,1.51490,1.51710,1.51250,1.51650,9034,30,0,EURCHF,Pepperstone MT5
2009.10.16,1.51640,1.51920,1.51580,1.51770,8989,30,0,EURCHF,Pepperstone MT5
2009.10.19,1.51740,1.51800,1.51310,1.51340,7418,30,0,EURCHF,Pepperstone MT5
2009.10.20,1.51350,1.51380,1.51100,1.51170,8442,30,0,EURCHF,Pepperstone MT5
2009.10.21,1.51180,1.51220,1.50910,1.51050,7970,30,0,EURCHF,Pepperstone MT5
2009.10.22,1.51040,1.51400,1.50960,1.51000,7697,30,0,EURCHF,Pepperstone MT5
2009.10.23,1.51010,1.51430,1.50970,1.51390,8588,30,0,EURCHF,Pepperstone MT5
2009.10.26,1.51250,1.51480,1.51190,1.51450,6735,30,0,EURCHF,Pepperstone MT5
2009.10.27,1.51440,1.51620,1.51220,1.51260,7770,30,0,EURCHF,Pepperstone MT5
2009.10.28,1.51250,1.51300,1.50980,1.51070,9898,30,0,EURCHF,Pepperstone MT5
2009.10.29,1.51060,1.51130,1.50990,1.51100,8391,30,0,EURCHF,Pepperstone MT5
2009.10.30,1.51090,1.51545,1.50829,1.51034,57411,30,0,EURCHF,Pepperstone MT5
2009.10.31,1.51050,1.51050,1.51050,1.51050,1,30,0,EURCHF,Pepperstone MT5
2009.11.02,1.50939,1.51073,1.50844,1.50951,54325,17,0,EURCHF,Pepperstone MT5
2009.11.03,1.50950,1.51270,1.50915,1.51050,52988,17,0,EURCHF,Pepperstone MT5
2009.11.04,1.51052,1.51186,1.50919,1.51000,53023,17,0,EURCHF,Pepperstone MT5
2009.11.05,1.51004,1.51236,1.50912,1.51118,55217,15,0,EURCHF,Pepperstone MT5
2009.11.06,1.51119,1.51258,1.50988,1.51027,45979,16,0,EURCHF,Pepperstone MT5
2009.11.09,1.51005,1.51215,1.50999,1.51145,43941,17,0,EURCHF,Pepperstone MT5
2009.11.10,1.51138,1.51165,1.50967,1.51029,40472,15,0,EURCHF,Pepperstone MT5
2009.11.11,1.51028,1.51087,1.50967,1.51025,42480,17,0,EURCHF,Pepperstone MT5
2009.11.12,1.51026,1.51120,1.50985,1.51058,44433,15,0,EURCHF,Pepperstone MT5
2009.11.13,1.51057,1.51139,1.50876,1.50889,41658,15,0,EURCHF,Pepperstone MT5
2009.11.16,1.50942,1.51027,1.50812,1.50835,44592,15,0,EURCHF,Pepperstone MT5
2009.11.17,1.50836,1.51180,1.50804,1.51134,50294,15,0,EURCHF,Pepperstone MT5
2009.11.18,1.51133,1.51176,1.51026,1.51086,42247,15,0,EURCHF,Pepperstone MT5
2009.11.19,1.51085,1.51450,1.51054,1.51163,49110,15,0,EURCHF,Pepperstone MT5
2009.11.20,1.51162,1.51366,1.51129,1.51279,47994,15,0,EURCHF,Pepperstone MT5
2009.11.23,1.51257,1.51269,1.51043,1.51098,38139,15,0,EURCHF,Pepperstone MT5
2009.11.24,1.51099,1.51185,1.50958,1.50970,40154,15,0,EURCHF,Pepperstone MT5
2009.11.25,1.50973,1.51016,1.50772,1.50800,39189,15,0,EURCHF,Pepperstone MT5
2009.11.26,1.50797,1.51318,1.50099,1.50599,47876,16,0,EURCHF,Pepperstone MT5
2009.11.27,1.50600,1.50972,1.50382,1.50681,54349,17,0,EURCHF,Pepperstone MT5
2009.11.30,1.50727,1.50899,1.50515,1.50826,46717,16,0,EURCHF,Pepperstone MT5
2009.12.02,1.50717,1.50815,1.50655,1.50723,34383,15,0,EURCHF,Pepperstone MT5
2009.12.03,1.50724,1.50893,1.50656,1.50693,37776,15,0,EURCHF,Pepperstone MT5
2009.12.04,1.50694,1.51079,1.50556,1.51032,44475,15,0,EURCHF,Pepperstone MT5
2009.12.07,1.51008,1.51273,1.50940,1.51142,53465,15,0,EURCHF,Pepperstone MT5
2009.12.08,1.51143,1.51189,1.50980,1.50993,58695,15,0,EURCHF,Pepperstone MT5
2009.12.09,1.50995,1.51191,1.50943,1.51180,49842,15,0,EURCHF,Pepperstone MT5
2009.12.10,1.51183,1.51298,1.51055,1.51133,42301,30,0,EURCHF,Pepperstone MT5
2009.12.11,1.51140,1.51333,1.51065,1.51193,38400,15,0,EURCHF,Pepperstone MT5
2009.12.14,1.51273,1.51388,1.51085,1.51185,36392,15,0,EURCHF,Pepperstone MT5
2009.12.15,1.51183,1.51335,1.51135,1.51214,32092,15,0,EURCHF,Pepperstone MT5
2009.12.16,1.51211,1.51362,1.50823,1.50880,35753,15,0,EURCHF,Pepperstone MT5
2009.12.17,1.50886,1.50939,1.50056,1.50188,42360,15,0,EURCHF,Pepperstone MT5
2009.12.18,1.50191,1.50244,1.49059,1.49463,44924,19,0,EURCHF,Pepperstone MT5
2009.12.21,1.48956,1.49674,1.48942,1.49351,39908,18,0,EURCHF,Pepperstone MT5
2009.12.22,1.49352,1.49870,1.49255,1.49472,38682,16,0,EURCHF,Pepperstone MT5
2009.12.23,1.49459,1.49573,1.48742,1.48914,33954,20,0,EURCHF,Pepperstone MT5
2009.12.24,1.48916,1.49214,1.48775,1.49109,22835,23,0,EURCHF,Pepperstone MT5
2009.12.28,1.48949,1.49171,1.48693,1.48747,24763,28,0,EURCHF,Pepperstone MT5
2009.12.29,1.48746,1.49002,1.48512,1.48765,35120,20,0,EURCHF,Pepperstone MT5
2009.12.30,1.48766,1.48914,1.48549,1.48608,32693,20,0,EURCHF,Pepperstone MT5
2009.12.31,1.48607,1.48751,1.48193,1.48280,29196,22,0,EURCHF,Pepperstone MT5
2010.01.04,1.48238,1.48894,1.48087,1.48416,41948,17,0,EURCHF,Pepperstone MT5
2010.01.05,1.48411,1.48746,1.48246,1.48479,42463,16,0,EURCHF,Pepperstone MT5
2010.01.06,1.48480,1.48559,1.47917,1.48050,40675,16,0,EURCHF,Pepperstone MT5
2010.01.07,1.48052,1.48388,1.47653,1.47939,43504,15,0,EURCHF,Pepperstone MT5
2010.01.08,1.47934,1.48269,1.47436,1.47511,33750,19,0,EURCHF,Pepperstone MT5
2010.01.09,1.47501,1.47501,1.47501,1.47501,1,46,0,EURCHF,Pepperstone MT5
2010.01.11,1.47565,1.47935,1.47225,1.47506,44195,17,0,EURCHF,Pepperstone MT5
2010.01.12,1.47503,1.47701,1.47361,1.47544,39989,16,0,EURCHF,Pepperstone MT5
2010.01.13,1.47560,1.48014,1.47458,1.47723,39029,15,0,EURCHF,Pepperstone MT5
2010.01.14,1.47724,1.48088,1.47554,1.47699,39149,16,0,EURCHF,Pepperstone MT5
2010.01.15,1.47695,1.47803,1.47437,1.47509,47469,16,0,EURCHF,Pepperstone MT5
2010.01.18,1.47519,1.47748,1.47348,1.47401,35817,17,0,EURCHF,Pepperstone MT5
2010.01.19,1.47399,1.47804,1.47379,1.47526,49053,15,0,EURCHF,Pepperstone MT5
2010.01.20,1.47522,1.47693,1.47225,1.47248,52827,17,0,EURCHF,Pepperstone MT5
2010.01.21,1.47250,1.47383,1.46730,1.46854,56960,16,0,EURCHF,Pepperstone MT5
2010.01.22,1.46860,1.47448,1.46744,1.47221,54248,16,0,EURCHF,Pepperstone MT5
2010.01.25,1.47256,1.47402,1.47055,1.47107,42023,16,0,EURCHF,Pepperstone MT5
2010.01.26,1.47106,1.47407,1.47045,1.47231,48707,15,0,EURCHF,Pepperstone MT5
2010.01.27,1.47232,1.47375,1.47091,1.47256,50009,15,0,EURCHF,Pepperstone MT5
2010.01.28,1.47255,1.47369,1.46904,1.46984,48765,16,0,EURCHF,Pepperstone MT5
2010.01.29,1.46983,1.47590,1.46352,1.47027,52314,15,0,EURCHF,Pepperstone MT5
2010.02.01,1.47158,1.47371,1.47024,1.47116,43026,16,0,EURCHF,Pepperstone MT5
2010.02.02,1.47107,1.47418,1.47041,1.47280,40705,16,0,EURCHF,Pepperstone MT5
2010.02.03,1.47288,1.47531,1.47118,1.47184,41842,16,0,EURCHF,Pepperstone MT5
2010.02.04,1.47186,1.47200,1.46375,1.46401,43263,16,0,EURCHF,Pepperstone MT5
2010.02.05,1.46399,1.48074,1.45575,1.46673,59364,16,0,EURCHF,Pepperstone MT5
2010.02.08,1.46836,1.46890,1.46439,1.46485,44641,15,0,EURCHF,Pepperstone MT5
2010.02.09,1.46483,1.46914,1.46441,1.46750,52432,16,0,EURCHF,Pepperstone MT5
2010.02.10,1.46748,1.46880,1.46499,1.46634,45168,15,0,EURCHF,Pepperstone MT5
2010.02.11,1.46632,1.46736,1.46514,1.46566,43244,15,0,EURCHF,Pepperstone MT5
2010.02.12,1.46567,1.47007,1.46353,1.46590,46649,16,0,EURCHF,Pepperstone MT5
2010.02.15,1.46615,1.46781,1.46512,1.46526,27171,15,0,EURCHF,Pepperstone MT5
2010.02.16,1.46527,1.46840,1.46510,1.46773,41671,15,0,EURCHF,Pepperstone MT5
2010.02.17,1.46772,1.46926,1.46637,1.46713,42910,16,0,EURCHF,Pepperstone MT5
2010.02.18,1.46711,1.46864,1.46448,1.46569,48169,15,0,EURCHF,Pepperstone MT5
2010.02.19,1.46564,1.46749,1.46385,1.46415,51353,16,0,EURCHF,Pepperstone MT5
2010.02.22,1.46575,1.46643,1.46295,1.46307,34491,15,0,EURCHF,Pepperstone MT5
2010.02.23,1.46306,1.46832,1.46181,1.46401,44670,15,0,EURCHF,Pepperstone MT5
2010.02.24,1.46395,1.46504,1.46250,1.46357,41168,15,0,EURCHF,Pepperstone MT5
2010.02.25,1.46367,1.46457,1.46247,1.46322,40892,15,0,EURCHF,Pepperstone MT5
2010.02.26,1.46323,1.46409,1.46243,1.46285,42251,15,0,EURCHF,Pepperstone MT5
2010.03.01,1.46334,1.46466,1.46227,1.46340,39193,15,0,EURCHF,Pepperstone MT5
2010.03.02,1.46339,1.46535,1.46228,1.46318,40611,15,0,EURCHF,Pepperstone MT5
2010.03.03,1.46319,1.46367,1.46223,1.46245,40480,15,0,EURCHF,Pepperstone MT5
2010.03.04,1.46246,1.46355,1.46236,1.46274,35990,15,0,EURCHF,Pepperstone MT5
2010.03.05,1.46273,1.46330,1.46249,1.46312,31410,15,0,EURCHF,Pepperstone MT5
2010.03.08,1.46322,1.46346,1.46217,1.46306,21595,15,0,EURCHF,Pepperstone MT5
2010.03.09,1.46305,1.46350,1.46181,1.46215,27776,15,0,EURCHF,Pepperstone MT5
2010.03.10,1.46212,1.46294,1.46091,1.46097,25851,15,0,EURCHF,Pepperstone MT5
2010.03.11,1.46093,1.46292,1.46015,1.46157,24827,15,0,EURCHF,Pepperstone MT5
2010.03.12,1.46155,1.46223,1.45599,1.45623,30073,16,0,EURCHF,Pepperstone MT5
2010.03.15,1.45723,1.45775,1.45069,1.45210,28924,15,0,EURCHF,Pepperstone MT5
2010.03.16,1.45214,1.45276,1.45055,1.45225,32731,15,0,EURCHF,Pepperstone MT5
2010.03.17,1.45226,1.45343,1.44755,1.44802,29136,15,0,EURCHF,Pepperstone MT5
2010.03.18,1.44804,1.44858,1.43546,1.43955,38163,15,0,EURCHF,Pepperstone MT5
2010.03.19,1.43954,1.44047,1.43181,1.43604,34843,16,0,EURCHF,Pepperstone MT5
2010.03.22,1.43412,1.43706,1.43079,1.43469,32107,15,0,EURCHF,Pepperstone MT5
2010.03.23,1.43473,1.43708,1.42612,1.42706,34386,16,0,EURCHF,Pepperstone MT5
2010.03.24,1.42707,1.43062,1.42313,1.42891,42293,16,0,EURCHF,Pepperstone MT5
2010.03.25,1.42890,1.42963,1.42520,1.42606,34160,16,0,EURCHF,Pepperstone MT5
2010.03.26,1.42603,1.43116,1.42513,1.42812,41352,16,0,EURCHF,Pepperstone MT5
2010.03.29,1.42855,1.43561,1.42842,1.43212,35252,16,0,EURCHF,Pepperstone MT5
2010.03.30,1.43214,1.43415,1.43038,1.43050,32569,15,0,EURCHF,Pepperstone MT5
2010.03.31,1.43051,1.43211,1.42079,1.42369,42028,15,0,EURCHF,Pepperstone MT5
2010.04.01,1.42368,1.44095,1.41436,1.43216,43439,15,0,EURCHF,Pepperstone MT5
2010.04.02,1.43217,1.43505,1.43110,1.43243,24779,20,0,EURCHF,Pepperstone MT5
2010.04.05,1.43199,1.43378,1.43139,1.43212,23067,15,0,EURCHF,Pepperstone MT5
2010.04.06,1.43211,1.43277,1.43181,1.43199,25237,15,0,EURCHF,Pepperstone MT5
2010.04.07,1.43200,1.43519,1.43180,1.43277,24108,15,0,EURCHF,Pepperstone MT5
2010.04.08,1.43276,1.43408,1.43220,1.43333,27742,15,0,EURCHF,Pepperstone MT5
2010.04.09,1.43318,1.43945,1.43267,1.43856,34268,15,0,EURCHF,Pepperstone MT5
2010.04.12,1.44093,1.44655,1.43781,1.43946,39734,15,0,EURCHF,Pepperstone MT5
2010.04.13,1.43947,1.44076,1.43268,1.43430,36913,15,0,EURCHF,Pepperstone MT5
2010.04.14,1.43428,1.43867,1.43388,1.43599,41870,15,0,EURCHF,Pepperstone MT5
2010.04.15,1.43600,1.43677,1.43292,1.43365,42289,15,0,EURCHF,Pepperstone MT5
2010.04.16,1.43363,1.43427,1.43237,1.43302,38335,16,0,EURCHF,Pepperstone MT5
2010.04.19,1.43253,1.43582,1.43235,1.43374,31956,15,0,EURCHF,Pepperstone MT5
2010.04.20,1.43376,1.43615,1.43300,1.43555,31423,15,0,EURCHF,Pepperstone MT5
2010.04.21,1.43558,1.43588,1.42947,1.43313,30854,15,0,EURCHF,Pepperstone MT5
2010.04.22,1.43312,1.43453,1.43237,1.43302,29912,15,0,EURCHF,Pepperstone MT5
2010.04.23,1.43308,1.43593,1.43235,1.43549,37523,15,0,EURCHF,Pepperstone MT5
2010.04.24,1.43554,1.43554,1.43554,1.43554,1,43,0,EURCHF,Pepperstone MT5
2010.04.26,1.43423,1.43617,1.43334,1.43565,37411,15,0,EURCHF,Pepperstone MT5
2010.04.27,1.43567,1.43663,1.43262,1.43305,52975,15,0,EURCHF,Pepperstone MT5
2010.04.28,1.43302,1.43459,1.43230,1.43346,45932,15,0,EURCHF,Pepperstone MT5
2010.04.29,1.43344,1.43508,1.43285,1.43409,45770,15,0,EURCHF,Pepperstone MT5
2010.04.30,1.43408,1.43552,1.43237,1.43243,44014,15,0,EURCHF,Pepperstone MT5
2010.05.03,1.43389,1.43405,1.43228,1.43248,27220,16,0,EURCHF,Pepperstone MT5
2010.05.04,1.43247,1.43466,1.43229,1.43240,30076,15,0,EURCHF,Pepperstone MT5
2010.05.05,1.43241,1.43368,1.43225,1.43255,29374,15,0,EURCHF,Pepperstone MT5
2010.05.06,1.43254,1.43434,1.40033,1.40575,56154,15,0,EURCHF,Pepperstone MT5
2010.05.07,1.40576,1.41860,1.40497,1.41286,73143,20,0,EURCHF,Pepperstone MT5
2010.05.10,1.42200,1.43330,1.41748,1.41892,65195,17,0,EURCHF,Pepperstone MT5
2010.05.11,1.41891,1.41991,1.40331,1.40762,52057,15,0,EURCHF,Pepperstone MT5
2010.05.12,1.40825,1.41163,1.40152,1.40199,48498,16,0,EURCHF,Pepperstone MT5
2010.05.13,1.40200,1.40707,1.40037,1.40071,38564,15,0,EURCHF,Pepperstone MT5
2010.05.14,1.40070,1.40301,1.40028,1.40063,37175,15,0,EURCHF,Pepperstone MT5
2010.05.15,1.40065,1.40067,1.40065,1.40067,2,39,0,EURCHF,Pepperstone MT5
2010.05.17,1.40055,1.40227,1.40032,1.40202,17790,15,0,EURCHF,Pepperstone MT5
2010.05.18,1.40201,1.40459,1.40032,1.40038,40605,15,0,EURCHF,Pepperstone MT5
2010.05.19,1.40037,1.43082,1.40020,1.42787,103957,10,0,EURCHF,Pepperstone MT5
2010.05.20,1.42787,1.44534,1.41380,1.43682,79785,10,0,EURCHF,Pepperstone MT5
2010.05.21,1.43679,1.45870,1.43495,1.44457,62611,21,0,EURCHF,Pepperstone MT5
2010.05.22,1.44466,1.44488,1.44466,1.44488,2,45,0,EURCHF,Pepperstone MT5
2010.05.24,1.44325,1.44431,1.43124,1.43377,47704,16,0,EURCHF,Pepperstone MT5
2010.05.25,1.43387,1.43399,1.42073,1.42827,52839,17,0,EURCHF,Pepperstone MT5
2010.05.26,1.42834,1.42926,1.41242,1.41294,47922,17,0,EURCHF,Pepperstone MT5
2010.05.27,1.41295,1.42735,1.41096,1.42264,60962,17,0,EURCHF,Pepperstone MT5
2010.05.28,1.42259,1.43075,1.42094,1.42239,56408,17,0,EURCHF,Pepperstone MT5
2010.05.29,1.42234,1.42234,1.42233,1.42233,2,50,0,EURCHF,Pepperstone MT5
2010.05.31,1.42183,1.42581,1.41705,1.42065,34061,15,0,EURCHF,Pepperstone MT5
2010.06.01,1.42066,1.42223,1.41434,1.41470,65549,17,0,EURCHF,Pepperstone MT5
2010.06.02,1.41469,1.41613,1.41196,1.41447,56083,17,0,EURCHF,Pepperstone MT5
2010.06.03,1.41446,1.41760,1.40547,1.40644,48325,17,0,EURCHF,Pepperstone MT5
2010.06.04,1.40645,1.40912,1.38658,1.39150,53329,16,0,EURCHF,Pepperstone MT5
2010.06.05,1.39145,1.39145,1.39145,1.39145,1,50,0,EURCHF,Pepperstone MT5
2010.06.07,1.39032,1.39421,1.38496,1.38669,60904,16,0,EURCHF,Pepperstone MT5
2010.06.08,1.38671,1.39087,1.37476,1.37989,58960,17,0,EURCHF,Pepperstone MT5
2010.06.09,1.37988,1.38053,1.37337,1.37548,54050,16,0,EURCHF,Pepperstone MT5
2010.06.10,1.37547,1.38682,1.37451,1.38434,54328,18,0,EURCHF,Pepperstone MT5
2010.06.11,1.38435,1.39455,1.38155,1.39156,68321,17,0,EURCHF,Pepperstone MT5
2010.06.12,1.39164,1.39164,1.39164,1.39164,1,50,0,EURCHF,Pepperstone MT5
2010.06.14,1.39186,1.39835,1.38724,1.39556,48943,17,0,EURCHF,Pepperstone MT5
2010.06.15,1.39555,1.40397,1.39104,1.39726,80916,10,0,EURCHF,Pepperstone MT5
2010.06.16,1.39626,1.39725,1.38611,1.39225,42659,17,0,EURCHF,Pepperstone MT5
2010.06.17,1.39227,1.39255,1.37412,1.37744,49469,17,0,EURCHF,Pepperstone MT5
2010.06.18,1.37742,1.37834,1.37169,1.37294,41343,17,0,EURCHF,Pepperstone MT5
2010.06.19,1.37296,1.37303,1.37293,1.37303,4,48,0,EURCHF,Pepperstone MT5
2010.06.21,1.36995,1.37614,1.36831,1.36951,51508,17,0,EURCHF,Pepperstone MT5
2010.06.22,1.36950,1.37013,1.35849,1.35869,44801,17,0,EURCHF,Pepperstone MT5
2010.06.23,1.35876,1.36142,1.35448,1.36035,33217,17,0,EURCHF,Pepperstone MT5
2010.06.24,1.36034,1.36269,1.35541,1.35946,44266,16,0,EURCHF,Pepperstone MT5
2010.06.25,1.35943,1.35982,1.34577,1.35180,37365,16,0,EURCHF,Pepperstone MT5
2010.06.26,1.35175,1.35175,1.35175,1.35175,1,50,0,EURCHF,Pepperstone MT5
2010.06.28,1.35352,1.35359,1.33281,1.33413,40489,16,0,EURCHF,Pepperstone MT5
2010.06.29,1.33412,1.33625,1.31656,1.31863,41178,17,0,EURCHF,Pepperstone MT5
2010.06.30,1.31851,1.32872,1.31743,1.31820,50262,16,0,EURCHF,Pepperstone MT5
2010.07.01,1.31819,1.33980,1.30725,1.32653,57510,16,0,EURCHF,Pepperstone MT5
2010.07.02,1.32656,1.34325,1.32177,1.33524,50902,14,0,EURCHF,Pepperstone MT5
2010.07.05,1.33620,1.33656,1.33096,1.33457,27465,15,0,EURCHF,Pepperstone MT5
2010.07.06,1.33458,1.34107,1.32828,1.33712,48249,17,0,EURCHF,Pepperstone MT5
2010.07.07,1.33713,1.33904,1.32625,1.32904,48329,15,0,EURCHF,Pepperstone MT5
2010.07.08,1.32910,1.33545,1.32598,1.33197,49730,12,0,EURCHF,Pepperstone MT5
2010.07.09,1.33195,1.33972,1.33072,1.33685,40771,11,0,EURCHF,Pepperstone MT5
2010.07.12,1.33448,1.34099,1.33028,1.33557,38112,10,0,EURCHF,Pepperstone MT5
2010.07.13,1.33564,1.34216,1.33098,1.34128,90457,10,0,EURCHF,Pepperstone MT5
2010.07.14,1.34175,1.34903,1.34060,1.34117,41111,16,0,EURCHF,Pepperstone MT5
2010.07.15,1.34114,1.34825,1.33783,1.34770,49867,16,0,EURCHF,Pepperstone MT5
2010.07.16,1.34771,1.36223,1.34550,1.35797,45018,16,0,EURCHF,Pepperstone MT5
2010.07.19,1.35190,1.36710,1.35076,1.36532,43009,17,0,EURCHF,Pepperstone MT5
2010.07.20,1.36531,1.36749,1.35000,1.35580,47803,17,0,EURCHF,Pepperstone MT5
2010.07.21,1.35582,1.35784,1.33926,1.34071,47267,17,0,EURCHF,Pepperstone MT5
2010.07.22,1.34077,1.34608,1.33416,1.34444,50867,16,0,EURCHF,Pepperstone MT5
2010.07.23,1.34445,1.36190,1.34171,1.36123,53804,16,0,EURCHF,Pepperstone MT5
2010.07.26,1.35964,1.36305,1.35455,1.36237,44097,17,0,EURCHF,Pepperstone MT5
2010.07.27,1.36232,1.37949,1.36199,1.37788,47453,17,0,EURCHF,Pepperstone MT5
2010.07.28,1.37805,1.38170,1.37146,1.37297,48493,16,0,EURCHF,Pepperstone MT5
2010.07.29,1.37298,1.37541,1.35803,1.36118,47321,17,0,EURCHF,Pepperstone MT5
2010.07.30,1.36115,1.36349,1.35086,1.35851,52897,16,0,EURCHF,Pepperstone MT5
2010.08.02,1.35847,1.36978,1.35792,1.36905,42723,17,0,EURCHF,Pepperstone MT5
2010.08.03,1.36907,1.37507,1.36621,1.37472,38505,16,0,EURCHF,Pepperstone MT5
2010.08.04,1.37471,1.38656,1.37284,1.38573,38204,16,0,EURCHF,Pepperstone MT5
2010.08.05,1.38575,1.38742,1.37518,1.37966,42005,16,0,EURCHF,Pepperstone MT5
2010.08.06,1.37965,1.38459,1.37467,1.37950,41204,17,0,EURCHF,Pepperstone MT5
2010.08.09,1.37890,1.38770,1.37613,1.38725,33307,17,0,EURCHF,Pepperstone MT5
2010.08.10,1.38723,1.39233,1.37967,1.38142,48682,17,0,EURCHF,Pepperstone MT5
2010.08.11,1.38143,1.38194,1.35949,1.36335,49152,16,0,EURCHF,Pepperstone MT5
2010.08.12,1.36338,1.36638,1.34588,1.34687,50878,16,0,EURCHF,Pepperstone MT5
2010.08.13,1.34689,1.35384,1.34019,1.34039,46755,16,0,EURCHF,Pepperstone MT5
2010.08.16,1.33750,1.34492,1.32706,1.33303,49380,18,0,EURCHF,Pepperstone MT5
2010.08.17,1.33297,1.34559,1.32984,1.34422,50985,16,0,EURCHF,Pepperstone MT5
2010.08.18,1.34421,1.34438,1.33579,1.33976,44099,15,0,EURCHF,Pepperstone MT5
2010.08.19,1.33974,1.34023,1.32056,1.32315,53134,16,0,EURCHF,Pepperstone MT5
2010.08.20,1.32318,1.32393,1.31394,1.31410,48278,18,0,EURCHF,Pepperstone MT5
2010.08.23,1.31460,1.31907,1.31044,1.31713,40937,16,0,EURCHF,Pepperstone MT5
2010.08.24,1.31716,1.31789,1.30439,1.30441,49408,16,0,EURCHF,Pepperstone MT5
2010.08.25,1.30409,1.30837,1.29702,1.30413,53936,18,0,EURCHF,Pepperstone MT5
2010.08.26,1.30415,1.31426,1.30118,1.30215,49938,18,0,EURCHF,Pepperstone MT5
2010.08.27,1.30202,1.31217,1.29910,1.31166,48275,17,0,EURCHF,Pepperstone MT5
2010.08.28,1.31167,1.31167,1.31166,1.31166,2,48,0,EURCHF,Pepperstone MT5
2010.08.30,1.31120,1.31438,1.29802,1.29931,33792,16,0,EURCHF,Pepperstone MT5
2010.08.31,1.29928,1.29981,1.28504,1.28684,46568,16,0,EURCHF,Pepperstone MT5
2010.09.01,1.28683,1.30395,1.28656,1.30088,39557,15,0,EURCHF,Pepperstone MT5
2010.09.02,1.30090,1.30378,1.29413,1.29860,35485,15,0,EURCHF,Pepperstone MT5
2010.09.03,1.29865,1.31624,1.29724,1.31065,31730,15,0,EURCHF,Pepperstone MT5
2010.09.06,1.31048,1.31322,1.30200,1.30332,25056,15,0,EURCHF,Pepperstone MT5
2010.09.07,1.30329,1.30342,1.28099,1.28237,39926,15,0,EURCHF,Pepperstone MT5
2010.09.08,1.28235,1.29194,1.27653,1.28647,45152,17,0,EURCHF,Pepperstone MT5
2010.09.09,1.28645,1.29262,1.28203,1.28847,44183,17,0,EURCHF,Pepperstone MT5
2010.09.10,1.28843,1.30727,1.28631,1.29281,50315,18,0,EURCHF,Pepperstone MT5
2010.09.13,1.29460,1.30374,1.29450,1.29761,48198,18,0,EURCHF,Pepperstone MT5
2010.09.14,1.29758,1.29774,1.28730,1.29469,52373,19,0,EURCHF,Pepperstone MT5
2010.09.15,1.29470,1.30663,1.29268,1.30515,56349,17,0,EURCHF,Pepperstone MT5
2010.09.16,1.30517,1.33020,1.29897,1.32840,51555,18,0,EURCHF,Pepperstone MT5
2010.09.17,1.32837,1.33896,1.31403,1.31747,50412,17,0,EURCHF,Pepperstone MT5
2010.09.18,1.31749,1.31749,1.31745,1.31745,2,44,0,EURCHF,Pepperstone MT5
2010.09.20,1.31820,1.32300,1.31131,1.31231,28986,18,0,EURCHF,Pepperstone MT5
2010.09.21,1.31235,1.32405,1.31126,1.32133,50748,18,0,EURCHF,Pepperstone MT5
2010.09.22,1.32132,1.32710,1.31800,1.32177,43194,18,0,EURCHF,Pepperstone MT5
2010.09.23,1.32180,1.32466,1.31003,1.31196,50579,18,0,EURCHF,Pepperstone MT5
2010.09.24,1.31186,1.32928,1.30710,1.32702,27009,18,0,EURCHF,Pepperstone MT5
2010.09.27,1.32560,1.32946,1.32334,1.32551,44249,18,0,EURCHF,Pepperstone MT5
2010.09.28,1.32549,1.32918,1.31645,1.32541,53505,19,0,EURCHF,Pepperstone MT5
2010.09.29,1.32543,1.33480,1.32376,1.33123,45260,15,0,EURCHF,Pepperstone MT5
2010.09.30,1.33119,1.34066,1.32642,1.33944,57165,18,0,EURCHF,Pepperstone MT5
2010.10.01,1.33943,1.34626,1.33601,1.34306,54671,18,0,EURCHF,Pepperstone MT5
2010.10.04,1.34518,1.34654,1.32916,1.32930,49780,17,0,EURCHF,Pepperstone MT5
2010.10.05,1.32929,1.33930,1.32630,1.33702,56794,17,0,EURCHF,Pepperstone MT5
2010.10.06,1.33699,1.34144,1.33200,1.33928,50530,19,0,EURCHF,Pepperstone MT5
2010.10.07,1.33918,1.34891,1.33586,1.34524,52466,19,0,EURCHF,Pepperstone MT5
2010.10.08,1.34532,1.34927,1.33610,1.34230,46344,19,0,EURCHF,Pepperstone MT5
2010.10.11,1.34470,1.34760,1.33728,1.33864,24413,16,0,EURCHF,Pepperstone MT5
2010.10.12,1.33865,1.34148,1.32653,1.33236,51991,18,0,EURCHF,Pepperstone MT5
2010.10.13,1.33235,1.34206,1.33161,1.33786,48149,18,0,EURCHF,Pepperstone MT5
2010.10.14,1.33790,1.34344,1.33348,1.34194,48271,20,0,EURCHF,Pepperstone MT5
2010.10.15,1.34195,1.34798,1.33620,1.33992,47506,19,0,EURCHF,Pepperstone MT5
2010.10.18,1.33876,1.34028,1.33050,1.33679,51356,18,0,EURCHF,Pepperstone MT5
2010.10.19,1.33680,1.34514,1.33094,1.33373,61064,18,0,EURCHF,Pepperstone MT5
2010.10.20,1.33372,1.34411,1.33093,1.34284,55754,20,0,EURCHF,Pepperstone MT5
2010.10.21,1.34282,1.35296,1.33873,1.34710,57368,19,0,EURCHF,Pepperstone MT5
2010.10.22,1.34708,1.36502,1.34548,1.36304,59820,20,0,EURCHF,Pepperstone MT5
2010.10.25,1.36298,1.36703,1.35446,1.35573,61227,17,0,EURCHF,Pepperstone MT5
2010.10.26,1.35575,1.36862,1.35439,1.36383,68537,17,0,EURCHF,Pepperstone MT5
2010.10.27,1.36382,1.37011,1.36069,1.36354,72125,17,0,EURCHF,Pepperstone MT5
2010.10.28,1.36355,1.37048,1.36137,1.36978,64690,17,0,EURCHF,Pepperstone MT5
2010.10.29,1.36977,1.37370,1.36439,1.36986,69274,18,0,EURCHF,Pepperstone MT5
2010.11.01,1.37245,1.38335,1.37123,1.37813,64468,17,0,EURCHF,Pepperstone MT5
2010.11.02,1.37812,1.38203,1.36853,1.37419,68371,18,0,EURCHF,Pepperstone MT5
2010.11.03,1.37420,1.37681,1.37022,1.37227,75499,20,0,EURCHF,Pepperstone MT5
2010.11.04,1.37226,1.38032,1.35846,1.36223,81382,19,0,EURCHF,Pepperstone MT5
2010.11.05,1.36224,1.36332,1.34394,1.34885,72229,20,0,EURCHF,Pepperstone MT5
2010.11.08,1.35056,1.35279,1.34056,1.34457,74364,17,0,EURCHF,Pepperstone MT5
2010.11.09,1.34456,1.34499,1.33239,1.33314,84065,20,0,EURCHF,Pepperstone MT5
2010.11.10,1.33313,1.34262,1.32753,1.33773,83826,19,0,EURCHF,Pepperstone MT5
2010.11.11,1.33775,1.33973,1.32570,1.33251,78541,19,0,EURCHF,Pepperstone MT5
2010.11.12,1.33252,1.34364,1.32295,1.34288,86943,20,0,EURCHF,Pepperstone MT5
2010.11.13,1.34294,1.34294,1.34292,1.34292,2,50,0,EURCHF,Pepperstone MT5
2010.11.15,1.34106,1.34701,1.33624,1.33749,74854,16,0,EURCHF,Pepperstone MT5
2010.11.16,1.33754,1.34403,1.33674,1.34325,94090,17,0,EURCHF,Pepperstone MT5
2010.11.17,1.34324,1.34665,1.33850,1.34067,87257,17,0,EURCHF,Pepperstone MT5
2010.11.18,1.34081,1.35955,1.34077,1.35842,88584,18,0,EURCHF,Pepperstone MT5
2010.11.19,1.35837,1.36723,1.35396,1.35658,81172,19,0,EURCHF,Pepperstone MT5
2010.11.20,1.35659,1.35670,1.35642,1.35656,16,47,0,EURCHF,Pepperstone MT5
2010.11.22,1.36187,1.36564,1.34542,1.34815,78800,18,0,EURCHF,Pepperstone MT5
2010.11.23,1.34815,1.34856,1.32952,1.33300,94046,18,0,EURCHF,Pepperstone MT5
2010.11.24,1.33301,1.33467,1.32412,1.32784,91839,19,0,EURCHF,Pepperstone MT5
2010.11.25,1.32783,1.33888,1.32582,1.33660,69647,19,0,EURCHF,Pepperstone MT5
2010.11.26,1.33662,1.33688,1.32350,1.32796,79660,19,0,EURCHF,Pepperstone MT5
2010.11.29,1.33141,1.33232,1.31009,1.31254,86480,17,0,EURCHF,Pepperstone MT5
2010.11.30,1.31254,1.31303,1.29324,1.30275,99480,19,0,EURCHF,Pepperstone MT5
2010.12.01,1.30274,1.31889,1.30100,1.31654,98933,17,0,EURCHF,Pepperstone MT5
2010.12.02,1.31655,1.32045,1.30698,1.31113,94777,17,0,EURCHF,Pepperstone MT5
2010.12.03,1.31112,1.31690,1.30452,1.30589,88234,17,0,EURCHF,Pepperstone MT5
2010.12.04,1.30595,1.30596,1.30595,1.30596,2,48,0,EURCHF,Pepperstone MT5
2010.12.06,1.30775,1.31168,1.30010,1.30617,84787,17,0,EURCHF,Pepperstone MT5
2010.12.07,1.30618,1.31207,1.30405,1.30953,91056,16,0,EURCHF,Pepperstone MT5
2010.12.08,1.30952,1.31045,1.30297,1.30772,90566,18,0,EURCHF,Pepperstone MT5
2010.12.09,1.30773,1.30976,1.29772,1.30191,83951,19,0,EURCHF,Pepperstone MT5
2010.12.10,1.30189,1.30319,1.29589,1.29720,74886,17,0,EURCHF,Pepperstone MT5
2010.12.11,1.29724,1.29769,1.29713,1.29738,23,50,0,EURCHF,Pepperstone MT5
2010.12.13,1.29594,1.30052,1.29138,1.29588,73446,16,0,EURCHF,Pepperstone MT5
2010.12.14,1.29586,1.30017,1.28301,1.28343,81472,16,0,EURCHF,Pepperstone MT5
2010.12.15,1.28383,1.28500,1.27578,1.27900,82533,17,0,EURCHF,Pepperstone MT5
2010.12.16,1.27902,1.28685,1.27382,1.27687,75157,9,0,EURCHF,Pepperstone MT5
2010.12.17,1.27694,1.27952,1.27196,1.27777,86701,15,0,EURCHF,Pepperstone MT5
2010.12.18,1.27782,1.27782,1.27782,1.27782,1,50,0,EURCHF,Pepperstone MT5
2010.12.20,1.27744,1.27771,1.26353,1.26672,75370,17,0,EURCHF,Pepperstone MT5
2010.12.21,1.26671,1.27118,1.25450,1.25504,76890,16,0,EURCHF,Pepperstone MT5
2010.12.22,1.25504,1.25820,1.24377,1.24700,71727,17,0,EURCHF,Pepperstone MT5
2010.12.23,1.24700,1.26377,1.24566,1.25715,66133,15,0,EURCHF,Pepperstone MT5
2010.12.24,1.25716,1.26562,1.25451,1.26267,28328,21,0,EURCHF,Pepperstone MT5
2010.12.27,1.26028,1.26973,1.25966,1.26361,46065,18,0,EURCHF,Pepperstone MT5
2010.12.28,1.26351,1.26646,1.24509,1.24869,60496,19,0,EURCHF,Pepperstone MT5
2010.12.29,1.24870,1.25411,1.24558,1.25041,55841,21,0,EURCHF,Pepperstone MT5
2010.12.30,1.25040,1.25149,1.24015,1.24229,63741,21,0,EURCHF,Pepperstone MT5
2010.12.31,1.24228,1.25695,1.24192,1.25027,49441,21,0,EURCHF,Pepperstone MT5
2011.01.03,1.24619,1.24943,1.24139,1.24695,64635,19,0,EURCHF,Pepperstone MT5
2011.01.04,1.24694,1.26819,1.24540,1.26224,85444,15,0,EURCHF,Pepperstone MT5
2011.01.05,1.26222,1.27247,1.25688,1.27000,84681,18,0,EURCHF,Pepperstone MT5
2011.01.06,1.27000,1.27220,1.25223,1.25532,76457,17,0,EURCHF,Pepperstone MT5
2011.01.07,1.25533,1.25626,1.24477,1.24811,83579,17,0,EURCHF,Pepperstone MT5
2011.01.08,1.24807,1.24807,1.24795,1.24806,8,86,0,EURCHF,Pepperstone MT5
2011.01.10,1.24866,1.25621,1.24336,1.25294,74113,17,0,EURCHF,Pepperstone MT5
2011.01.11,1.25294,1.26679,1.25156,1.26306,80329,19,0,EURCHF,Pepperstone MT5
2011.01.12,1.26304,1.27352,1.25797,1.26925,87246,18,0,EURCHF,Pepperstone MT5
2011.01.13,1.26922,1.28815,1.26846,1.28775,86694,19,0,EURCHF,Pepperstone MT5
2011.01.14,1.28777,1.29506,1.28479,1.28947,84184,15,0,EURCHF,Pepperstone MT5
2011.01.15,1.28946,1.28946,1.28944,1.28944,2,83,0,EURCHF,Pepperstone MT5
2011.01.17,1.28789,1.28953,1.28045,1.28212,63335,17,0,EURCHF,Pepperstone MT5
2011.01.18,1.28210,1.29224,1.27734,1.28950,88818,17,0,EURCHF,Pepperstone MT5
2011.01.19,1.28953,1.29957,1.28441,1.28629,86425,18,0,EURCHF,Pepperstone MT5
2011.01.20,1.28628,1.30360,1.28142,1.30311,95114,18,0,EURCHF,Pepperstone MT5
2011.01.21,1.30317,1.30668,1.29758,1.30505,87318,17,0,EURCHF,Pepperstone MT5
2011.01.22,1.30499,1.30499,1.30499,1.30499,1,88,0,EURCHF,Pepperstone MT5
2011.01.24,1.30416,1.30677,1.29289,1.29434,78271,15,0,EURCHF,Pepperstone MT5
2011.01.25,1.29432,1.29847,1.28254,1.28914,96122,15,0,EURCHF,Pepperstone MT5
2011.01.26,1.28913,1.29666,1.28723,1.29119,86243,17,0,EURCHF,Pepperstone MT5
2011.01.27,1.29113,1.30007,1.28913,1.29826,91886,12,0,EURCHF,Pepperstone MT5
2011.01.28,1.29828,1.29889,1.28045,1.28170,88446,14,0,EURCHF,Pepperstone MT5
2011.01.29,1.28170,1.28170,1.28162,1.28162,5,83,0,EURCHF,Pepperstone MT5
2011.01.31,1.27929,1.29283,1.27792,1.29253,87425,16,0,EURCHF,Pepperstone MT5
2011.02.01,1.29250,1.29938,1.29066,1.29323,93185,15,0,EURCHF,Pepperstone MT5
2011.02.02,1.29322,1.30118,1.28717,1.29790,86696,17,0,EURCHF,Pepperstone MT5
2011.02.03,1.29788,1.30359,1.28682,1.28899,83954,15,0,EURCHF,Pepperstone MT5
2011.02.04,1.28898,1.30047,1.28782,1.29682,55986,15,0,EURCHF,Pepperstone MT5
2011.02.05,1.29684,1.29684,1.29684,1.29684,1,84,0,EURCHF,Pepperstone MT5
2011.02.07,1.29706,1.30434,1.29310,1.29763,56691,18,0,EURCHF,Pepperstone MT5
2011.02.08,1.29763,1.31426,1.29718,1.31230,52745,17,0,EURCHF,Pepperstone MT5
2011.02.09,1.31232,1.31877,1.31191,1.31513,51828,16,0,EURCHF,Pepperstone MT5
2011.02.10,1.31514,1.31929,1.30877,1.31787,71697,15,0,EURCHF,Pepperstone MT5
2011.02.11,1.31788,1.32026,1.31261,1.31827,56333,16,0,EURCHF,Pepperstone MT5
2011.02.12,1.31835,1.31852,1.31809,1.31845,17,47,0,EURCHF,Pepperstone MT5
2011.02.14,1.31597,1.32019,1.30527,1.30823,67833,15,0,EURCHF,Pepperstone MT5
2011.02.15,1.30821,1.31363,1.30362,1.30410,66154,15,0,EURCHF,Pepperstone MT5
2011.02.16,1.30411,1.31270,1.29735,1.30165,74015,15,0,EURCHF,Pepperstone MT5
2011.02.17,1.30166,1.30277,1.29000,1.29226,60622,15,0,EURCHF,Pepperstone MT5
2011.02.18,1.29225,1.29903,1.28942,1.29317,66393,15,0,EURCHF,Pepperstone MT5
2011.02.19,1.29316,1.29316,1.29308,1.29308,2,94,0,EURCHF,Pepperstone MT5
2011.02.21,1.29495,1.29751,1.29224,1.29475,54936,15,0,EURCHF,Pepperstone MT5
2011.02.22,1.29474,1.29566,1.27912,1.28143,85869,16,0,EURCHF,Pepperstone MT5
2011.02.23,1.28142,1.28806,1.28071,1.28248,76713,15,0,EURCHF,Pepperstone MT5
2011.02.24,1.28250,1.28310,1.27049,1.27828,84619,17,0,EURCHF,Pepperstone MT5
2011.02.25,1.27828,1.28419,1.27424,1.27648,74203,15,0,EURCHF,Pepperstone MT5
2011.02.26,1.27651,1.27657,1.27648,1.27656,8,46,0,EURCHF,Pepperstone MT5
2011.02.28,1.27595,1.28600,1.27249,1.28218,68408,15,0,EURCHF,Pepperstone MT5
2011.03.01,1.28214,1.28922,1.27903,1.27912,77796,15,0,EURCHF,Pepperstone MT5
2011.03.02,1.27913,1.28182,1.27553,1.28032,68055,15,0,EURCHF,Pepperstone MT5
2011.03.03,1.28034,1.30202,1.27871,1.30117,71801,15,0,EURCHF,Pepperstone MT5
2011.03.04,1.30110,1.30236,1.29154,1.29291,61563,15,0,EURCHF,Pepperstone MT5
2011.03.05,1.29285,1.29285,1.29285,1.29285,1,107,0,EURCHF,Pepperstone MT5
2011.03.07,1.29532,1.29873,1.29137,1.29410,67285,15,0,EURCHF,Pepperstone MT5
2011.03.08,1.29410,1.30385,1.29318,1.30012,68236,16,0,EURCHF,Pepperstone MT5
2011.03.09,1.30013,1.30140,1.28937,1.29277,66884,17,0,EURCHF,Pepperstone MT5
2011.03.10,1.29278,1.29422,1.28312,1.28576,74446,15,0,EURCHF,Pepperstone MT5
2011.03.11,1.28581,1.29286,1.28267,1.29245,68821,15,0,EURCHF,Pepperstone MT5
2011.03.12,1.29250,1.29250,1.29250,1.29250,1,52,0,EURCHF,Pepperstone MT5
2011.03.14,1.29468,1.29698,1.29119,1.29261,70191,15,0,EURCHF,Pepperstone MT5
2011.03.15,1.29260,1.29429,1.27362,1.28248,89444,17,0,EURCHF,Pepperstone MT5
2011.03.16,1.28249,1.28533,1.24326,1.25162,86421,16,0,EURCHF,Pepperstone MT5
2011.03.17,1.25161,1.26750,1.24780,1.25923,97884,15,0,EURCHF,Pepperstone MT5
2011.03.18,1.25923,1.28027,1.25787,1.27745,87288,15,0,EURCHF,Pepperstone MT5
2011.03.21,1.27840,1.28806,1.27815,1.28661,62854,15,0,EURCHF,Pepperstone MT5
2011.03.22,1.28662,1.28866,1.28149,1.28240,61724,15,0,EURCHF,Pepperstone MT5
2011.03.23,1.28239,1.28339,1.27366,1.27953,71010,15,0,EURCHF,Pepperstone MT5
2011.03.24,1.27952,1.28808,1.27870,1.28725,71775,15,0,EURCHF,Pepperstone MT5
2011.03.25,1.28724,1.29609,1.28545,1.29575,68249,15,0,EURCHF,Pepperstone MT5
2011.03.28,1.29323,1.29805,1.28907,1.29126,63269,15,0,EURCHF,Pepperstone MT5
2011.03.29,1.29124,1.29901,1.28874,1.29836,63677,15,0,EURCHF,Pepperstone MT5
2011.03.30,1.29833,1.30374,1.29610,1.29729,67118,15,0,EURCHF,Pepperstone MT5
2011.03.31,1.29725,1.30231,1.29321,1.30087,65931,15,0,EURCHF,Pepperstone MT5
2011.04.01,1.30088,1.31691,1.30087,1.31488,69516,17,0,EURCHF,Pepperstone MT5
2011.04.02,1.31488,1.31489,1.31483,1.31486,9,75,0,EURCHF,Pepperstone MT5
2011.04.04,1.31583,1.31840,1.30849,1.31255,58672,15,0,EURCHF,Pepperstone MT5
2011.04.05,1.31255,1.31651,1.30535,1.31599,60772,15,0,EURCHF,Pepperstone MT5
2011.04.06,1.31600,1.32340,1.30668,1.31682,67138,15,0,EURCHF,Pepperstone MT5
2011.04.07,1.31681,1.31682,1.30692,1.31107,66979,15,0,EURCHF,Pepperstone MT5
2011.04.08,1.31106,1.31864,1.30930,1.31297,71249,15,0,EURCHF,Pepperstone MT5
2011.04.09,1.31296,1.31296,1.31249,1.31252,20,58,0,EURCHF,Pepperstone MT5
2011.04.11,1.31248,1.31647,1.30676,1.30852,56889,15,0,EURCHF,Pepperstone MT5
2011.04.12,1.30851,1.30949,1.29596,1.29843,76206,17,0,EURCHF,Pepperstone MT5
2011.04.13,1.29842,1.30429,1.29162,1.29434,71553,17,0,EURCHF,Pepperstone MT5
2011.04.14,1.29434,1.29565,1.28436,1.29287,76086,17,0,EURCHF,Pepperstone MT5
2011.04.15,1.29285,1.29483,1.28651,1.28725,64619,15,0,EURCHF,Pepperstone MT5
2011.04.16,1.28728,1.28742,1.28727,1.28742,8,70,0,EURCHF,Pepperstone MT5
2011.04.18,1.28695,1.28865,1.27285,1.27580,69427,16,0,EURCHF,Pepperstone MT5
2011.04.19,1.27578,1.29150,1.27287,1.28968,71897,17,0,EURCHF,Pepperstone MT5
2011.04.20,1.28968,1.29709,1.28869,1.28966,72462,15,0,EURCHF,Pepperstone MT5
2011.04.21,1.28968,1.29620,1.27999,1.28935,76342,16,0,EURCHF,Pepperstone MT5
2011.04.22,1.28934,1.29252,1.28686,1.28955,32757,15,0,EURCHF,Pepperstone MT5
2011.04.23,1.28959,1.28971,1.28959,1.28970,5,150,0,EURCHF,Pepperstone MT5
2011.04.25,1.28863,1.29117,1.28204,1.28460,59378,15,0,EURCHF,Pepperstone MT5
2011.04.26,1.28459,1.28793,1.27970,1.28145,72707,15,0,EURCHF,Pepperstone MT5
2011.04.27,1.28145,1.29346,1.27493,1.29315,78446,15,0,EURCHF,Pepperstone MT5
2011.04.28,1.29314,1.29641,1.29087,1.29475,68991,10,10645497000,EURCHF,Pepperstone MT5
2011.04.29,1.29472,1.29583,1.28090,1.28105,59422,15,0,EURCHF,Pepperstone MT5
2011.05.02,1.28094,1.28787,1.27988,1.28293,63789,15,0,EURCHF,Pepperstone MT5
2011.05.03,1.28292,1.28377,1.27637,1.27666,66101,15,0,EURCHF,Pepperstone MT5
2011.05.04,1.27668,1.28277,1.27319,1.27761,75233,15,0,EURCHF,Pepperstone MT5
2011.05.05,1.27762,1.27931,1.26282,1.26535,79022,15,0,EURCHF,Pepperstone MT5
2011.05.06,1.26532,1.27456,1.25755,1.25803,89262,15,0,EURCHF,Pepperstone MT5
2011.05.07,1.25804,1.25804,1.25804,1.25804,1,89,0,EURCHF,Pepperstone MT5
2011.05.09,1.26015,1.26268,1.24842,1.25206,84598,16,0,EURCHF,Pepperstone MT5
2011.05.10,1.25207,1.26870,1.24875,1.26759,85378,17,0,EURCHF,Pepperstone MT5
2011.05.11,1.26763,1.27000,1.25880,1.25962,73582,15,0,EURCHF,Pepperstone MT5
2011.05.12,1.25961,1.26150,1.25500,1.25921,65424,15,0,EURCHF,Pepperstone MT5
2011.05.13,1.25919,1.26909,1.25764,1.25997,55488,15,0,EURCHF,Pepperstone MT5
2011.05.14,1.25993,1.26002,1.25963,1.26000,16,97,0,EURCHF,Pepperstone MT5
2011.05.16,1.25737,1.26123,1.25188,1.25190,61113,15,0,EURCHF,Pepperstone MT5
2011.05.17,1.25185,1.25936,1.25043,1.25191,56139,10,0,EURCHF,Pepperstone MT5
2011.05.18,1.25196,1.25789,1.25195,1.25481,28727,10,0,EURCHF,Pepperstone MT5
2011.05.19,1.25440,1.26410,1.25322,1.26008,29339,10,0,EURCHF,Pepperstone MT5
2011.05.20,1.25991,1.26453,1.24021,1.24225,27870,10,0,EURCHF,Pepperstone MT5
2011.05.23,1.24211,1.24231,1.23232,1.24111,28101,10,0,EURCHF,Pepperstone MT5
2011.05.24,1.24101,1.24675,1.23775,1.24074,29501,10,0,EURCHF,Pepperstone MT5
2011.05.25,1.24083,1.24121,1.22698,1.22922,43410,10,0,EURCHF,Pepperstone MT5
2011.05.26,1.22924,1.23588,1.22020,1.22404,89320,15,0,EURCHF,Pepperstone MT5
2011.05.27,1.22405,1.22550,1.21002,1.21527,81448,15,0,EURCHF,Pepperstone MT5
2011.05.28,1.21521,1.21521,1.21521,1.21521,1,150,0,EURCHF,Pepperstone MT5
2011.05.30,1.21693,1.21828,1.21345,1.21695,62849,15,0,EURCHF,Pepperstone MT5
2011.05.31,1.21697,1.23108,1.21544,1.22924,75935,15,0,EURCHF,Pepperstone MT5
2011.06.01,1.22889,1.23169,1.20557,1.20624,80349,15,0,EURCHF,Pepperstone MT5
2011.06.02,1.20620,1.22247,1.20525,1.22053,73022,15,0,EURCHF,Pepperstone MT5
2011.06.03,1.22048,1.22498,1.21070,1.22000,52677,15,0,EURCHF,Pepperstone MT5
2011.06.06,1.22146,1.22578,1.21605,1.21647,63989,15,0,EURCHF,Pepperstone MT5
2011.06.07,1.21656,1.23112,1.21617,1.22866,54981,15,0,EURCHF,Pepperstone MT5
2011.06.08,1.22822,1.22928,1.21763,1.21898,54185,15,0,EURCHF,Pepperstone MT5
2011.06.09,1.21898,1.22995,1.21879,1.22075,45782,15,0,EURCHF,Pepperstone MT5
2011.06.10,1.22076,1.22320,1.20587,1.20929,46139,15,0,EURCHF,Pepperstone MT5
2011.06.11,1.20944,1.20956,1.20944,1.20956,3,43,0,EURCHF,Pepperstone MT5
2011.06.13,1.20710,1.21375,1.20034,1.20634,77009,15,0,EURCHF,Pepperstone MT5
2011.06.14,1.20633,1.22533,1.20114,1.22074,71063,15,0,EURCHF,Pepperstone MT5
2011.06.15,1.22074,1.22441,1.20808,1.20909,71918,15,0,EURCHF,Pepperstone MT5
2011.06.16,1.20911,1.21240,1.19463,1.20411,92947,15,0,EURCHF,Pepperstone MT5
2011.06.17,1.20405,1.21441,1.19836,1.21263,82373,15,0,EURCHF,Pepperstone MT5
2011.06.20,1.21133,1.21381,1.20166,1.21044,79996,15,0,EURCHF,Pepperstone MT5
2011.06.21,1.21043,1.21470,1.20673,1.21109,76115,15,0,EURCHF,Pepperstone MT5
2011.06.22,1.21097,1.21470,1.20265,1.20432,81013,15,0,EURCHF,Pepperstone MT5
2011.06.23,1.20425,1.20706,1.18452,1.19544,80824,15,0,EURCHF,Pepperstone MT5
2011.06.24,1.19545,1.19619,1.18061,1.18252,75407,15,0,EURCHF,Pepperstone MT5
2011.06.25,1.18252,1.18252,1.18213,1.18218,9,107,0,EURCHF,Pepperstone MT5
2011.06.27,1.18365,1.19567,1.18157,1.19291,79436,15,0,EURCHF,Pepperstone MT5
2011.06.28,1.19291,1.19584,1.18628,1.19531,79205,15,0,EURCHF,Pepperstone MT5
2011.06.29,1.19536,1.20583,1.19240,1.20411,68600,15,0,EURCHF,Pepperstone MT5
2011.06.30,1.20413,1.22426,1.20304,1.21874,70459,15,0,EURCHF,Pepperstone MT5
2011.07.01,1.21873,1.23323,1.21832,1.23117,68835,15,0,EURCHF,Pepperstone MT5
2011.07.02,1.23116,1.23116,1.23116,1.23116,1,85,0,EURCHF,Pepperstone MT5
2011.07.04,1.23215,1.23448,1.23005,1.23244,64292,15,0,EURCHF,Pepperstone MT5
2011.07.05,1.23243,1.23377,1.20987,1.21271,76359,15,0,EURCHF,Pepperstone MT5
2011.07.06,1.21272,1.21709,1.19667,1.20178,75101,15,0,EURCHF,Pepperstone MT5
2011.07.07,1.20176,1.21426,1.19762,1.21260,73204,15,0,EURCHF,Pepperstone MT5
2011.07.08,1.21260,1.21686,1.19079,1.19296,78302,15,0,EURCHF,Pepperstone MT5
2011.07.09,1.19276,1.19276,1.19238,1.19238,5,129,0,EURCHF,Pepperstone MT5
2011.07.11,1.18910,1.19203,1.16718,1.17255,86012,15,0,EURCHF,Pepperstone MT5
2011.07.12,1.17255,1.17509,1.15519,1.16047,104166,15,0,EURCHF,Pepperstone MT5
2011.07.13,1.16051,1.17213,1.15614,1.15807,95492,15,0,EURCHF,Pepperstone MT5
2011.07.14,1.15808,1.16485,1.14925,1.15400,98964,15,0,EURCHF,Pepperstone MT5
2011.07.15,1.15399,1.15974,1.14920,1.15319,78552,15,0,EURCHF,Pepperstone MT5
2011.07.16,1.15321,1.15368,1.15319,1.15357,12,50,0,EURCHF,Pepperstone MT5
2011.07.18,1.14373,1.15475,1.14042,1.15379,75514,15,0,EURCHF,Pepperstone MT5
2011.07.19,1.15377,1.16865,1.15130,1.16647,76123,15,0,EURCHF,Pepperstone MT5
2011.07.20,1.16627,1.16908,1.16055,1.16523,71596,15,0,EURCHF,Pepperstone MT5
2011.07.21,1.16524,1.17999,1.16098,1.17547,84891,15,0,EURCHF,Pepperstone MT5
2011.07.22,1.17546,1.18904,1.16919,1.17591,74239,15,0,EURCHF,Pepperstone MT5
2011.07.23,1.17593,1.17594,1.17587,1.17587,4,50,0,EURCHF,Pepperstone MT5
2011.07.25,1.16985,1.17148,1.15180,1.15873,75319,15,0,EURCHF,Pepperstone MT5
2011.07.26,1.15871,1.16607,1.15404,1.16226,75955,15,0,EURCHF,Pepperstone MT5
2011.07.27,1.16229,1.16452,1.15004,1.15128,76244,12,5473750000,EURCHF,Pepperstone MT5
2011.07.28,1.15092,1.15354,1.14222,1.14799,73501,10,14720750000,EURCHF,Pepperstone MT5
2011.07.29,1.14804,1.14899,1.12987,1.13110,82573,15,0,EURCHF,Pepperstone MT5
2011.07.30,1.13088,1.13104,1.13088,1.13103,4,49,0,EURCHF,Pepperstone MT5
2011.08.01,1.14028,1.14511,1.10258,1.11630,85397,15,0,EURCHF,Pepperstone MT5
2011.08.02,1.11633,1.12036,1.08210,1.08256,90996,15,0,EURCHF,Pepperstone MT5
2011.08.03,1.08176,1.11465,1.07948,1.10304,89940,15,0,EURCHF,Pepperstone MT5
2011.08.04,1.10309,1.11381,1.07518,1.07555,105609,10,24447770000,EURCHF,Pepperstone MT5
2011.08.05,1.07575,1.09812,1.07093,1.09510,113821,12,640250000,EURCHF,Pepperstone MT5
2011.08.06,1.09510,1.09547,1.09479,1.09516,22,50,0,EURCHF,Pepperstone MT5
2011.08.08,1.08888,1.09912,1.06170,1.07023,118498,15,0,EURCHF,Pepperstone MT5
2011.08.09,1.07021,1.08405,1.00713,1.03603,130861,22,0,EURCHF,Pepperstone MT5
2011.08.10,1.03605,1.05178,1.02583,1.02979,118226,8,0,EURCHF,Pepperstone MT5
2011.08.11,1.02981,1.09172,1.02544,1.08483,124627,22,0,EURCHF,Pepperstone MT5
2011.08.12,1.08485,1.10927,1.06845,1.10860,109987,12,0,EURCHF,Pepperstone MT5
2011.08.15,1.11612,1.14571,1.11545,1.13251,108306,20,0,EURCHF,Pepperstone MT5
2011.08.16,1.13251,1.14813,1.11646,1.14611,111427,15,0,EURCHF,Pepperstone MT5
2011.08.17,1.14610,1.15525,1.12206,1.13947,114394,22,0,EURCHF,Pepperstone MT5
2011.08.18,1.13945,1.15134,1.12387,1.13791,109555,17,0,EURCHF,Pepperstone MT5
2011.08.19,1.13790,1.13901,1.12526,1.12975,109317,20,0,EURCHF,Pepperstone MT5
2011.08.20,1.12975,1.12979,1.12972,1.12979,4,101,0,EURCHF,Pepperstone MT5
2011.08.22,1.13510,1.13815,1.12654,1.13437,98618,20,0,EURCHF,Pepperstone MT5
2011.08.23,1.13436,1.14513,1.13128,1.14397,98720,16,0,EURCHF,Pepperstone MT5
2011.08.24,1.14398,1.14736,1.13706,1.14705,93078,18,0,EURCHF,Pepperstone MT5
2011.08.25,1.14701,1.15173,1.13983,1.14088,91509,20,0,EURCHF,Pepperstone MT5
2011.08.26,1.14088,1.17343,1.13951,1.16869,100342,15,0,EURCHF,Pepperstone MT5
2011.08.29,1.16986,1.19403,1.16874,1.18443,82926,13,17071486000,EURCHF,Pepperstone MT5
2011.08.30,1.18441,1.18961,1.17522,1.18312,92016,10,75849464000,EURCHF,Pepperstone MT5
2011.08.31,1.18347,1.18495,1.15247,1.15980,92043,10,68511206000,EURCHF,Pepperstone MT5
2011.09.01,1.15985,1.16057,1.13196,1.13285,105945,16,0,EURCHF,Pepperstone MT5
2011.09.02,1.13286,1.13519,1.10022,1.11946,105074,20,0,EURCHF,Pepperstone MT5
2011.09.05,1.11835,1.11980,1.10158,1.10895,104247,17,0,EURCHF,Pepperstone MT5
2011.09.06,1.10896,1.21832,1.10172,1.20656,127846,22,0,EURCHF,Pepperstone MT5
2011.09.07,1.20654,1.21085,1.20346,1.20890,111454,18,0,EURCHF,Pepperstone MT5
2011.09.08,1.20892,1.21796,1.20724,1.21479,110459,17,0,EURCHF,Pepperstone MT5
2011.09.09,1.21480,1.21849,1.20555,1.20631,114996,18,0,EURCHF,Pepperstone MT5
2011.09.12,1.20619,1.20761,1.20314,1.20376,111265,16,0,EURCHF,Pepperstone MT5
2011.09.13,1.20376,1.20507,1.20287,1.20389,81520,14,0,EURCHF,Pepperstone MT5
2011.09.14,1.20390,1.20478,1.20222,1.20455,80448,28,0,EURCHF,Pepperstone MT5
2011.09.15,1.20456,1.20915,1.20354,1.20616,91174,15,0,EURCHF,Pepperstone MT5
2011.09.16,1.20618,1.20940,1.20520,1.20787,97351,15,0,EURCHF,Pepperstone MT5
2011.09.17,1.20785,1.20789,1.20779,1.20787,7,128,0,EURCHF,Pepperstone MT5
2011.09.19,1.20627,1.20784,1.20494,1.20698,91876,15,0,EURCHF,Pepperstone MT5
2011.09.20,1.20698,1.22103,1.20499,1.21555,98027,19,0,EURCHF,Pepperstone MT5
2011.09.21,1.21557,1.23220,1.21402,1.22122,115361,18,0,EURCHF,Pepperstone MT5
2011.09.22,1.22126,1.23425,1.21697,1.22287,132067,17,0,EURCHF,Pepperstone MT5
2011.09.23,1.22282,1.22808,1.21846,1.22125,124675,16,0,EURCHF,Pepperstone MT5
2011.09.24,1.22136,1.22149,1.22125,1.22149,6,128,0,EURCHF,Pepperstone MT5
2011.09.26,1.22206,1.22515,1.21519,1.21953,121617,16,0,EURCHF,Pepperstone MT5
2011.09.27,1.21953,1.22358,1.21741,1.21741,113523,15,0,EURCHF,Pepperstone MT5
2011.09.28,1.21741,1.22241,1.21636,1.21887,106612,11,0,EURCHF,Pepperstone MT5
2011.09.29,1.21886,1.22171,1.21816,1.21948,107092,15,0,EURCHF,Pepperstone MT5
2011.09.30,1.21946,1.22001,1.21222,1.21544,95244,15,0,EURCHF,Pepperstone MT5
2011.10.03,1.21385,1.21657,1.21221,1.21403,108147,15,0,EURCHF,Pepperstone MT5
2011.10.04,1.21385,1.22808,1.21237,1.22269,117379,16,0,EURCHF,Pepperstone MT5
2011.10.05,1.22263,1.23530,1.22165,1.23194,114653,10,0,EURCHF,Pepperstone MT5
2011.10.06,1.23194,1.24233,1.22880,1.23684,113243,15,0,EURCHF,Pepperstone MT5
2011.10.07,1.23682,1.24197,1.23360,1.23998,103660,7,0,EURCHF,Pepperstone MT5
2011.10.08,1.24005,1.24011,1.24005,1.24011,2,107,0,EURCHF,Pepperstone MT5
2011.10.10,1.23974,1.24340,1.23034,1.23267,92056,15,0,EURCHF,Pepperstone MT5
2011.10.11,1.23265,1.24137,1.23142,1.23909,103470,15,0,EURCHF,Pepperstone MT5
2011.10.12,1.23911,1.24164,1.23206,1.23426,105642,16,0,EURCHF,Pepperstone MT5
2011.10.13,1.23426,1.23759,1.23265,1.23721,101635,15,0,EURCHF,Pepperstone MT5
2011.10.14,1.23720,1.24117,1.23529,1.23714,92820,17,0,EURCHF,Pepperstone MT5
2011.10.15,1.23729,1.23729,1.23726,1.23726,4,125,0,EURCHF,Pepperstone MT5
2011.10.17,1.23722,1.23951,1.23438,1.23520,96612,15,0,EURCHF,Pepperstone MT5
2011.10.18,1.23524,1.23780,1.23282,1.23595,86176,16,0,EURCHF,Pepperstone MT5
2011.10.19,1.23596,1.24724,1.23488,1.24207,98659,15,0,EURCHF,Pepperstone MT5
2011.10.20,1.24208,1.24403,1.22802,1.23146,101058,16,0,EURCHF,Pepperstone MT5
2011.10.21,1.23146,1.23315,1.22066,1.22536,97625,15,0,EURCHF,Pepperstone MT5
2011.10.24,1.22483,1.23056,1.22298,1.22658,95517,15,0,EURCHF,Pepperstone MT5
2011.10.25,1.22660,1.22823,1.22057,1.22080,86983,15,0,EURCHF,Pepperstone MT5
2011.10.26,1.22081,1.22700,1.21563,1.22506,87982,15,0,EURCHF,Pepperstone MT5
2011.10.27,1.22504,1.22870,1.21797,1.22006,96390,15,0,EURCHF,Pepperstone MT5
2011.10.28,1.22007,1.22442,1.21886,1.22081,82790,15,0,EURCHF,Pepperstone MT5
2011.10.29,1.22079,1.22087,1.22079,1.22086,10,80,0,EURCHF,Pepperstone MT5
2011.10.31,1.21986,1.22276,1.21411,1.21483,89426,15,0,EURCHF,Pepperstone MT5
2011.11.01,1.21489,1.22104,1.21391,1.21531,93292,15,0,EURCHF,Pepperstone MT5
2011.11.02,1.21530,1.21823,1.21394,1.21510,82212,15,0,EURCHF,Pepperstone MT5
2011.11.03,1.21511,1.21700,1.21283,1.21312,77849,16,0,EURCHF,Pepperstone MT5
2011.11.04,1.21313,1.22440,1.21271,1.21972,83195,15,0,EURCHF,Pepperstone MT5
2011.11.05,1.21978,1.21978,1.21954,1.21954,3,95,0,EURCHF,Pepperstone MT5
2011.11.07,1.22651,1.24168,1.22645,1.24051,86165,15,0,EURCHF,Pepperstone MT5
2011.11.08,1.24049,1.24560,1.23204,1.23761,85994,15,0,EURCHF,Pepperstone MT5
2011.11.09,1.23759,1.24016,1.22810,1.23149,82541,15,0,EURCHF,Pepperstone MT5
2011.11.10,1.23148,1.23830,1.22933,1.23246,91419,15,0,EURCHF,Pepperstone MT5
2011.11.11,1.23256,1.24156,1.23194,1.24021,73074,15,0,EURCHF,Pepperstone MT5
2011.11.14,1.23888,1.24151,1.23272,1.23824,84105,15,0,EURCHF,Pepperstone MT5
2011.11.15,1.23817,1.24257,1.23674,1.23876,81616,13,0,EURCHF,Pepperstone MT5
2011.11.16,1.23905,1.24105,1.23610,1.23748,86162,15,0,EURCHF,Pepperstone MT5
2011.11.17,1.23749,1.24393,1.23650,1.24051,88331,15,0,EURCHF,Pepperstone MT5
2011.11.18,1.24055,1.24141,1.23421,1.23908,87743,12,0,EURCHF,Pepperstone MT5
2011.11.19,1.23909,1.23910,1.23898,1.23898,10,144,0,EURCHF,Pepperstone MT5
2011.11.21,1.24029,1.24139,1.23534,1.23718,85064,15,0,EURCHF,Pepperstone MT5
2011.11.22,1.23715,1.23854,1.23376,1.23439,67715,17,0,EURCHF,Pepperstone MT5
2011.11.23,1.23445,1.23529,1.22615,1.22730,82826,15,0,EURCHF,Pepperstone MT5
2011.11.24,1.22729,1.23159,1.22544,1.22683,62768,15,0,EURCHF,Pepperstone MT5
2011.11.25,1.22685,1.23793,1.22495,1.23151,76365,15,0,EURCHF,Pepperstone MT5
2011.11.26,1.23103,1.23103,1.23091,1.23091,2,109,0,EURCHF,Pepperstone MT5
2011.11.28,1.23457,1.23651,1.22794,1.22847,76789,15,0,EURCHF,Pepperstone MT5
2011.11.29,1.22846,1.23134,1.22575,1.22608,71756,15,0,EURCHF,Pepperstone MT5
2011.11.30,1.22624,1.22862,1.22230,1.22762,75737,6,0,EURCHF,Pepperstone MT5
2011.12.01,1.22766,1.23908,1.22525,1.23250,72171,15,0,EURCHF,Pepperstone MT5
2011.12.02,1.23251,1.23721,1.23201,1.23383,69495,8,0,EURCHF,Pepperstone MT5
2011.12.05,1.23567,1.23974,1.23249,1.23354,68206,11,0,EURCHF,Pepperstone MT5
2011.12.06,1.23355,1.24281,1.23268,1.24066,67741,11,0,EURCHF,Pepperstone MT5
2011.12.07,1.24067,1.24428,1.23767,1.23849,65244,8,0,EURCHF,Pepperstone MT5
2011.12.08,1.23851,1.24021,1.23274,1.23526,61155,14,0,EURCHF,Pepperstone MT5
2011.12.09,1.23528,1.23776,1.23121,1.23483,62622,7,0,EURCHF,Pepperstone MT5
2011.12.10,1.23478,1.23481,1.23478,1.23481,4,168,0,EURCHF,Pepperstone MT5
2011.12.12,1.23713,1.23811,1.23238,1.23570,64387,15,0,EURCHF,Pepperstone MT5
2011.12.13,1.23570,1.23746,1.22982,1.23259,68372,18,0,EURCHF,Pepperstone MT5
2011.12.14,1.23261,1.23776,1.22979,1.23732,72379,15,0,EURCHF,Pepperstone MT5
2011.12.15,1.23716,1.23956,1.22235,1.22345,66611,15,0,EURCHF,Pepperstone MT5
2011.12.16,1.22346,1.22522,1.21998,1.22064,52990,15,0,EURCHF,Pepperstone MT5
2011.12.17,1.22065,1.22073,1.22064,1.22073,10,56,0,EURCHF,Pepperstone MT5
2011.12.19,1.22056,1.22130,1.21763,1.21831,40678,6,0,EURCHF,Pepperstone MT5
2011.12.20,1.21828,1.22081,1.21643,1.21866,40894,6,0,EURCHF,Pepperstone MT5
2011.12.21,1.21868,1.22404,1.21685,1.22064,57242,6,0,EURCHF,Pepperstone MT5
2011.12.22,1.22063,1.22411,1.21992,1.22132,59774,15,0,EURCHF,Pepperstone MT5
2011.12.23,1.22134,1.22404,1.22040,1.22170,50216,15,0,EURCHF,Pepperstone MT5
2011.12.26,1.22268,1.22295,1.22071,1.22184,11224,28,0,EURCHF,Pepperstone MT5
2011.12.27,1.22183,1.22352,1.22015,1.22061,47019,28,0,EURCHF,Pepperstone MT5
2011.12.28,1.22061,1.22209,1.21820,1.21945,52086,15,0,EURCHF,Pepperstone MT5
2011.12.29,1.21946,1.22016,1.21660,1.21821,51647,15,0,EURCHF,Pepperstone MT5
2011.12.30,1.21820,1.21854,1.21345,1.21545,56951,15,0,EURCHF,Pepperstone MT5
2011.12.31,1.21539,1.21745,1.21539,1.21649,32,82,0,EURCHF,Pepperstone MT5
2012.01.02,1.21425,1.21750,1.21337,1.21520,26991,19,0,EURCHF,Pepperstone MT5
2012.01.03,1.21524,1.21970,1.21471,1.21618,60389,15,0,EURCHF,Pepperstone MT5
2012.01.04,1.21617,1.21977,1.21590,1.21857,54880,15,0,EURCHF,Pepperstone MT5
2012.01.05,1.21856,1.21945,1.21721,1.21776,67883,15,0,EURCHF,Pepperstone MT5
2012.01.06,1.21776,1.21951,1.21451,1.21481,52390,15,0,EURCHF,Pepperstone MT5
2012.01.07,1.21482,1.21484,1.21480,1.21480,7,31,0,EURCHF,Pepperstone MT5
2012.01.09,1.21504,1.21590,1.21068,1.21196,59271,15,0,EURCHF,Pepperstone MT5
2012.01.10,1.21196,1.21471,1.21053,1.21266,58235,14,0,EURCHF,Pepperstone MT5
2012.01.11,1.21267,1.21385,1.21084,1.21210,61274,15,0,EURCHF,Pepperstone MT5
2012.01.12,1.21211,1.21281,1.20865,1.21026,52842,15,0,EURCHF,Pepperstone MT5
2012.01.13,1.21022,1.21282,1.20617,1.20694,64666,15,0,EURCHF,Pepperstone MT5
2012.01.14,1.20693,1.20694,1.20691,1.20694,5,67,0,EURCHF,Pepperstone MT5
2012.01.16,1.20694,1.20976,1.20654,1.20845,45516,15,0,EURCHF,Pepperstone MT5
2012.01.17,1.20844,1.21128,1.20808,1.20903,52326,15,0,EURCHF,Pepperstone MT5
2012.01.18,1.20903,1.21304,1.20680,1.20815,58682,15,0,EURCHF,Pepperstone MT5
2012.01.19,1.20816,1.20902,1.20681,1.20869,55411,15,0,EURCHF,Pepperstone MT5
2012.01.20,1.20869,1.20893,1.20684,1.20762,41652,28,0,EURCHF,Pepperstone MT5
2012.01.21,1.20800,1.20800,1.20782,1.20784,7,111,0,EURCHF,Pepperstone MT5
2012.01.23,1.20725,1.20830,1.20601,1.20722,53100,5,0,EURCHF,Pepperstone MT5
2012.01.24,1.20721,1.20910,1.20565,1.20895,41803,10,0,EURCHF,Pepperstone MT5
2012.01.25,1.20897,1.21078,1.20687,1.20761,49384,15,0,EURCHF,Pepperstone MT5
2012.01.26,1.20762,1.20925,1.20575,1.20628,43608,10,0,EURCHF,Pepperstone MT5
2012.01.27,1.20629,1.20845,1.20545,1.20571,48045,15,0,EURCHF,Pepperstone MT5
2012.01.28,1.20563,1.20605,1.20563,1.20602,16,68,0,EURCHF,Pepperstone MT5
2012.01.30,1.20629,1.20651,1.20395,1.20513,49116,15,0,EURCHF,Pepperstone MT5
2012.01.31,1.20514,1.20620,1.20328,1.20374,42180,13,0,EURCHF,Pepperstone MT5
2012.02.01,1.20375,1.20542,1.20292,1.20436,48789,15,0,EURCHF,Pepperstone MT5
2012.02.02,1.20435,1.20664,1.20397,1.20475,46603,9,0,EURCHF,Pepperstone MT5
2012.02.03,1.20474,1.20817,1.20447,1.20757,46383,5,0,EURCHF,Pepperstone MT5
2012.02.06,1.20685,1.20758,1.20527,1.20619,50867,15,0,EURCHF,Pepperstone MT5
2012.02.07,1.20620,1.21011,1.20574,1.20893,54098,15,0,EURCHF,Pepperstone MT5
2012.02.08,1.20888,1.21269,1.20832,1.20974,45736,15,0,EURCHF,Pepperstone MT5
2012.02.09,1.20975,1.21137,1.20921,1.21111,55227,9,0,EURCHF,Pepperstone MT5
2012.02.10,1.21112,1.21123,1.20813,1.20918,40947,28,0,EURCHF,Pepperstone MT5
2012.02.13,1.20933,1.21010,1.20795,1.20847,47307,15,0,EURCHF,Pepperstone MT5
2012.02.14,1.20848,1.20870,1.20661,1.20734,42068,28,0,EURCHF,Pepperstone MT5
2012.02.15,1.20735,1.20822,1.20608,1.20656,44882,28,0,EURCHF,Pepperstone MT5
2012.02.16,1.20657,1.20781,1.20608,1.20684,44686,28,0,EURCHF,Pepperstone MT5
2012.02.17,1.20683,1.20907,1.20644,1.20855,38794,25,0,EURCHF,Pepperstone MT5
2012.02.18,1.20858,1.20858,1.20857,1.20857,2,50,0,EURCHF,Pepperstone MT5
2012.02.20,1.20948,1.21007,1.20659,1.20697,42895,15,0,EURCHF,Pepperstone MT5
2012.02.21,1.20697,1.20840,1.20629,1.20731,45555,15,0,EURCHF,Pepperstone MT5
2012.02.22,1.20726,1.20774,1.20565,1.20580,37627,28,0,EURCHF,Pepperstone MT5
2012.02.23,1.20579,1.20658,1.20450,1.20506,38770,28,0,EURCHF,Pepperstone MT5
2012.02.24,1.20507,1.20636,1.20383,1.20472,38811,28,0,EURCHF,Pepperstone MT5
2012.02.25,1.20471,1.20471,1.20471,1.20471,1,87,0,EURCHF,Pepperstone MT5
2012.02.27,1.20462,1.20540,1.20420,1.20471,48666,15,0,EURCHF,Pepperstone MT5
2012.02.28,1.20470,1.20581,1.20448,1.20486,36045,28,0,EURCHF,Pepperstone MT5
2012.02.29,1.20487,1.20553,1.20463,1.20499,38186,28,0,EURCHF,Pepperstone MT5
2012.03.01,1.20498,1.20614,1.20470,1.20573,32950,28,0,EURCHF,Pepperstone MT5
2012.03.02,1.20572,1.20684,1.20514,1.20636,33420,28,0,EURCHF,Pepperstone MT5
2012.03.03,1.20637,1.20638,1.20624,1.20624,8,56,0,EURCHF,Pepperstone MT5
2012.03.05,1.20654,1.20663,1.20515,1.20584,38557,15,0,EURCHF,Pepperstone MT5
2012.03.06,1.20582,1.20608,1.20447,1.20464,26885,28,0,EURCHF,Pepperstone MT5
2012.03.07,1.20463,1.20567,1.20455,1.20511,25325,28,0,EURCHF,Pepperstone MT5
2012.03.08,1.20510,1.20604,1.20478,1.20539,26896,28,0,EURCHF,Pepperstone MT5
2012.03.09,1.20540,1.20588,1.20494,1.20542,26782,5,0,EURCHF,Pepperstone MT5
2012.03.12,1.20587,1.20613,1.20525,1.20547,38059,15,0,EURCHF,Pepperstone MT5
2012.03.13,1.20544,1.20775,1.20510,1.20752,29573,28,0,EURCHF,Pepperstone MT5
2012.03.14,1.20753,1.21459,1.20708,1.21244,48925,15,0,EURCHF,Pepperstone MT5
2012.03.15,1.21243,1.21371,1.20650,1.20699,47640,15,0,EURCHF,Pepperstone MT5
2012.03.16,1.20700,1.20807,1.20581,1.20599,29269,15,0,EURCHF,Pepperstone MT5
2012.03.19,1.20642,1.20688,1.20587,1.20626,36000,15,0,EURCHF,Pepperstone MT5
2012.03.20,1.20627,1.20678,1.20533,1.20547,26346,28,0,EURCHF,Pepperstone MT5
2012.03.21,1.20550,1.20629,1.20522,1.20539,26486,28,0,EURCHF,Pepperstone MT5
2012.03.22,1.20541,1.20574,1.20511,1.20535,26301,28,0,EURCHF,Pepperstone MT5
2012.03.23,1.20544,1.20555,1.20462,1.20468,23893,28,0,EURCHF,Pepperstone MT5
2012.03.26,1.20475,1.20608,1.20466,1.20600,33559,15,0,EURCHF,Pepperstone MT5
2012.03.27,1.20601,1.20683,1.20500,1.20508,24196,7,0,EURCHF,Pepperstone MT5
2012.03.28,1.20507,1.20644,1.20497,1.20519,26896,10,0,EURCHF,Pepperstone MT5
2012.03.29,1.20520,1.20555,1.20441,1.20518,26285,28,0,EURCHF,Pepperstone MT5
2012.03.30,1.20518,1.20548,1.20339,1.20373,26734,28,0,EURCHF,Pepperstone MT5
2012.03.31,1.20372,1.20374,1.20371,1.20371,10,55,0,EURCHF,Pepperstone MT5
2012.04.02,1.20372,1.20471,1.20351,1.20374,34908,15,0,EURCHF,Pepperstone MT5
2012.04.03,1.20373,1.20442,1.20314,1.20382,37279,15,0,EURCHF,Pepperstone MT5
2012.04.04,1.20383,1.20480,1.20303,1.20347,44196,9,0,EURCHF,Pepperstone MT5
2012.04.05,1.20348,1.20397,1.19966,1.20159,42328,15,0,EURCHF,Pepperstone MT5
2012.04.06,1.20158,1.20231,1.20012,1.20044,26399,15,0,EURCHF,Pepperstone MT5
2012.04.07,1.20035,1.20036,1.20035,1.20036,2,97,0,EURCHF,Pepperstone MT5
2012.04.09,1.20087,1.20229,1.20065,1.20183,27506,15,0,EURCHF,Pepperstone MT5
2012.04.10,1.20183,1.20290,1.20128,1.20138,41985,15,0,EURCHF,Pepperstone MT5
2012.04.11,1.20137,1.20331,1.20071,1.20246,36378,15,0,EURCHF,Pepperstone MT5
2012.04.12,1.20246,1.20323,1.20114,1.20154,39454,15,0,EURCHF,Pepperstone MT5
2012.04.13,1.20153,1.20289,1.20122,1.20199,38245,15,0,EURCHF,Pepperstone MT5
2012.04.14,1.20199,1.20199,1.20199,1.20199,1,124,0,EURCHF,Pepperstone MT5
2012.04.16,1.20237,1.20297,1.20152,1.20176,42529,15,0,EURCHF,Pepperstone MT5
2012.04.17,1.20177,1.20208,1.20128,1.20133,34866,15,0,EURCHF,Pepperstone MT5
2012.04.18,1.20134,1.20329,1.20112,1.20178,36755,15,0,EURCHF,Pepperstone MT5
2012.04.19,1.20177,1.20250,1.20151,1.20204,34715,15,0,EURCHF,Pepperstone MT5
2012.04.20,1.20205,1.20216,1.20122,1.20139,32450,15,0,EURCHF,Pepperstone MT5
2012.04.23,1.20148,1.20209,1.20124,1.20184,31474,15,0,EURCHF,Pepperstone MT5
2012.04.24,1.20185,1.20211,1.20133,1.20143,30735,15,0,EURCHF,Pepperstone MT5
2012.04.25,1.20142,1.20199,1.20109,1.20154,32552,15,0,EURCHF,Pepperstone MT5
2012.04.26,1.20153,1.20179,1.20117,1.20159,29616,15,0,EURCHF,Pepperstone MT5
2012.04.27,1.20158,1.20174,1.20080,1.20110,35445,15,0,EURCHF,Pepperstone MT5
2012.04.28,1.20113,1.20113,1.20107,1.20107,5,70,0,EURCHF,Pepperstone MT5
2012.04.30,1.20117,1.20177,1.20091,1.20124,29749,15,0,EURCHF,Pepperstone MT5
2012.05.01,1.20125,1.20182,1.20095,1.20147,25640,15,0,EURCHF,Pepperstone MT5
2012.05.02,1.20151,1.20196,1.20131,1.20140,31004,15,0,EURCHF,Pepperstone MT5
2012.05.03,1.20139,1.20166,1.20112,1.20135,28056,15,0,EURCHF,Pepperstone MT5
2012.05.04,1.20136,1.20155,1.20091,1.20096,32771,15,0,EURCHF,Pepperstone MT5
2012.05.05,1.20100,1.20117,1.20100,1.20106,14,35,0,EURCHF,Pepperstone MT5
2012.05.07,1.20100,1.20140,1.20084,1.20126,38554,15,0,EURCHF,Pepperstone MT5
2012.05.08,1.20125,1.20137,1.20090,1.20107,37431,15,0,EURCHF,Pepperstone MT5
2012.05.09,1.20108,1.20117,1.20080,1.20089,36367,15,0,EURCHF,Pepperstone MT5
2012.05.10,1.20090,1.20142,1.20070,1.20100,36520,15,0,EURCHF,Pepperstone MT5
2012.05.11,1.20099,1.20132,1.20080,1.20104,35060,15,0,EURCHF,Pepperstone MT5
2012.05.12,1.20099,1.20104,1.20099,1.20101,3,33,0,EURCHF,Pepperstone MT5
2012.05.14,1.20088,1.20134,1.20064,1.20093,30334,15,0,EURCHF,Pepperstone MT5
2012.05.15,1.20094,1.20128,1.20038,1.20092,32456,15,0,EURCHF,Pepperstone MT5
2012.05.16,1.20093,1.20114,1.20071,1.20090,31670,15,0,EURCHF,Pepperstone MT5
2012.05.17,1.20092,1.20123,1.20079,1.20091,32502,15,0,EURCHF,Pepperstone MT5
2012.05.18,1.20092,1.20115,1.20070,1.20099,29851,15,0,EURCHF,Pepperstone MT5
2012.05.19,1.20098,1.20100,1.20098,1.20098,5,30,0,EURCHF,Pepperstone MT5
2012.05.21,1.20101,1.20127,1.20051,1.20110,29555,15,0,EURCHF,Pepperstone MT5
2012.05.22,1.20109,1.20119,1.20079,1.20104,26785,12,0,EURCHF,Pepperstone MT5
2012.05.23,1.20104,1.20114,1.20076,1.20086,30180,15,0,EURCHF,Pepperstone MT5
2012.05.24,1.20087,1.20749,1.20072,1.20117,40147,15,0,EURCHF,Pepperstone MT5
2012.05.25,1.20116,1.20357,1.20047,1.20081,36924,8,0,EURCHF,Pepperstone MT5
2012.05.26,1.20077,1.20082,1.20077,1.20082,3,82,0,EURCHF,Pepperstone MT5
2012.05.28,1.20200,1.20312,1.20128,1.20186,32644,15,0,EURCHF,Pepperstone MT5
2012.05.29,1.20185,1.20236,1.20080,1.20087,36043,15,0,EURCHF,Pepperstone MT5
2012.05.30,1.20086,1.20127,1.20070,1.20072,34034,15,0,EURCHF,Pepperstone MT5
2012.05.31,1.20072,1.20195,1.20061,1.20094,32804,15,0,EURCHF,Pepperstone MT5
2012.06.01,1.20093,1.20128,1.20063,1.20104,33504,15,0,EURCHF,Pepperstone MT5
2012.06.02,1.20105,1.20112,1.20105,1.20112,4,30,0,EURCHF,Pepperstone MT5
2012.06.04,1.20110,1.20120,1.20054,1.20089,30679,15,0,EURCHF,Pepperstone MT5
2012.06.05,1.20088,1.20134,1.20073,1.20089,29016,15,0,EURCHF,Pepperstone MT5
2012.06.06,1.20088,1.20120,1.20053,1.20057,29051,15,0,EURCHF,Pepperstone MT5
2012.06.07,1.20058,1.20159,1.20048,1.20088,31417,15,0,EURCHF,Pepperstone MT5
2012.06.08,1.20089,1.20122,1.20066,1.20098,29520,15,0,EURCHF,Pepperstone MT5
2012.06.09,1.20099,1.20101,1.20099,1.20100,4,31,0,EURCHF,Pepperstone MT5
2012.06.11,1.20066,1.20169,1.20064,1.20089,32190,15,0,EURCHF,Pepperstone MT5
2012.06.12,1.20088,1.20113,1.20060,1.20094,28244,15,0,EURCHF,Pepperstone MT5
2012.06.13,1.20095,1.20117,1.20063,1.20086,28586,15,0,EURCHF,Pepperstone MT5
2012.06.14,1.20088,1.20204,1.20066,1.20090,30609,15,0,EURCHF,Pepperstone MT5
2012.06.15,1.20089,1.20116,1.20054,1.20085,25862,15,0,EURCHF,Pepperstone MT5
2012.06.16,1.20077,1.20090,1.20063,1.20087,17,41,0,EURCHF,Pepperstone MT5
2012.06.18,1.20085,1.20153,1.20075,1.20083,26364,15,0,EURCHF,Pepperstone MT5
2012.06.19,1.20085,1.20102,1.20067,1.20083,27045,15,0,EURCHF,Pepperstone MT5
2012.06.20,1.20082,1.20102,1.20064,1.20099,27047,15,0,EURCHF,Pepperstone MT5
2012.06.21,1.20098,1.20117,1.20076,1.20088,29593,20,0,EURCHF,Pepperstone MT5
2012.06.22,1.20089,1.20111,1.20056,1.20061,24554,20,0,EURCHF,Pepperstone MT5
2012.06.23,1.20064,1.20076,1.20064,1.20076,4,35,0,EURCHF,Pepperstone MT5
2012.06.25,1.20088,1.20106,1.20057,1.20080,22530,20,0,EURCHF,Pepperstone MT5
2012.06.26,1.20079,1.20098,1.20072,1.20087,20689,20,0,EURCHF,Pepperstone MT5
2012.06.27,1.20088,1.20115,1.20070,1.20090,21854,20,0,EURCHF,Pepperstone MT5
2012.06.28,1.20091,1.20142,1.20076,1.20089,24605,20,0,EURCHF,Pepperstone MT5
2012.06.29,1.20086,1.20377,1.20078,1.20099,37577,20,0,EURCHF,Pepperstone MT5
2012.06.30,1.20099,1.20100,1.20094,1.20095,7,37,0,EURCHF,Pepperstone MT5
2012.07.02,1.20139,1.20178,1.20087,1.20101,29266,20,0,EURCHF,Pepperstone MT5
2012.07.03,1.20100,1.20146,1.20084,1.20088,24977,17,0,EURCHF,Pepperstone MT5
2012.07.04,1.20089,1.20130,1.20065,1.20108,19282,20,0,EURCHF,Pepperstone MT5
2012.07.05,1.20107,1.20164,1.20085,1.20103,23612,11,0,EURCHF,Pepperstone MT5
2012.07.06,1.20104,1.20129,1.20069,1.20076,24251,20,0,EURCHF,Pepperstone MT5
2012.07.07,1.20077,1.20081,1.20073,1.20081,5,35,0,EURCHF,Pepperstone MT5
2012.07.09,1.20100,1.20119,1.20070,1.20074,20808,20,0,EURCHF,Pepperstone MT5
2012.07.10,1.20075,1.20098,1.20060,1.20075,20772,20,0,EURCHF,Pepperstone MT5
2012.07.11,1.20076,1.20100,1.20060,1.20066,20466,20,0,EURCHF,Pepperstone MT5
2012.07.12,1.20067,1.20089,1.20054,1.20069,28357,9,0,EURCHF,Pepperstone MT5
2012.07.13,1.20068,1.20092,1.20057,1.20074,27764,20,0,EURCHF,Pepperstone MT5
2012.07.14,1.20075,1.20076,1.20075,1.20076,2,35,0,EURCHF,Pepperstone MT5
2012.07.16,1.20089,1.20110,1.20074,1.20081,26948,20,0,EURCHF,Pepperstone MT5
2012.07.17,1.20083,1.20136,1.20045,1.20119,29949,20,0,EURCHF,Pepperstone MT5
2012.07.18,1.20118,1.20138,1.20078,1.20094,29370,20,0,EURCHF,Pepperstone MT5
2012.07.19,1.20093,1.20120,1.20079,1.20084,29643,20,0,EURCHF,Pepperstone MT5
2012.07.20,1.20083,1.20109,1.20060,1.20088,30604,10,0,EURCHF,Pepperstone MT5
2012.07.21,1.20087,1.20087,1.20087,1.20087,1,35,0,EURCHF,Pepperstone MT5
2012.07.23,1.20092,1.20097,1.20070,1.20072,31879,20,0,EURCHF,Pepperstone MT5
2012.07.24,1.20073,1.20099,1.20063,1.20085,32976,20,0,EURCHF,Pepperstone MT5
2012.07.25,1.20084,1.20109,1.20078,1.20085,31979,20,0,EURCHF,Pepperstone MT5
2012.07.26,1.20086,1.20112,1.20071,1.20081,30212,20,0,EURCHF,Pepperstone MT5
2012.07.27,1.20079,1.20110,1.20066,1.20096,31985,20,0,EURCHF,Pepperstone MT5
2012.07.28,1.20097,1.20099,1.20094,1.20097,17,35,0,EURCHF,Pepperstone MT5
2012.07.30,1.20096,1.20110,1.20078,1.20098,28040,20,0,EURCHF,Pepperstone MT5
2012.07.31,1.20100,1.20195,1.20047,1.20110,21752,20,0,EURCHF,Pepperstone MT5
2012.08.01,1.20111,1.20164,1.20091,1.20147,28666,9,0,EURCHF,Pepperstone MT5
2012.08.02,1.20145,1.20284,1.20096,1.20106,34284,20,0,EURCHF,Pepperstone MT5
2012.08.03,1.20105,1.20186,1.20090,1.20137,32947,9,0,EURCHF,Pepperstone MT5
2012.08.06,1.20141,1.20543,1.20097,1.20124,29339,20,0,EURCHF,Pepperstone MT5
2012.08.07,1.20125,1.20184,1.20088,1.20109,28096,20,0,EURCHF,Pepperstone MT5
2012.08.08,1.20110,1.20143,1.20098,1.20106,30266,20,0,EURCHF,Pepperstone MT5
2012.08.09,1.20105,1.20130,1.20072,1.20090,31809,20,0,EURCHF,Pepperstone MT5
2012.08.10,1.20092,1.20105,1.20060,1.20068,23849,20,0,EURCHF,Pepperstone MT5
2012.08.11,1.20069,1.20073,1.20066,1.20066,8,35,0,EURCHF,Pepperstone MT5
2012.08.13,1.20084,1.20103,1.20067,1.20088,15154,20,0,EURCHF,Pepperstone MT5
2012.08.14,1.20089,1.20120,1.20020,1.20092,26886,20,0,EURCHF,Pepperstone MT5
2012.08.15,1.20091,1.20119,1.20076,1.20088,27631,20,0,EURCHF,Pepperstone MT5
2012.08.16,1.20087,1.20103,1.20075,1.20094,20129,20,0,EURCHF,Pepperstone MT5
2012.08.17,1.20093,1.20113,1.20070,1.20087,13264,20,0,EURCHF,Pepperstone MT5
2012.08.18,1.20090,1.20091,1.20087,1.20091,6,35,0,EURCHF,Pepperstone MT5
2012.08.20,1.20102,1.20114,1.20075,1.20093,11075,16,0,EURCHF,Pepperstone MT5
2012.08.21,1.20092,1.20117,1.20058,1.20085,13191,20,0,EURCHF,Pepperstone MT5
2012.08.22,1.20084,1.20106,1.20069,1.20087,12720,20,0,EURCHF,Pepperstone MT5
2012.08.23,1.20086,1.20108,1.20062,1.20079,12406,8,0,EURCHF,Pepperstone MT5
2012.08.24,1.20077,1.20097,1.20011,1.20060,10413,20,0,EURCHF,Pepperstone MT5
2012.08.25,1.20070,1.20070,1.20060,1.20062,6,35,0,EURCHF,Pepperstone MT5
2012.08.27,1.20086,1.20102,1.20065,1.20095,6216,5,0,EURCHF,Pepperstone MT5
2012.08.28,1.20093,1.20107,1.20067,1.20073,7996,12,0,EURCHF,Pepperstone MT5
2012.08.29,1.20075,1.20099,1.20062,1.20081,7437,20,0,EURCHF,Pepperstone MT5
2012.08.30,1.20080,1.20099,1.20066,1.20078,6669,20,0,EURCHF,Pepperstone MT5
2012.08.31,1.20079,1.20091,1.20059,1.20063,7906,20,0,EURCHF,Pepperstone MT5
2012.09.01,1.20072,1.20078,1.20063,1.20076,12,35,0,EURCHF,Pepperstone MT5
2012.09.03,1.20077,1.20089,1.20057,1.20077,6774,20,0,EURCHF,Pepperstone MT5
2012.09.04,1.20074,1.20111,1.20039,1.20099,7359,20,0,EURCHF,Pepperstone MT5
2012.09.05,1.20098,1.20454,1.20087,1.20393,15335,20,0,EURCHF,Pepperstone MT5
2012.09.06,1.20392,1.20671,1.20354,1.20442,24125,9,0,EURCHF,Pepperstone MT5
2012.09.07,1.20441,1.21546,1.20423,1.20901,33764,12,0,EURCHF,Pepperstone MT5
2012.09.10,1.20869,1.21181,1.20679,1.20720,28394,20,0,EURCHF,Pepperstone MT5
2012.09.11,1.20719,1.20902,1.20583,1.20688,29153,13,0,EURCHF,Pepperstone MT5
2012.09.12,1.20691,1.21026,1.20379,1.20888,33109,20,0,EURCHF,Pepperstone MT5
2012.09.13,1.20885,1.21613,1.20794,1.21468,37367,20,0,EURCHF,Pepperstone MT5
2012.09.14,1.21471,1.21772,1.21403,1.21634,35358,20,0,EURCHF,Pepperstone MT5
2012.09.15,1.21630,1.21634,1.21630,1.21634,4,108,0,EURCHF,Pepperstone MT5
2012.09.17,1.21548,1.21840,1.21403,1.21617,30775,20,0,EURCHF,Pepperstone MT5
2012.09.18,1.21618,1.21664,1.20933,1.21149,26491,20,0,EURCHF,Pepperstone MT5
2012.09.19,1.21151,1.21258,1.20826,1.21014,25337,20,0,EURCHF,Pepperstone MT5
2012.09.20,1.21009,1.21069,1.20796,1.21004,27970,20,0,EURCHF,Pepperstone MT5
2012.09.21,1.21003,1.21199,1.20931,1.21089,25666,20,0,EURCHF,Pepperstone MT5
2012.09.22,1.21094,1.21094,1.21094,1.21094,1,46,0,EURCHF,Pepperstone MT5
2012.09.24,1.21093,1.21132,1.20857,1.20982,24958,20,0,EURCHF,Pepperstone MT5
2012.09.25,1.20983,1.21133,1.20849,1.20906,26768,20,0,EURCHF,Pepperstone MT5
2012.09.26,1.20903,1.20986,1.20778,1.20906,23320,20,0,EURCHF,Pepperstone MT5
2012.09.27,1.20907,1.21089,1.20792,1.21015,27227,20,0,EURCHF,Pepperstone MT5
2012.09.28,1.21016,1.21064,1.20799,1.20813,28184,20,0,EURCHF,Pepperstone MT5
2012.10.01,1.20853,1.21014,1.20763,1.20902,24784,20,0,EURCHF,Pepperstone MT5
2012.10.02,1.20903,1.21034,1.20877,1.20954,20216,20,0,EURCHF,Pepperstone MT5
2012.10.03,1.20956,1.21127,1.20916,1.21114,19738,20,0,EURCHF,Pepperstone MT5
2012.10.04,1.21105,1.21352,1.21068,1.21113,24772,20,0,EURCHF,Pepperstone MT5
2012.10.05,1.21115,1.21280,1.21071,1.21103,26610,20,0,EURCHF,Pepperstone MT5
2012.10.08,1.21120,1.21252,1.20956,1.20993,21873,20,0,EURCHF,Pepperstone MT5
2012.10.09,1.20991,1.21421,1.20911,1.21136,24929,20,0,EURCHF,Pepperstone MT5
2012.10.10,1.21122,1.21150,1.20909,1.20919,24391,20,0,EURCHF,Pepperstone MT5
2012.10.11,1.20920,1.21006,1.20583,1.20866,25630,20,0,EURCHF,Pepperstone MT5
2012.10.12,1.20865,1.20998,1.20780,1.20886,22139,20,0,EURCHF,Pepperstone MT5
2012.10.15,1.20844,1.20943,1.20778,1.20816,24103,20,0,EURCHF,Pepperstone MT5
2012.10.16,1.20815,1.21002,1.20783,1.20866,21416,20,0,EURCHF,Pepperstone MT5
2012.10.17,1.20919,1.21127,1.20886,1.20988,23098,20,0,EURCHF,Pepperstone MT5
2012.10.18,1.20987,1.21029,1.20805,1.20812,20223,20,0,EURCHF,Pepperstone MT5
2012.10.19,1.20813,1.20921,1.20765,1.20848,23007,20,0,EURCHF,Pepperstone MT5
2012.10.20,1.20847,1.20847,1.20846,1.20846,2,80,0,EURCHF,Pepperstone MT5
2012.10.22,1.20887,1.21051,1.20831,1.21024,20824,20,0,EURCHF,Pepperstone MT5
2012.10.23,1.21024,1.21094,1.20930,1.21069,22868,20,0,EURCHF,Pepperstone MT5
2012.10.24,1.21073,1.21098,1.20928,1.20947,21440,20,0,EURCHF,Pepperstone MT5
2012.10.25,1.20948,1.21023,1.20900,1.20953,19399,20,0,EURCHF,Pepperstone MT5
2012.10.26,1.20959,1.21007,1.20782,1.20901,15905,4,0,EURCHF,Pepperstone MT5
2012.10.29,1.20911,1.20940,1.20816,1.20824,9436,5,0,EURCHF,Pepperstone MT5
2012.10.30,1.20830,1.20930,1.20736,1.20835,15846,1,0,EURCHF,Pepperstone MT5
2012.10.31,1.20835,1.20857,1.20629,1.20709,37774,4,0,EURCHF,Pepperstone MT5
2012.11.01,1.20708,1.20793,1.20527,1.20582,47775,20,0,EURCHF,Pepperstone MT5
2012.11.02,1.20585,1.20819,1.20550,1.20688,53277,5,0,EURCHF,Pepperstone MT5
2012.11.05,1.20687,1.20745,1.20586,1.20709,49497,17,0,EURCHF,Pepperstone MT5
2012.11.06,1.20710,1.20851,1.20659,1.20802,45260,5,0,EURCHF,Pepperstone MT5
2012.11.07,1.20801,1.20884,1.20583,1.20641,57094,20,0,EURCHF,Pepperstone MT5
2012.11.08,1.20638,1.20693,1.20531,1.20546,47343,20,0,EURCHF,Pepperstone MT5
2012.11.09,1.20545,1.20690,1.20510,1.20555,47829,20,0,EURCHF,Pepperstone MT5
2012.11.12,1.20570,1.20620,1.20483,1.20498,38471,20,0,EURCHF,Pepperstone MT5
2012.11.13,1.20498,1.20514,1.20335,1.20345,40680,8,0,EURCHF,Pepperstone MT5
2012.11.14,1.20344,1.20437,1.20326,1.20344,43347,20,0,EURCHF,Pepperstone MT5
2012.11.15,1.20343,1.20432,1.20322,1.20399,44041,20,0,EURCHF,Pepperstone MT5
2012.11.16,1.20396,1.20474,1.20364,1.20455,45902,11,0,EURCHF,Pepperstone MT5
2012.11.19,1.20460,1.20554,1.20390,1.20420,43051,13,0,EURCHF,Pepperstone MT5
2012.11.20,1.20419,1.20529,1.20344,1.20468,45976,20,0,EURCHF,Pepperstone MT5
2012.11.21,1.20467,1.20506,1.20356,1.20411,44042,20,0,EURCHF,Pepperstone MT5
2012.11.22,1.20413,1.20478,1.20398,1.20456,36790,20,0,EURCHF,Pepperstone MT5
2012.11.23,1.20457,1.20535,1.20357,1.20393,45607,20,0,EURCHF,Pepperstone MT5
2012.11.26,1.20409,1.20458,1.20311,1.20326,37282,7,0,EURCHF,Pepperstone MT5
2012.11.27,1.20328,1.20520,1.20318,1.20409,49785,5,0,EURCHF,Pepperstone MT5
2012.11.28,1.20408,1.20432,1.20281,1.20333,44422,9,0,EURCHF,Pepperstone MT5
2012.11.29,1.20333,1.20425,1.20314,1.20357,27566,6,0,EURCHF,Pepperstone MT5
2012.11.30,1.20356,1.20582,1.20349,1.20495,42458,6,0,EURCHF,Pepperstone MT5
2012.12.03,1.20507,1.20954,1.20485,1.20805,47994,6,0,EURCHF,Pepperstone MT5
2012.12.04,1.20805,1.21443,1.20784,1.21297,56381,9,0,EURCHF,Pepperstone MT5
2012.12.05,1.21298,1.21679,1.21017,1.21047,34991,6,0,EURCHF,Pepperstone MT5
2012.12.06,1.21048,1.21276,1.20829,1.20906,57872,6,0,EURCHF,Pepperstone MT5
2012.12.07,1.20905,1.20996,1.20741,1.20763,51624,7,0,EURCHF,Pepperstone MT5
2012.12.08,1.20762,1.20762,1.20762,1.20762,1,75,0,EURCHF,Pepperstone MT5
2012.12.10,1.20785,1.20801,1.20606,1.20785,42897,6,0,EURCHF,Pepperstone MT5
2012.12.11,1.20786,1.21286,1.20738,1.21238,47924,8,0,EURCHF,Pepperstone MT5
2012.12.12,1.21237,1.21276,1.21001,1.21092,51921,11,0,EURCHF,Pepperstone MT5
2012.12.13,1.21093,1.21267,1.20749,1.20753,53392,6,0,EURCHF,Pepperstone MT5
2012.12.14,1.20753,1.20914,1.20674,1.20752,49853,12,0,EURCHF,Pepperstone MT5
2012.12.17,1.20844,1.20946,1.20731,1.20766,48692,10,0,EURCHF,Pepperstone MT5
2012.12.18,1.20767,1.20881,1.20641,1.20765,44346,6,0,EURCHF,Pepperstone MT5
2012.12.19,1.20767,1.21003,1.20717,1.20795,53937,8,0,EURCHF,Pepperstone MT5
2012.12.20,1.20795,1.20841,1.20700,1.20713,56948,10,0,EURCHF,Pepperstone MT5
2012.12.21,1.20712,1.20816,1.20629,1.20736,59016,8,0,EURCHF,Pepperstone MT5
2012.12.24,1.20741,1.20845,1.20682,1.20721,34863,6,0,EURCHF,Pepperstone MT5
2012.12.26,1.20720,1.20802,1.20703,1.20758,35758,20,0,EURCHF,Pepperstone MT5
2012.12.27,1.20759,1.20932,1.20712,1.20882,54114,12,0,EURCHF,Pepperstone MT5
2012.12.28,1.20871,1.20905,1.20682,1.20730,54180,9,0,EURCHF,Pepperstone MT5
2012.12.31,1.20719,1.20769,1.20629,1.20712,40693,8,0,EURCHF,Pepperstone MT5
2013.01.02,1.20784,1.21058,1.20690,1.21016,79797,10,0,EURCHF,Pepperstone MT5
2013.01.03,1.21017,1.21047,1.20821,1.20922,62770,14,0,EURCHF,Pepperstone MT5
2013.01.04,1.20921,1.20938,1.20816,1.20824,63696,11,0,EURCHF,Pepperstone MT5
2013.01.07,1.20871,1.20950,1.20818,1.20823,53180,12,0,EURCHF,Pepperstone MT5
2013.01.08,1.20824,1.20925,1.20809,1.20870,51650,7,0,EURCHF,Pepperstone MT5
2013.01.09,1.20873,1.20917,1.20841,1.20878,48613,6,0,EURCHF,Pepperstone MT5
2013.01.10,1.20876,1.21328,1.20835,1.21304,52972,9,0,EURCHF,Pepperstone MT5
2013.01.11,1.21303,1.21982,1.21194,1.21857,66823,12,0,EURCHF,Pepperstone MT5
2013.01.12,1.21853,1.21853,1.21853,1.21853,1,70,0,EURCHF,Pepperstone MT5
2013.01.14,1.22143,1.23404,1.22028,1.23360,64982,19,0,EURCHF,Pepperstone MT5
2013.01.15,1.23359,1.24123,1.23052,1.23964,87478,14,0,EURCHF,Pepperstone MT5
2013.01.16,1.23964,1.24020,1.23319,1.23702,80532,14,0,EURCHF,Pepperstone MT5
2013.01.17,1.23703,1.24893,1.23679,1.24707,84908,13,0,EURCHF,Pepperstone MT5
2013.01.18,1.24711,1.25674,1.23908,1.24386,93906,10,0,EURCHF,Pepperstone MT5
2013.01.19,1.24387,1.24387,1.24387,1.24387,1,83,0,EURCHF,Pepperstone MT5
2013.01.21,1.24419,1.24514,1.23921,1.24102,73031,20,0,EURCHF,Pepperstone MT5
2013.01.22,1.24104,1.24615,1.23393,1.23755,88026,11,0,EURCHF,Pepperstone MT5
2013.01.23,1.23757,1.24046,1.23248,1.23753,80985,13,0,EURCHF,Pepperstone MT5
2013.01.24,1.23750,1.24438,1.23594,1.24231,82492,10,0,EURCHF,Pepperstone MT5
2013.01.25,1.24228,1.24933,1.23805,1.24664,90940,12,0,EURCHF,Pepperstone MT5
2013.01.28,1.24808,1.25137,1.24514,1.24601,77030,14,0,EURCHF,Pepperstone MT5
2013.01.29,1.24601,1.24675,1.23992,1.24285,79655,20,0,EURCHF,Pepperstone MT5
2013.01.30,1.24281,1.24614,1.23424,1.23546,87677,12,0,EURCHF,Pepperstone MT5
2013.01.31,1.23542,1.23822,1.23292,1.23543,87380,19,0,EURCHF,Pepperstone MT5
2013.02.01,1.23538,1.24140,1.23054,1.23864,99234,19,0,EURCHF,Pepperstone MT5
2013.02.02,1.23866,1.23866,1.23866,1.23866,1,36,0,EURCHF,Pepperstone MT5
2013.02.04,1.23973,1.24005,1.22580,1.22723,88950,10,0,EURCHF,Pepperstone MT5
2013.02.05,1.22721,1.23426,1.22556,1.23336,97852,15,0,EURCHF,Pepperstone MT5
2013.02.06,1.23334,1.23680,1.22830,1.23029,92769,20,0,EURCHF,Pepperstone MT5
2013.02.07,1.23026,1.23315,1.22757,1.23003,93631,20,0,EURCHF,Pepperstone MT5
2013.02.08,1.23005,1.23111,1.22531,1.22531,87388,10,0,EURCHF,Pepperstone MT5
2013.02.11,1.22659,1.23383,1.22580,1.23351,78065,18,0,EURCHF,Pepperstone MT5
2013.02.12,1.23353,1.23548,1.22845,1.23374,83242,10,0,EURCHF,Pepperstone MT5
2013.02.13,1.23368,1.23860,1.23248,1.23329,82757,16,0,EURCHF,Pepperstone MT5
2013.02.14,1.23334,1.23474,1.22788,1.23060,86137,10,0,EURCHF,Pepperstone MT5
2013.02.15,1.23067,1.23338,1.22833,1.23118,84557,10,0,EURCHF,Pepperstone MT5
2013.02.16,1.23116,1.23116,1.23116,1.23116,1,79,0,EURCHF,Pepperstone MT5
2013.02.18,1.23148,1.23447,1.23101,1.23273,72160,10,0,EURCHF,Pepperstone MT5
2013.02.19,1.23264,1.23580,1.23165,1.23503,74819,13,0,EURCHF,Pepperstone MT5
2013.02.20,1.23509,1.23584,1.23096,1.23110,82355,13,0,EURCHF,Pepperstone MT5
2013.02.21,1.23110,1.23266,1.22687,1.22757,88644,10,0,EURCHF,Pepperstone MT5
2013.02.22,1.22754,1.23056,1.22554,1.22596,81335,13,0,EURCHF,Pepperstone MT5
2013.02.23,1.22582,1.22582,1.22582,1.22582,1,76,0,EURCHF,Pepperstone MT5
2013.02.25,1.22802,1.23245,1.21524,1.21741,95382,18,0,EURCHF,Pepperstone MT5
2013.02.26,1.21732,1.21958,1.21190,1.21678,107344,18,0,EURCHF,Pepperstone MT5
2013.02.27,1.21686,1.22274,1.21582,1.22116,99661,18,0,EURCHF,Pepperstone MT5
2013.02.28,1.22112,1.22410,1.21871,1.22280,90767,16,0,EURCHF,Pepperstone MT5
2013.03.01,1.22277,1.22899,1.22249,1.22686,96223,10,0,EURCHF,Pepperstone MT5
2013.03.04,1.22621,1.22756,1.22371,1.22542,11539,7,0,EURCHF,Pepperstone MT5
2013.03.05,1.22538,1.22869,1.22501,1.22779,13074,10,0,EURCHF,Pepperstone MT5
2013.03.06,1.22775,1.23201,1.22746,1.23009,20119,6,0,EURCHF,Pepperstone MT5
2013.03.07,1.23010,1.23609,1.23010,1.23544,36757,4,0,EURCHF,Pepperstone MT5
2013.03.08,1.23541,1.23898,1.23506,1.23605,31035,4,0,EURCHF,Pepperstone MT5
2013.03.11,1.23706,1.23807,1.23453,1.23516,28318,1,0,EURCHF,Pepperstone MT5
2013.03.12,1.23517,1.23668,1.23214,1.23403,36574,4,0,EURCHF,Pepperstone MT5
2013.03.13,1.23402,1.23492,1.23035,1.23442,36134,1,0,EURCHF,Pepperstone MT5
2013.03.14,1.23446,1.23693,1.23089,1.23132,42095,4,0,EURCHF,Pepperstone MT5
2013.03.15,1.23131,1.23347,1.22566,1.22718,41226,1,0,EURCHF,Pepperstone MT5
2013.03.18,1.21892,1.22869,1.21683,1.22590,47107,1,0,EURCHF,Pepperstone MT5
2013.03.19,1.22590,1.22666,1.21772,1.21900,46428,1,0,EURCHF,Pepperstone MT5
2013.03.20,1.21901,1.22345,1.21863,1.22237,43123,1,0,EURCHF,Pepperstone MT5
2013.03.21,1.22237,1.22370,1.21938,1.22109,46502,1,0,EURCHF,Pepperstone MT5
2013.03.22,1.22106,1.22369,1.21995,1.22133,43618,1,0,EURCHF,Pepperstone MT5
2013.03.25,1.22081,1.22538,1.21821,1.21916,46904,1,0,EURCHF,Pepperstone MT5
2013.03.26,1.21916,1.22178,1.21886,1.21921,38687,1,0,EURCHF,Pepperstone MT5
2013.03.27,1.21921,1.21967,1.21693,1.21883,38231,4,0,EURCHF,Pepperstone MT5
2013.03.28,1.21883,1.22014,1.21561,1.21708,39476,4,0,EURCHF,Pepperstone MT5
2013.03.29,1.21702,1.21735,1.21569,1.21650,22277,5,0,EURCHF,Pepperstone MT5
2013.04.01,1.21675,1.21778,1.21608,1.21614,18539,1,0,EURCHF,Pepperstone MT5
2013.04.02,1.21614,1.21785,1.21357,1.21634,34909,1,0,EURCHF,Pepperstone MT5
2013.04.03,1.21629,1.21830,1.21311,1.21425,34213,1,0,EURCHF,Pepperstone MT5
2013.04.04,1.21420,1.21715,1.21324,1.21560,41943,4,0,EURCHF,Pepperstone MT5
2013.04.05,1.21551,1.21710,1.21355,1.21397,40168,1,0,EURCHF,Pepperstone MT5
2013.04.08,1.21380,1.21720,1.21288,1.21643,33344,3,0,EURCHF,Pepperstone MT5
2013.04.09,1.21649,1.22119,1.21612,1.21968,39332,1,0,EURCHF,Pepperstone MT5
2013.04.10,1.21968,1.22022,1.21759,1.21879,33199,7,0,EURCHF,Pepperstone MT5
2013.04.11,1.21879,1.22037,1.21799,1.21950,34021,9,0,EURCHF,Pepperstone MT5
2013.04.12,1.21951,1.22010,1.21510,1.21539,37073,9,0,EURCHF,Pepperstone MT5
2013.04.15,1.21555,1.21725,1.21356,1.21395,43812,8,0,EURCHF,Pepperstone MT5
2013.04.16,1.21393,1.21699,1.21368,1.21542,43920,9,0,EURCHF,Pepperstone MT5
2013.04.17,1.21543,1.21645,1.21383,1.21553,43861,8,0,EURCHF,Pepperstone MT5
2013.04.18,1.21554,1.21737,1.21501,1.21709,37844,6,0,EURCHF,Pepperstone MT5
2013.04.19,1.21707,1.21911,1.21625,1.21842,35992,9,0,EURCHF,Pepperstone MT5
2013.04.22,1.21857,1.22072,1.21792,1.22046,27434,5,0,EURCHF,Pepperstone MT5
2013.04.23,1.22045,1.22920,1.21901,1.22871,37790,4,0,EURCHF,Pepperstone MT5
2013.04.24,1.22870,1.23425,1.22621,1.23225,36470,2,0,EURCHF,Pepperstone MT5
2013.04.25,1.23220,1.23486,1.22823,1.22911,34048,5,0,EURCHF,Pepperstone MT5
2013.04.26,1.22911,1.23114,1.22488,1.22765,37489,5,0,EURCHF,Pepperstone MT5
2013.04.29,1.22850,1.23068,1.22626,1.22687,32876,9,0,EURCHF,Pepperstone MT5
2013.04.30,1.22687,1.22773,1.22278,1.22352,34479,4,0,EURCHF,Pepperstone MT5
2013.05.01,1.22352,1.22630,1.22204,1.22230,28782,4,0,EURCHF,Pepperstone MT5
2013.05.02,1.22230,1.22588,1.21964,1.22121,34966,1,0,EURCHF,Pepperstone MT5
2013.05.03,1.22136,1.22751,1.22068,1.22664,33903,4,0,EURCHF,Pepperstone MT5
2013.05.06,1.22678,1.22905,1.22554,1.22685,21827,5,0,EURCHF,Pepperstone MT5
2013.05.07,1.22684,1.23368,1.22548,1.22967,30334,1,0,EURCHF,Pepperstone MT5
2013.05.08,1.22978,1.23481,1.22949,1.23043,33025,1,0,EURCHF,Pepperstone MT5
2013.05.09,1.23042,1.24076,1.22820,1.23626,34334,2,0,EURCHF,Pepperstone MT5
2013.05.10,1.23628,1.24604,1.23604,1.24297,47168,1,0,EURCHF,Pepperstone MT5
2013.05.13,1.24373,1.24445,1.23952,1.24227,37028,1,0,EURCHF,Pepperstone MT5
2013.05.14,1.24224,1.25022,1.23859,1.24911,37456,1,0,EURCHF,Pepperstone MT5
2013.05.15,1.24964,1.25248,1.24228,1.24318,38340,1,0,EURCHF,Pepperstone MT5
2013.05.16,1.24319,1.24832,1.23834,1.24251,36114,1,0,EURCHF,Pepperstone MT5
2013.05.17,1.24240,1.24928,1.24153,1.24795,33425,1,0,EURCHF,Pepperstone MT5
2013.05.20,1.24548,1.24761,1.24349,1.24565,35982,4,0,EURCHF,Pepperstone MT5
2013.05.21,1.24564,1.25288,1.24508,1.25189,42462,1,0,EURCHF,Pepperstone MT5
2013.05.22,1.25189,1.26490,1.25136,1.25771,52899,1,0,EURCHF,Pepperstone MT5
2013.05.23,1.25771,1.25965,1.24195,1.25282,67551,5,0,EURCHF,Pepperstone MT5
2013.05.24,1.25262,1.25473,1.24065,1.24258,53250,5,0,EURCHF,Pepperstone MT5
2013.05.27,1.24395,1.24735,1.24089,1.24499,29085,5,0,EURCHF,Pepperstone MT5
2013.05.28,1.24498,1.25720,1.24449,1.25578,51825,5,0,EURCHF,Pepperstone MT5
2013.05.29,1.25580,1.25722,1.24358,1.24421,61738,5,0,EURCHF,Pepperstone MT5
2013.05.30,1.24419,1.24923,1.24204,1.24353,56946,5,0,EURCHF,Pepperstone MT5
2013.05.31,1.24350,1.24607,1.23793,1.24035,58217,5,0,EURCHF,Pepperstone MT5
2013.06.01,1.24031,1.24034,1.24031,1.24034,2,180,0,EURCHF,Pepperstone MT5
2013.06.03,1.24373,1.24862,1.23308,1.23841,53126,5,0,EURCHF,Pepperstone MT5
2013.06.04,1.23839,1.24289,1.23769,1.23825,52399,5,0,EURCHF,Pepperstone MT5
2013.06.05,1.23821,1.24119,1.23088,1.23331,56441,5,0,EURCHF,Pepperstone MT5
2013.06.06,1.23329,1.23863,1.22713,1.23165,66899,5,0,EURCHF,Pepperstone MT5
2013.06.07,1.23164,1.23794,1.22696,1.23727,70417,18,0,EURCHF,Pepperstone MT5
2013.06.08,1.23724,1.23753,1.23597,1.23669,2524,32,0,EURCHF,Pepperstone MT5
2013.06.10,1.23587,1.24181,1.23532,1.23715,51409,18,0,EURCHF,Pepperstone MT5
2013.06.11,1.23714,1.23858,1.22440,1.23124,61980,18,0,EURCHF,Pepperstone MT5
2013.06.12,1.23123,1.23335,1.22545,1.22785,54132,18,0,EURCHF,Pepperstone MT5
2013.06.13,1.22784,1.23203,1.22223,1.23172,66082,18,0,EURCHF,Pepperstone MT5
2013.06.14,1.23171,1.23378,1.22768,1.22887,48431,5,0,EURCHF,Pepperstone MT5
2013.06.17,1.23054,1.23630,1.23007,1.23301,33825,5,0,EURCHF,Pepperstone MT5
2013.06.18,1.23301,1.23570,1.22916,1.23202,40201,5,0,EURCHF,Pepperstone MT5
2013.06.19,1.23201,1.23640,1.23096,1.23373,42196,5,0,EURCHF,Pepperstone MT5
2013.06.20,1.23373,1.23491,1.22420,1.22548,66463,5,0,EURCHF,Pepperstone MT5
2013.06.21,1.22536,1.22855,1.22421,1.22561,43597,5,0,EURCHF,Pepperstone MT5
2013.06.24,1.22662,1.22791,1.22184,1.22393,47536,5,0,EURCHF,Pepperstone MT5
2013.06.25,1.22393,1.22964,1.22307,1.22676,47179,5,0,EURCHF,Pepperstone MT5
2013.06.26,1.22657,1.22828,1.22398,1.22676,43212,5,0,EURCHF,Pepperstone MT5
2013.06.27,1.22677,1.23370,1.22577,1.23177,52568,6,0,EURCHF,Pepperstone MT5
2013.06.28,1.23176,1.23537,1.22829,1.22925,54818,18,0,EURCHF,Pepperstone MT5
2013.06.29,1.22926,1.23006,1.22846,1.22846,1838,32,0,EURCHF,Pepperstone MT5
2013.07.01,1.22952,1.23763,1.22867,1.23476,36636,5,0,EURCHF,Pepperstone MT5
2013.07.02,1.23475,1.23820,1.23270,1.23377,39644,5,0,EURCHF,Pepperstone MT5
2013.07.03,1.23368,1.23479,1.22802,1.23142,44097,5,0,EURCHF,Pepperstone MT5
2013.07.04,1.23142,1.23739,1.23062,1.23478,40129,5,0,EURCHF,Pepperstone MT5
2013.07.05,1.23474,1.23776,1.23329,1.23596,46126,5,0,EURCHF,Pepperstone MT5
2013.07.08,1.23795,1.24142,1.23721,1.24009,34248,5,0,EURCHF,Pepperstone MT5
2013.07.09,1.24008,1.24655,1.23943,1.24349,42763,5,0,EURCHF,Pepperstone MT5
2013.07.10,1.24345,1.24520,1.24062,1.24332,48976,5,0,EURCHF,Pepperstone MT5
2013.07.11,1.24315,1.24564,1.23654,1.23999,75602,5,0,EURCHF,Pepperstone MT5
2013.07.12,1.23999,1.24087,1.23474,1.23620,41600,5,0,EURCHF,Pepperstone MT5
2013.07.15,1.23587,1.24037,1.23540,1.23860,35484,5,0,EURCHF,Pepperstone MT5
2013.07.16,1.23849,1.24032,1.23552,1.23590,44679,5,0,EURCHF,Pepperstone MT5
2013.07.17,1.23595,1.23760,1.23256,1.23501,42218,5,0,EURCHF,Pepperstone MT5
2013.07.18,1.23501,1.23904,1.23432,1.23829,34261,1,0,EURCHF,Pepperstone MT5
2013.07.19,1.23829,1.23851,1.23518,1.23628,32466,1,0,EURCHF,Pepperstone MT5
2013.07.22,1.23657,1.23773,1.23209,1.23425,29897,1,0,EURCHF,Pepperstone MT5
2013.07.23,1.23423,1.23945,1.23408,1.23611,31414,1,0,EURCHF,Pepperstone MT5
2013.07.24,1.23608,1.24029,1.23557,1.23725,33756,1,0,EURCHF,Pepperstone MT5
2013.07.25,1.23723,1.23853,1.23396,1.23417,34412,1,0,EURCHF,Pepperstone MT5
2013.07.26,1.23419,1.23487,1.23132,1.23220,30969,1,0,EURCHF,Pepperstone MT5
2013.07.29,1.23322,1.23510,1.23224,1.23466,26333,1,0,EURCHF,Pepperstone MT5
2013.07.30,1.23466,1.23535,1.23221,1.23293,27499,1,0,EURCHF,Pepperstone MT5
2013.07.31,1.23292,1.23440,1.23048,1.23192,41484,1,0,EURCHF,Pepperstone MT5
2013.08.01,1.23186,1.23772,1.23100,1.23716,38864,1,0,EURCHF,Pepperstone MT5
2013.08.02,1.23716,1.23969,1.23251,1.23398,37593,1,0,EURCHF,Pepperstone MT5
2013.08.05,1.23383,1.23582,1.22904,1.22938,32349,1,0,EURCHF,Pepperstone MT5
2013.08.06,1.22936,1.23280,1.22673,1.23178,32794,1,0,EURCHF,Pepperstone MT5
2013.08.07,1.23185,1.23265,1.22836,1.22909,39020,1,0,EURCHF,Pepperstone MT5
2013.08.08,1.22909,1.23179,1.22807,1.23113,36787,1,0,EURCHF,Pepperstone MT5
2013.08.09,1.23108,1.23177,1.22939,1.22999,29209,1,0,EURCHF,Pepperstone MT5
2013.08.12,1.22996,1.23293,1.22957,1.23090,28772,1,0,EURCHF,Pepperstone MT5
2013.08.13,1.23092,1.23822,1.23084,1.23722,36585,1,0,EURCHF,Pepperstone MT5
2013.08.14,1.23725,1.24264,1.23659,1.23974,34656,1,0,EURCHF,Pepperstone MT5
2013.08.15,1.24004,1.24337,1.23372,1.23592,42761,1,0,EURCHF,Pepperstone MT5
2013.08.16,1.23586,1.23828,1.23303,1.23471,36209,1,0,EURCHF,Pepperstone MT5
2013.08.19,1.23502,1.23703,1.23137,1.23207,25639,1,0,EURCHF,Pepperstone MT5
2013.08.20,1.23204,1.23386,1.22854,1.23069,35582,1,0,EURCHF,Pepperstone MT5
2013.08.21,1.23078,1.23319,1.23002,1.23154,37038,1,0,EURCHF,Pepperstone MT5
2013.08.22,1.23157,1.23578,1.23128,1.23290,35371,1,0,EURCHF,Pepperstone MT5
2013.08.23,1.23284,1.23619,1.23188,1.23276,35961,1,0,EURCHF,Pepperstone MT5
2013.08.26,1.23232,1.23564,1.23231,1.23393,23232,1,0,EURCHF,Pepperstone MT5
2013.08.27,1.23391,1.23397,1.22809,1.22866,35497,1,0,EURCHF,Pepperstone MT5
2013.08.28,1.22867,1.23003,1.22772,1.22994,34768,1,0,EURCHF,Pepperstone MT5
2013.08.29,1.22994,1.23284,1.22952,1.23241,35826,1,0,EURCHF,Pepperstone MT5
2013.08.30,1.23238,1.23287,1.22813,1.22906,31262,1,0,EURCHF,Pepperstone MT5
2013.09.02,1.23045,1.23326,1.23005,1.23257,24513,1,0,EURCHF,Pepperstone MT5
2013.09.03,1.23262,1.23419,1.23131,1.23337,30603,1,0,EURCHF,Pepperstone MT5
2013.09.04,1.23340,1.23677,1.23300,1.23520,27405,1,0,EURCHF,Pepperstone MT5
2013.09.05,1.23517,1.23993,1.23516,1.23958,32741,1,0,EURCHF,Pepperstone MT5
2013.09.06,1.23957,1.24009,1.23257,1.23579,30738,1,0,EURCHF,Pepperstone MT5
2013.09.09,1.23593,1.23683,1.23355,1.23579,24547,1,0,EURCHF,Pepperstone MT5
2013.09.10,1.23566,1.24026,1.23547,1.24007,27563,1,0,EURCHF,Pepperstone MT5
2013.09.11,1.23999,1.24145,1.23704,1.23837,26857,1,0,EURCHF,Pepperstone MT5
2013.09.12,1.23834,1.23909,1.23522,1.23748,25747,1,0,EURCHF,Pepperstone MT5
2013.09.13,1.23746,1.23898,1.23581,1.23583,26111,1,0,EURCHF,Pepperstone MT5
2013.09.16,1.23571,1.23797,1.23471,1.23648,27457,1,0,EURCHF,Pepperstone MT5
2013.09.17,1.23646,1.23842,1.23554,1.23665,23646,1,0,EURCHF,Pepperstone MT5
2013.09.18,1.23666,1.23750,1.23293,1.23308,32766,1,0,EURCHF,Pepperstone MT5
2013.09.19,1.23356,1.23506,1.23103,1.23176,35519,1,0,EURCHF,Pepperstone MT5
2013.09.20,1.23177,1.23309,1.23026,1.23118,28678,1,0,EURCHF,Pepperstone MT5
2013.09.23,1.23118,1.23351,1.22765,1.22904,26333,1,0,EURCHF,Pepperstone MT5
2013.09.24,1.22901,1.23039,1.22853,1.22967,27350,1,0,EURCHF,Pepperstone MT5
2013.09.25,1.22967,1.23097,1.22874,1.22974,26737,1,0,EURCHF,Pepperstone MT5
2013.09.26,1.22972,1.23104,1.22741,1.22773,26684,1,0,EURCHF,Pepperstone MT5
2013.09.27,1.22773,1.22787,1.22363,1.22459,29191,1,0,EURCHF,Pepperstone MT5
2013.09.30,1.22282,1.22460,1.22147,1.22374,29732,1,0,EURCHF,Pepperstone MT5
2013.10.01,1.22371,1.22681,1.22167,1.22470,33845,1,0,EURCHF,Pepperstone MT5
2013.10.02,1.22464,1.22676,1.22229,1.22554,31789,1,0,EURCHF,Pepperstone MT5
2013.10.03,1.22555,1.22788,1.22320,1.22470,32853,1,0,EURCHF,Pepperstone MT5
2013.10.04,1.22472,1.23002,1.22363,1.22960,29943,1,0,EURCHF,Pepperstone MT5
2013.10.07,1.22961,1.22964,1.22527,1.22600,27442,1,0,EURCHF,Pepperstone MT5
2013.10.08,1.22602,1.22945,1.22588,1.22676,26517,1,0,EURCHF,Pepperstone MT5
2013.10.09,1.22673,1.23199,1.22618,1.23029,31529,1,0,EURCHF,Pepperstone MT5
2013.10.10,1.23016,1.23289,1.23016,1.23227,24731,1,0,EURCHF,Pepperstone MT5
2013.10.11,1.23226,1.23532,1.23113,1.23470,24715,1,0,EURCHF,Pepperstone MT5
2013.10.14,1.23317,1.23588,1.23219,1.23443,19717,1,0,EURCHF,Pepperstone MT5
2013.10.15,1.23428,1.23751,1.23347,1.23390,29635,1,0,EURCHF,Pepperstone MT5
2013.10.16,1.23386,1.23671,1.23369,1.23588,29775,1,0,EURCHF,Pepperstone MT5
2013.10.17,1.23585,1.23662,1.23107,1.23390,31947,1,0,EURCHF,Pepperstone MT5
2013.10.18,1.23396,1.23516,1.23363,1.23395,24385,1,0,EURCHF,Pepperstone MT5
2013.10.21,1.23400,1.23574,1.23229,1.23381,21128,1,0,EURCHF,Pepperstone MT5
2013.10.22,1.23381,1.23639,1.23122,1.23291,24057,1,0,EURCHF,Pepperstone MT5
2013.10.23,1.23287,1.23349,1.22821,1.22908,30089,1,0,EURCHF,Pepperstone MT5
2013.10.24,1.22907,1.23181,1.22850,1.23138,28221,1,0,EURCHF,Pepperstone MT5
2013.10.25,1.23138,1.23488,1.22991,1.23168,27907,1,0,EURCHF,Pepperstone MT5
2013.10.28,1.23225,1.23490,1.23182,1.23470,23080,1,0,EURCHF,Pepperstone MT5
2013.10.29,1.23472,1.23713,1.23371,1.23551,32091,1,0,EURCHF,Pepperstone MT5
2013.10.30,1.23546,1.23703,1.23325,1.23507,30300,1,0,EURCHF,Pepperstone MT5
2013.10.31,1.23525,1.23592,1.22998,1.23205,35323,1,0,EURCHF,Pepperstone MT5
2013.11.01,1.23198,1.23263,1.22971,1.23017,33440,1,0,EURCHF,Pepperstone MT5
2013.11.04,1.23064,1.23252,1.22922,1.22950,21401,1,0,EURCHF,Pepperstone MT5
2013.11.05,1.22948,1.23159,1.22873,1.23086,29034,1,0,EURCHF,Pepperstone MT5
2013.11.06,1.23086,1.23294,1.23041,1.23240,23839,1,0,EURCHF,Pepperstone MT5
2013.11.07,1.23249,1.23369,1.22828,1.22878,37329,1,0,EURCHF,Pepperstone MT5
2013.11.08,1.22878,1.23223,1.22873,1.23118,34127,1,0,EURCHF,Pepperstone MT5
2013.11.11,1.23184,1.23331,1.23155,1.23251,21256,1,0,EURCHF,Pepperstone MT5
2013.11.12,1.23254,1.23376,1.23133,1.23264,32264,1,0,EURCHF,Pepperstone MT5
2013.11.13,1.23267,1.23299,1.23134,1.23166,29955,1,0,EURCHF,Pepperstone MT5
2013.11.14,1.23167,1.23378,1.23143,1.23334,31984,1,0,EURCHF,Pepperstone MT5
2013.11.15,1.23337,1.23509,1.23278,1.23451,25570,1,0,EURCHF,Pepperstone MT5
2013.11.18,1.23431,1.23454,1.23163,1.23279,26334,1,0,EURCHF,Pepperstone MT5
2013.11.19,1.23288,1.23378,1.23199,1.23313,28319,1,0,EURCHF,Pepperstone MT5
2013.11.20,1.23311,1.23402,1.23059,1.23118,35578,1,0,EURCHF,Pepperstone MT5
2013.11.21,1.23119,1.23238,1.23056,1.23071,30817,1,0,EURCHF,Pepperstone MT5
2013.11.22,1.23069,1.23221,1.22855,1.22897,29001,1,0,EURCHF,Pepperstone MT5
2013.11.25,1.22875,1.23289,1.22847,1.23238,22737,1,0,EURCHF,Pepperstone MT5
2013.11.26,1.23230,1.23290,1.23007,1.23024,24892,1,0,EURCHF,Pepperstone MT5
2013.11.27,1.23016,1.23325,1.22984,1.23228,28292,1,0,EURCHF,Pepperstone MT5
2013.11.28,1.23221,1.23283,1.23091,1.23176,21669,1,0,EURCHF,Pepperstone MT5
2013.11.29,1.23166,1.23318,1.22927,1.23131,29847,1,0,EURCHF,Pepperstone MT5
2013.12.02,1.23116,1.23237,1.22950,1.23032,28831,1,0,EURCHF,Pepperstone MT5
2013.12.03,1.23035,1.23124,1.22779,1.22881,30617,1,0,EURCHF,Pepperstone MT5
2013.12.04,1.22881,1.22976,1.22571,1.22649,35353,1,0,EURCHF,Pepperstone MT5
2013.12.05,1.22649,1.22814,1.22498,1.22535,34601,1,0,EURCHF,Pepperstone MT5
2013.12.06,1.22534,1.22613,1.22150,1.22197,31375,1,0,EURCHF,Pepperstone MT5
2013.12.09,1.22245,1.22442,1.22226,1.22314,23099,1,0,EURCHF,Pepperstone MT5
2013.12.10,1.22305,1.22385,1.22067,1.22110,27895,1,0,EURCHF,Pepperstone MT5
2013.12.11,1.22118,1.22273,1.22051,1.22182,27167,1,0,EURCHF,Pepperstone MT5
2013.12.12,1.22181,1.22468,1.21999,1.22296,31780,1,0,EURCHF,Pepperstone MT5
2013.12.13,1.22295,1.22404,1.22115,1.22151,28844,1,0,EURCHF,Pepperstone MT5
2013.12.16,1.22167,1.22319,1.22015,1.22081,24882,1,0,EURCHF,Pepperstone MT5
2013.12.17,1.22079,1.22165,1.21667,1.21822,25312,1,0,EURCHF,Pepperstone MT5
2013.12.18,1.21830,1.22448,1.21795,1.22294,35496,1,0,EURCHF,Pepperstone MT5
2013.12.19,1.22293,1.22741,1.22270,1.22656,31956,1,0,EURCHF,Pepperstone MT5
2013.12.20,1.22640,1.22696,1.22334,1.22478,30516,1,0,EURCHF,Pepperstone MT5
2013.12.23,1.22491,1.22630,1.22378,1.22430,21179,1,0,EURCHF,Pepperstone MT5
2013.12.24,1.22421,1.22588,1.22335,1.22556,17518,1,0,EURCHF,Pepperstone MT5
2013.12.26,1.22628,1.22745,1.22592,1.22732,13854,1,0,EURCHF,Pepperstone MT5
2013.12.27,1.22732,1.22780,1.22249,1.22518,27077,1,0,EURCHF,Pepperstone MT5
2013.12.30,1.22548,1.22701,1.22408,1.22506,21092,1,0,EURCHF,Pepperstone MT5
2013.12.31,1.22500,1.22769,1.22445,1.22516,18084,1,0,EURCHF,Pepperstone MT5
2014.01.02,1.22643,1.23201,1.22643,1.22893,49746,1,0,EURCHF,Pepperstone MT5
2014.01.03,1.22893,1.23118,1.22806,1.22956,27203,1,0,EURCHF,Pepperstone MT5
2014.01.06,1.23006,1.23325,1.22967,1.23178,28666,1,0,EURCHF,Pepperstone MT5
2014.01.07,1.23146,1.23810,1.23146,1.23766,27698,1,0,EURCHF,Pepperstone MT5
2014.01.08,1.23765,1.23939,1.23584,1.23698,31550,1,0,EURCHF,Pepperstone MT5
2014.01.09,1.23684,1.23865,1.23357,1.23393,31778,1,0,EURCHF,Pepperstone MT5
2014.01.10,1.23396,1.23478,1.23228,1.23342,28959,1,0,EURCHF,Pepperstone MT5
2014.01.13,1.23299,1.23431,1.22894,1.22901,27367,1,0,EURCHF,Pepperstone MT5
2014.01.14,1.22901,1.23478,1.22893,1.23442,26650,1,0,EURCHF,Pepperstone MT5
2014.01.15,1.23444,1.23699,1.23399,1.23612,28341,1,0,EURCHF,Pepperstone MT5
2014.01.16,1.23612,1.23749,1.23147,1.23217,27549,1,0,EURCHF,Pepperstone MT5
2014.01.17,1.23220,1.23363,1.23157,1.23202,26628,1,0,EURCHF,Pepperstone MT5
2014.01.20,1.23262,1.23418,1.23237,1.23317,20133,1,0,EURCHF,Pepperstone MT5
2014.01.21,1.23322,1.23761,1.23246,1.23400,26367,1,0,EURCHF,Pepperstone MT5
2014.01.22,1.23398,1.23526,1.23320,1.23467,23857,1,0,EURCHF,Pepperstone MT5
2014.01.23,1.23458,1.23612,1.22750,1.22880,33901,1,0,EURCHF,Pepperstone MT5
2014.01.24,1.22876,1.23004,1.22250,1.22250,33348,1,0,EURCHF,Pepperstone MT5
2014.01.27,1.22348,1.22730,1.22247,1.22540,27353,1,0,EURCHF,Pepperstone MT5
2014.01.28,1.22552,1.22829,1.22484,1.22644,26326,1,0,EURCHF,Pepperstone MT5
2014.01.29,1.22645,1.22973,1.22129,1.22198,32225,1,0,EURCHF,Pepperstone MT5
2014.01.30,1.22211,1.22542,1.22165,1.22367,30355,1,0,EURCHF,Pepperstone MT5
2014.01.31,1.22315,1.22455,1.22108,1.22159,33901,1,0,EURCHF,Pepperstone MT5
2014.02.03,1.22231,1.22419,1.21844,1.21846,30040,1,0,EURCHF,Pepperstone MT5
2014.02.04,1.21853,1.22316,1.21846,1.22146,27955,1,0,EURCHF,Pepperstone MT5
2014.02.05,1.22152,1.22332,1.22050,1.22280,33559,1,0,EURCHF,Pepperstone MT5
2014.02.06,1.22282,1.22444,1.22112,1.22429,36763,1,0,EURCHF,Pepperstone MT5
2014.02.07,1.22429,1.22500,1.22179,1.22438,32650,1,0,EURCHF,Pepperstone MT5
2014.02.10,1.22405,1.22504,1.22245,1.22351,19473,1,0,EURCHF,Pepperstone MT5
2014.02.11,1.22351,1.22569,1.22274,1.22501,24152,1,0,EURCHF,Pepperstone MT5
2014.02.12,1.22492,1.22604,1.22338,1.22414,25698,1,0,EURCHF,Pepperstone MT5
2014.02.13,1.22419,1.22459,1.22065,1.22194,27043,1,0,EURCHF,Pepperstone MT5
2014.02.14,1.22198,1.22278,1.22057,1.22179,24433,1,0,EURCHF,Pepperstone MT5
2014.02.17,1.22194,1.22267,1.22102,1.22176,18599,1,0,EURCHF,Pepperstone MT5
2014.02.18,1.22184,1.22379,1.22112,1.22165,26600,1,0,EURCHF,Pepperstone MT5
2014.02.19,1.22179,1.22258,1.21902,1.22023,25429,1,0,EURCHF,Pepperstone MT5
2014.02.20,1.22028,1.22101,1.21866,1.22014,27920,1,0,EURCHF,Pepperstone MT5
2014.02.21,1.22015,1.22108,1.21887,1.21973,23475,1,0,EURCHF,Pepperstone MT5
2014.02.24,1.21903,1.22178,1.21849,1.22082,23558,1,0,EURCHF,Pepperstone MT5
2014.02.25,1.22077,1.22113,1.21878,1.21882,24824,1,0,EURCHF,Pepperstone MT5
2014.02.26,1.21881,1.22041,1.21857,1.21895,26264,1,0,EURCHF,Pepperstone MT5
2014.02.27,1.21879,1.21894,1.21567,1.21767,29066,1,0,EURCHF,Pepperstone MT5
2014.02.28,1.21763,1.21824,1.21327,1.21410,32955,1,0,EURCHF,Pepperstone MT5
2014.03.03,1.21073,1.21385,1.21037,1.21283,26421,1,0,EURCHF,Pepperstone MT5
2014.03.04,1.21283,1.21944,1.21252,1.21933,25042,1,0,EURCHF,Pepperstone MT5
2014.03.05,1.21930,1.21995,1.21759,1.21835,25041,1,0,EURCHF,Pepperstone MT5
2014.03.06,1.21820,1.22146,1.21798,1.22017,28712,1,0,EURCHF,Pepperstone MT5
2014.03.07,1.21973,1.22141,1.21671,1.21798,36206,1,0,EURCHF,Pepperstone MT5
2014.03.10,1.21818,1.21925,1.21677,1.21802,34081,1,0,EURCHF,Pepperstone MT5
2014.03.11,1.21801,1.21924,1.21649,1.21675,38381,1,0,EURCHF,Pepperstone MT5
2014.03.12,1.21675,1.21681,1.21495,1.21521,43206,1,0,EURCHF,Pepperstone MT5
2014.03.13,1.21516,1.21673,1.21242,1.21289,59889,1,0,EURCHF,Pepperstone MT5
2014.03.14,1.21289,1.21452,1.21219,1.21347,46937,1,0,EURCHF,Pepperstone MT5
2014.03.17,1.21350,1.21590,1.21275,1.21565,38104,1,0,EURCHF,Pepperstone MT5
2014.03.18,1.21565,1.21779,1.21494,1.21658,42163,1,0,EURCHF,Pepperstone MT5
2014.03.19,1.21661,1.22018,1.21608,1.21842,50475,1,0,EURCHF,Pepperstone MT5
2014.03.20,1.21861,1.22031,1.21621,1.21759,54088,1,0,EURCHF,Pepperstone MT5
2014.03.21,1.21759,1.21857,1.21650,1.21767,38059,1,0,EURCHF,Pepperstone MT5
2014.03.24,1.21724,1.22024,1.21665,1.21890,44020,1,0,EURCHF,Pepperstone MT5
2014.03.25,1.21887,1.22173,1.21807,1.22039,57398,1,0,EURCHF,Pepperstone MT5
2014.03.26,1.22039,1.22348,1.21930,1.21979,50918,1,0,EURCHF,Pepperstone MT5
2014.03.27,1.21979,1.22062,1.21760,1.21833,49898,1,0,EURCHF,Pepperstone MT5
2014.03.28,1.21833,1.22014,1.21780,1.21936,42309,1,0,EURCHF,Pepperstone MT5
2014.03.31,1.21970,1.22052,1.21709,1.21795,43202,1,0,EURCHF,Pepperstone MT5
2014.04.01,1.21796,1.21894,1.21736,1.21843,35688,1,0,EURCHF,Pepperstone MT5
2014.04.02,1.21843,1.22088,1.21828,1.22051,33381,1,0,EURCHF,Pepperstone MT5
2014.04.03,1.22050,1.22328,1.21933,1.22231,47323,1,0,EURCHF,Pepperstone MT5
2014.04.04,1.22233,1.22498,1.22158,1.22228,49029,1,0,EURCHF,Pepperstone MT5
2014.04.07,1.22208,1.22235,1.21952,1.22006,27331,1,0,EURCHF,Pepperstone MT5
2014.04.08,1.22007,1.22031,1.21808,1.21852,41293,1,0,EURCHF,Pepperstone MT5
2014.04.09,1.21853,1.21961,1.21705,1.21865,45186,1,0,EURCHF,Pepperstone MT5
2014.04.10,1.21864,1.21905,1.21629,1.21700,31742,1,0,EURCHF,Pepperstone MT5
2014.04.11,1.21700,1.21784,1.21505,1.21607,28918,1,0,EURCHF,Pepperstone MT5
2014.04.14,1.21513,1.21604,1.21409,1.21571,27526,1,0,EURCHF,Pepperstone MT5
2014.04.15,1.21569,1.21662,1.21487,1.21575,27268,1,0,EURCHF,Pepperstone MT5
2014.04.16,1.21574,1.22026,1.21572,1.21818,24757,1,0,EURCHF,Pepperstone MT5
2014.04.17,1.21824,1.22048,1.21688,1.22000,23745,1,0,EURCHF,Pepperstone MT5
2014.04.18,1.21975,1.22041,1.21930,1.22002,11076,1,0,EURCHF,Pepperstone MT5
2014.04.21,1.22012,1.22083,1.21927,1.22060,11634,1,0,EURCHF,Pepperstone MT5
2014.04.22,1.22060,1.22199,1.22043,1.22163,20877,1,0,EURCHF,Pepperstone MT5
2014.04.23,1.22163,1.22247,1.21924,1.22052,24374,1,0,EURCHF,Pepperstone MT5
2014.04.24,1.22053,1.22152,1.21853,1.21946,24356,1,0,EURCHF,Pepperstone MT5
2014.04.25,1.21942,1.21997,1.21853,1.21946,19575,1,0,EURCHF,Pepperstone MT5
2014.04.28,1.21884,1.21973,1.21717,1.21905,24735,1,0,EURCHF,Pepperstone MT5
2014.04.29,1.21905,1.22134,1.21893,1.22014,26416,1,0,EURCHF,Pepperstone MT5
2014.04.30,1.22015,1.22102,1.21911,1.22059,31532,1,0,EURCHF,Pepperstone MT5
2014.05.01,1.22067,1.22091,1.21882,1.21934,17900,2,0,EURCHF,Pepperstone MT5
2014.05.02,1.21933,1.22138,1.21749,1.21775,36258,1,0,EURCHF,Pepperstone MT5
2014.05.05,1.21738,1.21830,1.21700,1.21780,15466,1,0,EURCHF,Pepperstone MT5
2014.05.06,1.21778,1.21869,1.21627,1.21758,26551,1,0,EURCHF,Pepperstone MT5
2014.05.07,1.21760,1.21920,1.21646,1.21880,32896,1,0,EURCHF,Pepperstone MT5
2014.05.08,1.21874,1.21906,1.21718,1.21804,38054,1,0,EURCHF,Pepperstone MT5
2014.05.09,1.21802,1.21993,1.21794,1.21934,28773,1,0,EURCHF,Pepperstone MT5
2014.05.12,1.21982,1.22182,1.21979,1.22139,19718,1,0,EURCHF,Pepperstone MT5
2014.05.13,1.22140,1.22150,1.21918,1.21962,31779,1,0,EURCHF,Pepperstone MT5
2014.05.14,1.21963,1.22029,1.21904,1.22015,21784,1,0,EURCHF,Pepperstone MT5
2014.05.15,1.22018,1.22300,1.21963,1.22133,28332,1,0,EURCHF,Pepperstone MT5
2014.05.16,1.22134,1.22241,1.22052,1.22232,29120,1,0,EURCHF,Pepperstone MT5
2014.05.19,1.22201,1.22352,1.22147,1.22303,28608,4,0,EURCHF,Pepperstone MT5
2014.05.20,1.22304,1.22367,1.22111,1.22208,31146,4,0,EURCHF,Pepperstone MT5
2014.05.21,1.22201,1.22271,1.22062,1.22246,33837,1,0,EURCHF,Pepperstone MT5
2014.05.22,1.22245,1.22272,1.22086,1.22096,26986,1,0,EURCHF,Pepperstone MT5
2014.05.23,1.22080,1.22164,1.22048,1.22056,26857,1,0,EURCHF,Pepperstone MT5
2014.05.26,1.22071,1.22145,1.22047,1.22057,14110,2,0,EURCHF,Pepperstone MT5
2014.05.27,1.22053,1.22282,1.22053,1.22255,20719,4,0,EURCHF,Pepperstone MT5
2014.05.28,1.22257,1.22336,1.22083,1.22092,21994,2,0,EURCHF,Pepperstone MT5
2014.05.29,1.22091,1.22136,1.21998,1.22117,19688,4,0,EURCHF,Pepperstone MT5
2014.05.30,1.22118,1.22160,1.21933,1.22035,20977,5,0,EURCHF,Pepperstone MT5
2014.06.02,1.22049,1.22247,1.22024,1.22182,23990,1,0,EURCHF,Pepperstone MT5
2014.06.03,1.22182,1.22256,1.22110,1.22144,25629,1,0,EURCHF,Pepperstone MT5
2014.06.04,1.22145,1.22233,1.21936,1.22004,26847,1,0,EURCHF,Pepperstone MT5
2014.06.05,1.22003,1.22073,1.21723,1.21754,37902,1,0,EURCHF,Pepperstone MT5
2014.06.06,1.21753,1.21946,1.21659,1.21892,29790,1,0,EURCHF,Pepperstone MT5
2014.06.09,1.21880,1.21997,1.21880,1.21928,21605,2,0,EURCHF,Pepperstone MT5
2014.06.10,1.21927,1.21965,1.21797,1.21803,24547,2,0,EURCHF,Pepperstone MT5
2014.06.11,1.21803,1.21877,1.21700,1.21768,26697,1,0,EURCHF,Pepperstone MT5
2014.06.12,1.21767,1.21836,1.21701,1.21739,27496,3,0,EURCHF,Pepperstone MT5
2014.06.13,1.21730,1.21885,1.21649,1.21860,26071,7,0,EURCHF,Pepperstone MT5
2014.06.16,1.21852,1.21871,1.21727,1.21763,22287,1,0,EURCHF,Pepperstone MT5
2014.06.17,1.21757,1.21915,1.21749,1.21830,22014,2,0,EURCHF,Pepperstone MT5
2014.06.18,1.21831,1.21891,1.21760,1.21770,26018,1,0,EURCHF,Pepperstone MT5
2014.06.19,1.21769,1.21855,1.21520,1.21653,29250,1,0,EURCHF,Pepperstone MT5
2014.06.20,1.21652,1.21772,1.21613,1.21677,23007,1,0,EURCHF,Pepperstone MT5
2014.06.23,1.21714,1.21770,1.21620,1.21646,21989,1,0,EURCHF,Pepperstone MT5
2014.06.24,1.21646,1.21745,1.21583,1.21608,24649,3,0,EURCHF,Pepperstone MT5
2014.06.25,1.21606,1.21694,1.21591,1.21680,21759,1,0,EURCHF,Pepperstone MT5
2014.06.26,1.21680,1.21714,1.21563,1.21623,23234,1,0,EURCHF,Pepperstone MT5
2014.06.27,1.21612,1.21653,1.21505,1.21548,22448,2,0,EURCHF,Pepperstone MT5
2014.06.30,1.21559,1.21607,1.21382,1.21417,24587,1,0,EURCHF,Pepperstone MT5
2014.07.01,1.21413,1.21473,1.21325,1.21392,30235,4,0,EURCHF,Pepperstone MT5
2014.07.02,1.21394,1.21430,1.21339,1.21391,29058,4,0,EURCHF,Pepperstone MT5
2014.07.03,1.21396,1.21646,1.21380,1.21569,33619,4,0,EURCHF,Pepperstone MT5
2014.07.04,1.21568,1.21628,1.21519,1.21529,25397,4,0,EURCHF,Pepperstone MT5
2014.07.07,1.21583,1.21647,1.21506,1.21550,27886,4,0,EURCHF,Pepperstone MT5
2014.07.08,1.21553,1.21572,1.21468,1.21548,29436,4,0,EURCHF,Pepperstone MT5
2014.07.09,1.21544,1.21589,1.21515,1.21533,31238,1,0,EURCHF,Pepperstone MT5
2014.07.10,1.21529,1.21556,1.21367,1.21419,32477,4,0,EURCHF,Pepperstone MT5
2014.07.11,1.21411,1.21461,1.21363,1.21363,35668,4,0,EURCHF,Pepperstone MT5
2014.07.14,1.21373,1.21481,1.21360,1.21448,37076,4,0,EURCHF,Pepperstone MT5
2014.07.15,1.21459,1.21557,1.21397,1.21520,35498,1,0,EURCHF,Pepperstone MT5
2014.07.16,1.21520,1.21574,1.21489,1.21494,19713,1,0,EURCHF,Pepperstone MT5
2014.07.17,1.21485,1.21501,1.21370,1.21377,19711,6,0,EURCHF,Pepperstone MT5
2014.07.18,1.21362,1.21514,1.21351,1.21443,20188,1,0,EURCHF,Pepperstone MT5
2014.07.21,1.21451,1.21551,1.21339,1.21340,18980,9,0,EURCHF,Pepperstone MT5
2014.07.22,1.21428,1.21531,1.21418,1.21490,22368,1,0,EURCHF,Pepperstone MT5
2014.07.23,1.21472,1.21536,1.21450,1.21457,19473,6,0,EURCHF,Pepperstone MT5
2014.07.24,1.21449,1.21552,1.21434,1.21494,22013,5,0,EURCHF,Pepperstone MT5
2014.07.25,1.21509,1.21572,1.21409,1.21443,22182,5,0,EURCHF,Pepperstone MT5
2014.07.28,1.21498,1.21550,1.21451,1.21459,17840,6,0,EURCHF,Pepperstone MT5
2014.07.29,1.21449,1.21632,1.21449,1.21593,22142,5,0,EURCHF,Pepperstone MT5
2014.07.30,1.21595,1.21768,1.21591,1.21623,30578,2,0,EURCHF,Pepperstone MT5
2014.07.31,1.21689,1.21751,1.21603,1.21675,26577,3,0,EURCHF,Pepperstone MT5
2014.08.01,1.21654,1.21703,1.21495,1.21561,28764,2,0,EURCHF,Pepperstone MT5
2014.08.04,1.21607,1.21692,1.21593,1.21682,23954,10,0,EURCHF,Pepperstone MT5
2014.08.05,1.21684,1.21767,1.21589,1.21593,32511,10,0,EURCHF,Pepperstone MT5
2014.08.06,1.21591,1.21615,1.21395,1.21442,39817,10,0,EURCHF,Pepperstone MT5
2014.08.07,1.21444,1.21536,1.21390,1.21446,34220,10,0,EURCHF,Pepperstone MT5
2014.08.08,1.21445,1.21448,1.21203,1.21394,38558,10,0,EURCHF,Pepperstone MT5
2014.08.11,1.21404,1.21439,1.21286,1.21337,24673,10,0,EURCHF,Pepperstone MT5
2014.08.12,1.21318,1.21415,1.21293,1.21326,26347,10,0,EURCHF,Pepperstone MT5
2014.08.13,1.21325,1.21401,1.21266,1.21267,29748,10,0,EURCHF,Pepperstone MT5
2014.08.14,1.21266,1.21315,1.21097,1.21142,27799,10,0,EURCHF,Pepperstone MT5
2014.08.15,1.21146,1.21201,1.20859,1.20921,34351,10,0,EURCHF,Pepperstone MT5
2014.08.18,1.20974,1.21136,1.20924,1.21127,23849,10,0,EURCHF,Pepperstone MT5
2014.08.19,1.21129,1.21153,1.20993,1.21088,29836,10,0,EURCHF,Pepperstone MT5
2014.08.20,1.21092,1.21137,1.21023,1.21095,35235,10,0,EURCHF,Pepperstone MT5
2014.08.21,1.21106,1.21155,1.21025,1.21032,31631,10,0,EURCHF,Pepperstone MT5
2014.08.22,1.21036,1.21065,1.20895,1.20956,31718,5,0,EURCHF,Pepperstone MT5
2014.08.25,1.21023,1.21032,1.20709,1.20745,24502,8,0,EURCHF,Pepperstone MT5
2014.08.26,1.20750,1.20924,1.20728,1.20808,31878,10,0,EURCHF,Pepperstone MT5
2014.08.27,1.20800,1.20845,1.20593,1.20670,37514,10,0,EURCHF,Pepperstone MT5
2014.08.28,1.20663,1.20712,1.20498,1.20630,38904,4,0,EURCHF,Pepperstone MT5
2014.08.29,1.20630,1.20666,1.20550,1.20614,33449,4,0,EURCHF,Pepperstone MT5
2014.09.01,1.20616,1.20752,1.20613,1.20716,19890,10,0,EURCHF,Pepperstone MT5
2014.09.02,1.20724,1.20806,1.20662,1.20683,35270,10,0,EURCHF,Pepperstone MT5
2014.09.03,1.20682,1.20900,1.20641,1.20671,36147,1,0,EURCHF,Pepperstone MT5
2014.09.04,1.20672,1.20762,1.20448,1.20618,52438,1,0,EURCHF,Pepperstone MT5
2014.09.05,1.20616,1.20702,1.20533,1.20591,47746,1,0,EURCHF,Pepperstone MT5
2014.09.08,1.20602,1.20717,1.20552,1.20630,46669,1,0,EURCHF,Pepperstone MT5
2014.09.09,1.20623,1.20709,1.20568,1.20694,47934,1,0,EURCHF,Pepperstone MT5
2014.09.10,1.20691,1.21182,1.20666,1.20973,41584,1,0,EURCHF,Pepperstone MT5
2014.09.11,1.20937,1.21048,1.20885,1.20932,31282,1,0,EURCHF,Pepperstone MT5
2014.09.12,1.20924,1.21039,1.20834,1.20949,45951,1,0,EURCHF,Pepperstone MT5
2014.09.15,1.21008,1.21130,1.20945,1.21002,39183,1,0,EURCHF,Pepperstone MT5
2014.09.16,1.21001,1.21068,1.20805,1.20850,41101,1,0,EURCHF,Pepperstone MT5
2014.09.17,1.20856,1.21169,1.20822,1.21066,47542,1,0,EURCHF,Pepperstone MT5
2014.09.18,1.21052,1.21144,1.20646,1.20648,53156,1,0,EURCHF,Pepperstone MT5
2014.09.19,1.20651,1.20757,1.20643,1.20670,52305,1,0,EURCHF,Pepperstone MT5
2014.09.22,1.20723,1.20789,1.20638,1.20764,69494,1,0,EURCHF,Pepperstone MT5
2014.09.23,1.20736,1.20813,1.20655,1.20735,42258,1,0,EURCHF,Pepperstone MT5
2014.09.24,1.20736,1.20863,1.20698,1.20840,45160,1,0,EURCHF,Pepperstone MT5
2014.09.25,1.20843,1.20888,1.20670,1.20687,52179,1,0,EURCHF,Pepperstone MT5
2014.09.26,1.20689,1.20757,1.20655,1.20657,44664,1,0,EURCHF,Pepperstone MT5
2014.09.29,1.20678,1.20741,1.20618,1.20674,45105,1,0,EURCHF,Pepperstone MT5
2014.09.30,1.20680,1.20726,1.20530,1.20619,54785,1,0,EURCHF,Pepperstone MT5
2014.10.01,1.20619,1.20808,1.20533,1.20665,52719,1,0,EURCHF,Pepperstone MT5
2014.10.02,1.20665,1.20912,1.20651,1.20856,59874,1,0,EURCHF,Pepperstone MT5
2014.10.03,1.20850,1.21114,1.20821,1.21064,49722,1,0,EURCHF,Pepperstone MT5
2014.10.06,1.21101,1.21375,1.21068,1.21259,41613,1,0,EURCHF,Pepperstone MT5
2014.10.07,1.21266,1.21395,1.21044,1.21214,58837,1,0,EURCHF,Pepperstone MT5
2014.10.08,1.21201,1.21351,1.21142,1.21189,60455,1,0,EURCHF,Pepperstone MT5
2014.10.09,1.21192,1.21280,1.20887,1.21096,67726,1,0,EURCHF,Pepperstone MT5
2014.10.10,1.21105,1.21165,1.20811,1.20833,55956,1,0,EURCHF,Pepperstone MT5
2014.10.13,1.20830,1.20925,1.20745,1.20873,50180,1,0,EURCHF,Pepperstone MT5
2014.10.14,1.20873,1.20923,1.20703,1.20725,53453,1,0,EURCHF,Pepperstone MT5
2014.10.15,1.20732,1.20802,1.20610,1.20671,72093,1,0,EURCHF,Pepperstone MT5
2014.10.16,1.20647,1.20778,1.20568,1.20717,68275,1,0,EURCHF,Pepperstone MT5
2014.10.17,1.20722,1.20776,1.20682,1.20735,39334,1,0,EURCHF,Pepperstone MT5
2014.10.20,1.20759,1.20784,1.20594,1.20632,39400,9,0,EURCHF,Pepperstone MT5
2014.10.21,1.20631,1.20731,1.20623,1.20682,49868,9,0,EURCHF,Pepperstone MT5
2014.10.22,1.20684,1.20713,1.20583,1.20608,48236,9,0,EURCHF,Pepperstone MT5
2014.10.23,1.20604,1.20693,1.20553,1.20651,44178,8,0,EURCHF,Pepperstone MT5
2014.10.24,1.20654,1.20669,1.20562,1.20583,37575,6,0,EURCHF,Pepperstone MT5
2014.10.27,1.20617,1.20670,1.20524,1.20572,43283,8,0,EURCHF,Pepperstone MT5
2014.10.28,1.20571,1.20661,1.20549,1.20611,45600,1,0,EURCHF,Pepperstone MT5
2014.10.29,1.20606,1.20631,1.20545,1.20620,48174,8,0,EURCHF,Pepperstone MT5
2014.10.30,1.20617,1.20642,1.20540,1.20563,61105,7,0,EURCHF,Pepperstone MT5
2014.10.31,1.20569,1.20686,1.20531,1.20539,71344,8,0,EURCHF,Pepperstone MT5
2014.11.03,1.20608,1.20616,1.20516,1.20548,61690,8,0,EURCHF,Pepperstone MT5
2014.11.04,1.20551,1.20611,1.20409,1.20409,59104,8,0,EURCHF,Pepperstone MT5
2014.11.05,1.20421,1.20457,1.20326,1.20348,66454,4,0,EURCHF,Pepperstone MT5
2014.11.06,1.20351,1.20572,1.20309,1.20414,64250,1,0,EURCHF,Pepperstone MT5
2014.11.07,1.20405,1.20464,1.20292,1.20323,60333,9,0,EURCHF,Pepperstone MT5
2014.11.10,1.20289,1.20361,1.20211,1.20235,45387,9,0,EURCHF,Pepperstone MT5
2014.11.11,1.20240,1.20341,1.20207,1.20312,46467,3,0,EURCHF,Pepperstone MT5
2014.11.12,1.20316,1.20380,1.20171,1.20199,59283,9,0,EURCHF,Pepperstone MT5
2014.11.13,1.20200,1.20241,1.20155,1.20201,45039,1,0,EURCHF,Pepperstone MT5
2014.11.14,1.20185,1.20229,1.20109,1.20109,37068,1,0,EURCHF,Pepperstone MT5
2014.11.17,1.20147,1.20174,1.20101,1.20125,34245,1,0,EURCHF,Pepperstone MT5
2014.11.18,1.20122,1.20164,1.20091,1.20105,31436,1,0,EURCHF,Pepperstone MT5
2014.11.19,1.20110,1.20259,1.20085,1.20131,25083,1,0,EURCHF,Pepperstone MT5
2014.11.20,1.20132,1.20242,1.20104,1.20169,31100,8,0,EURCHF,Pepperstone MT5
2014.11.21,1.20165,1.20323,1.20137,1.20144,34201,5,0,EURCHF,Pepperstone MT5
2014.11.24,1.20212,1.20308,1.20190,1.20250,32203,4,10425000000,EURCHF,Pepperstone MT5
2014.11.25,1.20250,1.20329,1.20225,1.20266,28954,5,1410500000,EURCHF,Pepperstone MT5
2014.11.26,1.20266,1.20294,1.20159,1.20222,29747,4,1170500000,EURCHF,Pepperstone MT5
2014.11.27,1.20221,1.20252,1.20178,1.20204,18512,5,0,EURCHF,Pepperstone MT5
2014.11.28,1.20202,1.20236,1.20108,1.20164,23354,8,0,EURCHF,Pepperstone MT5
2014.11.29,1.20164,1.20251,1.20164,1.20251,707,8,0,EURCHF,Pepperstone MT5
2014.12.01,1.20363,1.20393,1.20207,1.20284,32073,8,0,EURCHF,Pepperstone MT5
2014.12.02,1.20286,1.20464,1.20275,1.20374,26747,5,0,EURCHF,Pepperstone MT5
2014.12.03,1.20376,1.20413,1.20264,1.20346,26202,5,0,EURCHF,Pepperstone MT5
2014.12.04,1.20345,1.20395,1.20191,1.20228,27462,5,0,EURCHF,Pepperstone MT5
2014.12.05,1.20227,1.20294,1.20173,1.20214,24238,2,0,EURCHF,Pepperstone MT5
2014.12.06,1.20214,1.20228,1.20202,1.20223,388,8,0,EURCHF,Pepperstone MT5
2014.12.08,1.19939,1.20296,1.19939,1.20215,30280,1,49088900000,EURCHF,Pepperstone MT5
2014.12.09,1.20217,1.20243,1.20139,1.20198,41371,1,36350600000,EURCHF,Pepperstone MT5
2014.12.10,1.20199,1.20351,1.20153,1.20322,34677,1,42052550000,EURCHF,Pepperstone MT5
2014.12.11,1.20323,1.20377,1.20102,1.20110,33847,1,50694200000,EURCHF,Pepperstone MT5
2014.12.12,1.20110,1.20136,1.20036,1.20086,28519,1,33607325000,EURCHF,Pepperstone MT5
2014.12.13,1.20085,1.20092,1.20067,1.20092,660,27,0,EURCHF,Pepperstone MT5
2014.12.15,1.20060,1.20141,1.20060,1.20095,28861,1,44370800000,EURCHF,Pepperstone MT5
2014.12.16,1.20093,1.20117,1.20032,1.20085,31926,1,54186200000,EURCHF,Pepperstone MT5
2014.12.17,1.20086,1.20105,1.19998,1.20089,30037,1,50151700000,EURCHF,Pepperstone MT5
2014.12.18,1.20090,1.20964,1.19891,1.20388,37967,1,47713260000,EURCHF,Pepperstone MT5
2014.12.19,1.20387,1.20482,1.20252,1.20341,32687,1,51253100000,EURCHF,Pepperstone MT5
2014.12.20,1.20341,1.20353,1.20200,1.20200,745,1,684000000,EURCHF,Pepperstone MT5
2014.12.22,1.20284,1.20384,1.20245,1.20335,102023,7,233929157000,EURCHF,Pepperstone MT5
2014.12.23,1.20335,1.20352,1.20212,1.20235,93217,1,236185300000,EURCHF,Pepperstone MT5
2014.12.24,1.20235,1.20275,1.20219,1.20236,72964,9,176586600000,EURCHF,Pepperstone MT5
2014.12.26,1.20164,1.20283,1.20146,1.20275,48330,9,77422800000,EURCHF,Pepperstone MT5
2014.12.27,1.20275,1.20283,1.20260,1.20269,2732,13,2697300000,EURCHF,Pepperstone MT5
2014.12.29,1.20247,1.20350,1.20244,1.20298,36580,1,58037118000,EURCHF,Pepperstone MT5
2014.12.30,1.20298,1.20312,1.20217,1.20236,21617,1,36776400000,EURCHF,Pepperstone MT5
2014.12.31,1.20237,1.20306,1.20178,1.20253,17407,1,24825000000,EURCHF,Pepperstone MT5
2015.01.19,0.99448,1.02102,0.98871,1.02055,62675,8,0,EURCHF,Pepperstone MT5
2015.01.20,1.02063,1.02210,1.00618,1.01156,38566,25,0,EURCHF,Pepperstone MT5
2015.01.21,1.01170,1.01308,0.98437,0.99446,43106,39,0,EURCHF,Pepperstone MT5
2015.01.22,0.99453,1.00310,0.98361,0.99139,50265,29,0,EURCHF,Pepperstone MT5
2015.01.23,0.99143,0.99176,0.97710,0.98603,54290,52,0,EURCHF,Pepperstone MT5
2015.01.24,0.98610,0.98773,0.98234,0.98237,1574,100,0,EURCHF,Pepperstone MT5
2015.01.26,0.98151,1.01646,0.97808,1.01637,50332,72,0,EURCHF,Pepperstone MT5
2015.01.27,1.01634,1.03800,1.00761,1.02409,65889,3,2670299000,EURCHF,Pepperstone MT5
2015.01.28,1.02416,1.03134,1.01762,1.02301,62754,52,0,EURCHF,Pepperstone MT5
2015.01.29,1.02301,1.04610,1.01989,1.04503,46357,22,11000000,EURCHF,Pepperstone MT5
2015.01.30,1.04507,1.05193,1.03508,1.03701,46370,45,0,EURCHF,Pepperstone MT5
2015.01.31,1.03708,1.03908,1.03598,1.03908,1331,69,0,EURCHF,Pepperstone MT5
2015.02.02,1.04799,1.05825,1.03970,1.05075,77250,64,0,EURCHF,Pepperstone MT5
2015.02.03,1.05066,1.06149,1.04564,1.06122,88871,54,0,EURCHF,Pepperstone MT5
2015.02.04,1.06122,1.06219,1.05045,1.05073,67846,53,0,EURCHF,Pepperstone MT5
2015.02.05,1.05072,1.06358,1.04647,1.05853,100467,47,0,EURCHF,Pepperstone MT5
2015.02.06,1.05848,1.05903,1.04515,1.04681,96124,46,0,EURCHF,Pepperstone MT5
2015.02.07,1.04681,1.04778,1.04575,1.04727,3145,122,0,EURCHF,Pepperstone MT5
2015.02.09,1.04621,1.05264,1.04080,1.04549,76793,52,0,EURCHF,Pepperstone MT5
2015.02.10,1.04548,1.04896,1.04276,1.04773,79659,33,0,EURCHF,Pepperstone MT5
2015.02.11,1.04772,1.04990,1.04352,1.04864,68733,9,0,EURCHF,Pepperstone MT5
2015.02.12,1.04867,1.06322,1.04773,1.06085,83226,55,0,EURCHF,Pepperstone MT5
2015.02.13,1.06086,1.06329,1.05692,1.06223,63670,18,0,EURCHF,Pepperstone MT5
2015.02.14,1.06219,1.06237,1.06103,1.06181,1768,57,0,EURCHF,Pepperstone MT5
2015.02.16,1.06127,1.06403,1.05445,1.05687,73648,44,0,EURCHF,Pepperstone MT5
2015.02.17,1.05686,1.06892,1.05517,1.06863,43441,71,0,EURCHF,Pepperstone MT5
2015.02.18,1.06863,1.07362,1.06250,1.07336,79825,44,0,EURCHF,Pepperstone MT5
2015.02.19,1.07340,1.07984,1.07274,1.07868,82682,53,0,EURCHF,Pepperstone MT5
2015.02.20,1.07868,1.08073,1.06619,1.06990,108133,35,0,EURCHF,Pepperstone MT5
2015.02.21,1.06992,1.07024,1.06625,1.06686,3020,76,0,EURCHF,Pepperstone MT5
2015.02.23,1.07153,1.07882,1.06792,1.07687,171405,53,0,EURCHF,Pepperstone MT5
2015.02.24,1.07688,1.07828,1.07205,1.07759,169246,25,0,EURCHF,Pepperstone MT5
2015.02.25,1.07759,1.07960,1.07509,1.07719,141661,46,0,EURCHF,Pepperstone MT5
2015.02.26,1.07713,1.07925,1.06621,1.06733,153370,28,0,EURCHF,Pepperstone MT5
2015.02.27,1.06750,1.06885,1.06057,1.06648,183513,29,0,EURCHF,Pepperstone MT5
2015.02.28,1.06647,1.06807,1.06570,1.06741,3546,45,0,EURCHF,Pepperstone MT5
2015.03.02,1.06625,1.07429,1.06440,1.07148,127221,64,0,EURCHF,Pepperstone MT5
2015.03.03,1.07149,1.07571,1.06939,1.07407,140868,21,0,EURCHF,Pepperstone MT5
2015.03.04,1.07407,1.07475,1.06243,1.06620,164874,28,0,EURCHF,Pepperstone MT5
2015.03.05,1.06638,1.07457,1.06460,1.07405,160347,26,0,EURCHF,Pepperstone MT5
2015.03.06,1.07404,1.07509,1.06328,1.06826,132062,26,0,EURCHF,Pepperstone MT5
2015.03.07,1.06828,1.06974,1.06788,1.06849,2366,32,0,EURCHF,Pepperstone MT5
2015.03.09,1.06855,1.07136,1.06651,1.06923,45690,41,0,EURCHF,Pepperstone MT5
2015.03.10,1.06922,1.07263,1.06562,1.06899,75256,39,0,EURCHF,Pepperstone MT5
2015.03.11,1.06860,1.06899,1.06152,1.06370,68900,27,0,EURCHF,Pepperstone MT5
2015.03.12,1.06364,1.06759,1.06153,1.06509,72085,39,0,EURCHF,Pepperstone MT5
2015.03.13,1.06535,1.06672,1.05141,1.05407,65954,1,0,EURCHF,Pepperstone MT5
2015.03.16,1.05375,1.06720,1.05329,1.06475,69171,1,0,EURCHF,Pepperstone MT5
2015.03.17,1.06418,1.06726,1.06166,1.06627,55945,1,0,EURCHF,Pepperstone MT5
2015.03.18,1.06586,1.06687,1.05578,1.06152,68428,1,0,EURCHF,Pepperstone MT5
2015.03.19,1.06166,1.06914,1.05241,1.05435,88386,1,0,EURCHF,Pepperstone MT5
2015.03.20,1.05431,1.05816,1.05192,1.05432,54891,32,0,EURCHF,Pepperstone MT5
2015.03.23,1.05857,1.06020,1.05422,1.05736,59935,6,0,EURCHF,Pepperstone MT5
2015.03.24,1.05735,1.05766,1.05700,1.05722,405,6,0,EURCHF,Pepperstone MT5
2015.03.25,1.04667,1.05460,1.04658,1.05240,39550,6,0,EURCHF,Pepperstone MT5
2015.03.26,1.05239,1.05424,1.04641,1.04792,47098,4,0,EURCHF,Pepperstone MT5
2015.03.27,1.04787,1.05061,1.04311,1.04690,62746,4,0,EURCHF,Pepperstone MT5
2015.03.30,1.04690,1.04866,1.04321,1.04714,54643,5,0,EURCHF,Pepperstone MT5
2015.03.31,1.04715,1.04842,1.04198,1.04457,46749,10,0,EURCHF,Pepperstone MT5
2015.04.01,1.04456,1.04578,1.03941,1.03972,53390,6,0,EURCHF,Pepperstone MT5
2015.04.02,1.03974,1.04494,1.03884,1.04383,33660,1,0,EURCHF,Pepperstone MT5
2015.04.03,1.04387,1.04637,1.04146,1.04593,23970,6,0,EURCHF,Pepperstone MT5
2015.04.04,1.04589,1.04599,1.04212,1.04299,1221,29,0,EURCHF,Pepperstone MT5
2015.04.06,1.04336,1.04945,1.04336,1.04805,25833,6,0,EURCHF,Pepperstone MT5
2015.04.07,1.04805,1.04827,1.04252,1.04534,46251,1,0,EURCHF,Pepperstone MT5
2015.04.08,1.04532,1.04678,1.04074,1.04146,50856,1,0,EURCHF,Pepperstone MT5
2015.04.09,1.04146,1.04493,1.04044,1.04219,49520,1,0,EURCHF,Pepperstone MT5
2015.04.10,1.04218,1.04268,1.03667,1.03793,38683,1,0,EURCHF,Pepperstone MT5
2015.04.11,1.03790,1.03847,1.03764,1.03801,973,15,0,EURCHF,Pepperstone MT5
2015.04.13,1.03801,1.04008,1.03200,1.03322,45556,1,0,EURCHF,Pepperstone MT5
2015.04.14,1.03324,1.03812,1.02960,1.03561,53771,1,0,EURCHF,Pepperstone MT5
2015.04.15,1.03561,1.03659,1.02937,1.03058,61166,1,0,EURCHF,Pepperstone MT5
2015.04.16,1.03059,1.03441,1.02747,1.02981,84117,3,0,EURCHF,Pepperstone MT5
2015.04.17,1.02980,1.03259,1.02631,1.02896,73589,1,0,EURCHF,Pepperstone MT5
2015.04.18,1.02895,1.02957,1.02752,1.02850,1081,9,0,EURCHF,Pepperstone MT5
2015.04.20,1.02850,1.03020,1.02342,1.02632,48034,1,0,EURCHF,Pepperstone MT5
2015.04.21,1.02633,1.02740,1.02355,1.02512,64069,1,0,EURCHF,Pepperstone MT5
2015.04.22,1.02513,1.04265,1.02385,1.04053,74965,1,0,EURCHF,Pepperstone MT5
2015.04.23,1.04053,1.04186,1.03121,1.03277,88287,1,0,EURCHF,Pepperstone MT5
2015.04.24,1.03276,1.03803,1.03170,1.03638,71476,1,0,EURCHF,Pepperstone MT5
2015.04.25,1.03637,1.03751,1.03598,1.03642,1856,5,0,EURCHF,Pepperstone MT5
2015.04.27,1.03659,1.04124,1.03477,1.04124,63920,1,0,EURCHF,Pepperstone MT5
2015.04.28,1.04126,1.04940,1.03792,1.04916,84451,1,0,EURCHF,Pepperstone MT5
2015.04.29,1.04918,1.05082,1.04262,1.04475,101971,1,0,EURCHF,Pepperstone MT5
2015.04.30,1.04475,1.05239,1.04300,1.04738,118236,1,0,EURCHF,Pepperstone MT5
2015.05.01,1.04740,1.05027,1.04440,1.04541,77013,1,0,EURCHF,Pepperstone MT5
2015.05.02,1.04541,1.04614,1.04419,1.04427,2135,2,0,EURCHF,Pepperstone MT5
2015.05.04,1.04459,1.04804,1.04059,1.04117,45815,1,0,EURCHF,Pepperstone MT5
2015.05.05,1.04110,1.04246,1.03464,1.03718,17563,2,0,EURCHF,Pepperstone MT5
2015.05.06,1.03719,1.03983,1.03569,1.03941,52435,1,0,EURCHF,Pepperstone MT5
2015.05.07,1.03941,1.04020,1.03051,1.03830,16608,2,0,EURCHF,Pepperstone MT5
2015.05.08,1.03829,1.04452,1.03311,1.04340,20281,8,0,EURCHF,Pepperstone MT5
2015.05.09,1.04335,1.04481,1.04306,1.04436,357,19,0,EURCHF,Pepperstone MT5
2015.05.11,1.04280,1.04351,1.03865,1.04162,37913,5,0,EURCHF,Pepperstone MT5
2015.05.12,1.04163,1.04365,1.03840,1.04192,81603,12,0,EURCHF,Pepperstone MT5
2015.05.13,1.04192,1.04393,1.04027,1.04076,69034,4,0,EURCHF,Pepperstone MT5
2015.05.14,1.04068,1.04298,1.03830,1.04122,86236,9,0,EURCHF,Pepperstone MT5
2015.05.15,1.04121,1.05058,1.04000,1.04831,73572,3,0,EURCHF,Pepperstone MT5
2015.05.16,1.04830,1.04839,1.04775,1.04803,480,15,0,EURCHF,Pepperstone MT5
2015.05.18,1.04836,1.05010,1.04525,1.04676,40269,3,0,EURCHF,Pepperstone MT5
2015.05.19,1.04678,1.04879,1.04036,1.04525,88390,9,0,EURCHF,Pepperstone MT5
2015.05.20,1.04526,1.04538,1.03896,1.03976,96731,9,0,EURCHF,Pepperstone MT5
2015.05.21,1.03974,1.04168,1.03847,1.04089,89737,8,0,EURCHF,Pepperstone MT5
2015.05.22,1.04086,1.04496,1.03858,1.03918,90671,9,0,EURCHF,Pepperstone MT5
2015.05.23,1.03919,1.03993,1.03828,1.03925,1361,9,0,EURCHF,Pepperstone MT5
2015.05.25,1.03806,1.03839,1.03398,1.03786,50830,9,0,EURCHF,Pepperstone MT5
2015.05.26,1.03784,1.03805,1.03233,1.03636,88387,2,0,EURCHF,Pepperstone MT5
2015.05.27,1.03634,1.03727,1.03158,1.03600,86304,9,0,EURCHF,Pepperstone MT5
2015.05.28,1.03602,1.03633,1.03049,1.03308,95357,9,0,EURCHF,Pepperstone MT5
2015.05.29,1.03308,1.03636,1.02796,1.03220,87671,9,0,EURCHF,Pepperstone MT5
2015.05.30,1.03219,1.03347,1.03209,1.03324,1886,11,0,EURCHF,Pepperstone MT5
2015.06.01,1.03297,1.03502,1.02950,1.03353,92973,5,0,EURCHF,Pepperstone MT5
2015.06.02,1.03353,1.04306,1.03117,1.04002,120631,2,0,EURCHF,Pepperstone MT5
2015.06.03,1.04004,1.05399,1.03976,1.05335,79334,2,0,EURCHF,Pepperstone MT5
2015.06.04,1.05329,1.05725,1.04809,1.04856,32070,2,0,EURCHF,Pepperstone MT5
2015.06.05,1.04857,1.05348,1.04401,1.04430,146386,5,0,EURCHF,Pepperstone MT5
2015.06.06,1.04432,1.04495,1.04399,1.04403,1800,12,0,EURCHF,Pepperstone MT5
2015.06.08,1.04488,1.05087,1.04396,1.04802,113217,3,0,EURCHF,Pepperstone MT5
2015.06.09,1.04802,1.05124,1.04414,1.04966,130562,7,0,EURCHF,Pepperstone MT5
2015.06.10,1.04965,1.05473,1.04734,1.05457,135300,7,0,EURCHF,Pepperstone MT5
2015.06.11,1.05457,1.05541,1.04946,1.05148,106262,3,0,EURCHF,Pepperstone MT5
2015.06.12,1.05147,1.05155,1.04253,1.04573,38642,9,0,EURCHF,Pepperstone MT5
2015.06.13,1.04566,1.04568,1.04478,1.04549,305,21,0,EURCHF,Pepperstone MT5
2015.06.15,1.04262,1.05416,1.04166,1.04797,74894,15,0,EURCHF,Pepperstone MT5
2015.06.16,1.04794,1.05071,1.04543,1.04825,87812,4,0,EURCHF,Pepperstone MT5
2015.06.17,1.04826,1.04876,1.04028,1.04553,118457,3,0,EURCHF,Pepperstone MT5
2015.06.18,1.04552,1.05345,1.04383,1.04773,133281,3,0,EURCHF,Pepperstone MT5
2015.06.19,1.04773,1.04897,1.04047,1.04058,95810,3,0,EURCHF,Pepperstone MT5
2015.06.20,1.04058,1.04243,1.04023,1.04205,2498,8,0,EURCHF,Pepperstone MT5
2015.06.22,1.04248,1.04801,1.04101,1.04498,101734,3,0,EURCHF,Pepperstone MT5
2015.06.23,1.04498,1.04742,1.04249,1.04307,113142,3,0,EURCHF,Pepperstone MT5
2015.06.24,1.04308,1.04734,1.04226,1.04580,108186,3,0,EURCHF,Pepperstone MT5
2015.06.25,1.04579,1.05459,1.04525,1.04982,102569,3,0,EURCHF,Pepperstone MT5
2015.06.26,1.04980,1.04998,1.04102,1.04322,98754,3,0,EURCHF,Pepperstone MT5
2015.06.27,1.04322,1.04358,1.04191,1.04268,2793,7,0,EURCHF,Pepperstone MT5
2015.06.29,1.03262,1.04404,1.03128,1.04047,149789,3,0,EURCHF,Pepperstone MT5
2015.06.30,1.04051,1.04518,1.03713,1.04234,128109,3,0,EURCHF,Pepperstone MT5
2015.07.01,1.04234,1.04924,1.04027,1.04770,117470,3,0,EURCHF,Pepperstone MT5
2015.07.02,1.04769,1.05243,1.04479,1.04604,107817,1,0,EURCHF,Pepperstone MT5
2015.07.03,1.04601,1.04715,1.04347,1.04394,79602,1,0,EURCHF,Pepperstone MT5
2015.07.04,1.04388,1.04454,1.04267,1.04332,1042,24,0,EURCHF,Pepperstone MT5
2015.07.06,1.03633,1.04560,1.03505,1.04163,143227,13,0,EURCHF,Pepperstone MT5
2015.07.07,1.04163,1.04356,1.03649,1.04193,131367,9,0,EURCHF,Pepperstone MT5
2015.07.08,1.04193,1.05173,1.03921,1.04671,133537,8,0,EURCHF,Pepperstone MT5
2015.07.09,1.04670,1.05060,1.04293,1.04533,123648,5,0,EURCHF,Pepperstone MT5
2015.07.10,1.04529,1.05240,1.04240,1.04758,139749,1,0,EURCHF,Pepperstone MT5
2015.07.11,1.04755,1.04766,1.04493,1.04675,2368,12,0,EURCHF,Pepperstone MT5
2015.07.13,1.04498,1.05113,1.04419,1.04474,124133,1,0,EURCHF,Pepperstone MT5
2015.07.14,1.04474,1.04637,1.03995,1.04013,121488,1,0,EURCHF,Pepperstone MT5
2015.07.15,1.04018,1.04519,1.03955,1.04211,99242,1,0,EURCHF,Pepperstone MT5
2015.07.16,1.04211,1.04373,1.03973,1.04142,108756,4,0,EURCHF,Pepperstone MT5
2015.07.17,1.04136,1.04403,1.04060,1.04160,90810,9,0,EURCHF,Pepperstone MT5
2015.07.18,1.04160,1.04211,1.04106,1.04141,1527,15,0,EURCHF,Pepperstone MT5
2015.07.20,1.04165,1.04558,1.04093,1.04401,91097,14,0,EURCHF,Pepperstone MT5
2015.07.21,1.04404,1.04932,1.04248,1.04814,137979,3,0,EURCHF,Pepperstone MT5
2015.07.22,1.04815,1.04923,1.04578,1.04858,141178,3,0,EURCHF,Pepperstone MT5
2015.07.23,1.04858,1.05491,1.04692,1.05475,122881,2,99459232000,EURCHF,Pepperstone MT5
2015.07.24,1.05481,1.05800,1.05060,1.05622,92844,13,103684855000,EURCHF,Pepperstone MT5
2015.07.25,1.05622,1.05738,1.05590,1.05590,1795,15,2549800000,EURCHF,Pepperstone MT5
2015.07.27,1.05575,1.06896,1.05565,1.06802,114529,15,119744739000,EURCHF,Pepperstone MT5
2015.07.28,1.06800,1.06821,1.06307,1.06400,109025,15,110172529000,EURCHF,Pepperstone MT5
2015.07.29,1.06401,1.06557,1.06081,1.06302,114817,9,131004211000,EURCHF,Pepperstone MT5
2015.07.30,1.06300,1.06666,1.05748,1.05956,117402,15,132643687000,EURCHF,Pepperstone MT5
2015.07.31,1.05956,1.06514,1.05298,1.06078,131040,7,141525777000,EURCHF,Pepperstone MT5
2015.08.01,1.06081,1.06143,1.05933,1.06089,2395,17,2536250000,EURCHF,Pepperstone MT5
2015.08.03,1.06029,1.06216,1.05897,1.06211,122459,15,145397075000,EURCHF,Pepperstone MT5
2015.08.04,1.06209,1.06713,1.05945,1.06498,136406,12,150653175000,EURCHF,Pepperstone MT5
2015.08.05,1.06497,1.06812,1.06206,1.06742,135610,11,159598940000,EURCHF,Pepperstone MT5
2015.08.06,1.06741,1.07224,1.06652,1.07171,111575,10,125405101000,EURCHF,Pepperstone MT5
2015.08.07,1.07171,1.07880,1.06993,1.07861,108254,10,114661910000,EURCHF,Pepperstone MT5
2015.08.08,1.07861,1.07866,1.07804,1.07813,1419,11,1618600000,EURCHF,Pepperstone MT5
2015.08.10,1.07575,1.08405,1.07547,1.08377,92533,10,97463345000,EURCHF,Pepperstone MT5
2015.08.11,1.08377,1.09197,1.07716,1.09132,122723,13,127504925000,EURCHF,Pepperstone MT5
2015.08.12,1.09132,1.09612,1.08399,1.08884,132621,15,144574394000,EURCHF,Pepperstone MT5
2015.08.13,1.08772,1.08924,1.08263,1.08777,107063,8,121781907000,EURCHF,Pepperstone MT5
2015.08.14,1.08777,1.08906,1.08424,1.08437,103901,15,136209394000,EURCHF,Pepperstone MT5
2015.08.15,1.08437,1.08481,1.08346,1.08434,1978,16,2522350000,EURCHF,Pepperstone MT5
2015.08.17,1.08488,1.08547,1.08131,1.08232,108850,15,143164999000,EURCHF,Pepperstone MT5
2015.08.18,1.08234,1.08480,1.07591,1.07783,100976,15,126115257000,EURCHF,Pepperstone MT5
2015.08.19,1.07784,1.08010,1.07121,1.07337,114238,15,142913278000,EURCHF,Pepperstone MT5
2015.08.20,1.07337,1.07920,1.07113,1.07665,127214,13,147589271000,EURCHF,Pepperstone MT5
2015.08.21,1.07662,1.08034,1.07540,1.07769,146613,15,176648338000,EURCHF,Pepperstone MT5
2015.08.22,1.07763,1.07852,1.07670,1.07799,3805,15,4410250000,EURCHF,Pepperstone MT5
2015.08.24,1.07623,1.08778,1.07604,1.08150,201240,10,160661542000,EURCHF,Pepperstone MT5
2015.08.25,1.08152,1.08799,1.07701,1.08090,189541,8,219810004000,EURCHF,Pepperstone MT5
2015.08.26,1.08089,1.08575,1.07603,1.08072,185356,15,229528705000,EURCHF,Pepperstone MT5
2015.08.27,1.08070,1.08700,1.07545,1.08630,157472,15,190674163000,EURCHF,Pepperstone MT5
2015.08.28,1.08630,1.08692,1.07321,1.07644,144237,15,189441619000,EURCHF,Pepperstone MT5
2015.08.29,1.07642,1.07714,1.07520,1.07531,2592,19,2810400000,EURCHF,Pepperstone MT5
2015.08.31,1.07355,1.08544,1.07355,1.08465,111406,13,118084558000,EURCHF,Pepperstone MT5
2015.09.01,1.08464,1.08708,1.08144,1.08499,149210,11,171816181000,EURCHF,Pepperstone MT5
2015.09.02,1.08498,1.09011,1.08300,1.08872,137521,15,150671396000,EURCHF,Pepperstone MT5
2015.09.03,1.08871,1.09021,1.08208,1.08274,126314,15,163285676000,EURCHF,Pepperstone MT5
2015.09.04,1.08275,1.08734,1.07981,1.08382,121503,9,163998653000,EURCHF,Pepperstone MT5
2015.09.05,1.08382,1.08434,1.08284,1.08300,2519,18,2961630000,EURCHF,Pepperstone MT5
2015.09.07,1.08305,1.08987,1.08274,1.08896,103811,13,128613556000,EURCHF,Pepperstone MT5
2015.09.08,1.08891,1.09827,1.08689,1.09746,104602,6,105721259000,EURCHF,Pepperstone MT5
2015.09.09,1.09745,1.09772,1.08774,1.09274,121388,15,132262408000,EURCHF,Pepperstone MT5
2015.09.10,1.09275,1.09797,1.08970,1.09790,131217,8,153564897000,EURCHF,Pepperstone MT5
2015.09.11,1.09787,1.10491,1.09512,1.09867,113601,5,137085373000,EURCHF,Pepperstone MT5
2015.09.12,1.09865,1.09890,1.09716,1.09797,2501,15,2429850000,EURCHF,Pepperstone MT5
2015.09.14,1.09801,1.10107,1.09379,1.09602,93246,4,92914959000,EURCHF,Pepperstone MT5
2015.09.15,1.09600,1.09979,1.09421,1.09779,95981,6,116524011000,EURCHF,Pepperstone MT5
2015.09.16,1.09780,1.09931,1.09145,1.09576,98314,8,113503453000,EURCHF,Pepperstone MT5
2015.09.17,1.09577,1.09942,1.09459,1.09722,119159,12,143686702000,EURCHF,Pepperstone MT5
2015.09.18,1.09722,1.09824,1.08987,1.09370,128194,15,145513039000,EURCHF,Pepperstone MT5
2015.09.19,1.09366,1.09469,1.09293,1.09332,3696,15,4199200000,EURCHF,Pepperstone MT5
2015.09.21,1.09260,1.09575,1.08428,1.08745,107680,15,129264705000,EURCHF,Pepperstone MT5
2015.09.22,1.08745,1.08879,1.08222,1.08501,97959,1,119259847000,EURCHF,Pepperstone MT5
2015.09.23,1.08501,1.09556,1.08393,1.09528,103639,6,118119712000,EURCHF,Pepperstone MT5
2015.09.24,1.09528,1.09665,1.09139,1.09521,114314,15,129455515000,EURCHF,Pepperstone MT5
2015.09.25,1.09519,1.09817,1.08903,1.09714,122391,15,144460244000,EURCHF,Pepperstone MT5
2015.09.26,1.09714,1.09727,1.09440,1.09561,2083,15,2146384000,EURCHF,Pepperstone MT5
2015.09.28,1.09470,1.09692,1.09097,1.09477,110332,7,136360069000,EURCHF,Pepperstone MT5
2015.09.29,1.09471,1.09553,1.08948,1.09350,113009,9,139129519000,EURCHF,Pepperstone MT5
2015.09.30,1.09351,1.09444,1.08842,1.08882,121364,10,145313485000,EURCHF,Pepperstone MT5
2015.10.01,1.08882,1.09416,1.08679,1.09306,114556,15,124929130000,EURCHF,Pepperstone MT5
2015.10.02,1.09311,1.09408,1.08841,1.08901,122768,15,153123940000,EURCHF,Pepperstone MT5
2015.10.03,1.08899,1.09017,1.08846,1.08846,3254,20,4666800000,EURCHF,Pepperstone MT5
2015.10.05,1.08865,1.09441,1.08865,1.09090,114993,9,135867532000,EURCHF,Pepperstone MT5
2015.10.06,1.09092,1.09395,1.08963,1.09007,99624,13,118343621000,EURCHF,Pepperstone MT5
2015.10.07,1.09009,1.09476,1.08646,1.09418,107351,11,114866662000,EURCHF,Pepperstone MT5
2015.10.08,1.09417,1.09472,1.08915,1.08938,100733,14,121240391000,EURCHF,Pepperstone MT5
2015.10.09,1.08940,1.09295,1.08793,1.09203,105049,14,120115965000,EURCHF,Pepperstone MT5
2015.10.10,1.09201,1.09262,1.09143,1.09185,2135,15,1494650000,EURCHF,Pepperstone MT5
2015.10.12,1.09083,1.09437,1.09078,1.09377,77516,12,85980494000,EURCHF,Pepperstone MT5
2015.10.13,1.09381,1.09490,1.08894,1.08931,95427,10,109960440000,EURCHF,Pepperstone MT5
2015.10.14,1.08930,1.09170,1.08767,1.09027,97428,15,111147423000,EURCHF,Pepperstone MT5
2015.10.15,1.09033,1.09084,1.08147,1.08147,103689,15,117422477000,EURCHF,Pepperstone MT5
2015.10.16,1.08148,1.08517,1.07819,1.08261,83909,15,92880844000,EURCHF,Pepperstone MT5
2015.10.17,1.08264,1.08297,1.08187,1.08201,2624,15,2300200000,EURCHF,Pepperstone MT5
2015.10.19,1.08207,1.08514,1.08096,1.08305,85460,15,95632726000,EURCHF,Pepperstone MT5
2015.10.20,1.08307,1.08520,1.07957,1.08471,77899,15,88536934000,EURCHF,Pepperstone MT5
2015.10.21,1.08472,1.08934,1.08357,1.08798,86649,15,92510061000,EURCHF,Pepperstone MT5
2015.10.22,1.08798,1.08991,1.08066,1.08074,112123,15,117056917000,EURCHF,Pepperstone MT5
2015.10.23,1.08074,1.08271,1.07576,1.07807,116410,15,122541111000,EURCHF,Pepperstone MT5
2015.10.24,1.07807,1.07869,1.07665,1.07665,2213,15,2142596000,EURCHF,Pepperstone MT5
2015.10.26,1.07742,1.08769,1.07719,1.08726,97067,15,95619002000,EURCHF,Pepperstone MT5
2015.10.27,1.08727,1.08982,1.08478,1.08906,87377,6,92640300000,EURCHF,Pepperstone MT5
2015.10.28,1.08942,1.09082,1.08262,1.08532,103181,15,111651610000,EURCHF,Pepperstone MT5
2015.10.29,1.08520,1.08772,1.08361,1.08556,103748,15,110201470000,EURCHF,Pepperstone MT5
2015.10.30,1.08615,1.09171,1.08499,1.08663,108870,15,105517288000,EURCHF,Pepperstone MT5
2015.11.02,1.08508,1.08928,1.08501,1.08700,88453,15,92871216000,EURCHF,Pepperstone MT5
2015.11.03,1.08701,1.08758,1.08446,1.08581,87922,15,94618598000,EURCHF,Pepperstone MT5
2015.11.04,1.08580,1.08677,1.07799,1.07886,103683,15,109997642000,EURCHF,Pepperstone MT5
2015.11.05,1.07885,1.08435,1.07697,1.08274,106603,15,110987612000,EURCHF,Pepperstone MT5
2015.11.06,1.08275,1.08393,1.07337,1.08057,99249,15,107624593000,EURCHF,Pepperstone MT5
2015.11.07,1.08056,1.08067,1.07930,1.07931,1875,15,2804750000,EURCHF,Pepperstone MT5
2015.11.09,1.07721,1.08178,1.07655,1.07912,115159,6,119678480000,EURCHF,Pepperstone MT5
2015.11.10,1.07912,1.07985,1.07606,1.07835,116304,5,126131121000,EURCHF,Pepperstone MT5
2015.11.11,1.07836,1.08048,1.07683,1.07910,110698,15,113131077000,EURCHF,Pepperstone MT5
2015.11.12,1.07911,1.08261,1.07543,1.08174,136663,15,152210889000,EURCHF,Pepperstone MT5
2015.11.13,1.08175,1.08294,1.07797,1.08255,132234,15,132468234000,EURCHF,Pepperstone MT5
2015.11.14,1.08256,1.08350,1.08191,1.08281,2821,15,3118050000,EURCHF,Pepperstone MT5
2015.11.16,1.07989,1.08164,1.07826,1.07886,114453,15,119685010000,EURCHF,Pepperstone MT5
2015.11.17,1.07886,1.08194,1.07729,1.07981,117373,15,108277788000,EURCHF,Pepperstone MT5
2015.11.18,1.07984,1.08633,1.07852,1.08597,118072,15,117252261000,EURCHF,Pepperstone MT5
2015.11.19,1.08595,1.08992,1.08570,1.08708,128214,15,127029543000,EURCHF,Pepperstone MT5
2015.11.20,1.08706,1.08798,1.08333,1.08419,123168,15,127636871000,EURCHF,Pepperstone MT5
2015.11.21,1.08418,1.08461,1.08397,1.08397,1494,18,1714700000,EURCHF,Pepperstone MT5
2015.11.23,1.08423,1.08550,1.08125,1.08256,123775,15,128349563000,EURCHF,Pepperstone MT5
2015.11.24,1.08257,1.08516,1.08109,1.08139,122462,15,130933950000,EURCHF,Pepperstone MT5
2015.11.25,1.08139,1.08596,1.08096,1.08512,134489,2,136179008000,EURCHF,Pepperstone MT5
2015.11.26,1.08514,1.08777,1.08286,1.08566,86068,15,88625200000,EURCHF,Pepperstone MT5
2015.11.27,1.08566,1.09261,1.08514,1.09031,110977,15,111119984000,EURCHF,Pepperstone MT5
2015.11.28,1.09025,1.09170,1.08999,1.09010,1601,21,1715500000,EURCHF,Pepperstone MT5
2015.11.30,1.09014,1.09165,1.08451,1.08691,107461,14,109417180000,EURCHF,Pepperstone MT5
2015.12.01,1.08694,1.09342,1.08514,1.09177,115915,15,118058940000,EURCHF,Pepperstone MT5
2015.12.02,1.09178,1.09186,1.08141,1.08196,121471,15,131680952000,EURCHF,Pepperstone MT5
2015.12.03,1.08199,1.09395,1.07934,1.08555,172477,15,181390014000,EURCHF,Pepperstone MT5
2015.12.04,1.08554,1.09149,1.08298,1.08393,173537,15,186914550000,EURCHF,Pepperstone MT5
2015.12.05,1.08393,1.08425,1.08247,1.08368,2384,19,3556750000,EURCHF,Pepperstone MT5
2015.12.07,1.08406,1.08763,1.08144,1.08477,120468,15,137391789000,EURCHF,Pepperstone MT5
2015.12.08,1.08479,1.08573,1.08003,1.08055,124137,15,136376979000,EURCHF,Pepperstone MT5
2015.12.09,1.08055,1.08537,1.07952,1.08425,138228,15,147881450000,EURCHF,Pepperstone MT5
2015.12.10,1.08426,1.08468,1.07935,1.08127,118692,15,129481600000,EURCHF,Pepperstone MT5
2015.12.11,1.08131,1.08401,1.07943,1.08091,112880,15,102912176000,EURCHF,Pepperstone MT5
2015.12.12,1.08091,1.08106,1.07968,1.08034,2855,15,3226700000,EURCHF,Pepperstone MT5
2015.12.14,1.07961,1.08419,1.07658,1.08363,120650,15,102491116000,EURCHF,Pepperstone MT5
2015.12.15,1.08361,1.08444,1.08025,1.08334,113534,15,102190052000,EURCHF,Pepperstone MT5
2015.12.16,1.08332,1.08385,1.07593,1.08100,126857,15,121541413000,EURCHF,Pepperstone MT5
2015.12.17,1.08098,1.08229,1.07623,1.07826,117138,15,106984443000,EURCHF,Pepperstone MT5
2015.12.18,1.07827,1.07964,1.07551,1.07801,105775,15,94911730000,EURCHF,Pepperstone MT5
2015.12.19,1.07801,1.07826,1.07693,1.07715,1615,16,1697950000,EURCHF,Pepperstone MT5
2015.12.21,1.07696,1.08396,1.07562,1.08292,89547,15,82892126000,EURCHF,Pepperstone MT5
2015.12.22,1.08292,1.08457,1.08142,1.08161,81566,15,70439715000,EURCHF,Pepperstone MT5
2015.12.23,1.08161,1.08249,1.07867,1.08116,74337,15,70039550000,EURCHF,Pepperstone MT5
2015.12.24,1.08116,1.08208,1.07876,1.08145,44311,9,40722250000,EURCHF,Pepperstone MT5
2015.12.28,1.07950,1.08541,1.07950,1.08363,58210,15,55424300000,EURCHF,Pepperstone MT5
2015.12.29,1.08368,1.08557,1.08234,1.08441,62109,15,52854326000,EURCHF,Pepperstone MT5
2015.12.30,1.08440,1.08504,1.07773,1.07783,64274,15,58041540000,EURCHF,Pepperstone MT5
2015.12.31,1.07780,1.08792,1.07780,1.08598,56765,15,48810450000,EURCHF,Pepperstone MT5
2016.01.04,1.08701,1.09001,1.08347,1.08561,117433,15,106318867000,EURCHF,Pepperstone MT5
2016.01.05,1.08562,1.08779,1.08330,1.08444,102312,15,95000000000,EURCHF,Pepperstone MT5
2016.01.06,1.08442,1.08690,1.08262,1.08611,120005,15,110800703000,EURCHF,Pepperstone MT5
2016.01.07,1.08611,1.08838,1.08409,1.08538,138617,15,132139978000,EURCHF,Pepperstone MT5
2016.01.08,1.08537,1.08842,1.08390,1.08600,134431,15,136252879000,EURCHF,Pepperstone MT5
2016.01.09,1.08600,1.08697,1.08596,1.08633,2042,15,2058800000,EURCHF,Pepperstone MT5
2016.01.11,1.08497,1.08824,1.08359,1.08703,120301,15,96084036000,EURCHF,Pepperstone MT5
2016.01.12,1.08702,1.08812,1.08425,1.08803,116676,15,119643330000,EURCHF,Pepperstone MT5
2016.01.13,1.08805,1.09541,1.08645,1.09422,124493,15,113035963000,EURCHF,Pepperstone MT5
2016.01.14,1.09424,1.09810,1.09143,1.09218,146631,15,138257389000,EURCHF,Pepperstone MT5
2016.01.15,1.09218,1.09607,1.08976,1.09386,153040,15,158532127000,EURCHF,Pepperstone MT5
2016.01.16,1.09386,1.09393,1.09215,1.09265,2008,15,1897250000,EURCHF,Pepperstone MT5
2016.01.18,1.09311,1.09621,1.09215,1.09510,112375,15,135484479000,EURCHF,Pepperstone MT5
2016.01.19,1.09510,1.09639,1.09111,1.09454,131271,15,147156351000,EURCHF,Pepperstone MT5
2016.01.20,1.09454,1.09780,1.09072,1.09373,151580,15,179674830000,EURCHF,Pepperstone MT5
2016.01.21,1.09373,1.09728,1.09174,1.09536,165128,15,184778359000,EURCHF,Pepperstone MT5
2016.01.22,1.09536,1.09865,1.09217,1.09692,131046,15,153695055000,EURCHF,Pepperstone MT5
2016.01.23,1.09692,1.09730,1.09463,1.09463,1913,17,2473275000,EURCHF,Pepperstone MT5
2016.01.25,1.09609,1.10056,1.09562,1.09925,126393,15,156453151000,EURCHF,Pepperstone MT5
2016.01.26,1.09925,1.10592,1.09830,1.10433,113354,15,129757423000,EURCHF,Pepperstone MT5
2016.01.27,1.10433,1.10749,1.10289,1.10569,141698,15,158299097000,EURCHF,Pepperstone MT5
2016.01.28,1.10569,1.11062,1.10440,1.10917,132993,12,137561262000,EURCHF,Pepperstone MT5
2016.01.29,1.10917,1.11644,1.10568,1.10959,166563,15,173336070000,EURCHF,Pepperstone MT5
2016.01.30,1.10958,1.10966,1.10767,1.10790,2365,15,3055319000,EURCHF,Pepperstone MT5
2016.02.01,1.10556,1.11157,1.10496,1.11020,121693,15,125087921000,EURCHF,Pepperstone MT5
2016.02.02,1.11020,1.11587,1.10908,1.11179,130125,8,133447174000,EURCHF,Pepperstone MT5
2016.02.03,1.11178,1.11595,1.10974,1.11566,163062,8,150648277000,EURCHF,Pepperstone MT5
2016.02.04,1.11563,1.11990,1.11143,1.11281,190728,8,200991272000,EURCHF,Pepperstone MT5
2016.02.05,1.11281,1.11342,1.10334,1.10643,152277,15,171359290000,EURCHF,Pepperstone MT5
2016.02.06,1.10644,1.10724,1.10489,1.10499,2904,15,2140250000,EURCHF,Pepperstone MT5
2016.02.08,1.10568,1.10947,1.10181,1.10406,156821,15,189594887000,EURCHF,Pepperstone MT5
2016.02.09,1.10405,1.10557,1.09573,1.09677,187755,15,217067108000,EURCHF,Pepperstone MT5
2016.02.10,1.09677,1.09990,1.09509,1.09780,186397,15,223985114000,EURCHF,Pepperstone MT5
2016.02.11,1.09782,1.10423,1.09492,1.10086,204895,15,211750049000,EURCHF,Pepperstone MT5
2016.02.12,1.10084,1.10209,1.09645,1.09890,158821,15,192287349000,EURCHF,Pepperstone MT5
2016.02.13,1.09890,1.10014,1.09819,1.09819,1739,15,1729000000,EURCHF,Pepperstone MT5
2016.02.15,1.09705,1.10309,1.09658,1.10141,127384,15,136352406000,EURCHF,Pepperstone MT5
2016.02.16,1.10138,1.10316,1.09958,1.10128,138062,15,160131090000,EURCHF,Pepperstone MT5
2016.02.17,1.10135,1.10604,1.09987,1.10415,138325,15,157119630000,EURCHF,Pepperstone MT5
2016.02.18,1.10417,1.10538,1.10211,1.10222,142262,15,192137719000,EURCHF,Pepperstone MT5
2016.02.19,1.10223,1.10478,1.09977,1.10201,137025,15,156506176000,EURCHF,Pepperstone MT5
2016.02.20,1.10200,1.10215,1.10076,1.10107,2026,15,2557200000,EURCHF,Pepperstone MT5
2016.02.22,1.09959,1.10223,1.09843,1.10113,141894,15,168816480000,EURCHF,Pepperstone MT5
2016.02.23,1.10112,1.10269,1.09152,1.09228,141289,15,168417407000,EURCHF,Pepperstone MT5
2016.02.24,1.09227,1.09421,1.08641,1.08866,154267,15,202922036000,EURCHF,Pepperstone MT5
2016.02.25,1.08868,1.09473,1.08819,1.09163,153736,15,213666324000,EURCHF,Pepperstone MT5
2016.02.26,1.09164,1.09409,1.08869,1.08969,150363,15,214197654000,EURCHF,Pepperstone MT5
2016.02.27,1.08966,1.08982,1.08834,1.08858,2041,15,2326350000,EURCHF,Pepperstone MT5
2016.02.29,1.08847,1.09300,1.08093,1.08608,133573,15,183702868000,EURCHF,Pepperstone MT5
2016.03.01,1.08606,1.08777,1.08224,1.08310,134870,11,181264940000,EURCHF,Pepperstone MT5
2016.03.02,1.08309,1.08583,1.08200,1.08293,144993,15,190109198000,EURCHF,Pepperstone MT5
2016.03.03,1.08292,1.08653,1.08158,1.08598,132560,15,192276450000,EURCHF,Pepperstone MT5
2016.03.04,1.08598,1.09463,1.08505,1.09294,144199,15,189729950000,EURCHF,Pepperstone MT5
2016.03.05,1.09294,1.09410,1.09231,1.09243,3061,15,4663550000,EURCHF,Pepperstone MT5
2016.03.07,1.09051,1.09739,1.09044,1.09621,113757,15,140156749000,EURCHF,Pepperstone MT5
2016.03.08,1.09620,1.09690,1.09163,1.09602,115298,15,138929689000,EURCHF,Pepperstone MT5
2016.03.09,1.09602,1.09995,1.09435,1.09720,112428,15,138039529000,EURCHF,Pepperstone MT5
2016.03.10,1.09719,1.10218,1.08914,1.10074,136968,15,155751996000,EURCHF,Pepperstone MT5
2016.03.11,1.10074,1.10161,1.09339,1.09570,126685,15,133853390000,EURCHF,Pepperstone MT5
2016.03.12,1.09568,1.09598,1.09480,1.09483,1800,15,1875647000,EURCHF,Pepperstone MT5
2016.03.14,1.09530,1.09906,1.09448,1.09574,113758,15,150933265000,EURCHF,Pepperstone MT5
2016.03.15,1.09566,1.09707,1.09433,1.09631,108078,15,126518441000,EURCHF,Pepperstone MT5
2016.03.16,1.09626,1.09750,1.09387,1.09597,117825,15,134017380000,EURCHF,Pepperstone MT5
2016.03.17,1.09601,1.09949,1.09212,1.09495,142714,15,136451334000,EURCHF,Pepperstone MT5
2016.03.18,1.09491,1.09500,1.09043,1.09129,112371,15,145042525000,EURCHF,Pepperstone MT5
2016.03.21,1.09251,1.09431,1.08928,1.09021,96277,10,140598658000,EURCHF,Pepperstone MT5
2016.03.22,1.09003,1.09161,1.08744,1.09089,107013,15,141632992000,EURCHF,Pepperstone MT5
2016.03.23,1.09097,1.09238,1.08735,1.09021,90680,15,131082637000,EURCHF,Pepperstone MT5
2016.03.24,1.09017,1.09093,1.08736,1.08984,87393,15,116395145000,EURCHF,Pepperstone MT5
2016.03.25,1.08979,1.09237,1.08882,1.09010,46363,15,41734280000,EURCHF,Pepperstone MT5
2016.03.28,1.09121,1.09218,1.08917,1.09067,49360,15,60780381000,EURCHF,Pepperstone MT5
2016.03.29,1.09067,1.09287,1.08838,1.09182,107067,15,145863347000,EURCHF,Pepperstone MT5
2016.03.30,1.09181,1.09334,1.08913,1.09316,121910,15,168401998000,EURCHF,Pepperstone MT5
2016.03.31,1.09316,1.09528,1.09053,1.09405,109618,15,141015114000,EURCHF,Pepperstone MT5
2016.04.01,1.09401,1.09501,1.09050,1.09207,110509,15,152981850000,EURCHF,Pepperstone MT5
2016.04.02,1.09207,1.09234,1.09029,1.09067,2124,15,2678950000,EURCHF,Pepperstone MT5
2016.04.04,1.08965,1.09317,1.08965,1.09269,92268,15,128999485000,EURCHF,Pepperstone MT5
2016.04.05,1.09270,1.09306,1.08775,1.08882,108471,15,151621989000,EURCHF,Pepperstone MT5
2016.04.06,1.08883,1.09117,1.08761,1.08948,108362,15,130647996000,EURCHF,Pepperstone MT5
2016.04.07,1.08948,1.09064,1.08427,1.08716,122152,15,176368331000,EURCHF,Pepperstone MT5
2016.04.08,1.08717,1.08941,1.08594,1.08725,105064,15,134156442000,EURCHF,Pepperstone MT5
2016.04.09,1.08725,1.08725,1.08604,1.08604,1778,15,3952200000,EURCHF,Pepperstone MT5
2016.04.11,1.08542,1.08981,1.08491,1.08858,96917,15,120619190000,EURCHF,Pepperstone MT5
2016.04.12,1.08858,1.08924,1.08718,1.08788,106673,15,125655037000,EURCHF,Pepperstone MT5
2016.04.13,1.08790,1.09106,1.08684,1.09022,111335,15,146821161000,EURCHF,Pepperstone MT5
2016.04.14,1.09022,1.09050,1.08657,1.08891,104661,15,128021962000,EURCHF,Pepperstone MT5
2016.04.15,1.08892,1.09266,1.08796,1.09220,87277,15,111755059000,EURCHF,Pepperstone MT5
2016.04.16,1.09220,1.09264,1.09161,1.09161,1737,15,1916950000,EURCHF,Pepperstone MT5
2016.04.18,1.09076,1.09227,1.08935,1.09103,87240,15,103588416000,EURCHF,Pepperstone MT5
2016.04.19,1.09104,1.09285,1.09023,1.09216,86661,15,99626732000,EURCHF,Pepperstone MT5
2016.04.20,1.09219,1.09891,1.09173,1.09802,98640,15,104501456000,EURCHF,Pepperstone MT5
2016.04.21,1.09803,1.10065,1.09625,1.10031,110103,15,120495444000,EURCHF,Pepperstone MT5
2016.04.22,1.10031,1.10160,1.09771,1.09850,102254,15,120218232000,EURCHF,Pepperstone MT5
2016.04.23,1.09850,1.09878,1.09725,1.09725,1527,15,1718700000,EURCHF,Pepperstone MT5
2016.04.25,1.09795,1.09933,1.09635,1.09864,82098,15,97007572000,EURCHF,Pepperstone MT5
2016.04.26,1.09865,1.10028,1.09771,1.09985,85572,15,106753219000,EURCHF,Pepperstone MT5
2016.04.27,1.09987,1.10091,1.09892,1.09986,95675,15,124195044000,EURCHF,Pepperstone MT5
2016.04.28,1.09986,1.10048,1.09640,1.09741,113389,15,128752771000,EURCHF,Pepperstone MT5
2016.04.29,1.09737,1.09936,1.09544,1.09817,111619,15,144606250000,EURCHF,Pepperstone MT5
2016.04.30,1.09817,1.09845,1.09720,1.09827,2523,15,1903250000,EURCHF,Pepperstone MT5
2016.05.02,1.09718,1.10071,1.09713,1.10049,93149,15,112115298000,EURCHF,Pepperstone MT5
2016.05.03,1.10049,1.10163,1.09590,1.09813,121742,15,164293873000,EURCHF,Pepperstone MT5
2016.05.04,1.09813,1.10033,1.09672,1.09966,115752,15,137098489000,EURCHF,Pepperstone MT5
2016.05.05,1.09966,1.10490,1.09924,1.10375,105406,15,121314821000,EURCHF,Pepperstone MT5
2016.05.06,1.10376,1.10925,1.10310,1.10811,109118,15,126494084000,EURCHF,Pepperstone MT5
2016.05.07,1.10811,1.10920,1.10809,1.10819,1910,15,2538190000,EURCHF,Pepperstone MT5
2016.05.09,1.10775,1.10870,1.10363,1.10515,85986,15,110713700000,EURCHF,Pepperstone MT5
2016.05.10,1.10519,1.11030,1.10494,1.10959,90338,15,110331066000,EURCHF,Pepperstone MT5
2016.05.11,1.10961,1.11076,1.10799,1.10932,83420,15,113619123000,EURCHF,Pepperstone MT5
2016.05.12,1.10932,1.10977,1.10257,1.10452,90964,15,139479510000,EURCHF,Pepperstone MT5
2016.05.13,1.10452,1.10502,1.10143,1.10263,97060,15,141176651000,EURCHF,Pepperstone MT5
2016.05.14,1.10262,1.10293,1.09797,1.09797,1527,19,1730150000,EURCHF,Pepperstone MT5
2016.05.16,1.10169,1.10716,1.10006,1.10679,73812,15,101602548000,EURCHF,Pepperstone MT5
2016.05.17,1.10679,1.10930,1.10563,1.10916,95386,15,127070714000,EURCHF,Pepperstone MT5
2016.05.18,1.10917,1.10963,1.10640,1.10791,110123,15,148602348000,EURCHF,Pepperstone MT5
2016.05.19,1.10791,1.10982,1.10599,1.10937,105997,15,131438092000,EURCHF,Pepperstone MT5
2016.05.20,1.10936,1.11280,1.10749,1.11146,79943,15,114282032000,EURCHF,Pepperstone MT5
2016.05.21,1.11146,1.11195,1.10923,1.10923,1567,15,1877500000,EURCHF,Pepperstone MT5
2016.05.23,1.10884,1.11225,1.10884,1.10965,83594,15,109923399000,EURCHF,Pepperstone MT5
2016.05.24,1.10964,1.11128,1.10589,1.10670,96792,15,142624449000,EURCHF,Pepperstone MT5
2016.05.25,1.10670,1.10686,1.10167,1.10548,93210,15,124690652000,EURCHF,Pepperstone MT5
2016.05.26,1.10549,1.10862,1.10417,1.10725,97585,15,132926246000,EURCHF,Pepperstone MT5
2016.05.27,1.10725,1.10789,1.10396,1.10512,91795,15,131060977000,EURCHF,Pepperstone MT5
2016.05.28,1.10512,1.10559,1.10504,1.10529,1443,16,2299800000,EURCHF,Pepperstone MT5
2016.05.30,1.10499,1.10705,1.10401,1.10554,60797,15,64897243000,EURCHF,Pepperstone MT5
2016.05.31,1.10558,1.10738,1.10287,1.10582,114514,15,171293818000,EURCHF,Pepperstone MT5
2016.06.01,1.10582,1.10690,1.10232,1.10561,119176,15,176728883000,EURCHF,Pepperstone MT5
2016.06.02,1.10562,1.10670,1.10305,1.10470,109452,15,165040283000,EURCHF,Pepperstone MT5
2016.06.03,1.10470,1.11054,1.10243,1.10847,119403,15,171932243000,EURCHF,Pepperstone MT5
2016.06.04,1.10846,1.10966,1.10844,1.10884,2652,15,2666250000,EURCHF,Pepperstone MT5
2016.06.06,1.10819,1.10980,1.10234,1.10294,109706,15,154003096000,EURCHF,Pepperstone MT5
2016.06.07,1.10297,1.10323,1.09613,1.09641,98601,15,151778073000,EURCHF,Pepperstone MT5
2016.06.08,1.09642,1.09847,1.09258,1.09329,97197,15,139954987000,EURCHF,Pepperstone MT5
2016.06.09,1.09331,1.09369,1.08849,1.09125,99741,15,147580068000,EURCHF,Pepperstone MT5
2016.06.10,1.09127,1.09157,1.08438,1.08503,105499,15,143455271000,EURCHF,Pepperstone MT5
2016.06.11,1.08501,1.08530,1.08468,1.08484,1240,15,1480900000,EURCHF,Pepperstone MT5
2016.06.13,1.08485,1.09219,1.08386,1.08831,113027,15,165714316000,EURCHF,Pepperstone MT5
2016.06.14,1.08831,1.08911,1.07891,1.07961,112488,15,155446056000,EURCHF,Pepperstone MT5
2016.06.15,1.07961,1.08611,1.07800,1.08266,112684,15,139091364000,EURCHF,Pepperstone MT5
2016.06.16,1.08269,1.08638,1.07761,1.08311,145182,15,178832954000,EURCHF,Pepperstone MT5
2016.06.17,1.08310,1.08738,1.08086,1.08256,116255,15,138925100000,EURCHF,Pepperstone MT5
2016.06.18,1.08256,1.08258,1.07752,1.07798,1500,15,1006650000,EURCHF,Pepperstone MT5
2016.06.20,1.08662,1.09078,1.08359,1.08819,115591,15,132331701000,EURCHF,Pepperstone MT5
2016.06.21,1.08819,1.09030,1.07972,1.08224,105067,15,118446921000,EURCHF,Pepperstone MT5
2016.06.22,1.08224,1.08501,1.08010,1.08381,104261,15,124600559000,EURCHF,Pepperstone MT5
2016.06.23,1.08381,1.09158,1.08034,1.09063,120894,15,146258365000,EURCHF,Pepperstone MT5
2016.06.24,1.09062,1.10123,1.06205,1.07979,211826,15,270420188000,EURCHF,Pepperstone MT5
2016.06.25,1.07979,1.08161,1.07871,1.07933,2407,15,2786750000,EURCHF,Pepperstone MT5
2016.06.27,1.06527,1.08045,1.06514,1.07811,183544,15,197209303000,EURCHF,Pepperstone MT5
2016.06.28,1.07810,1.08705,1.07691,1.08649,132452,15,174454577000,EURCHF,Pepperstone MT5
2016.06.29,1.08648,1.08937,1.08351,1.08867,126175,15,156078940000,EURCHF,Pepperstone MT5
2016.06.30,1.08868,1.08984,1.07984,1.08333,144358,15,196194947000,EURCHF,Pepperstone MT5
2016.07.02,1.08367,1.08426,1.08265,1.08333,1865,15,1671750000,EURCHF,Pepperstone MT5
2016.07.04,1.08273,1.08523,1.08099,1.08232,73343,15,87533889000,EURCHF,Pepperstone MT5
2016.07.05,1.08232,1.08486,1.08042,1.08144,107709,15,136376600000,EURCHF,Pepperstone MT5
2016.07.06,1.08144,1.08398,1.07931,1.08202,132995,10,172670326000,EURCHF,Pepperstone MT5
2016.07.07,1.08203,1.08363,1.08041,1.08277,109822,15,143778999000,EURCHF,Pepperstone MT5
2016.07.08,1.08276,1.08734,1.08205,1.08724,104475,15,141749643000,EURCHF,Pepperstone MT5
2016.07.09,1.08724,1.08728,1.08401,1.08415,1949,15,2366650000,EURCHF,Pepperstone MT5
2016.07.11,1.08446,1.08736,1.08408,1.08633,111712,15,143211083000,EURCHF,Pepperstone MT5
2016.07.12,1.08634,1.09414,1.08555,1.09377,122445,15,153124937000,EURCHF,Pepperstone MT5
2016.07.13,1.09375,1.09440,1.08977,1.09199,115660,15,153215977000,EURCHF,Pepperstone MT5
2016.07.14,1.09201,1.09415,1.08796,1.08983,130394,15,176177254000,EURCHF,Pepperstone MT5
2016.07.15,1.08984,1.09164,1.08627,1.08791,118591,15,175430418000,EURCHF,Pepperstone MT5
2016.07.16,1.08790,1.08792,1.08235,1.08235,6666,15,6513750000,EURCHF,Pepperstone MT5
2016.07.18,1.08468,1.08938,1.08379,1.08779,100418,15,144950850000,EURCHF,Pepperstone MT5
2016.07.19,1.08779,1.08899,1.08372,1.08589,99612,15,135725200000,EURCHF,Pepperstone MT5
2016.07.20,1.08589,1.08910,1.08427,1.08749,100039,15,144598353000,EURCHF,Pepperstone MT5
2016.07.21,1.08747,1.09031,1.08133,1.08690,120165,15,152675582000,EURCHF,Pepperstone MT5
2016.07.22,1.08691,1.08753,1.08303,1.08348,106329,15,117906741000,EURCHF,Pepperstone MT5
2016.07.23,1.08348,1.08385,1.08278,1.08304,2706,18,3201400000,EURCHF,Pepperstone MT5
2016.07.25,1.08272,1.08459,1.08168,1.08399,89751,15,109609039000,EURCHF,Pepperstone MT5
2016.07.26,1.08399,1.09072,1.08300,1.08988,93977,15,98522923000,EURCHF,Pepperstone MT5
2016.07.27,1.08988,1.09364,1.08888,1.09013,108963,15,127201820000,EURCHF,Pepperstone MT5
2016.07.28,1.09013,1.09333,1.08578,1.08625,108238,15,122875179000,EURCHF,Pepperstone MT5
2016.07.29,1.08631,1.08681,1.07885,1.08341,122469,15,135458962000,EURCHF,Pepperstone MT5
2016.07.30,1.08339,1.08372,1.08263,1.08331,2928,15,2571181000,EURCHF,Pepperstone MT5
2016.08.01,1.08228,1.08360,1.07939,1.08130,81733,15,74923427000,EURCHF,Pepperstone MT5
2016.08.02,1.08130,1.08340,1.07896,1.08241,97120,15,91390027000,EURCHF,Pepperstone MT5
2016.08.03,1.08241,1.08580,1.08128,1.08467,92781,15,87934413000,EURCHF,Pepperstone MT5
2016.08.04,1.08468,1.08513,1.08262,1.08364,97967,15,94462648000,EURCHF,Pepperstone MT5
2016.08.05,1.08365,1.08736,1.08257,1.08663,84293,15,73810953000,EURCHF,Pepperstone MT5
2016.08.06,1.08662,1.08769,1.08637,1.08702,2310,16,1425100000,EURCHF,Pepperstone MT5
2016.08.08,1.08526,1.09030,1.08470,1.08901,71000,15,61943186000,EURCHF,Pepperstone MT5
2016.08.09,1.08902,1.09191,1.08860,1.09089,75665,15,66265203000,EURCHF,Pepperstone MT5
2016.08.10,1.09091,1.09242,1.08899,1.08976,74862,15,62787839000,EURCHF,Pepperstone MT5
2016.08.11,1.08976,1.08993,1.08534,1.08639,71721,15,63524340000,EURCHF,Pepperstone MT5
2016.08.12,1.08640,1.08985,1.08536,1.08819,73915,15,71442096000,EURCHF,Pepperstone MT5
2016.08.13,1.08818,1.08839,1.08779,1.08788,1519,15,1315750000,EURCHF,Pepperstone MT5
2016.08.15,1.08703,1.09022,1.08646,1.08786,64120,15,65346450000,EURCHF,Pepperstone MT5
2016.08.16,1.08781,1.08885,1.08356,1.08527,97974,15,88824047000,EURCHF,Pepperstone MT5
2016.08.17,1.08528,1.08636,1.08159,1.08596,89345,15,81883586000,EURCHF,Pepperstone MT5
2016.08.18,1.08597,1.08696,1.08304,1.08402,97416,15,84842267000,EURCHF,Pepperstone MT5
2016.08.19,1.08404,1.08736,1.08258,1.08667,92528,15,82047224000,EURCHF,Pepperstone MT5
2016.08.20,1.08666,1.08733,1.08640,1.08701,1549,15,862950000,EURCHF,Pepperstone MT5
2016.08.22,1.08673,1.08935,1.08279,1.08865,87093,15,89211210000,EURCHF,Pepperstone MT5
2016.08.23,1.08866,1.09058,1.08756,1.08852,82666,15,71803923000,EURCHF,Pepperstone MT5
2016.08.24,1.08851,1.08980,1.08682,1.08913,87101,15,72755532000,EURCHF,Pepperstone MT5
2016.08.25,1.08913,1.09197,1.08818,1.09188,76112,15,62299947000,EURCHF,Pepperstone MT5
2016.08.26,1.09183,1.09577,1.08981,1.09495,108203,15,92937836000,EURCHF,Pepperstone MT5
2016.08.27,1.09495,1.09552,1.09433,1.09433,1862,18,1174600000,EURCHF,Pepperstone MT5
2016.08.29,1.09402,1.09541,1.09251,1.09443,76953,15,63020057000,EURCHF,Pepperstone MT5
2016.08.30,1.09444,1.09639,1.09321,1.09610,85868,15,74982511000,EURCHF,Pepperstone MT5
2016.08.31,1.09610,1.09740,1.09364,1.09697,90056,15,75142487000,EURCHF,Pepperstone MT5
2016.09.01,1.09696,1.10002,1.09555,1.09690,95341,15,75690667000,EURCHF,Pepperstone MT5
2016.09.02,1.09691,1.09815,1.09342,1.09371,93712,15,80857392000,EURCHF,Pepperstone MT5
2016.09.03,1.09370,1.09371,1.08877,1.08877,1285,15,1105618000,EURCHF,Pepperstone MT5
2016.09.05,1.09328,1.09393,1.09224,1.09235,63094,15,54382026000,EURCHF,Pepperstone MT5
2016.09.06,1.09232,1.09449,1.09075,1.09078,93347,15,77399000000,EURCHF,Pepperstone MT5
2016.09.07,1.09075,1.09178,1.08869,1.09010,94254,15,85790894000,EURCHF,Pepperstone MT5
2016.09.08,1.09009,1.09543,1.08882,1.09499,103774,15,92506644000,EURCHF,Pepperstone MT5
2016.09.09,1.09498,1.09752,1.09431,1.09503,96198,15,83484527000,EURCHF,Pepperstone MT5
2016.09.10,1.09503,1.09565,1.09080,1.09080,1910,16,1119250000,EURCHF,Pepperstone MT5
2016.09.12,1.09429,1.09733,1.09151,1.09203,100768,15,86856232000,EURCHF,Pepperstone MT5
2016.09.13,1.09200,1.09678,1.09108,1.09551,102929,15,91532858000,EURCHF,Pepperstone MT5
2016.09.14,1.09548,1.09842,1.09372,1.09502,96338,15,86410550000,EURCHF,Pepperstone MT5
2016.09.15,1.09501,1.09617,1.09201,1.09269,107373,15,103326248000,EURCHF,Pepperstone MT5
2016.09.16,1.09269,1.09557,1.09145,1.09382,93668,15,93566589000,EURCHF,Pepperstone MT5
2016.09.17,1.09384,1.09415,1.09302,1.09302,1569,15,1105130000,EURCHF,Pepperstone MT5
2016.09.19,1.09158,1.09590,1.09098,1.09533,76589,15,69540781000,EURCHF,Pepperstone MT5
2016.09.20,1.09530,1.09590,1.09195,1.09226,88368,15,90613621000,EURCHF,Pepperstone MT5
2016.09.21,1.09227,1.09249,1.08742,1.08977,125021,15,116506966000,EURCHF,Pepperstone MT5
2016.09.22,1.08976,1.09078,1.08569,1.08645,101257,15,86056744000,EURCHF,Pepperstone MT5
2016.09.23,1.08645,1.09133,1.08412,1.08878,94805,15,80523014000,EURCHF,Pepperstone MT5
2016.09.24,1.08877,1.08904,1.08381,1.08381,1420,21,942900000,EURCHF,Pepperstone MT5
2016.09.26,1.08805,1.09105,1.08764,1.09033,83851,15,94794413000,EURCHF,Pepperstone MT5
2016.09.27,1.09033,1.09109,1.08692,1.08886,101123,15,83927409000,EURCHF,Pepperstone MT5
2016.09.28,1.08886,1.08998,1.08742,1.08925,96227,15,80895579000,EURCHF,Pepperstone MT5
2016.09.29,1.08920,1.09082,1.08314,1.08372,99075,15,85292878000,EURCHF,Pepperstone MT5
2016.09.30,1.08374,1.09162,1.08101,1.09113,113941,15,92418047000,EURCHF,Pepperstone MT5
2016.10.01,1.09115,1.09176,1.09095,1.09155,2809,15,2164250000,EURCHF,Pepperstone MT5
2016.10.03,1.08930,1.09273,1.08902,1.09135,73938,15,61064900000,EURCHF,Pepperstone MT5
2016.10.04,1.09137,1.09740,1.09061,1.09714,101691,15,85785898000,EURCHF,Pepperstone MT5
2016.10.05,1.09714,1.09748,1.09134,1.09158,95480,15,84293072000,EURCHF,Pepperstone MT5
2016.10.06,1.09158,1.09486,1.09074,1.09346,97657,15,96567744000,EURCHF,Pepperstone MT5
2016.10.07,1.09347,1.09566,1.09091,1.09439,135478,15,118515731000,EURCHF,Pepperstone MT5
2016.10.08,1.09440,1.09537,1.09299,1.09299,1710,15,1243497000,EURCHF,Pepperstone MT5
2016.10.10,1.09194,1.09717,1.09193,1.09413,78372,15,71146253000,EURCHF,Pepperstone MT5
2016.10.11,1.09415,1.09578,1.09211,1.09287,110209,15,99804474000,EURCHF,Pepperstone MT5
2016.10.12,1.09289,1.09322,1.08915,1.09052,110553,15,93825477000,EURCHF,Pepperstone MT5
2016.10.13,1.09053,1.09098,1.08685,1.09020,93400,15,73953197000,EURCHF,Pepperstone MT5
2016.10.14,1.09022,1.09066,1.08652,1.08657,102549,15,83528081000,EURCHF,Pepperstone MT5
2016.10.15,1.08657,1.08670,1.08274,1.08274,1703,16,784617000,EURCHF,Pepperstone MT5
2016.10.17,1.08567,1.08852,1.08557,1.08758,77352,15,63109050000,EURCHF,Pepperstone MT5
2016.10.18,1.08757,1.08943,1.08650,1.08694,85394,15,67425044000,EURCHF,Pepperstone MT5
2016.10.19,1.08693,1.08801,1.08448,1.08533,84284,15,65065350000,EURCHF,Pepperstone MT5
2016.10.20,1.08532,1.08716,1.08322,1.08464,91166,15,70443897000,EURCHF,Pepperstone MT5
2016.10.21,1.08463,1.08530,1.08062,1.08092,86313,15,68552632000,EURCHF,Pepperstone MT5
2016.10.22,1.08098,1.08144,1.08080,1.08112,1904,15,1246228000,EURCHF,Pepperstone MT5
2016.10.24,1.08197,1.08287,1.07966,1.08080,79220,15,61685047000,EURCHF,Pepperstone MT5
2016.10.25,1.08081,1.08632,1.08037,1.08276,96258,15,73644553000,EURCHF,Pepperstone MT5
2016.10.26,1.08275,1.08428,1.08189,1.08337,93152,15,60909334000,EURCHF,Pepperstone MT5
2016.10.27,1.08339,1.08480,1.08251,1.08282,95229,15,76141844000,EURCHF,Pepperstone MT5
2016.10.28,1.08281,1.08633,1.08192,1.08461,112303,15,83831419000,EURCHF,Pepperstone MT5
2016.10.29,1.08462,1.08516,1.08383,1.08383,2398,15,1221011000,EURCHF,Pepperstone MT5
2016.10.31,1.08462,1.08631,1.08167,1.08595,88296,15,71626682000,EURCHF,Pepperstone MT5
2016.11.01,1.08554,1.08606,1.07611,1.07824,106618,15,87490341000,EURCHF,Pepperstone MT5
2016.11.02,1.07806,1.08050,1.07532,1.07987,110931,15,86290046000,EURCHF,Pepperstone MT5
2016.11.03,1.07968,1.08232,1.07719,1.08152,119741,15,94725923000,EURCHF,Pepperstone MT5
2016.11.04,1.08144,1.08250,1.07639,1.07811,102844,15,79847964000,EURCHF,Pepperstone MT5
2016.11.07,1.07893,1.08263,1.07545,1.07564,96289,15,76317495000,EURCHF,Pepperstone MT5
2016.11.08,1.07561,1.07872,1.07508,1.07746,94005,15,74510913000,EURCHF,Pepperstone MT5
2016.11.09,1.07746,1.08310,1.07395,1.07411,267708,15,222414074000,EURCHF,Pepperstone MT5
2016.11.10,1.07414,1.07779,1.07354,1.07479,142194,15,102526421000,EURCHF,Pepperstone MT5
2016.11.11,1.07478,1.07601,1.07050,1.07174,146923,15,120255852000,EURCHF,Pepperstone MT5
2016.11.12,1.07174,1.07264,1.06794,1.06794,1708,17,1591237000,EURCHF,Pepperstone MT5
2016.11.14,1.07120,1.07479,1.06869,1.07136,157202,15,111184942000,EURCHF,Pepperstone MT5
2016.11.15,1.07139,1.07583,1.07042,1.07401,154310,15,116553510000,EURCHF,Pepperstone MT5
2016.11.16,1.07402,1.07547,1.07036,1.07080,141585,15,108385108000,EURCHF,Pepperstone MT5
2016.11.17,1.07080,1.07414,1.06941,1.06969,145373,15,116013249000,EURCHF,Pepperstone MT5
2016.11.18,1.06969,1.07196,1.06854,1.06992,157508,15,130854349000,EURCHF,Pepperstone MT5
2016.11.19,1.06991,1.07006,1.06911,1.06927,2759,15,1991439000,EURCHF,Pepperstone MT5
2016.11.21,1.06976,1.07396,1.06910,1.07205,150972,15,122691142000,EURCHF,Pepperstone MT5
2016.11.22,1.07205,1.07471,1.06961,1.07445,147710,15,123607582000,EURCHF,Pepperstone MT5
2016.11.23,1.07445,1.07521,1.07111,1.07290,123117,15,94107513000,EURCHF,Pepperstone MT5
2016.11.24,1.07290,1.07438,1.07153,1.07328,130936,15,102510526000,EURCHF,Pepperstone MT5
2016.11.25,1.07328,1.07551,1.07031,1.07427,162889,15,142759062000,EURCHF,Pepperstone MT5
2016.11.26,1.07427,1.07497,1.07271,1.07284,1059,15,695837000,EURCHF,Pepperstone MT5
2016.11.28,1.07337,1.07694,1.07299,1.07491,142875,15,118627215000,EURCHF,Pepperstone MT5
2016.11.29,1.07491,1.07735,1.07261,1.07733,136626,15,112939460000,EURCHF,Pepperstone MT5
2016.11.30,1.07735,1.08159,1.07634,1.07744,149601,15,112879944000,EURCHF,Pepperstone MT5
2016.12.01,1.07745,1.07827,1.07476,1.07665,157509,15,115934326000,EURCHF,Pepperstone MT5
2016.12.02,1.07667,1.07895,1.07327,1.07772,146406,15,115446884000,EURCHF,Pepperstone MT5
2016.12.03,1.07770,1.07829,1.07712,1.07725,1857,15,1500840000,EURCHF,Pepperstone MT5
2016.12.05,1.07299,1.08522,1.06945,1.08359,171922,15,125886550000,EURCHF,Pepperstone MT5
2016.12.06,1.08362,1.08476,1.08080,1.08301,124890,15,96929859000,EURCHF,Pepperstone MT5
2016.12.07,1.08301,1.08477,1.08154,1.08374,97636,15,75874282000,EURCHF,Pepperstone MT5
2016.12.08,1.08372,1.08971,1.07765,1.07874,151888,15,114347427000,EURCHF,Pepperstone MT5
2016.12.09,1.07875,1.07967,1.07252,1.07436,130174,15,83601086000,EURCHF,Pepperstone MT5
2016.12.10,1.07436,1.07436,1.06970,1.06970,2063,17,1126151000,EURCHF,Pepperstone MT5
2016.12.12,1.07147,1.07885,1.06917,1.07823,114159,15,62642505000,EURCHF,Pepperstone MT5
2016.12.13,1.07822,1.07869,1.07341,1.07562,127918,15,82459625000,EURCHF,Pepperstone MT5
2016.12.14,1.07563,1.07759,1.07290,1.07422,163267,15,104761150000,EURCHF,Pepperstone MT5
2016.12.15,1.07422,1.07659,1.07183,1.07270,235314,15,175398481000,EURCHF,Pepperstone MT5
2016.12.16,1.07269,1.07565,1.07097,1.07248,181413,15,135287521000,EURCHF,Pepperstone MT5
2016.12.17,1.07247,1.07311,1.06864,1.06864,2691,18,1694892000,EURCHF,Pepperstone MT5
2016.12.19,1.07157,1.07344,1.06790,1.06822,174551,15,142374242000,EURCHF,Pepperstone MT5
2016.12.20,1.06824,1.06941,1.06765,1.06880,181561,15,148459556000,EURCHF,Pepperstone MT5
2016.12.21,1.06881,1.07064,1.06722,1.07021,136426,15,112220650000,EURCHF,Pepperstone MT5
2016.12.22,1.07021,1.07297,1.06807,1.07033,149736,15,130552129000,EURCHF,Pepperstone MT5
2016.12.23,1.07033,1.07400,1.06966,1.07374,114025,15,90397261000,EURCHF,Pepperstone MT5
2016.12.24,1.07372,1.07379,1.06784,1.06784,1509,22,959662000,EURCHF,Pepperstone MT5
2016.12.26,1.07267,1.07356,1.07059,1.07313,20574,15,17390895000,EURCHF,Pepperstone MT5
2016.12.27,1.07308,1.07610,1.07189,1.07478,151460,15,141301705000,EURCHF,Pepperstone MT5
2016.12.28,1.07478,1.07596,1.07010,1.07070,142142,15,106714192000,EURCHF,Pepperstone MT5
2016.12.29,1.07068,1.07388,1.06944,1.07349,183829,15,145306050000,EURCHF,Pepperstone MT5
2016.12.30,1.07348,1.07599,1.07101,1.07182,274791,15,224563737000,EURCHF,Pepperstone MT5
2016.12.31,1.07181,1.07214,1.06832,1.06832,1959,27,1177665000,EURCHF,Pepperstone MT5
2017.01.02,1.07001,1.07333,1.06734,1.07032,81262,15,72876355000,EURCHF,Pepperstone MT5
2017.01.03,1.07031,1.07180,1.06764,1.06903,192701,15,151677255000,EURCHF,Pepperstone MT5
2017.01.04,1.06901,1.07316,1.06682,1.07071,214209,15,197409562000,EURCHF,Pepperstone MT5
2017.01.05,1.07068,1.07371,1.06914,1.07059,237420,15,179178936000,EURCHF,Pepperstone MT5
2017.01.06,1.07060,1.07335,1.06965,1.07158,201300,15,146311305000,EURCHF,Pepperstone MT5
2017.01.07,1.07158,1.07235,1.06954,1.06954,2605,19,1499400000,EURCHF,Pepperstone MT5
2017.01.09,1.07096,1.07357,1.07038,1.07271,135058,15,94942752000,EURCHF,Pepperstone MT5
2017.01.10,1.07272,1.07465,1.07199,1.07324,158048,15,113237645000,EURCHF,Pepperstone MT5
2017.01.11,1.07325,1.07370,1.07040,1.07328,184311,15,135972697000,EURCHF,Pepperstone MT5
2017.01.12,1.07327,1.07470,1.07092,1.07286,186331,15,133155025000,EURCHF,Pepperstone MT5
2017.01.13,1.07286,1.07400,1.07089,1.07332,148401,15,98538772000,EURCHF,Pepperstone MT5
2017.01.14,1.07331,1.07401,1.07175,1.07175,2161,17,1562872000,EURCHF,Pepperstone MT5
2017.01.16,1.07084,1.07372,1.07000,1.07193,109843,15,79748480000,EURCHF,Pepperstone MT5
2017.01.17,1.07193,1.07337,1.07004,1.07288,177088,15,123568788000,EURCHF,Pepperstone MT5
2017.01.18,1.07289,1.07320,1.06927,1.07092,149871,15,102199061000,EURCHF,Pepperstone MT5
2017.01.19,1.07090,1.07369,1.06988,1.07289,195869,15,136274814000,EURCHF,Pepperstone MT5
2017.01.20,1.07288,1.07399,1.07173,1.07201,184226,15,145040455000,EURCHF,Pepperstone MT5
2017.01.21,1.07201,1.07208,1.07123,1.07128,2829,18,1189160000,EURCHF,Pepperstone MT5
2017.01.23,1.07139,1.07381,1.07044,1.07298,171990,15,132925047000,EURCHF,Pepperstone MT5
2017.01.24,1.07296,1.07502,1.07141,1.07412,178389,15,134841434000,EURCHF,Pepperstone MT5
2017.01.25,1.07413,1.07446,1.07282,1.07416,175332,15,136074120000,EURCHF,Pepperstone MT5
2017.01.26,1.07416,1.07438,1.06685,1.06854,166145,15,122636857000,EURCHF,Pepperstone MT5
2017.01.27,1.06855,1.06960,1.06711,1.06855,150683,15,117538129000,EURCHF,Pepperstone MT5
2017.01.28,1.06854,1.06879,1.06822,1.06845,2412,19,1643746000,EURCHF,Pepperstone MT5
2017.01.30,1.06855,1.06979,1.06362,1.06405,153009,15,125674788000,EURCHF,Pepperstone MT5
2017.01.31,1.06405,1.06846,1.06340,1.06816,179736,15,136225667000,EURCHF,Pepperstone MT5
2017.02.01,1.06814,1.06973,1.06684,1.06957,153215,15,127669093000,EURCHF,Pepperstone MT5
2017.02.02,1.06956,1.06995,1.06726,1.06809,172221,15,146473693000,EURCHF,Pepperstone MT5
2017.02.03,1.06809,1.07051,1.06696,1.06992,158574,15,126776469000,EURCHF,Pepperstone MT5
2017.02.04,1.06993,1.07074,1.06610,1.06610,2230,15,1160783000,EURCHF,Pepperstone MT5
2017.02.06,1.06916,1.07027,1.06477,1.06530,146799,15,123219400000,EURCHF,Pepperstone MT5
2017.02.07,1.06530,1.06687,1.06378,1.06558,148262,15,110347290000,EURCHF,Pepperstone MT5
2017.02.08,1.06557,1.06597,1.06313,1.06374,146306,15,112846349000,EURCHF,Pepperstone MT5
2017.02.09,1.06374,1.06819,1.06339,1.06719,137065,15,100239119000,EURCHF,Pepperstone MT5
2017.02.10,1.06720,1.06849,1.06548,1.06678,141122,15,100701569000,EURCHF,Pepperstone MT5
2017.02.11,1.06677,1.06690,1.06291,1.06291,2037,18,1201141000,EURCHF,Pepperstone MT5
2017.02.13,1.06584,1.06804,1.06532,1.06576,117656,15,90807204000,EURCHF,Pepperstone MT5
2017.02.14,1.06575,1.06742,1.06401,1.06443,137492,15,106382546000,EURCHF,Pepperstone MT5
2017.02.15,1.06444,1.06652,1.06370,1.06544,143430,15,118814209000,EURCHF,Pepperstone MT5
2017.02.16,1.06543,1.06629,1.06405,1.06431,141035,15,113267659000,EURCHF,Pepperstone MT5
2017.02.17,1.06431,1.06514,1.06342,1.06385,123437,15,103112784000,EURCHF,Pepperstone MT5
2017.02.18,1.06387,1.06427,1.06375,1.06391,1979,16,1335203000,EURCHF,Pepperstone MT5
2017.02.20,1.06350,1.06637,1.06283,1.06427,95859,15,74296415000,EURCHF,Pepperstone MT5
2017.02.21,1.06429,1.06472,1.06309,1.06370,125655,15,107725977000,EURCHF,Pepperstone MT5
2017.02.22,1.06372,1.06763,1.06328,1.06681,139728,15,120711953000,EURCHF,Pepperstone MT5
2017.02.23,1.06680,1.06730,1.06458,1.06485,121097,15,100863934000,EURCHF,Pepperstone MT5
2017.02.24,1.06484,1.06593,1.06354,1.06396,119665,15,97061715000,EURCHF,Pepperstone MT5
2017.02.25,1.06394,1.06427,1.05991,1.05991,1673,15,1158402000,EURCHF,Pepperstone MT5
2017.02.27,1.06375,1.06867,1.06370,1.06833,111338,15,88603882000,EURCHF,Pepperstone MT5
2017.02.28,1.06832,1.06863,1.06381,1.06389,123982,15,108030468000,EURCHF,Pepperstone MT5
2017.03.01,1.06388,1.06611,1.06301,1.06396,148793,15,122721400000,EURCHF,Pepperstone MT5
2017.03.02,1.06397,1.06548,1.06333,1.06476,121170,15,103249055000,EURCHF,Pepperstone MT5
2017.03.03,1.06475,1.07095,1.06281,1.07088,133595,15,107137336000,EURCHF,Pepperstone MT5
2017.03.04,1.07087,1.07140,1.06615,1.06615,2734,15,1638454000,EURCHF,Pepperstone MT5
2017.03.06,1.06881,1.07213,1.06810,1.07076,115162,15,93207871000,EURCHF,Pepperstone MT5
2017.03.07,1.07076,1.07462,1.06949,1.07072,109676,15,83337857000,EURCHF,Pepperstone MT5
2017.03.08,1.07071,1.07117,1.06874,1.06976,117554,15,89556488000,EURCHF,Pepperstone MT5
2017.03.09,1.06974,1.07491,1.06872,1.07028,145442,15,108305272000,EURCHF,Pepperstone MT5
2017.03.10,1.07029,1.07976,1.06924,1.07948,140180,15,98705310000,EURCHF,Pepperstone MT5
2017.03.11,1.07951,1.07967,1.07611,1.07611,2928,16,1381097000,EURCHF,Pepperstone MT5
2017.03.13,1.07887,1.08239,1.07258,1.07297,125354,15,92439664000,EURCHF,Pepperstone MT5
2017.03.14,1.07304,1.07438,1.07106,1.07111,114413,15,85344587000,EURCHF,Pepperstone MT5
2017.03.15,1.07111,1.07344,1.07017,1.07339,133517,15,99955385000,EURCHF,Pepperstone MT5
2017.03.16,1.07338,1.07476,1.06829,1.07248,148457,15,116562874000,EURCHF,Pepperstone MT5
2017.03.17,1.07232,1.07421,1.06943,1.07177,118278,15,98861032000,EURCHF,Pepperstone MT5
2017.03.20,1.07104,1.07452,1.07091,1.07216,98741,15,87012934000,EURCHF,Pepperstone MT5
2017.03.21,1.07189,1.07614,1.07084,1.07424,128328,15,106644744000,EURCHF,Pepperstone MT5
2017.03.22,1.07419,1.07454,1.06857,1.07022,136454,15,118183229000,EURCHF,Pepperstone MT5
2017.03.23,1.07016,1.07215,1.06938,1.07107,125193,15,111542654000,EURCHF,Pepperstone MT5
2017.03.24,1.07097,1.07210,1.06957,1.07038,115211,15,98122718000,EURCHF,Pepperstone MT5
2017.03.27,1.07096,1.07203,1.06900,1.07072,119660,15,101231352000,EURCHF,Pepperstone MT5
2017.03.28,1.07070,1.07336,1.06839,1.07263,110745,15,96341247000,EURCHF,Pepperstone MT5
2017.03.29,1.07264,1.07349,1.07006,1.07254,117440,15,97788606000,EURCHF,Pepperstone MT5
2017.03.30,1.07254,1.07285,1.06847,1.06895,119421,15,99972334000,EURCHF,Pepperstone MT5
2017.03.31,1.06895,1.07093,1.06818,1.06841,116428,15,101049186000,EURCHF,Pepperstone MT5
2017.04.01,1.06840,1.06883,1.06817,1.06817,5209,15,3857040000,EURCHF,Pepperstone MT5
2017.04.03,1.06807,1.06936,1.06727,1.06876,96915,15,80570306000,EURCHF,Pepperstone MT5
2017.04.04,1.06875,1.06924,1.06685,1.06870,98141,15,86209796000,EURCHF,Pepperstone MT5
2017.04.05,1.06869,1.07251,1.06815,1.07192,105605,15,93409928000,EURCHF,Pepperstone MT5
2017.04.06,1.07193,1.07209,1.06941,1.06974,109587,15,96256192000,EURCHF,Pepperstone MT5
2017.04.07,1.06973,1.07058,1.06772,1.06875,127522,15,107604513000,EURCHF,Pepperstone MT5
2017.04.08,1.06875,1.06893,1.06814,1.06814,2934,15,1867871000,EURCHF,Pepperstone MT5
2017.04.10,1.06745,1.06898,1.06745,1.06865,86878,15,76905203000,EURCHF,Pepperstone MT5
2017.04.11,1.06866,1.06994,1.06670,1.06849,96167,15,86317357000,EURCHF,Pepperstone MT5
2017.04.12,1.06849,1.06978,1.06646,1.06943,99836,15,88411955000,EURCHF,Pepperstone MT5
2017.04.13,1.06943,1.06998,1.06678,1.06736,102858,15,92310294000,EURCHF,Pepperstone MT5
2017.04.14,1.06736,1.06795,1.06557,1.06616,61810,15,44538646000,EURCHF,Pepperstone MT5
2017.04.15,1.06616,1.06702,1.06447,1.06665,1516,15,1018969000,EURCHF,Pepperstone MT5
2017.04.17,1.06653,1.06919,1.06500,1.06873,67639,15,61470944000,EURCHF,Pepperstone MT5
2017.04.18,1.06872,1.06929,1.06754,1.06886,112960,15,105829798000,EURCHF,Pepperstone MT5
2017.04.19,1.06886,1.06977,1.06758,1.06921,93710,15,88680364000,EURCHF,Pepperstone MT5
2017.04.20,1.06922,1.07194,1.06725,1.07018,95875,15,91532452000,EURCHF,Pepperstone MT5
2017.04.21,1.07016,1.07098,1.06711,1.06727,90785,15,81077900000,EURCHF,Pepperstone MT5
2017.04.22,1.06725,1.06903,1.06648,1.06648,3665,15,3252239000,EURCHF,Pepperstone MT5
2017.04.24,1.08029,1.08362,1.07794,1.08210,125045,15,93002012000,EURCHF,Pepperstone MT5
2017.04.25,1.08210,1.08690,1.08131,1.08596,100688,15,84286543000,EURCHF,Pepperstone MT5
2017.04.26,1.08596,1.08687,1.08157,1.08303,117182,15,99883570000,EURCHF,Pepperstone MT5
2017.04.27,1.08305,1.08487,1.08005,1.08095,110792,15,91971762000,EURCHF,Pepperstone MT5
2017.04.28,1.08095,1.08437,1.07978,1.08380,101304,15,79434859000,EURCHF,Pepperstone MT5
2017.04.29,1.08380,1.08441,1.08265,1.08265,2487,17,1675524000,EURCHF,Pepperstone MT5
2017.05.01,1.08298,1.08621,1.08220,1.08559,62549,15,52134772000,EURCHF,Pepperstone MT5
2017.05.02,1.08561,1.08724,1.08131,1.08389,90556,15,71147558000,EURCHF,Pepperstone MT5
2017.05.03,1.08389,1.08406,1.07913,1.08271,93864,15,77715638000,EURCHF,Pepperstone MT5
2017.05.04,1.08270,1.08541,1.08179,1.08354,111195,15,88634239000,EURCHF,Pepperstone MT5
2017.05.05,1.08355,1.08642,1.08244,1.08513,103528,15,80422160000,EURCHF,Pepperstone MT5
2017.05.06,1.08510,1.08618,1.08330,1.08330,3505,15,1506586000,EURCHF,Pepperstone MT5
2017.05.08,1.08799,1.09176,1.08490,1.09108,116767,15,93659074000,EURCHF,Pepperstone MT5
2017.05.09,1.09110,1.09776,1.08993,1.09500,110122,15,92904913000,EURCHF,Pepperstone MT5
2017.05.10,1.09499,1.09731,1.09374,1.09619,103514,15,84470096000,EURCHF,Pepperstone MT5
2017.05.11,1.09619,1.09736,1.09297,1.09468,101581,15,85296961000,EURCHF,Pepperstone MT5
2017.05.12,1.09467,1.09865,1.09196,1.09401,94733,15,78604984000,EURCHF,Pepperstone MT5
2017.05.13,1.09400,1.09461,1.09260,1.09260,2275,15,1376077000,EURCHF,Pepperstone MT5
2017.05.15,1.09296,1.09533,1.09244,1.09373,91957,15,75270300000,EURCHF,Pepperstone MT5
2017.05.16,1.09373,1.09589,1.08866,1.09237,102777,15,90818868000,EURCHF,Pepperstone MT5
2017.05.17,1.09237,1.09290,1.08899,1.09165,126561,15,109091037000,EURCHF,Pepperstone MT5
2017.05.18,1.09166,1.09272,1.08652,1.08803,155423,15,138101885000,EURCHF,Pepperstone MT5
2017.05.19,1.08805,1.09280,1.08734,1.09021,113212,15,101811148000,EURCHF,Pepperstone MT5
2017.05.20,1.09024,1.09063,1.08985,1.08990,2501,15,1901010000,EURCHF,Pepperstone MT5
2017.05.22,1.09006,1.09478,1.08811,1.09368,99995,15,83893786000,EURCHF,Pepperstone MT5
2017.05.23,1.09368,1.09434,1.09040,1.09126,117648,15,98242822000,EURCHF,Pepperstone MT5
2017.05.24,1.09127,1.09369,1.09019,1.09241,106938,15,90598825000,EURCHF,Pepperstone MT5
2017.05.25,1.09239,1.09286,1.08893,1.09053,88920,15,76469131000,EURCHF,Pepperstone MT5
2017.05.26,1.09055,1.09099,1.08781,1.08890,91774,15,74996098000,EURCHF,Pepperstone MT5
2017.05.27,1.08889,1.08944,1.08652,1.08652,1661,18,1010977000,EURCHF,Pepperstone MT5
2017.05.29,1.08758,1.09127,1.08758,1.09089,56237,15,41996305000,EURCHF,Pepperstone MT5
2017.05.30,1.09089,1.09158,1.08804,1.09042,96601,15,76515384000,EURCHF,Pepperstone MT5
2017.05.31,1.09041,1.09106,1.08682,1.08798,98974,15,80468236000,EURCHF,Pepperstone MT5
2017.06.01,1.08797,1.09017,1.08737,1.08932,89936,15,72373404000,EURCHF,Pepperstone MT5
2017.06.02,1.08933,1.08999,1.08579,1.08587,82882,15,63719584000,EURCHF,Pepperstone MT5
2017.06.03,1.08587,1.08595,1.08450,1.08450,1716,17,0,EURCHF,Pepperstone MT5
2017.06.05,1.08592,1.08702,1.08448,1.08638,52575,15,0,EURCHF,Pepperstone MT5
2017.06.06,1.08638,1.08640,1.08425,1.08473,72598,15,0,EURCHF,Pepperstone MT5
2017.06.07,1.08472,1.08656,1.08371,1.08595,78241,15,0,EURCHF,Pepperstone MT5
2017.06.08,1.08594,1.08753,1.08436,1.08475,79704,15,0,EURCHF,Pepperstone MT5
2017.06.09,1.08475,1.08713,1.08375,1.08496,84431,15,0,EURCHF,Pepperstone MT5
2017.06.10,1.08496,1.08529,1.08281,1.08429,2365,18,0,EURCHF,Pepperstone MT5
2017.06.12,1.08435,1.08651,1.08435,1.08534,62117,15,0,EURCHF,Pepperstone MT5
2017.06.13,1.08534,1.08592,1.08385,1.08575,59946,15,0,EURCHF,Pepperstone MT5
2017.06.14,1.08575,1.09081,1.08443,1.08951,97585,15,0,EURCHF,Pepperstone MT5
2017.06.15,1.08950,1.08988,1.08654,1.08715,85961,15,0,EURCHF,Pepperstone MT5
2017.06.16,1.08714,1.09024,1.08621,1.08974,65359,15,0,EURCHF,Pepperstone MT5
2017.06.17,1.08969,1.09045,1.08800,1.08800,2280,17,0,EURCHF,Pepperstone MT5
2017.06.19,1.08941,1.09087,1.08649,1.08754,73776,50,0,EURCHF,Pepperstone MT5
2017.06.20,1.08701,1.08806,1.08509,1.08550,83631,50,0,EURCHF,Pepperstone MT5
2017.06.21,1.08570,1.08648,1.08437,1.08590,71998,50,0,EURCHF,Pepperstone MT5
2017.06.22,1.08578,1.08724,1.08343,1.08351,72311,50,0,EURCHF,Pepperstone MT5
2017.06.23,1.08388,1.08591,1.08324,1.08494,63271,50,0,EURCHF,Pepperstone MT5
2017.06.26,1.08462,1.08873,1.08439,1.08737,73338,50,0,EURCHF,Pepperstone MT5
2017.06.27,1.08687,1.08951,1.08631,1.08885,114897,50,0,EURCHF,Pepperstone MT5
2017.06.28,1.08819,1.09251,1.08819,1.09176,141901,50,0,EURCHF,Pepperstone MT5
2017.06.29,1.09092,1.09469,1.09082,1.09348,124398,50,0,EURCHF,Pepperstone MT5
2017.06.30,1.09351,1.09536,1.09205,1.09462,114882,50,0,EURCHF,Pepperstone MT5
2017.07.03,1.09433,1.09566,1.09234,1.09494,90052,50,0,EURCHF,Pepperstone MT5
2017.07.04,1.09495,1.09576,1.09337,1.09521,64302,50,0,EURCHF,Pepperstone MT5
2017.07.05,1.09400,1.09650,1.09321,1.09424,99484,50,0,EURCHF,Pepperstone MT5
2017.07.06,1.09376,1.09916,1.09376,1.09718,107814,50,0,EURCHF,Pepperstone MT5
2017.07.07,1.09615,1.09997,1.09535,1.09884,108260,50,0,EURCHF,Pepperstone MT5
2017.07.10,1.09751,1.10194,1.09750,1.10071,75245,50,0,EURCHF,Pepperstone MT5
2017.07.11,1.10071,1.10607,1.09968,1.10514,95659,50,0,EURCHF,Pepperstone MT5
2017.07.12,1.10491,1.10567,1.09980,1.10152,120858,50,0,EURCHF,Pepperstone MT5
2017.07.13,1.10149,1.10388,1.09842,1.10225,118893,50,0,EURCHF,Pepperstone MT5
2017.07.14,1.10158,1.10733,1.10100,1.10479,101376,5,9972699899624,EURCHF,Pepperstone MT5
2017.07.17,1.10502,1.10551,1.10049,1.10468,98445,5,9844499901480,EURCHF,Pepperstone MT5
2017.07.18,1.10450,1.10705,1.10172,1.10331,136890,5,13688999862967,EURCHF,Pepperstone MT5
2017.07.19,1.10320,1.10352,1.09872,1.10039,81566,5,8156599918398,EURCHF,Pepperstone MT5
2017.07.20,1.09980,1.10762,1.09935,1.10640,133759,5,13375899866085,EURCHF,Pepperstone MT5
2017.07.21,1.10630,1.10882,1.10228,1.10317,105487,5,10548699894399,EURCHF,Pepperstone MT5
2017.07.24,1.10237,1.10485,1.10070,1.10174,96538,5,9653799903406,EURCHF,Pepperstone MT5
2017.07.25,1.10133,1.10936,1.10095,1.10928,108679,2,10867899891191,EURCHF,Pepperstone MT5
2017.07.26,1.10923,1.11748,1.10794,1.11564,135835,2,13583499863891,EURCHF,Pepperstone MT5
2017.07.27,1.11574,1.12751,1.11500,1.12663,141946,2,14194599858009,EURCHF,Pepperstone MT5
2017.07.28,1.12625,1.14063,1.12603,1.13842,164329,2,16432899835498,EURCHF,Pepperstone MT5
2017.07.31,1.13742,1.14547,1.13352,1.14490,123377,2,12337699876575,EURCHF,Pepperstone MT5
2017.08.01,1.14485,1.14501,1.13865,1.13966,114837,2,11483699885092,EURCHF,Pepperstone MT5
2017.08.02,1.13913,1.15239,1.13872,1.15124,116541,2,11654099883369,EURCHF,Pepperstone MT5
2017.08.03,1.14983,1.15184,1.14597,1.14941,107820,2,10781999892084,EURCHF,Pepperstone MT5
2017.08.04,1.14905,1.15377,1.14124,1.14518,118153,1,11815299881780,EURCHF,Pepperstone MT5
2017.08.07,1.14453,1.15023,1.14453,1.14796,87399,1,8739899912597,EURCHF,Pepperstone MT5
2017.08.08,1.14718,1.15013,1.14395,1.14485,97306,1,9730599902643,EURCHF,Pepperstone MT5
2017.08.09,1.14476,1.14500,1.12603,1.13299,144449,1,14444899855283,EURCHF,Pepperstone MT5
2017.08.10,1.13264,1.13479,1.13004,1.13313,118668,1,11866799881305,EURCHF,Pepperstone MT5
2017.08.11,1.13307,1.13857,1.12729,1.13722,117180,1,11717999882791,EURCHF,Pepperstone MT5
2017.08.14,1.13619,1.14606,1.13614,1.14521,91530,1,9152999908441,EURCHF,Pepperstone MT5
2017.08.15,1.14349,1.14780,1.13920,1.14132,117656,1,11765599882327,EURCHF,Pepperstone MT5
2017.08.16,1.14119,1.14428,1.13576,1.13642,140263,1,14026299859726,EURCHF,Pepperstone MT5
2017.08.17,1.13631,1.13755,1.12817,1.12882,149563,1,14956299850430,EURCHF,Pepperstone MT5
2017.08.18,1.12886,1.13604,1.12588,1.13459,129478,1,12947799870506,EURCHF,Pepperstone MT5
2017.08.21,1.13401,1.13789,1.13211,1.13641,105393,1,10539299894607,EURCHF,Pepperstone MT5
2017.08.22,1.13544,1.13899,1.13434,1.13896,105383,1,10538199894579,EURCHF,Pepperstone MT5
2017.08.23,1.13813,1.14236,1.13763,1.13995,123244,1,12324299876720,EURCHF,Pepperstone MT5
2017.08.24,1.13822,1.14102,1.13557,1.13916,118125,1,11812399881853,EURCHF,Pepperstone MT5
2017.08.25,1.13866,1.14095,1.13577,1.14023,163026,1,16302499836969,EURCHF,Pepperstone MT5
2017.08.28,1.13926,1.14453,1.13666,1.14430,117945,1,11794499882049,EURCHF,Pepperstone MT5
2017.08.29,1.14423,1.14517,1.13605,1.14381,198982,1,19898199801011,EURCHF,Pepperstone MT5
2017.08.30,1.14394,1.14692,1.14012,1.14517,165555,1,16555499834436,EURCHF,Pepperstone MT5
2017.08.31,1.14472,1.14724,1.14098,1.14172,173079,1,17307899826917,EURCHF,Pepperstone MT5
2017.09.01,1.14168,1.14576,1.13956,1.14445,166970,1,16696999833026,EURCHF,Pepperstone MT5
2017.09.04,1.14015,1.14281,1.13730,1.13930,118017,1,11801699881956,EURCHF,Pepperstone MT5
2017.09.05,1.13941,1.14209,1.13671,1.13804,173621,1,17362099826378,EURCHF,Pepperstone MT5
2017.09.06,1.13664,1.14221,1.13640,1.14023,167984,1,16798399832016,EURCHF,Pepperstone MT5
2017.09.07,1.13930,1.14819,1.13793,1.14261,203995,1,20399499796005,EURCHF,Pepperstone MT5
2017.09.08,1.14256,1.14343,1.13591,1.13614,208164,1,20816399791830,EURCHF,Pepperstone MT5
2017.09.11,1.13770,1.14361,1.13697,1.14318,151813,1,15181299848185,EURCHF,Pepperstone MT5
2017.09.12,1.14243,1.15005,1.14036,1.14875,165945,1,16594499834051,EURCHF,Pepperstone MT5
2017.09.13,1.14813,1.15122,1.14554,1.14611,166938,1,16693799833002,EURCHF,Pepperstone MT5
2017.09.14,1.14583,1.15295,1.14384,1.14828,205251,1,20525099794731,EURCHF,Pepperstone MT5
2017.09.15,1.14790,1.15003,1.14506,1.14638,176852,1,17685199823138,EURCHF,Pepperstone MT5
2017.09.18,1.14521,1.15000,1.14507,1.14973,150261,1,15026099849730,EURCHF,Pepperstone MT5
2017.09.19,1.14870,1.15635,1.14862,1.15454,163006,1,16300599836988,EURCHF,Pepperstone MT5
2017.09.20,1.15406,1.15579,1.15122,1.15340,193482,1,19348199806389,EURCHF,Pepperstone MT5
2017.09.21,1.15269,1.16051,1.15194,1.15902,186299,1,18629899813696,EURCHF,Pepperstone MT5
2017.09.22,1.15900,1.16234,1.15601,1.15850,172002,1,17200199827982,EURCHF,Pepperstone MT5
2017.09.25,1.15496,1.15909,1.14117,1.14511,162127,1,16212699837842,EURCHF,Pepperstone MT5
2017.09.26,1.14350,1.14882,1.14080,1.14228,169369,1,16936899830628,EURCHF,Pepperstone MT5
2017.09.27,1.14221,1.14602,1.14052,1.14183,174372,1,17437199825627,EURCHF,Pepperstone MT5
2017.09.28,1.14121,1.14738,1.14082,1.14344,165945,1,16594499834055,EURCHF,Pepperstone MT5
2017.09.29,1.14337,1.14684,1.14297,1.14375,142882,1,14288199857108,EURCHF,Pepperstone MT5
2017.10.02,1.14193,1.14507,1.13882,1.14369,147682,1,14768199852300,EURCHF,Pepperstone MT5
2017.10.03,1.14353,1.14641,1.14277,1.14341,134349,1,13434899865239,EURCHF,Pepperstone MT5
2017.10.04,1.14326,1.14825,1.14261,1.14662,121500,1,12149999878494,EURCHF,Pepperstone MT5
2017.10.05,1.14655,1.14951,1.14519,1.14560,120019,1,12001899879954,EURCHF,Pepperstone MT5
2017.10.06,1.14565,1.14985,1.14494,1.14747,147809,1,14780899852191,EURCHF,Pepperstone MT5
2017.10.09,1.14680,1.15179,1.14601,1.15022,79269,1,7926899920721,EURCHF,Pepperstone MT5
2017.10.10,1.14996,1.15255,1.14962,1.15145,134796,1,13479599865187,EURCHF,Pepperstone MT5
2017.10.11,1.15123,1.15463,1.14986,1.15432,132337,1,13233699867654,EURCHF,Pepperstone MT5
2017.10.12,1.15422,1.15661,1.15322,1.15394,140199,1,14019899859794,EURCHF,Pepperstone MT5
2017.10.13,1.15395,1.15539,1.15116,1.15205,132663,1,13266299867337,EURCHF,Pepperstone MT5
2017.10.16,1.15151,1.15249,1.14879,1.15069,110677,1,11067699889263,EURCHF,Pepperstone MT5
2017.10.17,1.15052,1.15270,1.14847,1.15120,120053,1,12005299879877,EURCHF,Pepperstone MT5
2017.10.18,1.15113,1.15788,1.15067,1.15702,119869,1,11986899880131,EURCHF,Pepperstone MT5
2017.10.19,1.15704,1.15847,1.15237,1.15687,161806,1,16180599838175,EURCHF,Pepperstone MT5
2017.10.20,1.15701,1.16296,1.15572,1.15934,162796,1,16279599837194,EURCHF,Pepperstone MT5
2017.10.23,1.15875,1.16032,1.15705,1.15718,123537,1,0,EURCHF,Pepperstone MT5
2017.10.24,1.15718,1.16592,1.15676,1.16540,131769,1,0,EURCHF,Pepperstone MT5
2017.10.25,1.16558,1.17055,1.16397,1.16907,176952,1,0,EURCHF,Pepperstone MT5
2017.10.26,1.16852,1.17112,1.16156,1.16266,181920,1,0,EURCHF,Pepperstone MT5
2017.10.27,1.16196,1.16500,1.15602,1.15750,186414,1,0,EURCHF,Pepperstone MT5
2017.10.30,1.15594,1.16186,1.15594,1.15858,131168,1,0,EURCHF,Pepperstone MT5
2017.10.31,1.15843,1.16335,1.15825,1.16183,135967,1,0,EURCHF,Pepperstone MT5
2017.11.01,1.16170,1.16643,1.16099,1.16576,142851,1,0,EURCHF,Pepperstone MT5
2017.11.02,1.16559,1.16639,1.16258,1.16500,171300,1,0,EURCHF,Pepperstone MT5
2017.11.03,1.16491,1.16526,1.16120,1.16148,129630,1,0,EURCHF,Pepperstone MT5
2017.11.06,1.16135,1.16404,1.15770,1.15815,113271,1,0,EURCHF,Pepperstone MT5
2017.11.07,1.15822,1.15981,1.15426,1.15875,131650,1,0,EURCHF,Pepperstone MT5
2017.11.08,1.15871,1.16002,1.15728,1.15984,113968,1,0,EURCHF,Pepperstone MT5
2017.11.09,1.15981,1.16194,1.15556,1.15759,160071,1,0,EURCHF,Pepperstone MT5
2017.11.10,1.15757,1.16187,1.15393,1.16159,108833,1,0,EURCHF,Pepperstone MT5
2017.11.13,1.16083,1.16296,1.15836,1.16217,88411,1,0,EURCHF,Pepperstone MT5
2017.11.14,1.16221,1.16750,1.16194,1.16700,111616,1,0,EURCHF,Pepperstone MT5
2017.11.15,1.16697,1.16895,1.16488,1.16525,149791,1,0,EURCHF,Pepperstone MT5
2017.11.16,1.16530,1.16993,1.16419,1.16988,133453,1,0,EURCHF,Pepperstone MT5
2017.11.17,1.16998,1.17226,1.16551,1.16599,132170,1,0,EURCHF,Pepperstone MT5
2017.11.20,1.16560,1.16822,1.15904,1.16525,151083,1,0,EURCHF,Pepperstone MT5
2017.11.21,1.16550,1.16709,1.16182,1.16377,107427,1,0,EURCHF,Pepperstone MT5
2017.11.22,1.16375,1.16457,1.15856,1.16071,117457,1,0,EURCHF,Pepperstone MT5
2017.11.23,1.16071,1.16412,1.15887,1.16321,227793,1,0,EURCHF,Pepperstone MT5
2017.11.24,1.16287,1.16979,1.16241,1.16862,167579,1,0,EURCHF,Pepperstone MT5
2017.11.27,1.16757,1.17231,1.16729,1.16796,117028,1,0,EURCHF,Pepperstone MT5
2017.11.28,1.16811,1.16995,1.16456,1.16576,145349,1,0,EURCHF,Pepperstone MT5
2017.11.29,1.16575,1.16812,1.16439,1.16656,151022,1,0,EURCHF,Pepperstone MT5
2017.11.30,1.16644,1.17159,1.16495,1.17093,167180,1,0,EURCHF,Pepperstone MT5
2017.12.04,1.16333,1.16882,1.16250,1.16858,148990,1,0,EURCHF,Pepperstone MT5
2017.12.05,1.16842,1.17038,1.16603,1.16772,130254,1,0,EURCHF,Pepperstone MT5
2017.12.06,1.16759,1.17007,1.16585,1.16757,115194,1,0,EURCHF,Pepperstone MT5
2017.12.07,1.16767,1.17173,1.16636,1.17079,110146,1,0,EURCHF,Pepperstone MT5
2017.12.08,1.17075,1.17197,1.16756,1.16818,115795,1,0,EURCHF,Pepperstone MT5
2017.12.11,1.16923,1.16966,1.16714,1.16764,91188,1,0,EURCHF,Pepperstone MT5
2017.12.12,1.16770,1.16847,1.16250,1.16441,105477,1,0,EURCHF,Pepperstone MT5
2017.12.13,1.16424,1.16563,1.16167,1.16561,121622,1,0,EURCHF,Pepperstone MT5
2017.12.14,1.16558,1.17043,1.16389,1.16400,156380,1,0,EURCHF,Pepperstone MT5
2017.12.15,1.16408,1.16871,1.16372,1.16438,141356,1,0,EURCHF,Pepperstone MT5
2017.12.18,1.16349,1.16680,1.16126,1.16142,125456,1,0,EURCHF,Pepperstone MT5
2017.12.19,1.16142,1.16769,1.16079,1.16606,127360,1,0,EURCHF,Pepperstone MT5
2017.12.20,1.16585,1.17203,1.16534,1.17190,111786,1,0,EURCHF,Pepperstone MT5
2017.12.21,1.17184,1.17504,1.16974,1.17334,109098,1,0,EURCHF,Pepperstone MT5
2017.12.22,1.17312,1.17448,1.16960,1.17264,108814,1,0,EURCHF,Pepperstone MT5
2017.12.26,1.17127,1.17554,1.17126,1.17376,64854,1,0,EURCHF,Pepperstone MT5
2017.12.27,1.17369,1.17768,1.17205,1.17380,102679,1,0,EURCHF,Pepperstone MT5
2017.12.28,1.17370,1.17387,1.16809,1.16915,194826,1,0,EURCHF,Pepperstone MT5
2017.12.29,1.16912,1.17225,1.16710,1.16910,102236,1,0,EURCHF,Pepperstone MT5
2018.01.02,1.16867,1.17279,1.16829,1.17167,105398,1,0,EURCHF,Pepperstone MT5
2018.01.03,1.17175,1.17627,1.17006,1.17362,112279,1,0,EURCHF,Pepperstone MT5
2018.01.04,1.17344,1.17752,1.17322,1.17637,103603,1,0,EURCHF,Pepperstone MT5
2018.01.05,1.17640,1.17786,1.17329,1.17421,104673,1,0,EURCHF,Pepperstone MT5
2018.01.08,1.17247,1.17464,1.16835,1.16956,85112,1,0,EURCHF,Pepperstone MT5
2018.01.09,1.16952,1.17377,1.16839,1.17376,108285,1,0,EURCHF,Pepperstone MT5
2018.01.10,1.17376,1.17474,1.16863,1.16906,151708,1,0,EURCHF,Pepperstone MT5
2018.01.11,1.16898,1.17572,1.16865,1.17414,153810,1,0,EURCHF,Pepperstone MT5
2018.01.12,1.17422,1.18021,1.17355,1.17985,166164,1,0,EURCHF,Pepperstone MT5
2018.01.15,1.18024,1.18329,1.17832,1.18129,146408,1,0,EURCHF,Pepperstone MT5
2018.01.16,1.18116,1.18282,1.17621,1.17632,154401,1,0,EURCHF,Pepperstone MT5
2018.01.17,1.17640,1.18021,1.17531,1.17581,198965,1,0,EURCHF,Pepperstone MT5
2018.01.18,1.17585,1.17751,1.17288,1.17366,166565,1,0,EURCHF,Pepperstone MT5
2018.01.19,1.17373,1.17731,1.17116,1.17724,161587,1,0,EURCHF,Pepperstone MT5
2018.01.22,1.17933,1.17977,1.17512,1.17966,123737,1,0,EURCHF,Pepperstone MT5
2018.01.23,1.17947,1.17973,1.17676,1.17765,139571,1,0,EURCHF,Pepperstone MT5
2018.01.24,1.17775,1.17815,1.16850,1.17294,176810,1,0,EURCHF,Pepperstone MT5
2018.01.25,1.17294,1.17374,1.16263,1.16723,275654,1,0,EURCHF,Pepperstone MT5
2018.01.26,1.16737,1.16850,1.15875,1.15959,214581,1,0,EURCHF,Pepperstone MT5
2018.01.29,1.15989,1.16376,1.15408,1.16125,175072,1,0,EURCHF,Pepperstone MT5
2018.01.30,1.16115,1.16141,1.15680,1.15886,185200,1,0,EURCHF,Pepperstone MT5
2018.01.31,1.15881,1.16371,1.15528,1.15539,208460,1,0,EURCHF,Pepperstone MT5
2018.02.01,1.15546,1.16071,1.15476,1.15934,178728,1,0,EURCHF,Pepperstone MT5
2018.02.02,1.15921,1.16227,1.15743,1.16049,195981,1,0,EURCHF,Pepperstone MT5
2018.02.05,1.15929,1.16399,1.15705,1.15732,195957,1,0,EURCHF,Pepperstone MT5
2018.02.06,1.15761,1.16286,1.15085,1.15921,313486,1,0,EURCHF,Pepperstone MT5
2018.02.07,1.15945,1.16196,1.15583,1.15742,194291,1,0,EURCHF,Pepperstone MT5
2018.02.08,1.15711,1.15945,1.14463,1.14645,246443,1,0,EURCHF,Pepperstone MT5
2018.02.09,1.14608,1.15281,1.14496,1.15036,221515,1,0,EURCHF,Pepperstone MT5
2018.02.12,1.14932,1.15426,1.14865,1.15417,140826,1,0,EURCHF,Pepperstone MT5
2018.02.13,1.15431,1.15623,1.15075,1.15563,153743,1,0,EURCHF,Pepperstone MT5
2018.02.14,1.15554,1.15849,1.14977,1.15801,187252,1,0,EURCHF,Pepperstone MT5
2018.02.15,1.15798,1.15829,1.15191,1.15222,173315,1,0,EURCHF,Pepperstone MT5
2018.02.16,1.15245,1.15466,1.15027,1.15092,173014,1,0,EURCHF,Pepperstone MT5
2018.02.19,1.15091,1.15360,1.15038,1.15238,122252,1,0,EURCHF,Pepperstone MT5
2018.02.20,1.15245,1.15581,1.15178,1.15458,150684,1,0,EURCHF,Pepperstone MT5
2018.02.21,1.15447,1.15606,1.15321,1.15322,180295,1,0,EURCHF,Pepperstone MT5
2018.02.22,1.15328,1.15442,1.14986,1.14989,153165,1,0,EURCHF,Pepperstone MT5
2018.02.23,1.15001,1.15235,1.14909,1.15172,124195,1,0,EURCHF,Pepperstone MT5
2018.02.26,1.14963,1.15527,1.14952,1.15522,123470,1,0,EURCHF,Pepperstone MT5
2018.02.27,1.15520,1.15630,1.14847,1.14868,158343,1,0,EURCHF,Pepperstone MT5
2018.02.28,1.14855,1.15344,1.14825,1.15180,150883,1,0,EURCHF,Pepperstone MT5
2018.03.01,1.15140,1.15606,1.15119,1.15532,184625,1,0,EURCHF,Pepperstone MT5
2018.03.02,1.15507,1.15605,1.14957,1.15542,174470,1,0,EURCHF,Pepperstone MT5
2018.03.05,1.15480,1.16005,1.15103,1.15942,175225,1,0,EURCHF,Pepperstone MT5
2018.03.06,1.15931,1.16737,1.15893,1.16681,151310,1,0,EURCHF,Pepperstone MT5
2018.03.07,1.16680,1.17123,1.16311,1.17085,168765,1,0,EURCHF,Pepperstone MT5
2018.03.08,1.17080,1.17413,1.16822,1.17093,180085,1,0,EURCHF,Pepperstone MT5
2018.03.09,1.17046,1.17266,1.16774,1.17073,158740,1,0,EURCHF,Pepperstone MT5
2018.03.12,1.17091,1.17156,1.16735,1.16882,110444,1,0,EURCHF,Pepperstone MT5
2018.03.13,1.16866,1.17088,1.16781,1.16966,154509,1,0,EURCHF,Pepperstone MT5
2018.03.14,1.16956,1.17122,1.16826,1.16850,141508,1,0,EURCHF,Pepperstone MT5
2018.03.15,1.16839,1.17124,1.16774,1.17068,140381,1,0,EURCHF,Pepperstone MT5
2018.03.16,1.17070,1.17135,1.16878,1.17039,131005,1,0,EURCHF,Pepperstone MT5
2018.03.19,1.17027,1.17442,1.16929,1.17311,145897,1,0,EURCHF,Pepperstone MT5
2018.03.20,1.17304,1.17489,1.16957,1.17082,137033,1,0,EURCHF,Pepperstone MT5
2018.03.21,1.17088,1.17291,1.16886,1.17129,165207,1,0,EURCHF,Pepperstone MT5
2018.03.22,1.17148,1.17244,1.16511,1.16753,181473,1,0,EURCHF,Pepperstone MT5
2018.03.23,1.16767,1.17160,1.16537,1.17018,176374,1,0,EURCHF,Pepperstone MT5
2018.03.26,1.16898,1.17736,1.16898,1.17694,138295,1,0,EURCHF,Pepperstone MT5
2018.03.27,1.17636,1.17738,1.17376,1.17416,151645,1,0,EURCHF,Pepperstone MT5
2018.03.28,1.17402,1.18034,1.17361,1.17725,155891,1,0,EURCHF,Pepperstone MT5
2018.03.29,1.17713,1.17965,1.17544,1.17644,129703,1,0,EURCHF,Pepperstone MT5
2018.03.30,1.17612,1.17687,1.17323,1.17551,49964,1,0,EURCHF,Pepperstone MT5
2018.04.02,1.17355,1.17636,1.17354,1.17515,75298,1,0,EURCHF,Pepperstone MT5
2018.04.03,1.17436,1.17749,1.17366,1.17623,124467,1,0,EURCHF,Pepperstone MT5
2018.04.04,1.17613,1.18046,1.17540,1.17974,114958,1,0,EURCHF,Pepperstone MT5
2018.04.05,1.17969,1.18053,1.17719,1.17926,109773,1,0,EURCHF,Pepperstone MT5
2018.04.06,1.17935,1.18044,1.17689,1.17792,158639,1,0,EURCHF,Pepperstone MT5
2018.04.09,1.17707,1.17983,1.17639,1.17806,131320,1,0,EURCHF,Pepperstone MT5
2018.04.10,1.17797,1.18262,1.17678,1.18229,147942,1,0,EURCHF,Pepperstone MT5
2018.04.11,1.18214,1.18808,1.18157,1.18440,147234,1,0,EURCHF,Pepperstone MT5
2018.04.12,1.18419,1.18896,1.18393,1.18614,151274,1,0,EURCHF,Pepperstone MT5
2018.04.13,1.18583,1.18793,1.18500,1.18585,114915,1,0,EURCHF,Pepperstone MT5
2018.04.16,1.18583,1.18848,1.18495,1.18817,101926,1,0,EURCHF,Pepperstone MT5
2018.04.17,1.18826,1.19536,1.18795,1.19514,114423,1,0,EURCHF,Pepperstone MT5
2018.04.18,1.19500,1.19920,1.19459,1.19875,128085,1,0,EURCHF,Pepperstone MT5
2018.04.19,1.19853,1.20016,1.19573,1.19901,145670,1,0,EURCHF,Pepperstone MT5
2018.04.20,1.19900,1.20054,1.19500,1.19794,125265,1,0,EURCHF,Pepperstone MT5
2018.04.23,1.19651,1.19835,1.19262,1.19406,132828,1,0,EURCHF,Pepperstone MT5
2018.04.24,1.19414,1.19909,1.19248,1.19750,138708,1,0,EURCHF,Pepperstone MT5
2018.04.25,1.19734,1.19973,1.19556,1.19559,134793,1,0,EURCHF,Pepperstone MT5
2018.04.26,1.19558,1.19904,1.19520,1.19717,156321,1,0,EURCHF,Pepperstone MT5
2018.04.27,1.19677,1.19841,1.19526,1.19826,143418,1,0,EURCHF,Pepperstone MT5
2018.04.30,1.19737,1.19874,1.19559,1.19669,140135,1,0,EURCHF,Pepperstone MT5
2018.05.01,1.19664,1.19735,1.19356,1.19524,127434,1,0,EURCHF,Pepperstone MT5
2018.05.02,1.19502,1.19640,1.19347,1.19423,182767,1,0,EURCHF,Pepperstone MT5
2018.05.03,1.19395,1.19690,1.19356,1.19613,185168,1,0,EURCHF,Pepperstone MT5
2018.05.04,1.19601,1.19753,1.19361,1.19646,132009,1,0,EURCHF,Pepperstone MT5
2018.05.07,1.19574,1.19796,1.19473,1.19551,111866,1,0,EURCHF,Pepperstone MT5
2018.05.08,1.19516,1.19599,1.18661,1.18858,151740,1,0,EURCHF,Pepperstone MT5
2018.05.09,1.18846,1.19224,1.18665,1.19153,138781,1,0,EURCHF,Pepperstone MT5
2018.05.10,1.19134,1.19580,1.18996,1.19500,170303,1,0,EURCHF,Pepperstone MT5
2018.05.11,1.19485,1.19578,1.19249,1.19450,121069,1,0,EURCHF,Pepperstone MT5
2018.05.14,1.19430,1.19804,1.19310,1.19327,110432,1,0,EURCHF,Pepperstone MT5
2018.05.15,1.19312,1.19413,1.18481,1.18542,155492,1,0,EURCHF,Pepperstone MT5
2018.05.16,1.18515,1.18587,1.17712,1.18223,170156,1,0,EURCHF,Pepperstone MT5
2018.05.17,1.18223,1.18408,1.18028,1.18148,145045,1,0,EURCHF,Pepperstone MT5
2018.05.18,1.18100,1.18175,1.17301,1.17417,103760,1,0,EURCHF,Pepperstone MT5
2018.05.21,1.17410,1.17616,1.17073,1.17578,100473,1,0,EURCHF,Pepperstone MT5
2018.05.22,1.17553,1.17716,1.16843,1.16926,119750,1,0,EURCHF,Pepperstone MT5
2018.05.23,1.16921,1.16967,1.15811,1.16470,178394,1,0,EURCHF,Pepperstone MT5
2018.05.24,1.16448,1.16528,1.15885,1.16180,147188,1,0,EURCHF,Pepperstone MT5
2018.05.25,1.16144,1.16428,1.15330,1.15349,142866,1,0,EURCHF,Pepperstone MT5
2018.05.28,1.15805,1.16288,1.15456,1.15489,111065,1,0,EURCHF,Pepperstone MT5
2018.05.29,1.15474,1.15543,1.13679,1.14377,212572,1,0,EURCHF,Pepperstone MT5
2018.05.30,1.14384,1.15674,1.14102,1.15376,195926,1,0,EURCHF,Pepperstone MT5
2018.05.31,1.15364,1.15715,1.14635,1.15277,173218,1,0,EURCHF,Pepperstone MT5
2018.06.01,1.15224,1.15743,1.15016,1.15163,147595,1,0,EURCHF,Pepperstone MT5
2018.06.04,1.15220,1.15647,1.15101,1.15546,112081,1,0,EURCHF,Pepperstone MT5
2018.06.05,1.15514,1.15636,1.15065,1.15388,124040,1,0,EURCHF,Pepperstone MT5
2018.06.06,1.15360,1.16401,1.15280,1.16164,122505,1,0,EURCHF,Pepperstone MT5
2018.06.07,1.16085,1.16350,1.15585,1.15663,136514,1,0,EURCHF,Pepperstone MT5
2018.06.08,1.15643,1.16189,1.15370,1.15942,133905,1,0,EURCHF,Pepperstone MT5
2018.06.11,1.15910,1.16570,1.15910,1.16119,100060,1,0,EURCHF,Pepperstone MT5
2018.06.12,1.16098,1.16254,1.15812,1.15898,133043,1,0,EURCHF,Pepperstone MT5
2018.06.13,1.15875,1.16246,1.15860,1.16212,128987,1,0,EURCHF,Pepperstone MT5
2018.06.14,1.16164,1.16485,1.15303,1.15331,168795,1,0,EURCHF,Pepperstone MT5
2018.06.15,1.15283,1.15864,1.15185,1.15788,155693,1,0,EURCHF,Pepperstone MT5
2018.06.18,1.15456,1.15717,1.15332,1.15670,100702,1,0,EURCHF,Pepperstone MT5
2018.06.19,1.15646,1.15710,1.14868,1.15204,167746,1,0,EURCHF,Pepperstone MT5
2018.06.20,1.15065,1.15524,1.15065,1.15305,137582,1,0,EURCHF,Pepperstone MT5
2018.06.21,1.15303,1.15429,1.14794,1.15079,174056,1,0,EURCHF,Pepperstone MT5
2018.06.22,1.15085,1.15510,1.14954,1.15134,161964,1,0,EURCHF,Pepperstone MT5
2018.06.25,1.15135,1.15571,1.14897,1.15501,147662,1,0,EURCHF,Pepperstone MT5
2018.06.26,1.15493,1.15653,1.15250,1.15371,167277,1,0,EURCHF,Pepperstone MT5
2018.06.27,1.15284,1.15553,1.15096,1.15196,175031,1,0,EURCHF,Pepperstone MT5
2018.06.28,1.15157,1.15659,1.15047,1.15392,194728,1,0,EURCHF,Pepperstone MT5
2018.06.29,1.15362,1.16004,1.15237,1.15694,179290,1,0,EURCHF,Pepperstone MT5
2018.07.02,1.15502,1.15703,1.15347,1.15629,130882,1,0,EURCHF,Pepperstone MT5
2018.07.03,1.15618,1.15854,1.15507,1.15713,112555,1,0,EURCHF,Pepperstone MT5
2018.07.04,1.15679,1.15842,1.15492,1.15705,103836,1,0,EURCHF,Pepperstone MT5
2018.07.05,1.15620,1.16195,1.15618,1.16151,130652,1,0,EURCHF,Pepperstone MT5
2018.07.06,1.15901,1.16395,1.15870,1.16273,117170,1,0,EURCHF,Pepperstone MT5
2018.07.09,1.16000,1.16565,1.15986,1.16507,122031,1,0,EURCHF,Pepperstone MT5
2018.07.10,1.16501,1.16592,1.16319,1.16503,119721,1,0,EURCHF,Pepperstone MT5
2018.07.11,1.16458,1.16583,1.16190,1.16275,172185,1,0,EURCHF,Pepperstone MT5
2018.07.12,1.16250,1.17083,1.16195,1.16980,148396,1,0,EURCHF,Pepperstone MT5
2018.07.13,1.16955,1.17090,1.16579,1.17045,124757,1,0,EURCHF,Pepperstone MT5
2018.07.16,1.16880,1.17143,1.16702,1.16719,126645,1,0,EURCHF,Pepperstone MT5
2018.07.17,1.16677,1.16810,1.16403,1.16630,142908,1,0,EURCHF,Pepperstone MT5
2018.07.18,1.16620,1.16699,1.16026,1.16269,136584,1,0,EURCHF,Pepperstone MT5
2018.07.19,1.16250,1.16396,1.16137,1.16330,189934,1,0,EURCHF,Pepperstone MT5
2018.07.20,1.16317,1.16549,1.16142,1.16321,214966,1,0,EURCHF,Pepperstone MT5
2018.07.23,1.16216,1.16479,1.16031,1.16074,124172,1,0,EURCHF,Pepperstone MT5
2018.07.24,1.16021,1.16319,1.15957,1.16081,144368,1,0,EURCHF,Pepperstone MT5
2018.07.25,1.16103,1.16341,1.15948,1.16312,140879,1,0,EURCHF,Pepperstone MT5
2018.07.26,1.16276,1.16382,1.15732,1.15743,145374,1,0,EURCHF,Pepperstone MT5
2018.07.27,1.15738,1.16061,1.15670,1.15952,115713,1,0,EURCHF,Pepperstone MT5
2018.07.30,1.15830,1.16043,1.15668,1.15681,82870,1,0,EURCHF,Pepperstone MT5
2018.07.31,1.15698,1.15982,1.15607,1.15776,117832,1,0,EURCHF,Pepperstone MT5
2018.08.01,1.15757,1.16043,1.15642,1.15666,109064,1,0,EURCHF,Pepperstone MT5
2018.08.02,1.15628,1.15714,1.15303,1.15323,98438,1,0,EURCHF,Pepperstone MT5
2018.08.03,1.15288,1.15421,1.14975,1.15013,112280,1,0,EURCHF,Pepperstone MT5
2018.08.06,1.14940,1.15289,1.14940,1.15116,80517,1,0,EURCHF,Pepperstone MT5
2018.08.07,1.15110,1.15475,1.15095,1.15464,77663,1,0,EURCHF,Pepperstone MT5
2018.08.08,1.15160,1.15576,1.15160,1.15297,88948,1,0,EURCHF,Pepperstone MT5
2018.08.09,1.15304,1.15368,1.14505,1.14539,100626,1,0,EURCHF,Pepperstone MT5
2018.08.10,1.14539,1.14611,1.13398,1.13555,192381,1,0,EURCHF,Pepperstone MT5
2018.08.13,1.12908,1.13607,1.12867,1.13293,156800,1,0,EURCHF,Pepperstone MT5
2018.08.14,1.13290,1.13551,1.12658,1.12764,124661,1,0,EURCHF,Pepperstone MT5
2018.08.15,1.12753,1.13057,1.12437,1.12732,126124,1,0,EURCHF,Pepperstone MT5
2018.08.16,1.12715,1.13477,1.12636,1.13392,133584,1,0,EURCHF,Pepperstone MT5
2018.08.17,1.13375,1.13943,1.13279,1.13900,121483,1,0,EURCHF,Pepperstone MT5
2018.08.20,1.13713,1.13878,1.13539,1.13824,98767,1,0,EURCHF,Pepperstone MT5
2018.08.21,1.13793,1.14190,1.13593,1.13933,139471,1,0,EURCHF,Pepperstone MT5
2018.08.22,1.13900,1.14103,1.13749,1.14008,115933,1,0,EURCHF,Pepperstone MT5
2018.08.23,1.14001,1.14078,1.13646,1.13804,113060,1,0,EURCHF,Pepperstone MT5
2018.08.24,1.13760,1.14300,1.13659,1.14280,118010,1,0,EURCHF,Pepperstone MT5
2018.08.27,1.14240,1.14504,1.14108,1.14387,98584,1,0,EURCHF,Pepperstone MT5
2018.08.28,1.14351,1.14541,1.14164,1.14190,118228,1,0,EURCHF,Pepperstone MT5
2018.08.29,1.14158,1.14236,1.13441,1.13604,130660,1,0,EURCHF,Pepperstone MT5
2018.08.30,1.13598,1.13685,1.13034,1.13083,129333,1,0,EURCHF,Pepperstone MT5
2018.08.31,1.13046,1.13116,1.12394,1.12451,156022,1,0,EURCHF,Pepperstone MT5
2018.09.03,1.12400,1.12721,1.12400,1.12581,83588,1,0,EURCHF,Pepperstone MT5
2018.09.04,1.12552,1.12907,1.12420,1.12844,127166,1,0,EURCHF,Pepperstone MT5
2018.09.05,1.12821,1.13205,1.12533,1.13026,141162,1,0,EURCHF,Pepperstone MT5
2018.09.06,1.12977,1.13119,1.12171,1.12183,136519,1,0,EURCHF,Pepperstone MT5
2018.09.07,1.12177,1.12453,1.11834,1.12013,139629,1,0,EURCHF,Pepperstone MT5
2018.09.10,1.11730,1.13157,1.11730,1.13029,100301,1,0,EURCHF,Pepperstone MT5
2018.09.11,1.12989,1.13436,1.12636,1.12848,103453,1,0,EURCHF,Pepperstone MT5
2018.09.12,1.12829,1.13114,1.12688,1.12836,102936,1,0,EURCHF,Pepperstone MT5
2018.09.13,1.12728,1.13157,1.12621,1.12878,107545,1,0,EURCHF,Pepperstone MT5
2018.09.14,1.12844,1.13041,1.12407,1.12419,96642,1,0,EURCHF,Pepperstone MT5
2018.09.17,1.12368,1.12605,1.12305,1.12447,83569,1,0,EURCHF,Pepperstone MT5
2018.09.18,1.12425,1.12630,1.12227,1.12519,122952,1,0,EURCHF,Pepperstone MT5
2018.09.19,1.12480,1.13272,1.12480,1.12905,109637,1,0,EURCHF,Pepperstone MT5
2018.09.20,1.12877,1.13215,1.12731,1.12936,129123,1,0,EURCHF,Pepperstone MT5
2018.09.21,1.12888,1.13086,1.12218,1.12636,130560,1,0,EURCHF,Pepperstone MT5
2018.09.24,1.12550,1.13366,1.12519,1.13344,104369,1,0,EURCHF,Pepperstone MT5
2018.09.25,1.13252,1.13824,1.13220,1.13546,115302,1,0,EURCHF,Pepperstone MT5
2018.09.26,1.13508,1.13849,1.13321,1.13378,133262,1,0,EURCHF,Pepperstone MT5
2018.09.27,1.13357,1.14149,1.13117,1.13772,163006,1,0,EURCHF,Pepperstone MT5
2018.09.28,1.13720,1.13987,1.12812,1.13924,145307,1,0,EURCHF,Pepperstone MT5
2018.10.01,1.13845,1.14284,1.13646,1.13896,126059,1,0,EURCHF,Pepperstone MT5
2018.10.02,1.13800,1.13954,1.13125,1.13611,141051,1,0,EURCHF,Pepperstone MT5
2018.10.03,1.13609,1.14216,1.13574,1.13919,168630,1,0,EURCHF,Pepperstone MT5
2018.10.04,1.13849,1.14355,1.13659,1.14184,164516,1,0,EURCHF,Pepperstone MT5
2018.10.05,1.14187,1.14499,1.14111,1.14274,151915,1,0,EURCHF,Pepperstone MT5
2018.10.08,1.14178,1.14407,1.13813,1.14029,114673,1,0,EURCHF,Pepperstone MT5
2018.10.09,1.13981,1.14158,1.13692,1.13976,152955,1,0,EURCHF,Pepperstone MT5
2018.10.10,1.13892,1.14443,1.13888,1.14058,150454,1,0,EURCHF,Pepperstone MT5
2018.10.11,1.14037,1.14891,1.13916,1.14698,239034,1,0,EURCHF,Pepperstone MT5
2018.10.12,1.14708,1.14927,1.14490,1.14601,151257,1,0,EURCHF,Pepperstone MT5
2018.10.15,1.14300,1.14642,1.14149,1.14266,143811,1,0,EURCHF,Pepperstone MT5
2018.10.16,1.14291,1.14787,1.14236,1.14653,134780,1,0,EURCHF,Pepperstone MT5
2018.10.17,1.14628,1.14830,1.14376,1.14459,150995,1,0,EURCHF,Pepperstone MT5
2018.10.18,1.14436,1.14666,1.13989,1.14012,168019,1,0,EURCHF,Pepperstone MT5
2018.10.19,1.13985,1.14920,1.13921,1.14676,165439,1,0,EURCHF,Pepperstone MT5
2018.10.22,1.14478,1.15014,1.14169,1.14188,138182,1,0,EURCHF,Pepperstone MT5
2018.10.23,1.14144,1.14299,1.13971,1.14115,166683,1,0,EURCHF,Pepperstone MT5
2018.10.24,1.14108,1.14188,1.13550,1.13671,173248,1,0,EURCHF,Pepperstone MT5
2018.10.25,1.13653,1.14163,1.13548,1.13699,169194,1,0,EURCHF,Pepperstone MT5
2018.10.26,1.13625,1.13859,1.13431,1.13686,180870,1,0,EURCHF,Pepperstone MT5
2018.10.29,1.13635,1.14092,1.13588,1.13946,140751,1,0,EURCHF,Pepperstone MT5
2018.10.30,1.13935,1.14189,1.13709,1.14036,142240,1,0,EURCHF,Pepperstone MT5
2018.10.31,1.14018,1.14145,1.13795,1.14084,146972,1,0,EURCHF,Pepperstone MT5
2018.11.01,1.14034,1.14491,1.13955,1.14325,165219,1,0,EURCHF,Pepperstone MT5
2018.11.02,1.14289,1.14549,1.14053,1.14286,182151,1,0,EURCHF,Pepperstone MT5
2018.11.05,1.14234,1.14633,1.14140,1.14582,133638,1,0,EURCHF,Pepperstone MT5
2018.11.06,1.14547,1.14704,1.14409,1.14548,132333,1,0,EURCHF,Pepperstone MT5
2018.11.07,1.14556,1.14698,1.14290,1.14552,210997,1,0,EURCHF,Pepperstone MT5
2018.11.08,1.14453,1.14702,1.14250,1.14327,174386,1,0,EURCHF,Pepperstone MT5
2018.11.09,1.14298,1.14385,1.13832,1.13951,159136,1,0,EURCHF,Pepperstone MT5
2018.11.12,1.13794,1.13992,1.13346,1.13392,174251,1,0,EURCHF,Pepperstone MT5
2018.11.13,1.13352,1.13879,1.13341,1.13710,206765,1,0,EURCHF,Pepperstone MT5
2018.11.14,1.13623,1.14236,1.13593,1.13771,192368,1,0,EURCHF,Pepperstone MT5
2018.11.15,1.13683,1.14206,1.13446,1.14062,210146,1,0,EURCHF,Pepperstone MT5
2018.11.16,1.13798,1.14346,1.13603,1.14145,165373,1,0,EURCHF,Pepperstone MT5
2018.11.19,1.14003,1.14169,1.13705,1.13808,132894,1,0,EURCHF,Pepperstone MT5
2018.11.20,1.13748,1.13827,1.13056,1.13118,143706,1,0,EURCHF,Pepperstone MT5
2018.11.21,1.13092,1.13469,1.13043,1.13222,121416,1,0,EURCHF,Pepperstone MT5
2018.11.22,1.13182,1.13575,1.13104,1.13363,103057,1,0,EURCHF,Pepperstone MT5
2018.11.23,1.13309,1.13546,1.12969,1.12999,113064,1,0,EURCHF,Pepperstone MT5
2018.11.26,1.12922,1.13422,1.12922,1.13124,117527,1,0,EURCHF,Pepperstone MT5
2018.11.27,1.13078,1.13249,1.12757,1.12760,160209,1,0,EURCHF,Pepperstone MT5
2018.11.28,1.12758,1.13170,1.12609,1.12946,161592,1,0,EURCHF,Pepperstone MT5
2018.11.29,1.12943,1.13490,1.12894,1.13467,160549,1,0,EURCHF,Pepperstone MT5
2018.11.30,1.13440,1.13568,1.12957,1.13022,142295,1,0,EURCHF,Pepperstone MT5
2018.12.03,1.13333,1.13460,1.13046,1.13315,138103,1,0,EURCHF,Pepperstone MT5
2018.12.04,1.13278,1.13487,1.13060,1.13131,177200,1,0,EURCHF,Pepperstone MT5
2018.12.05,1.13108,1.13315,1.13033,1.13162,109916,1,0,EURCHF,Pepperstone MT5
2018.12.06,1.13148,1.13218,1.12809,1.12970,201516,1,0,EURCHF,Pepperstone MT5
2018.12.07,1.12901,1.13104,1.12813,1.12855,168054,1,0,EURCHF,Pepperstone MT5
2018.12.10,1.12840,1.13080,1.12360,1.12440,192602,1,0,EURCHF,Pepperstone MT5
2018.12.11,1.12358,1.12587,1.12249,1.12406,165489,1,0,EURCHF,Pepperstone MT5
2018.12.12,1.12383,1.12978,1.12349,1.12940,172650,1,0,EURCHF,Pepperstone MT5
2018.12.13,1.12901,1.13023,1.12659,1.12884,155288,1,0,EURCHF,Pepperstone MT5
2018.12.14,1.12787,1.12947,1.12404,1.12840,143221,1,0,EURCHF,Pepperstone MT5
2018.12.17,1.12599,1.12916,1.12482,1.12698,178009,1,0,EURCHF,Pepperstone MT5
2018.12.18,1.12663,1.12974,1.12604,1.12805,144580,1,0,EURCHF,Pepperstone MT5
2018.12.19,1.12707,1.13447,1.12639,1.13152,178312,1,0,EURCHF,Pepperstone MT5
2018.12.20,1.13148,1.13495,1.12891,1.13067,212318,1,0,EURCHF,Pepperstone MT5
2018.12.21,1.13010,1.13244,1.12907,1.13135,200093,1,0,EURCHF,Pepperstone MT5
2018.12.24,1.12998,1.13447,1.12478,1.12498,92883,1,0,EURCHF,Pepperstone MT5
2018.12.26,1.12417,1.13085,1.12328,1.13034,60971,1,0,EURCHF,Pepperstone MT5
2018.12.27,1.12968,1.13123,1.12411,1.12908,135385,1,0,EURCHF,Pepperstone MT5
2018.12.28,1.12898,1.12986,1.12152,1.12578,117675,1,0,EURCHF,Pepperstone MT5
2018.12.31,1.12378,1.12870,1.12378,1.12485,87650,1,0,EURCHF,Pepperstone MT5
2019.01.02,1.12407,1.12710,1.12175,1.12296,114389,1,0,EURCHF,Pepperstone MT5
2019.01.03,1.12293,1.12782,1.11675,1.12419,149521,1,0,EURCHF,Pepperstone MT5
2019.01.04,1.12335,1.12696,1.12308,1.12427,117973,1,0,EURCHF,Pepperstone MT5
2019.01.07,1.12291,1.12602,1.12244,1.12401,88070,1,0,EURCHF,Pepperstone MT5
2019.01.08,1.12406,1.12458,1.12197,1.12268,88877,1,0,EURCHF,Pepperstone MT5
2019.01.09,1.12257,1.12655,1.12095,1.12474,119405,1,0,EURCHF,Pepperstone MT5
2019.01.10,1.12461,1.13245,1.12379,1.13221,117525,1,0,EURCHF,Pepperstone MT5
2019.01.11,1.13185,1.13402,1.12725,1.12823,105423,1,0,EURCHF,Pepperstone MT5
2019.01.14,1.12709,1.12877,1.12464,1.12494,84763,1,0,EURCHF,Pepperstone MT5
2019.01.15,1.12471,1.12900,1.12407,1.12717,113717,1,0,EURCHF,Pepperstone MT5
2019.01.16,1.12740,1.12966,1.12597,1.12831,84077,1,0,EURCHF,Pepperstone MT5
2019.01.17,1.12835,1.13316,1.12773,1.13210,92843,1,0,EURCHF,Pepperstone MT5
2019.01.18,1.13196,1.13379,1.13009,1.13134,81759,1,0,EURCHF,Pepperstone MT5
2019.01.21,1.12924,1.13472,1.12924,1.13318,59011,1,0,EURCHF,Pepperstone MT5
2019.01.22,1.13315,1.13436,1.13169,1.13283,77427,1,0,EURCHF,Pepperstone MT5
2019.01.23,1.13254,1.13473,1.13158,1.13214,81225,1,0,EURCHF,Pepperstone MT5
2019.01.24,1.13041,1.13264,1.12598,1.12642,114199,1,0,EURCHF,Pepperstone MT5
2019.01.25,1.12550,1.13366,1.12550,1.13271,108084,1,0,EURCHF,Pepperstone MT5
2019.01.28,1.13238,1.13457,1.13103,1.13332,79700,1,0,EURCHF,Pepperstone MT5
2019.01.29,1.13332,1.13785,1.13297,1.13719,101516,1,0,EURCHF,Pepperstone MT5
2019.01.30,1.13698,1.14286,1.13657,1.14118,107199,1,0,EURCHF,Pepperstone MT5
2019.01.31,1.14087,1.14288,1.13722,1.13832,111287,1,0,EURCHF,Pepperstone MT5
2019.02.01,1.13764,1.14126,1.13757,1.14019,102333,1,0,EURCHF,Pepperstone MT5
2019.02.04,1.13988,1.14233,1.13945,1.14114,52977,1,0,EURCHF,Pepperstone MT5
2019.02.05,1.14112,1.14440,1.14022,1.14035,53567,1,0,EURCHF,Pepperstone MT5
2019.02.06,1.14044,1.14076,1.13860,1.13900,54813,1,0,EURCHF,Pepperstone MT5
2019.02.07,1.13891,1.13944,1.13456,1.13647,54955,1,0,EURCHF,Pepperstone MT5
2019.02.08,1.13592,1.13698,1.13224,1.13239,43561,1,0,EURCHF,Pepperstone MT5
2019.02.11,1.13150,1.14238,1.13090,1.13215,48768,1,0,EURCHF,Pepperstone MT5
2019.02.12,1.13212,1.14069,1.13094,1.13977,49153,1,0,EURCHF,Pepperstone MT5
2019.02.13,1.13952,1.14066,1.13619,1.13656,54918,1,0,EURCHF,Pepperstone MT5
2019.02.14,1.13639,1.13824,1.13495,1.13531,64981,1,0,EURCHF,Pepperstone MT5
2019.02.15,1.13508,1.13584,1.13321,1.13487,56640,1,0,EURCHF,Pepperstone MT5
2019.02.18,1.13388,1.13657,1.13354,1.13587,32536,1,0,EURCHF,Pepperstone MT5
2019.02.19,1.13583,1.13738,1.13334,1.13546,55233,1,0,EURCHF,Pepperstone MT5
2019.02.20,1.13516,1.13665,1.13358,1.13489,56456,1,0,EURCHF,Pepperstone MT5
2019.02.21,1.13482,1.13686,1.13156,1.13487,64490,1,0,EURCHF,Pepperstone MT5
2019.02.22,1.13470,1.13545,1.13301,1.13362,53804,1,0,EURCHF,Pepperstone MT5
2019.02.25,1.13262,1.13687,1.13258,1.13619,46979,1,0,EURCHF,Pepperstone MT5
2019.02.26,1.13601,1.13906,1.13515,1.13904,52666,1,0,EURCHF,Pepperstone MT5
2019.02.27,1.13766,1.13949,1.13520,1.13849,53367,1,0,EURCHF,Pepperstone MT5
2019.02.28,1.13855,1.13878,1.13297,1.13464,64594,1,0,EURCHF,Pepperstone MT5
2019.03.01,1.13455,1.13706,1.13365,1.13523,55399,1,0,EURCHF,Pepperstone MT5
2019.03.04,1.13478,1.13663,1.13163,1.13283,49721,1,0,EURCHF,Pepperstone MT5
2019.03.05,1.13274,1.13589,1.13151,1.13577,50597,1,0,EURCHF,Pepperstone MT5
2019.03.06,1.13529,1.13696,1.13462,1.13623,45259,1,0,EURCHF,Pepperstone MT5
2019.03.07,1.13625,1.13674,1.13142,1.13211,70557,1,0,EURCHF,Pepperstone MT5
2019.03.08,1.13207,1.13340,1.13081,1.13233,64493,1,0,EURCHF,Pepperstone MT5
2019.03.11,1.13135,1.13714,1.13082,1.13645,49855,1,0,EURCHF,Pepperstone MT5
2019.03.12,1.13640,1.13852,1.13474,1.13750,73290,1,0,EURCHF,Pepperstone MT5
2019.03.13,1.13737,1.13803,1.13548,1.13688,77593,1,0,EURCHF,Pepperstone MT5
2019.03.14,1.13686,1.13754,1.13439,1.13470,74751,1,0,EURCHF,Pepperstone MT5
2019.03.15,1.13453,1.13729,1.13433,1.13479,64394,1,0,EURCHF,Pepperstone MT5
2019.03.18,1.13431,1.13654,1.13382,1.13498,48094,1,0,EURCHF,Pepperstone MT5
2019.03.19,1.13501,1.13589,1.13395,1.13416,52820,1,0,EURCHF,Pepperstone MT5
2019.03.20,1.13406,1.13507,1.13179,1.13281,109011,1,0,EURCHF,Pepperstone MT5
2019.03.21,1.13273,1.13334,1.12652,1.12834,80944,1,0,EURCHF,Pepperstone MT5
2019.03.22,1.12779,1.12981,1.12115,1.12257,91762,1,0,EURCHF,Pepperstone MT5
2019.03.25,1.12178,1.12569,1.12178,1.12266,46700,1,0,EURCHF,Pepperstone MT5
2019.03.26,1.12268,1.12471,1.11999,1.12049,46735,1,0,EURCHF,Pepperstone MT5
2019.03.27,1.12017,1.12196,1.11727,1.11855,63393,1,0,EURCHF,Pepperstone MT5
2019.03.28,1.11851,1.12141,1.11741,1.11742,55904,1,0,EURCHF,Pepperstone MT5
2019.03.29,1.11739,1.12009,1.11627,1.11631,53390,1,0,EURCHF,Pepperstone MT5
2019.04.01,1.11698,1.12040,1.11670,1.12010,49791,1,0,EURCHF,Pepperstone MT5
2019.04.02,1.11922,1.12032,1.11691,1.11831,46635,1,0,EURCHF,Pepperstone MT5
2019.04.03,1.11802,1.12161,1.11691,1.12121,42931,1,0,EURCHF,Pepperstone MT5
2019.04.04,1.12122,1.12251,1.11978,1.12206,40247,1,0,EURCHF,Pepperstone MT5
2019.04.05,1.12200,1.12400,1.12046,1.12178,38114,1,0,EURCHF,Pepperstone MT5
2019.04.08,1.12108,1.12568,1.12068,1.12479,35958,1,0,EURCHF,Pepperstone MT5
2019.04.09,1.12481,1.12801,1.12437,1.12609,42942,1,0,EURCHF,Pepperstone MT5
2019.04.10,1.12601,1.13044,1.12498,1.13027,45577,1,0,EURCHF,Pepperstone MT5
2019.04.11,1.13016,1.13145,1.12894,1.12912,35817,1,0,EURCHF,Pepperstone MT5
2019.04.12,1.12911,1.13316,1.12709,1.13289,40591,1,0,EURCHF,Pepperstone MT5
2019.04.15,1.13258,1.13541,1.13237,1.13508,31203,1,0,EURCHF,Pepperstone MT5
2019.04.16,1.13495,1.13778,1.13414,1.13673,42657,1,0,EURCHF,Pepperstone MT5
2019.04.17,1.13665,1.14225,1.13629,1.14192,39039,1,0,EURCHF,Pepperstone MT5
2019.04.18,1.14141,1.14206,1.13659,1.14040,46564,1,0,EURCHF,Pepperstone MT5
2019.04.19,1.14015,1.14118,1.13909,1.13979,44304,1,0,EURCHF,Pepperstone MT5
2019.04.22,1.14000,1.14396,1.13993,1.14331,16581,1,0,EURCHF,Pepperstone MT5
2019.04.23,1.14243,1.14765,1.14239,1.14509,40267,1,0,EURCHF,Pepperstone MT5
2019.04.24,1.14521,1.14537,1.13797,1.13816,51849,1,0,EURCHF,Pepperstone MT5
2019.04.25,1.13800,1.13892,1.13559,1.13584,46848,1,0,EURCHF,Pepperstone MT5
2019.04.26,1.13570,1.13854,1.13508,1.13674,45075,1,0,EURCHF,Pepperstone MT5
2019.04.29,1.13598,1.14093,1.13598,1.14049,31260,1,0,EURCHF,Pepperstone MT5
2019.04.30,1.14044,1.14453,1.13885,1.14305,45700,1,0,EURCHF,Pepperstone MT5
2019.05.01,1.14282,1.14399,1.13906,1.13932,42052,1,0,EURCHF,Pepperstone MT5
2019.05.02,1.13903,1.14275,1.13759,1.13881,44501,1,0,EURCHF,Pepperstone MT5
2019.05.03,1.13884,1.13970,1.13721,1.13853,43673,1,0,EURCHF,Pepperstone MT5
2019.05.06,1.13530,1.14084,1.13497,1.13985,41186,1,0,EURCHF,Pepperstone MT5
2019.05.07,1.13932,1.14398,1.13850,1.14081,46713,1,0,EURCHF,Pepperstone MT5
2019.05.08,1.14056,1.14296,1.13833,1.14206,50294,1,0,EURCHF,Pepperstone MT5
2019.05.09,1.14169,1.14283,1.13712,1.13813,54382,1,0,EURCHF,Pepperstone MT5
2019.05.10,1.13807,1.14093,1.13599,1.13654,50892,1,0,EURCHF,Pepperstone MT5
2019.05.13,1.13617,1.13693,1.12935,1.12941,47434,1,0,EURCHF,Pepperstone MT5
2019.05.14,1.12921,1.13296,1.12884,1.13001,40728,1,0,EURCHF,Pepperstone MT5
2019.05.15,1.12986,1.13139,1.12642,1.12994,41671,1,0,EURCHF,Pepperstone MT5
2019.05.16,1.12982,1.13176,1.12813,1.12845,35314,1,0,EURCHF,Pepperstone MT5
2019.05.17,1.12822,1.12990,1.12696,1.12810,40992,1,0,EURCHF,Pepperstone MT5
2019.05.20,1.12781,1.12929,1.12572,1.12604,31549,1,0,EURCHF,Pepperstone MT5
2019.05.21,1.12599,1.12915,1.12557,1.12851,36553,1,0,EURCHF,Pepperstone MT5
2019.05.22,1.12829,1.12917,1.12456,1.12581,34866,1,0,EURCHF,Pepperstone MT5
2019.05.23,1.12566,1.12607,1.12060,1.12197,47109,1,0,EURCHF,Pepperstone MT5
2019.05.24,1.12184,1.12340,1.11954,1.12237,36777,1,0,EURCHF,Pepperstone MT5
2019.05.27,1.12126,1.12638,1.12126,1.12324,20849,1,0,EURCHF,Pepperstone MT5
2019.05.28,1.12328,1.12784,1.12247,1.12456,40048,1,0,EURCHF,Pepperstone MT5
2019.05.29,1.12446,1.12519,1.12082,1.12221,43473,1,0,EURCHF,Pepperstone MT5
2019.05.30,1.12223,1.12485,1.12086,1.12166,34825,1,0,EURCHF,Pepperstone MT5
2019.05.31,1.12142,1.12219,1.11714,1.11797,54018,1,0,EURCHF,Pepperstone MT5
2019.06.03,1.11779,1.12046,1.11195,1.11569,58620,1,0,EURCHF,Pepperstone MT5
2019.06.04,1.11556,1.11910,1.11530,1.11627,55951,1,0,EURCHF,Pepperstone MT5
2019.06.05,1.11610,1.11965,1.11368,1.11619,58815,1,0,EURCHF,Pepperstone MT5
2019.06.06,1.11605,1.11977,1.11547,1.11783,59484,1,0,EURCHF,Pepperstone MT5
2019.06.07,1.11770,1.12070,1.11681,1.11941,51201,1,0,EURCHF,Pepperstone MT5
2019.06.10,1.12022,1.12102,1.11860,1.11948,38539,1,0,EURCHF,Pepperstone MT5
2019.06.11,1.11958,1.12438,1.11870,1.12389,46743,1,0,EURCHF,Pepperstone MT5
2019.06.12,1.12375,1.12643,1.12251,1.12364,49954,1,0,EURCHF,Pepperstone MT5
2019.06.13,1.12348,1.12498,1.11998,1.12075,40797,1,0,EURCHF,Pepperstone MT5
2019.06.14,1.12025,1.12278,1.11941,1.11974,46532,1,0,EURCHF,Pepperstone MT5
2019.06.17,1.11899,1.12221,1.11891,1.12065,36065,1,0,EURCHF,Pepperstone MT5
2019.06.18,1.12060,1.12134,1.11732,1.11949,60980,1,0,EURCHF,Pepperstone MT5
2019.06.19,1.11915,1.12113,1.11545,1.11603,51841,1,0,EURCHF,Pepperstone MT5
2019.06.20,1.11582,1.11632,1.10567,1.10850,71520,1,0,EURCHF,Pepperstone MT5
2019.06.21,1.10803,1.11266,1.10706,1.10976,64386,1,0,EURCHF,Pepperstone MT5
2019.06.24,1.10872,1.11308,1.10652,1.10787,47667,1,0,EURCHF,Pepperstone MT5
2019.06.25,1.10758,1.11246,1.10621,1.10884,67025,1,0,EURCHF,Pepperstone MT5
2019.06.26,1.10877,1.11244,1.10765,1.11177,76539,1,0,EURCHF,Pepperstone MT5
2019.06.27,1.11183,1.11450,1.10980,1.11024,67430,1,0,EURCHF,Pepperstone MT5
2019.06.28,1.11014,1.11234,1.10826,1.11023,71189,1,0,EURCHF,Pepperstone MT5
2019.07.01,1.11175,1.11617,1.11158,1.11461,77014,1,0,EURCHF,Pepperstone MT5
2019.07.02,1.11450,1.11721,1.11248,1.11302,70611,1,0,EURCHF,Pepperstone MT5
2019.07.03,1.11327,1.11359,1.11078,1.11313,54377,1,0,EURCHF,Pepperstone MT5
2019.07.04,1.11192,1.11386,1.11103,1.11104,32757,1,0,EURCHF,Pepperstone MT5
2019.07.05,1.11089,1.11476,1.11040,1.11324,64535,1,0,EURCHF,Pepperstone MT5
2019.07.08,1.11277,1.11530,1.11133,1.11449,50243,1,0,EURCHF,Pepperstone MT5
2019.07.09,1.11428,1.11579,1.11230,1.11355,53045,1,0,EURCHF,Pepperstone MT5
2019.07.10,1.11353,1.11450,1.11201,1.11327,65927,1,0,EURCHF,Pepperstone MT5
2019.07.11,1.11322,1.11477,1.11051,1.11447,74991,1,0,EURCHF,Pepperstone MT5
2019.07.12,1.11409,1.11547,1.10715,1.10900,81181,1,0,EURCHF,Pepperstone MT5
2019.07.15,1.10837,1.11033,1.10657,1.10832,58571,1,0,EURCHF,Pepperstone MT5
2019.07.16,1.10818,1.10941,1.10567,1.10734,73918,1,0,EURCHF,Pepperstone MT5
2019.07.17,1.10718,1.11105,1.10701,1.10832,51640,1,0,EURCHF,Pepperstone MT5
2019.07.18,1.10822,1.10895,1.10602,1.10681,72030,1,0,EURCHF,Pepperstone MT5
2019.07.19,1.10662,1.10829,1.10130,1.10150,64914,1,0,EURCHF,Pepperstone MT5
2019.07.22,1.10114,1.10354,1.09993,1.10075,58873,1,0,EURCHF,Pepperstone MT5
2019.07.23,1.10060,1.10194,1.09711,1.09868,62940,1,0,EURCHF,Pepperstone MT5
2019.07.24,1.09859,1.10051,1.09686,1.09692,51828,1,0,EURCHF,Pepperstone MT5
2019.07.25,1.09688,1.10551,1.09623,1.10432,71063,1,0,EURCHF,Pepperstone MT5
2019.07.26,1.10423,1.10632,1.10377,1.10521,50866,1,0,EURCHF,Pepperstone MT5
2019.07.29,1.10412,1.10571,1.10253,1.10519,43453,1,0,EURCHF,Pepperstone MT5
2019.07.30,1.10496,1.10549,1.10291,1.10464,60038,1,0,EURCHF,Pepperstone MT5
2019.07.31,1.10475,1.10621,1.10032,1.10115,80909,1,0,EURCHF,Pepperstone MT5
2019.08.01,1.10097,1.10195,1.09695,1.09764,107069,1,0,EURCHF,Pepperstone MT5
2019.08.02,1.09755,1.09770,1.09069,1.09088,123789,1,0,EURCHF,Pepperstone MT5
2019.08.05,1.09250,1.09328,1.08633,1.09019,130276,1,0,EURCHF,Pepperstone MT5
2019.08.06,1.09038,1.09538,1.08931,1.09348,112071,1,0,EURCHF,Pepperstone MT5
2019.08.07,1.09322,1.09584,1.08932,1.09237,171762,1,0,EURCHF,Pepperstone MT5
2019.08.08,1.09233,1.09557,1.08977,1.08986,94171,1,0,EURCHF,Pepperstone MT5
2019.08.09,1.08957,1.09124,1.08848,1.08941,99017,1,0,EURCHF,Pepperstone MT5
2019.08.12,1.08882,1.09020,1.08675,1.08688,98239,1,0,EURCHF,Pepperstone MT5
2019.08.13,1.08665,1.09225,1.08410,1.09097,144627,1,0,EURCHF,Pepperstone MT5
2019.08.14,1.09077,1.09143,1.08378,1.08416,178560,1,0,EURCHF,Pepperstone MT5
2019.08.15,1.08247,1.08741,1.08247,1.08466,164759,1,0,EURCHF,Pepperstone MT5
2019.08.16,1.08448,1.08775,1.08376,1.08521,119747,1,0,EURCHF,Pepperstone MT5
2019.08.19,1.08332,1.08984,1.08272,1.08740,68675,1,0,EURCHF,Pepperstone MT5
2019.08.20,1.08744,1.08816,1.08448,1.08541,78356,1,0,EURCHF,Pepperstone MT5
2019.08.21,1.08544,1.08955,1.08471,1.08915,87247,1,0,EURCHF,Pepperstone MT5
2019.08.22,1.08895,1.09196,1.08752,1.08982,74411,1,0,EURCHF,Pepperstone MT5
2019.08.23,1.08972,1.09279,1.08546,1.08652,111508,1,0,EURCHF,Pepperstone MT5
2019.08.26,1.08441,1.09030,1.08387,1.08674,166448,1,0,EURCHF,Pepperstone MT5
2019.08.27,1.08539,1.09163,1.08539,1.08818,101933,1,0,EURCHF,Pepperstone MT5
2019.08.28,1.08745,1.09029,1.08650,1.08717,96777,1,0,EURCHF,Pepperstone MT5
2019.08.29,1.08732,1.09137,1.08610,1.09081,90587,1,0,EURCHF,Pepperstone MT5
2019.08.30,1.09084,1.09241,1.08674,1.08791,93007,1,0,EURCHF,Pepperstone MT5
2019.09.02,1.08747,1.08933,1.08586,1.08644,52767,1,0,EURCHF,Pepperstone MT5
2019.09.03,1.08644,1.08666,1.08197,1.08272,105604,1,0,EURCHF,Pepperstone MT5
2019.09.04,1.08291,1.08599,1.08110,1.08252,86757,1,0,EURCHF,Pepperstone MT5
2019.09.05,1.08233,1.09133,1.08130,1.08804,79370,1,0,EURCHF,Pepperstone MT5
2019.09.06,1.08744,1.09311,1.08738,1.08892,82937,1,0,EURCHF,Pepperstone MT5
2019.09.09,1.08880,1.09626,1.08838,1.09591,77471,1,0,EURCHF,Pepperstone MT5
2019.09.10,1.09595,1.09686,1.09158,1.09530,73682,1,0,EURCHF,Pepperstone MT5
2019.09.11,1.09546,1.09713,1.09108,1.09317,71051,1,0,EURCHF,Pepperstone MT5
2019.09.12,1.09312,1.09688,1.08514,1.09565,166536,1,0,EURCHF,Pepperstone MT5
2019.09.13,1.09533,1.09747,1.09275,1.09671,97534,1,0,EURCHF,Pepperstone MT5
2019.09.16,1.09339,1.09591,1.09120,1.09221,91502,1,0,EURCHF,Pepperstone MT5
2019.09.17,1.09184,1.09973,1.09112,1.09949,105736,1,0,EURCHF,Pepperstone MT5
2019.09.18,1.09959,1.10188,1.09850,1.10018,111806,1,0,EURCHF,Pepperstone MT5
2019.09.19,1.09998,1.10178,1.09566,1.09642,132475,1,0,EURCHF,Pepperstone MT5
2019.09.20,1.09580,1.09696,1.09120,1.09200,115626,1,0,EURCHF,Pepperstone MT5
2019.09.23,1.09136,1.09294,1.08567,1.08813,103652,1,0,EURCHF,Pepperstone MT5
2019.09.24,1.08786,1.08971,1.08440,1.08607,115917,1,0,EURCHF,Pepperstone MT5
2019.09.25,1.08600,1.08662,1.08323,1.08577,127654,1,0,EURCHF,Pepperstone MT5
2019.09.26,1.08501,1.08757,1.08431,1.08514,101604,1,0,EURCHF,Pepperstone MT5
2019.09.27,1.08500,1.08652,1.08328,1.08447,98833,1,0,EURCHF,Pepperstone MT5
2019.09.30,1.08390,1.08878,1.08354,1.08781,92929,1,0,EURCHF,Pepperstone MT5
2019.10.01,1.08741,1.09211,1.08517,1.08563,121997,1,0,EURCHF,Pepperstone MT5
2019.10.02,1.08572,1.09541,1.08495,1.09256,124333,1,0,EURCHF,Pepperstone MT5
2019.10.03,1.09247,1.09795,1.09186,1.09521,118184,1,0,EURCHF,Pepperstone MT5
2019.10.04,1.09527,1.09778,1.09094,1.09244,109806,1,0,EURCHF,Pepperstone MT5
2019.10.07,1.09081,1.09382,1.08968,1.09133,93324,1,0,EURCHF,Pepperstone MT5
2019.10.08,1.09105,1.09279,1.08718,1.08811,122704,1,0,EURCHF,Pepperstone MT5
2019.10.09,1.08801,1.09309,1.08692,1.09264,85958,1,0,EURCHF,Pepperstone MT5
2019.10.10,1.09259,1.09776,1.08991,1.09691,132958,1,0,EURCHF,Pepperstone MT5
2019.10.11,1.09697,1.10395,1.09652,1.09996,117218,1,0,EURCHF,Pepperstone MT5
2019.10.14,1.09967,1.10102,1.09714,1.09965,72843,1,0,EURCHF,Pepperstone MT5
2019.10.15,1.09890,1.10277,1.09724,1.10182,110864,1,0,EURCHF,Pepperstone MT5
2019.10.16,1.10176,1.10321,1.09944,1.10155,108957,1,0,EURCHF,Pepperstone MT5
2019.10.17,1.10147,1.10591,1.09747,1.09887,111436,1,0,EURCHF,Pepperstone MT5
2019.10.18,1.09869,1.10086,1.09751,1.09937,82129,1,0,EURCHF,Pepperstone MT5
2019.10.21,1.09835,1.10094,1.09803,1.09922,68507,1,0,EURCHF,Pepperstone MT5
2019.10.22,1.09887,1.10238,1.09861,1.10086,74927,1,0,EURCHF,Pepperstone MT5
2019.10.23,1.10083,1.10311,1.09935,1.10280,65853,1,0,EURCHF,Pepperstone MT5
2019.10.24,1.10239,1.10419,1.10064,1.10185,86783,1,0,EURCHF,Pepperstone MT5
2019.10.25,1.10155,1.10308,1.10044,1.10185,70476,1,0,EURCHF,Pepperstone MT5
2019.10.28,1.10135,1.10584,1.10090,1.10395,54951,1,0,EURCHF,Pepperstone MT5
2019.10.29,1.10387,1.10496,1.10214,1.10446,63049,1,0,EURCHF,Pepperstone MT5
2019.10.30,1.10442,1.10496,1.10136,1.10329,95342,1,0,EURCHF,Pepperstone MT5
2019.10.31,1.10318,1.10354,1.09917,1.10005,92858,1,0,EURCHF,Pepperstone MT5
2019.11.01,1.09992,1.10271,1.09952,1.10036,96205,1,0,EURCHF,Pepperstone MT5
2019.11.04,1.10075,1.10347,1.09909,1.09914,62783,1,0,EURCHF,Pepperstone MT5
2019.11.05,1.09912,1.10290,1.09795,1.09923,92908,1,0,EURCHF,Pepperstone MT5
2019.11.06,1.09942,1.10159,1.09786,1.09866,63394,1,0,EURCHF,Pepperstone MT5
2019.11.07,1.09852,1.10126,1.09747,1.09931,98282,1,0,EURCHF,Pepperstone MT5
2019.11.08,1.09950,1.10054,1.09754,1.09921,78087,1,0,EURCHF,Pepperstone MT5
2019.11.11,1.09831,1.09955,1.09576,1.09591,53509,1,0,EURCHF,Pepperstone MT5
2019.11.12,1.09586,1.09799,1.09271,1.09335,66860,1,0,EURCHF,Pepperstone MT5
2019.11.13,1.09322,1.09390,1.08785,1.08968,69631,1,0,EURCHF,Pepperstone MT5
2019.11.14,1.08928,1.09039,1.08630,1.08902,74660,1,0,EURCHF,Pepperstone MT5
2019.11.15,1.08884,1.09464,1.08868,1.09380,54671,1,0,EURCHF,Pepperstone MT5
2019.11.18,1.09295,1.09623,1.09291,1.09571,72065,1,0,EURCHF,Pepperstone MT5
2019.11.19,1.09558,1.09865,1.09402,1.09727,64837,1,0,EURCHF,Pepperstone MT5
2019.11.20,1.09722,1.10013,1.09517,1.09731,75491,1,0,EURCHF,Pepperstone MT5
2019.11.21,1.09694,1.10038,1.09561,1.09825,74936,1,0,EURCHF,Pepperstone MT5
2019.11.22,1.09809,1.10097,1.09765,1.09902,81878,1,0,EURCHF,Pepperstone MT5
2019.11.25,1.09891,1.10011,1.09670,1.09761,72571,1,0,EURCHF,Pepperstone MT5
2019.11.26,1.09718,1.10001,1.09692,1.09928,59291,1,0,EURCHF,Pepperstone MT5
2019.11.27,1.09855,1.10006,1.09797,1.09933,61571,1,0,EURCHF,Pepperstone MT5
2019.11.28,1.09876,1.10031,1.09847,1.09929,44458,1,0,EURCHF,Pepperstone MT5
2019.11.29,1.09894,1.10232,1.09880,1.10182,72872,1,0,EURCHF,Pepperstone MT5
2019.12.02,1.10135,1.10273,1.09819,1.09822,68239,1,0,EURCHF,Pepperstone MT5
2019.12.03,1.09817,1.09931,1.09271,1.09385,71872,1,0,EURCHF,Pepperstone MT5
2019.12.04,1.09374,1.09690,1.09209,1.09541,80386,1,0,EURCHF,Pepperstone MT5
2019.12.05,1.09482,1.09825,1.09410,1.09610,59790,1,0,EURCHF,Pepperstone MT5
2019.12.06,1.09608,1.09806,1.09429,1.09504,60330,1,0,EURCHF,Pepperstone MT5
2019.12.09,1.09448,1.09674,1.09271,1.09281,53250,1,0,EURCHF,Pepperstone MT5
2019.12.10,1.09195,1.09371,1.09118,1.09198,59388,1,0,EURCHF,Pepperstone MT5
2019.12.11,1.09184,1.09453,1.09103,1.09387,73066,1,0,EURCHF,Pepperstone MT5
2019.12.12,1.09367,1.09764,1.09235,1.09601,97977,1,0,EURCHF,Pepperstone MT5
2019.12.13,1.09594,1.10341,1.09329,1.09431,132671,1,0,EURCHF,Pepperstone MT5
2019.12.16,1.09411,1.09679,1.09352,1.09486,62966,1,0,EURCHF,Pepperstone MT5
2019.12.17,1.09452,1.09679,1.09243,1.09278,62752,1,0,EURCHF,Pepperstone MT5
2019.12.18,1.09236,1.09366,1.08946,1.08953,58090,1,0,EURCHF,Pepperstone MT5
2019.12.19,1.08945,1.09266,1.08673,1.08804,68377,1,0,EURCHF,Pepperstone MT5
2019.12.20,1.08802,1.09069,1.08700,1.08830,63036,1,0,EURCHF,Pepperstone MT5
2019.12.23,1.08677,1.08971,1.08611,1.08872,51938,1,0,EURCHF,Pepperstone MT5
2019.12.24,1.08827,1.08983,1.08560,1.08620,47822,1,0,EURCHF,Pepperstone MT5
2019.12.26,1.08616,1.08971,1.08613,1.08890,18661,1,0,EURCHF,Pepperstone MT5
2019.12.27,1.08796,1.09052,1.08697,1.08934,63915,1,0,EURCHF,Pepperstone MT5
2019.12.30,1.08840,1.09036,1.08494,1.08561,64139,1,0,EURCHF,Pepperstone MT5
2019.12.31,1.08556,1.08837,1.08400,1.08529,55148,1,0,EURCHF,Pepperstone MT5
2020.01.02,1.08313,1.08779,1.08296,1.08506,71939,1,0,EURCHF,Pepperstone MT5
2020.01.03,1.08513,1.08586,1.08238,1.08486,79549,1,0,EURCHF,Pepperstone MT5
2020.01.06,1.08292,1.08598,1.08292,1.08373,65141,1,0,EURCHF,Pepperstone MT5
2020.01.07,1.08339,1.08605,1.08083,1.08201,80308,1,0,EURCHF,Pepperstone MT5
2020.01.08,1.08177,1.08287,1.07823,1.08137,124720,1,0,EURCHF,Pepperstone MT5
2020.01.09,1.08144,1.08329,1.07945,1.08091,60608,1,0,EURCHF,Pepperstone MT5
2020.01.10,1.08053,1.08297,1.08011,1.08193,53737,1,0,EURCHF,Pepperstone MT5
2020.01.13,1.08054,1.08331,1.07975,1.08104,57346,1,0,EURCHF,Pepperstone MT5
2020.01.14,1.08040,1.08205,1.07596,1.07646,67769,1,0,EURCHF,Pepperstone MT5
2020.01.15,1.07614,1.07766,1.07421,1.07482,67930,1,0,EURCHF,Pepperstone MT5
2020.01.16,1.07486,1.07591,1.07321,1.07467,63088,1,0,EURCHF,Pepperstone MT5
2020.01.17,1.07382,1.07573,1.07252,1.07314,59810,1,0,EURCHF,Pepperstone MT5
2020.01.20,1.07295,1.07497,1.07175,1.07421,35567,1,0,EURCHF,Pepperstone MT5
2020.01.21,1.07430,1.07513,1.07309,1.07350,66325,1,0,EURCHF,Pepperstone MT5
2020.01.22,1.07350,1.07878,1.07323,1.07368,69431,1,0,EURCHF,Pepperstone MT5
2020.01.23,1.07355,1.07471,1.07020,1.07158,72069,1,0,EURCHF,Pepperstone MT5
2020.01.24,1.07094,1.07228,1.07007,1.07065,61872,1,0,EURCHF,Pepperstone MT5
2020.01.27,1.07031,1.07171,1.06767,1.06835,63933,1,0,EURCHF,Pepperstone MT5
2020.01.28,1.06825,1.07268,1.06649,1.07241,53995,1,0,EURCHF,Pepperstone MT5
2020.01.29,1.07236,1.07378,1.07102,1.07163,56323,1,0,EURCHF,Pepperstone MT5
2020.01.30,1.07151,1.07227,1.06811,1.06942,76968,1,0,EURCHF,Pepperstone MT5
2020.01.31,1.06929,1.07063,1.06767,1.06882,77964,1,0,EURCHF,Pepperstone MT5
2020.02.03,1.06772,1.06934,1.06636,1.06858,77922,1,0,EURCHF,Pepperstone MT5
2020.02.04,1.06809,1.07173,1.06778,1.07056,72544,1,0,EURCHF,Pepperstone MT5
2020.02.05,1.07014,1.07281,1.06905,1.07068,80907,1,0,EURCHF,Pepperstone MT5
2020.02.06,1.07068,1.07243,1.06953,1.07029,68293,1,0,EURCHF,Pepperstone MT5
2020.02.07,1.07017,1.07108,1.06795,1.06985,77862,1,0,EURCHF,Pepperstone MT5
2020.02.10,1.06823,1.07133,1.06603,1.06647,79695,1,0,EURCHF,Pepperstone MT5
2020.02.11,1.06627,1.06796,1.06488,1.06519,80691,1,0,EURCHF,Pepperstone MT5
2020.02.12,1.06515,1.06624,1.06306,1.06376,85916,1,0,EURCHF,Pepperstone MT5
2020.02.13,1.06363,1.06389,1.06095,1.06163,88540,1,0,EURCHF,Pepperstone MT5
2020.02.14,1.06166,1.06506,1.06087,1.06368,64360,1,0,EURCHF,Pepperstone MT5
2020.02.17,1.06303,1.06505,1.06252,1.06265,42419,1,0,EURCHF,Pepperstone MT5
2020.02.18,1.06275,1.06291,1.06092,1.06094,83872,1,0,EURCHF,Pepperstone MT5
2020.02.19,1.06081,1.06348,1.06075,1.06327,74854,1,0,EURCHF,Pepperstone MT5
2020.02.20,1.06321,1.06344,1.06063,1.06134,103684,1,0,EURCHF,Pepperstone MT5
2020.02.21,1.06122,1.06243,1.06059,1.06115,105102,1,0,EURCHF,Pepperstone MT5
2020.02.24,1.06062,1.06257,1.05900,1.06248,133033,1,0,EURCHF,Pepperstone MT5
2020.02.25,1.06236,1.06352,1.05934,1.06203,137154,1,0,EURCHF,Pepperstone MT5
2020.02.26,1.06202,1.06370,1.05993,1.06288,139258,1,0,EURCHF,Pepperstone MT5
2020.02.27,1.06284,1.06718,1.06164,1.06442,162219,1,0,EURCHF,Pepperstone MT5
2020.02.28,1.06437,1.06590,1.05850,1.06470,211720,1,0,EURCHF,Pepperstone MT5
2020.03.02,1.06342,1.07065,1.06301,1.06795,181113,1,0,EURCHF,Pepperstone MT5
2020.03.03,1.06729,1.07099,1.06300,1.06835,202683,1,0,EURCHF,Pepperstone MT5
2020.03.04,1.06808,1.07039,1.06202,1.06575,130787,1,0,EURCHF,Pepperstone MT5
2020.03.05,1.06455,1.06757,1.06165,1.06215,124263,1,0,EURCHF,Pepperstone MT5
2020.03.06,1.06233,1.06249,1.05750,1.05837,229963,1,0,EURCHF,Pepperstone MT5
2020.03.09,1.05733,1.06386,1.05418,1.05816,279036,1,0,EURCHF,Pepperstone MT5
2020.03.10,1.05837,1.06462,1.05653,1.06019,242580,1,0,EURCHF,Pepperstone MT5
2020.03.11,1.06003,1.06141,1.05717,1.05722,170589,1,0,EURCHF,Pepperstone MT5
2020.03.12,1.05655,1.05920,1.05404,1.05566,288969,1,0,EURCHF,Pepperstone MT5
2020.03.13,1.05481,1.06189,1.05466,1.05630,363364,1,0,EURCHF,Pepperstone MT5
2020.03.16,1.05547,1.05917,1.05379,1.05850,482469,1,0,EURCHF,Pepperstone MT5
2020.03.17,1.05842,1.06051,1.05444,1.05693,296752,1,0,EURCHF,Pepperstone MT5
2020.03.18,1.05679,1.05853,1.05313,1.05651,436552,1,0,EURCHF,Pepperstone MT5
2020.03.19,1.05601,1.06014,1.05246,1.05413,548152,1,0,EURCHF,Pepperstone MT5
2020.03.20,1.05400,1.05569,1.05224,1.05423,374820,1,0,EURCHF,Pepperstone MT5
2020.03.23,1.05346,1.05998,1.05256,1.05632,449436,1,0,EURCHF,Pepperstone MT5
2020.03.24,1.05628,1.06008,1.05428,1.05873,248352,1,0,EURCHF,Pepperstone MT5
2020.03.25,1.05866,1.06373,1.05703,1.06318,213814,1,0,EURCHF,Pepperstone MT5
2020.03.26,1.06312,1.06549,1.06077,1.06294,239259,1,0,EURCHF,Pepperstone MT5
2020.03.27,1.06268,1.06356,1.05636,1.05925,214897,1,0,EURCHF,Pepperstone MT5
2020.03.30,1.05998,1.06011,1.05511,1.05893,171573,1,0,EURCHF,Pepperstone MT5
2020.03.31,1.05825,1.06221,1.05621,1.06066,176354,1,0,EURCHF,Pepperstone MT5
2020.04.01,1.05991,1.06052,1.05576,1.05850,141088,1,0,EURCHF,Pepperstone MT5
2020.04.02,1.05858,1.05937,1.05460,1.05713,151433,1,0,EURCHF,Pepperstone MT5
2020.04.03,1.05707,1.05774,1.05430,1.05563,130437,1,0,EURCHF,Pepperstone MT5
2020.04.06,1.05550,1.05812,1.05497,1.05619,125933,1,0,EURCHF,Pepperstone MT5
2020.04.07,1.05614,1.05941,1.05536,1.05613,123130,1,0,EURCHF,Pepperstone MT5
2020.04.08,1.05614,1.05677,1.05420,1.05524,122318,1,0,EURCHF,Pepperstone MT5
2020.04.09,1.05494,1.05825,1.05434,1.05606,124162,1,0,EURCHF,Pepperstone MT5
2020.04.10,1.05600,1.05721,1.05534,1.05552,77394,1,0,EURCHF,Pepperstone MT5
2020.04.13,1.05603,1.05674,1.05500,1.05551,84521,1,0,EURCHF,Pepperstone MT5
2020.04.14,1.05547,1.05596,1.05330,1.05464,104441,1,0,EURCHF,Pepperstone MT5
2020.04.15,1.05458,1.05516,1.05231,1.05237,108429,1,0,EURCHF,Pepperstone MT5
2020.04.16,1.05239,1.05276,1.05081,1.05169,101592,1,0,EURCHF,Pepperstone MT5
2020.04.17,1.05164,1.05277,1.05105,1.05161,119264,1,0,EURCHF,Pepperstone MT5
2020.04.20,1.05165,1.05237,1.05120,1.05142,78813,1,0,EURCHF,Pepperstone MT5
2020.04.21,1.05134,1.05315,1.05014,1.05255,89938,1,0,EURCHF,Pepperstone MT5
2020.04.22,1.05244,1.05320,1.05083,1.05156,79520,1,0,EURCHF,Pepperstone MT5
2020.04.23,1.05142,1.05309,1.05066,1.05185,102530,1,0,EURCHF,Pepperstone MT5
2020.04.24,1.05175,1.05376,1.05123,1.05316,91899,0,0,EURCHF,Pepperstone MT5
2020.04.27,1.05246,1.05796,1.05237,1.05638,85666,0,0,EURCHF,Pepperstone MT5
2020.04.28,1.05601,1.06115,1.05454,1.05473,95754,0,0,EURCHF,Pepperstone MT5
2020.04.29,1.05466,1.06090,1.05352,1.05918,97758,0,0,EURCHF,Pepperstone MT5
2020.04.30,1.05877,1.05989,1.05464,1.05758,126229,0,0,EURCHF,Pepperstone MT5
2020.05.01,1.05728,1.05835,1.05513,1.05536,89883,0,0,EURCHF,Pepperstone MT5
2020.05.04,1.05547,1.05655,1.05238,1.05256,96499,0,0,EURCHF,Pepperstone MT5
2020.05.05,1.05240,1.05564,1.04926,1.05421,108750,0,0,EURCHF,Pepperstone MT5
2020.05.06,1.05412,1.05456,1.05209,1.05250,91122,0,0,EURCHF,Pepperstone MT5
2020.05.07,1.05236,1.05429,1.05130,1.05421,107882,0,0,EURCHF,Pepperstone MT5
2020.05.08,1.05413,1.05460,1.05224,1.05236,74593,0,0,EURCHF,Pepperstone MT5
2020.05.11,1.05215,1.05322,1.05143,1.05161,83121,0,0,EURCHF,Pepperstone MT5
2020.05.12,1.05146,1.05231,1.05044,1.05169,86523,0,0,EURCHF,Pepperstone MT5
2020.05.13,1.05168,1.05323,1.05146,1.05180,78228,0,0,EURCHF,Pepperstone MT5
2020.05.14,1.05164,1.05210,1.05046,1.05142,86068,0,0,EURCHF,Pepperstone MT5
2020.05.15,1.05129,1.05265,1.05102,1.05151,80035,0,0,EURCHF,Pepperstone MT5
2020.05.18,1.05079,1.06615,1.05072,1.06006,94270,0,0,EURCHF,Pepperstone MT5
2020.05.19,1.05990,1.06560,1.05882,1.06129,97978,0,0,EURCHF,Pepperstone MT5
2020.05.20,1.06100,1.06181,1.05778,1.05920,76082,0,0,EURCHF,Pepperstone MT5
2020.05.21,1.05941,1.06509,1.05847,1.06262,79639,0,0,EURCHF,Pepperstone MT5
2020.05.22,1.06242,1.06326,1.05814,1.05874,73888,0,0,EURCHF,Pepperstone MT5
2020.05.25,1.05807,1.05985,1.05766,1.05847,47003,0,0,EURCHF,Pepperstone MT5
2020.05.26,1.05842,1.06334,1.05794,1.06034,81738,0,0,EURCHF,Pepperstone MT5
2020.05.27,1.06038,1.06982,1.05890,1.06580,118478,0,0,EURCHF,Pepperstone MT5
2020.05.28,1.06576,1.06978,1.06527,1.06794,97150,0,0,EURCHF,Pepperstone MT5
2020.05.29,1.06807,1.07259,1.06608,1.06761,123164,0,0,EURCHF,Pepperstone MT5
2020.06.01,1.06712,1.07096,1.06688,1.06996,98371,0,0,EURCHF,Pepperstone MT5
2020.06.02,1.06982,1.07650,1.06854,1.07509,110813,0,0,EURCHF,Pepperstone MT5
2020.06.03,1.07489,1.08196,1.07447,1.07966,110535,0,0,EURCHF,Pepperstone MT5
2020.06.04,1.07971,1.08613,1.07439,1.08309,143862,0,0,EURCHF,Pepperstone MT5
2020.06.05,1.08331,1.09154,1.08251,1.08614,136798,0,0,EURCHF,Pepperstone MT5
2020.06.08,1.08537,1.08896,1.08013,1.08155,112819,0,0,EURCHF,Pepperstone MT5
2020.06.09,1.08151,1.08286,1.07459,1.07800,114229,0,0,EURCHF,Pepperstone MT5
2020.06.10,1.07803,1.07906,1.07257,1.07349,143016,0,0,EURCHF,Pepperstone MT5
2020.06.11,1.07341,1.07477,1.06561,1.06672,173150,0,0,EURCHF,Pepperstone MT5
2020.06.12,1.06670,1.07278,1.06500,1.07198,148537,0,0,EURCHF,Pepperstone MT5
2020.06.15,1.07097,1.07476,1.06726,1.07469,158707,0,0,EURCHF,Pepperstone MT5
2020.06.16,1.07462,1.07690,1.06839,1.07137,136961,0,0,EURCHF,Pepperstone MT5
2020.06.17,1.07144,1.07229,1.06595,1.06655,148728,0,0,EURCHF,Pepperstone MT5
2020.06.18,1.06648,1.06901,1.06529,1.06606,128083,0,0,EURCHF,Pepperstone MT5
2020.06.19,1.06607,1.06782,1.06359,1.06448,110864,0,0,EURCHF,Pepperstone MT5
2020.06.22,1.06355,1.06747,1.06346,1.06714,103030,0,0,EURCHF,Pepperstone MT5
2020.06.23,1.06707,1.07118,1.06603,1.06848,140213,0,0,EURCHF,Pepperstone MT5
2020.06.24,1.06846,1.06931,1.06600,1.06642,119262,0,0,EURCHF,Pepperstone MT5
2020.06.25,1.06650,1.06768,1.06353,1.06392,119091,0,0,EURCHF,Pepperstone MT5
2020.06.26,1.06394,1.06446,1.06279,1.06375,86934,0,0,EURCHF,Pepperstone MT5
2020.06.29,1.06213,1.06961,1.06213,1.06938,90570,0,0,EURCHF,Pepperstone MT5
2020.06.30,1.06927,1.06988,1.06311,1.06429,119021,0,0,EURCHF,Pepperstone MT5
2020.07.01,1.06412,1.06616,1.06120,1.06416,108503,0,0,EURCHF,Pepperstone MT5
2020.07.02,1.06412,1.06613,1.06176,1.06244,100472,0,0,EURCHF,Pepperstone MT5
2020.07.03,1.06240,1.06379,1.06191,1.06225,74475,0,0,EURCHF,Pepperstone MT5
2020.07.06,1.06227,1.06564,1.06220,1.06545,99704,0,0,EURCHF,Pepperstone MT5
2020.07.07,1.06552,1.06661,1.06213,1.06255,107217,0,0,EURCHF,Pepperstone MT5
2020.07.08,1.06243,1.06408,1.06147,1.06322,94705,0,0,EURCHF,Pepperstone MT5
2020.07.09,1.06310,1.06472,1.06082,1.06086,100205,0,0,EURCHF,Pepperstone MT5
2020.07.10,1.06085,1.06398,1.05980,1.06342,81539,0,0,EURCHF,Pepperstone MT5
2020.07.13,1.06247,1.07028,1.06247,1.06812,70383,0,0,EURCHF,Pepperstone MT5
2020.07.14,1.06808,1.07163,1.06505,1.07153,81919,0,0,EURCHF,Pepperstone MT5
2020.07.15,1.07153,1.07875,1.06975,1.07774,92196,0,0,EURCHF,Pepperstone MT5
2020.07.16,1.07765,1.07970,1.07474,1.07641,83917,0,0,EURCHF,Pepperstone MT5
2020.07.17,1.07618,1.07686,1.07256,1.07267,67057,0,0,EURCHF,Pepperstone MT5
2020.07.20,1.07238,1.07760,1.07199,1.07475,98298,0,0,EURCHF,Pepperstone MT5
2020.07.21,1.07473,1.07589,1.07218,1.07569,108597,0,0,EURCHF,Pepperstone MT5
2020.07.22,1.07555,1.07948,1.07421,1.07564,132557,0,0,EURCHF,Pepperstone MT5
2020.07.23,1.07553,1.07619,1.07151,1.07323,107188,0,0,EURCHF,Pepperstone MT5
2020.07.24,1.07309,1.07491,1.07121,1.07319,95510,0,0,EURCHF,Pepperstone MT5
2020.07.27,1.07037,1.08381,1.07022,1.08103,116019,0,0,EURCHF,Pepperstone MT5
2020.07.28,1.08080,1.08271,1.07431,1.07544,128059,0,0,EURCHF,Pepperstone MT5
2020.07.29,1.07539,1.07826,1.07470,1.07606,105793,0,0,EURCHF,Pepperstone MT5
2020.07.30,1.07600,1.07738,1.07338,1.07680,110846,0,0,EURCHF,Pepperstone MT5
2020.07.31,1.07674,1.07974,1.07458,1.07574,149096,0,0,EURCHF,Pepperstone MT5
2020.08.03,1.07503,1.08386,1.07146,1.07957,110720,0,0,EURCHF,Pepperstone MT5
2020.08.04,1.07942,1.08109,1.07392,1.07784,135301,0,0,EURCHF,Pepperstone MT5
2020.08.05,1.07781,1.07932,1.07617,1.07776,134772,0,0,EURCHF,Pepperstone MT5
2020.08.06,1.07770,1.08218,1.07435,1.08054,146088,0,0,EURCHF,Pepperstone MT5
2020.08.07,1.08046,1.08134,1.07536,1.07555,150789,0,0,EURCHF,Pepperstone MT5
2020.08.10,1.07500,1.07926,1.07458,1.07467,114585,0,0,EURCHF,Pepperstone MT5
2020.08.11,1.07472,1.07916,1.07349,1.07633,155120,0,0,EURCHF,Pepperstone MT5
2020.08.12,1.07634,1.07872,1.07385,1.07483,158155,0,0,EURCHF,Pepperstone MT5
2020.08.13,1.07472,1.07907,1.07367,1.07468,119805,0,0,EURCHF,Pepperstone MT5
2020.08.14,1.07467,1.07721,1.07408,1.07662,86586,0,0,EURCHF,Pepperstone MT5
2020.08.17,1.07513,1.07845,1.07282,1.07610,99691,0,0,EURCHF,Pepperstone MT5
2020.08.18,1.07618,1.07904,1.07378,1.07826,103450,0,0,EURCHF,Pepperstone MT5
2020.08.19,1.07822,1.08491,1.07615,1.08327,135637,0,0,EURCHF,Pepperstone MT5
2020.08.20,1.08323,1.08415,1.07619,1.07657,126593,0,0,EURCHF,Pepperstone MT5
2020.08.21,1.07642,1.07781,1.07361,1.07563,98051,0,0,EURCHF,Pepperstone MT5
2020.08.24,1.07384,1.07751,1.07377,1.07485,100850,0,0,EURCHF,Pepperstone MT5
2020.08.25,1.07487,1.07676,1.07318,1.07421,81978,0,0,EURCHF,Pepperstone MT5
2020.08.26,1.07421,1.07591,1.07319,1.07464,85391,0,0,EURCHF,Pepperstone MT5
2020.08.27,1.07449,1.07606,1.07217,1.07464,128749,0,0,EURCHF,Pepperstone MT5
2020.08.28,1.07462,1.07680,1.07203,1.07637,99480,0,0,EURCHF,Pepperstone MT5
2020.08.31,1.07555,1.07895,1.07464,1.07878,84975,0,0,EURCHF,Pepperstone MT5
2020.09.01,1.07870,1.08775,1.07768,1.08320,117410,0,0,EURCHF,Pepperstone MT5
2020.09.02,1.08315,1.08512,1.07746,1.07959,90967,0,0,EURCHF,Pepperstone MT5
2020.09.03,1.07957,1.08015,1.07590,1.07776,78716,0,0,EURCHF,Pepperstone MT5
2020.09.04,1.07783,1.08256,1.07662,1.08137,73430,0,0,EURCHF,Pepperstone MT5
2020.09.07,1.08083,1.08352,1.07991,1.08220,45291,0,0,EURCHF,Pepperstone MT5
2020.09.08,1.08213,1.08467,1.07974,1.08066,85147,0,0,EURCHF,Pepperstone MT5
2020.09.09,1.08077,1.08176,1.07679,1.07685,170244,0,0,EURCHF,Pepperstone MT5
2020.09.10,1.07688,1.07873,1.07500,1.07584,93031,0,0,EURCHF,Pepperstone MT5
2020.09.11,1.07589,1.07883,1.07536,1.07671,66878,0,0,EURCHF,Pepperstone MT5
2020.09.14,1.07540,1.07781,1.07540,1.07769,55008,0,0,EURCHF,Pepperstone MT5
2020.09.15,1.07763,1.07861,1.07526,1.07576,58841,0,0,EURCHF,Pepperstone MT5
2020.09.16,1.07575,1.07660,1.07382,1.07461,67985,0,0,EURCHF,Pepperstone MT5
2020.09.17,1.07453,1.07638,1.07271,1.07629,75375,0,0,EURCHF,Pepperstone MT5
2020.09.18,1.07610,1.07945,1.07535,1.07912,58644,0,0,EURCHF,Pepperstone MT5
2020.09.21,1.07815,1.07996,1.07400,1.07651,76952,0,0,EURCHF,Pepperstone MT5
2020.09.22,1.07650,1.07748,1.07455,1.07685,74639,0,0,EURCHF,Pepperstone MT5
2020.09.23,1.07677,1.07845,1.07520,1.07720,71871,0,0,EURCHF,Pepperstone MT5
2020.09.24,1.07711,1.08182,1.07551,1.08142,74190,0,0,EURCHF,Pepperstone MT5
2020.09.25,1.08143,1.08210,1.07910,1.08032,64444,0,0,EURCHF,Pepperstone MT5
2020.09.28,1.07928,1.08302,1.07736,1.07845,54373,0,0,EURCHF,Pepperstone MT5
2020.09.29,1.07856,1.08173,1.07792,1.07950,60420,0,0,EURCHF,Pepperstone MT5
2020.09.30,1.07952,1.08168,1.07624,1.07935,82070,0,0,EURCHF,Pepperstone MT5
2020.10.01,1.07932,1.08053,1.07661,1.07890,86072,0,0,EURCHF,Pepperstone MT5
2020.10.02,1.07962,1.07974,1.07679,1.07852,83096,0,0,EURCHF,Pepperstone MT5
2020.10.05,1.07684,1.07930,1.07347,1.07828,61179,0,0,EURCHF,Pepperstone MT5
2020.10.06,1.07820,1.07895,1.07658,1.07685,65319,0,0,EURCHF,Pepperstone MT5
2020.10.07,1.07683,1.07967,1.07671,1.07897,58585,0,0,EURCHF,Pepperstone MT5
2020.10.08,1.07900,1.08005,1.07800,1.07849,51379,0,0,EURCHF,Pepperstone MT5
2020.10.09,1.07824,1.07894,1.07545,1.07595,54444,0,0,EURCHF,Pepperstone MT5
2020.10.12,1.07578,1.07740,1.07344,1.07402,45174,0,0,EURCHF,Pepperstone MT5
2020.10.13,1.07362,1.07467,1.07256,1.07450,53309,0,0,EURCHF,Pepperstone MT5
2020.10.14,1.07462,1.07496,1.07249,1.07289,47934,0,0,EURCHF,Pepperstone MT5
2020.10.15,1.07311,1.07331,1.06883,1.07044,56751,0,0,EURCHF,Pepperstone MT5
2020.10.16,1.07062,1.07300,1.06981,1.07196,59599,0,0,EURCHF,Pepperstone MT5
2020.10.19,1.07022,1.07289,1.07005,1.07134,51546,0,0,EURCHF,Pepperstone MT5
2020.10.20,1.07047,1.07337,1.07036,1.07243,54222,0,0,EURCHF,Pepperstone MT5
2020.10.21,1.07219,1.07399,1.07104,1.07382,59436,0,0,EURCHF,Pepperstone MT5
2020.10.22,1.07383,1.07487,1.07200,1.07217,56447,0,0,EURCHF,Pepperstone MT5
2020.10.23,1.07164,1.07295,1.07014,1.07223,51259,0,0,EURCHF,Pepperstone MT5
2020.10.26,1.07201,1.07271,1.07073,1.07213,49155,0,0,EURCHF,Pepperstone MT5
2020.10.27,1.07202,1.07477,1.07160,1.07183,44005,0,0,EURCHF,Pepperstone MT5
2020.10.28,1.07159,1.07196,1.06764,1.06939,63572,0,0,EURCHF,Pepperstone MT5
2020.10.29,1.06940,1.07029,1.06775,1.06903,63815,0,0,EURCHF,Pepperstone MT5
2020.10.30,1.06828,1.07018,1.06713,1.06768,58703,0,0,EURCHF,Pepperstone MT5
2020.11.02,1.06698,1.07055,1.06511,1.07000,49996,0,0,EURCHF,Pepperstone MT5
2020.11.03,1.06958,1.07186,1.06735,1.06899,42855,0,0,EURCHF,Pepperstone MT5
2020.11.04,1.06901,1.07137,1.06600,1.06934,136073,0,0,EURCHF,Pepperstone MT5
2020.11.05,1.06881,1.07268,1.06788,1.06937,77377,0,0,EURCHF,Pepperstone MT5
2020.11.06,1.06987,1.07016,1.06758,1.06911,72429,0,0,EURCHF,Pepperstone MT5
2020.11.09,1.06787,1.08079,1.06762,1.07942,120153,0,0,EURCHF,Pepperstone MT5
2020.11.10,1.07832,1.08225,1.07800,1.08135,79908,0,0,EURCHF,Pepperstone MT5
2020.11.11,1.08134,1.08243,1.07819,1.08005,66029,0,0,EURCHF,Pepperstone MT5
2020.11.12,1.07989,1.08083,1.07812,1.08042,53661,0,0,EURCHF,Pepperstone MT5
2020.11.13,1.07987,1.08165,1.07880,1.07986,41768,0,0,EURCHF,Pepperstone MT5
2020.11.16,1.08003,1.08274,1.07881,1.08164,60214,0,0,EURCHF,Pepperstone MT5
2020.11.17,1.08157,1.08213,1.08028,1.08112,48013,0,0,EURCHF,Pepperstone MT5
2020.11.18,1.08120,1.08246,1.07900,1.07997,43170,0,0,EURCHF,Pepperstone MT5
2020.11.19,1.08014,1.08191,1.07899,1.08122,57531,0,0,EURCHF,Pepperstone MT5
2020.11.20,1.08135,1.08233,1.07947,1.08026,46032,0,0,EURCHF,Pepperstone MT5
2020.11.23,1.07988,1.08178,1.07944,1.08043,56722,0,0,EURCHF,Pepperstone MT5
2020.11.24,1.08106,1.08499,1.07992,1.08366,56747,0,0,EURCHF,Pepperstone MT5
2020.11.25,1.08355,1.08715,1.08186,1.08221,62021,0,0,EURCHF,Pepperstone MT5
2020.11.26,1.08217,1.08324,1.07919,1.07973,42469,0,0,EURCHF,Pepperstone MT5
2020.11.27,1.07972,1.08275,1.07939,1.08194,63529,0,0,EURCHF,Pepperstone MT5
2020.11.30,1.08098,1.08591,1.08033,1.08388,66152,0,0,EURCHF,Pepperstone MT5
2020.12.01,1.08371,1.08649,1.08241,1.08626,65914,0,0,EURCHF,Pepperstone MT5
2020.12.02,1.08573,1.08717,1.08131,1.08397,61166,0,0,EURCHF,Pepperstone MT5
2020.12.03,1.08359,1.08406,1.08165,1.08197,57984,0,0,EURCHF,Pepperstone MT5
2020.12.04,1.08272,1.08488,1.07978,1.08093,64785,0,0,EURCHF,Pepperstone MT5
2020.12.07,1.07991,1.08127,1.07808,1.07890,66798,0,0,EURCHF,Pepperstone MT5
2020.12.08,1.07856,1.07995,1.07594,1.07611,63044,0,0,EURCHF,Pepperstone MT5
2020.12.09,1.07607,1.07840,1.07420,1.07464,63120,0,0,EURCHF,Pepperstone MT5
2020.12.10,1.07452,1.07696,1.07371,1.07563,81099,0,0,EURCHF,Pepperstone MT5
2020.12.11,1.07541,1.07898,1.07493,1.07741,59071,0,0,EURCHF,Pepperstone MT5
2020.12.14,1.07812,1.07923,1.07631,1.07694,43527,0,0,EURCHF,Pepperstone MT5
2020.12.15,1.07629,1.07855,1.07585,1.07632,49210,0,0,EURCHF,Pepperstone MT5
2020.12.16,1.07624,1.08072,1.07607,1.07965,58449,0,0,EURCHF,Pepperstone MT5
2020.12.17,1.07926,1.08582,1.07834,1.08460,57617,0,0,EURCHF,Pepperstone MT5
2020.12.18,1.08473,1.08595,1.08168,1.08226,44769,0,0,EURCHF,Pepperstone MT5
2020.12.21,1.08148,1.08470,1.07978,1.08438,81341,0,0,EURCHF,Pepperstone MT5
2020.12.22,1.08422,1.08465,1.08146,1.08174,54220,0,0,EURCHF,Pepperstone MT5
2020.12.23,1.08182,1.08588,1.08120,1.08246,54084,0,0,EURCHF,Pepperstone MT5
2020.12.24,1.08234,1.08644,1.08202,1.08426,31092,0,0,EURCHF,Pepperstone MT5
2020.12.28,1.08370,1.08919,1.08360,1.08552,65327,0,0,EURCHF,Pepperstone MT5
2020.12.29,1.08584,1.08757,1.08223,1.08291,58439,0,0,EURCHF,Pepperstone MT5
2020.12.30,1.08262,1.08629,1.08230,1.08409,58878,0,0,EURCHF,Pepperstone MT5
2020.12.31,1.08367,1.08458,1.07982,1.08094,49398,0,0,EURCHF,Pepperstone MT5
2021.01.04,1.08028,1.08315,1.07891,1.07937,74684,0,0,EURCHF,Pepperstone MT5
2021.01.05,1.07920,1.08195,1.07875,1.08014,62708,0,0,EURCHF,Pepperstone MT5
2021.01.06,1.07988,1.08378,1.07877,1.08286,90969,0,0,EURCHF,Pepperstone MT5
2021.01.07,1.08274,1.08680,1.08221,1.08632,76868,0,0,EURCHF,Pepperstone MT5
2021.01.08,1.08523,1.08631,1.08175,1.08197,75764,0,0,EURCHF,Pepperstone MT5
2021.01.11,1.08169,1.08407,1.08128,1.08181,61444,0,0,EURCHF,Pepperstone MT5
2021.01.12,1.08172,1.08308,1.08060,1.08206,57039,0,0,EURCHF,Pepperstone MT5
2021.01.13,1.08170,1.08232,1.07839,1.07907,57916,0,0,EURCHF,Pepperstone MT5
2021.01.14,1.07917,1.08148,1.07754,1.07955,73827,0,0,EURCHF,Pepperstone MT5
2021.01.15,1.07947,1.07966,1.07504,1.07650,61198,0,0,EURCHF,Pepperstone MT5
2021.01.18,1.07581,1.07706,1.07391,1.07560,50347,0,0,EURCHF,Pepperstone MT5
2021.01.19,1.07557,1.07809,1.07497,1.07773,56962,0,0,EURCHF,Pepperstone MT5
2021.01.20,1.07745,1.07921,1.07665,1.07702,69550,0,0,EURCHF,Pepperstone MT5
2021.01.21,1.07675,1.07865,1.07563,1.07706,142827,0,0,EURCHF,Pepperstone MT5
2021.01.22,1.07666,1.07844,1.07627,1.07734,65692,0,0,EURCHF,Pepperstone MT5
2021.01.25,1.07689,1.07880,1.07592,1.07834,80783,0,0,EURCHF,Pepperstone MT5
2021.01.26,1.07817,1.08001,1.07705,1.07833,68980,0,0,EURCHF,Pepperstone MT5
2021.01.27,1.07845,1.07855,1.07501,1.07627,82432,0,0,EURCHF,Pepperstone MT5
2021.01.28,1.07614,1.07891,1.07521,1.07717,78573,0,0,EURCHF,Pepperstone MT5
2021.01.29,1.07692,1.08128,1.07606,1.08121,86162,0,0,EURCHF,Pepperstone MT5
2021.02.01,1.07881,1.08271,1.07778,1.08188,81081,0,0,EURCHF,Pepperstone MT5
2021.02.02,1.08146,1.08328,1.07989,1.08084,65041,0,0,EURCHF,Pepperstone MT5
2021.02.03,1.08071,1.08200,1.07956,1.08195,58497,0,0,EURCHF,Pepperstone MT5
2021.02.04,1.08205,1.08232,1.08101,1.08175,67819,0,0,EURCHF,Pepperstone MT5
2021.02.05,1.08150,1.08354,1.08073,1.08324,71264,0,0,EURCHF,Pepperstone MT5
2021.02.08,1.08179,1.08463,1.08179,1.08328,53096,0,0,EURCHF,Pepperstone MT5
2021.02.09,1.08232,1.08333,1.08045,1.08136,61445,0,0,EURCHF,Pepperstone MT5
2021.02.10,1.08122,1.08190,1.07859,1.07891,56674,0,0,EURCHF,Pepperstone MT5
2021.02.11,1.07919,1.08076,1.07863,1.07965,43488,0,0,EURCHF,Pepperstone MT5
2021.02.12,1.07940,1.08108,1.07872,1.08098,37785,0,0,EURCHF,Pepperstone MT5
2021.02.15,1.08009,1.08199,1.07933,1.07950,29196,0,0,EURCHF,Pepperstone MT5
2021.02.16,1.07974,1.08079,1.07877,1.08060,50342,0,0,EURCHF,Pepperstone MT5
2021.02.17,1.08018,1.08247,1.07941,1.08232,56286,0,0,EURCHF,Pepperstone MT5
2021.02.18,1.08139,1.08366,1.08130,1.08347,40571,0,0,EURCHF,Pepperstone MT5
2021.02.19,1.08286,1.08707,1.08265,1.08641,44281,0,0,EURCHF,Pepperstone MT5
2021.02.22,1.08558,1.09156,1.08501,1.08943,68220,0,0,EURCHF,Pepperstone MT5
2021.02.23,1.08909,1.09989,1.08893,1.09977,68582,0,0,EURCHF,Pepperstone MT5
2021.02.24,1.09885,1.10565,1.09773,1.10310,111703,0,0,EURCHF,Pepperstone MT5
2021.02.25,1.10271,1.10976,1.10139,1.10175,136752,0,0,EURCHF,Pepperstone MT5
2021.02.26,1.10102,1.10241,1.09564,1.09694,161712,0,0,EURCHF,Pepperstone MT5
2021.03.01,1.09671,1.10314,1.09533,1.10225,111539,0,0,EURCHF,Pepperstone MT5
2021.03.02,1.10236,1.10568,1.10035,1.10565,111498,0,0,EURCHF,Pepperstone MT5
2021.03.03,1.10536,1.10991,1.10501,1.10963,110275,0,0,EURCHF,Pepperstone MT5
2021.03.04,1.10957,1.11519,1.10756,1.11206,128254,0,0,EURCHF,Pepperstone MT5
2021.03.05,1.11150,1.11249,1.10545,1.10931,123792,0,0,EURCHF,Pepperstone MT5
2021.03.08,1.10613,1.11005,1.10583,1.10971,75680,0,0,EURCHF,Pepperstone MT5
2021.03.09,1.10865,1.11187,1.10335,1.10411,79608,0,0,EURCHF,Pepperstone MT5
2021.03.10,1.10379,1.10925,1.10269,1.10900,82623,0,0,EURCHF,Pepperstone MT5
2021.03.11,1.10895,1.11018,1.10511,1.10816,77632,0,0,EURCHF,Pepperstone MT5
2021.03.12,1.10771,1.11136,1.10705,1.11053,72049,0,0,EURCHF,Pepperstone MT5
2021.03.15,1.10798,1.11080,1.10606,1.10632,76799,0,0,EURCHF,Pepperstone MT5
2021.03.16,1.10676,1.10766,1.10050,1.10061,70290,0,0,EURCHF,Pepperstone MT5
2021.03.17,1.10049,1.10614,1.10044,1.10516,73804,0,0,EURCHF,Pepperstone MT5
2021.03.18,1.10520,1.10845,1.10297,1.10508,84040,0,0,EURCHF,Pepperstone MT5
2021.03.19,1.10406,1.10788,1.10397,1.10615,66315,0,0,EURCHF,Pepperstone MT5
2021.03.22,1.10365,1.10638,1.10078,1.10176,36703,0,0,EURCHF,Pepperstone MT5
2021.03.23,1.10150,1.10801,1.10099,1.10666,35525,0,0,EURCHF,Pepperstone MT5
2021.03.24,1.10656,1.10767,1.10502,1.10506,34917,0,0,EURCHF,Pepperstone MT5
2021.03.25,1.10518,1.10744,1.10425,1.10603,35409,0,0,EURCHF,Pepperstone MT5
2021.03.26,1.10492,1.10948,1.10492,1.10709,30808,0,0,EURCHF,Pepperstone MT5
2021.03.29,1.10655,1.10781,1.10374,1.10516,30920,0,0,EURCHF,Pepperstone MT5
2021.03.30,1.10456,1.10690,1.10348,1.10375,32626,0,0,EURCHF,Pepperstone MT5
2021.03.31,1.10395,1.10912,1.10318,1.10720,34735,0,0,EURCHF,Pepperstone MT5
2021.04.01,1.10664,1.11182,1.10637,1.10915,38003,0,0,EURCHF,Pepperstone MT5
2021.04.02,1.10881,1.10971,1.10663,1.10730,17299,0,0,EURCHF,Pepperstone MT5
2021.04.05,1.10795,1.10945,1.10500,1.10591,24423,0,0,EURCHF,Pepperstone MT5
2021.04.06,1.10610,1.10878,1.10443,1.10545,33699,0,0,EURCHF,Pepperstone MT5
2021.04.07,1.10536,1.10652,1.10231,1.10351,35618,0,0,EURCHF,Pepperstone MT5
2021.04.08,1.10309,1.10414,1.10056,1.10121,28623,0,0,EURCHF,Pepperstone MT5
2021.04.09,1.10131,1.10191,1.09926,1.10026,32911,0,0,EURCHF,Pepperstone MT5
2021.04.12,1.09947,1.10152,1.09752,1.09836,26524,0,0,EURCHF,Pepperstone MT5
2021.04.13,1.09873,1.10134,1.09787,1.10002,32144,0,0,EURCHF,Pepperstone MT5
2021.04.14,1.09986,1.10603,1.09951,1.10561,29351,0,0,EURCHF,Pepperstone MT5
2021.04.15,1.10486,1.10635,1.10300,1.10354,30005,0,0,EURCHF,Pepperstone MT5
2021.04.16,1.10356,1.10442,1.10012,1.10215,25090,0,0,EURCHF,Pepperstone MT5
2021.04.19,1.10040,1.10299,1.09929,1.10165,26729,0,0,EURCHF,Pepperstone MT5
2021.04.20,1.10039,1.10479,1.10036,1.10206,25251,0,0,EURCHF,Pepperstone MT5
2021.04.21,1.10208,1.10434,1.10087,1.10358,25018,0,0,EURCHF,Pepperstone MT5
2021.04.22,1.10335,1.10475,1.10130,1.10180,29704,0,0,EURCHF,Pepperstone MT5
2021.04.23,1.10077,1.10528,1.10011,1.10515,29307,0,0,EURCHF,Pepperstone MT5
2021.04.26,1.10377,1.10711,1.10372,1.10499,28850,0,0,EURCHF,Pepperstone MT5
2021.04.27,1.10331,1.10629,1.10239,1.10476,27669,0,0,EURCHF,Pepperstone MT5
2021.04.28,1.10424,1.10753,1.10209,1.10248,36021,0,0,EURCHF,Pepperstone MT5
2021.04.29,1.10328,1.10423,1.10123,1.10161,29471,0,0,EURCHF,Pepperstone MT5
2021.04.30,1.10121,1.10226,1.09731,1.09751,30218,0,0,EURCHF,Pepperstone MT5
2021.05.03,1.09708,1.10178,1.09614,1.09915,24426,0,0,EURCHF,Pepperstone MT5
2021.05.04,1.09837,1.10110,1.09672,1.09716,33886,0,0,EURCHF,Pepperstone MT5
2021.05.05,1.09657,1.09895,1.09528,1.09606,28214,0,0,EURCHF,Pepperstone MT5
2021.05.06,1.09546,1.09725,1.09421,1.09476,32501,0,0,EURCHF,Pepperstone MT5
2021.05.07,1.09442,1.09765,1.09355,1.09530,40563,0,0,EURCHF,Pepperstone MT5
2021.05.10,1.09431,1.09634,1.09312,1.09320,38299,0,0,EURCHF,Pepperstone MT5
2021.05.11,1.09256,1.09884,1.09256,1.09772,41691,0,0,EURCHF,Pepperstone MT5
2021.05.12,1.09723,1.09841,1.09559,1.09729,45987,0,0,EURCHF,Pepperstone MT5
2021.05.13,1.09642,1.09858,1.09375,1.09406,55903,0,0,EURCHF,Pepperstone MT5
2021.05.14,1.09377,1.09617,1.09284,1.09489,38986,0,0,EURCHF,Pepperstone MT5
2021.05.17,1.09317,1.09783,1.09259,1.09745,40041,0,0,EURCHF,Pepperstone MT5
2021.05.18,1.09735,1.09829,1.09519,1.09729,39152,0,0,EURCHF,Pepperstone MT5
2021.05.19,1.09693,1.10282,1.09623,1.10014,52378,0,0,EURCHF,Pepperstone MT5
2021.05.20,1.10008,1.10208,1.09711,1.09730,43786,0,0,EURCHF,Pepperstone MT5
2021.05.21,1.09714,1.09805,1.09329,1.09348,43762,0,0,EURCHF,Pepperstone MT5
2021.05.24,1.09383,1.09648,1.09314,1.09560,35531,0,0,EURCHF,Pepperstone MT5
2021.05.25,1.09499,1.09852,1.09485,1.09669,36326,0,0,EURCHF,Pepperstone MT5
2021.05.26,1.09688,1.09748,1.09392,1.09468,32251,0,0,EURCHF,Pepperstone MT5
2021.05.27,1.09349,1.09773,1.09349,1.09370,42089,0,0,EURCHF,Pepperstone MT5
2021.05.28,1.09312,1.09763,1.09214,1.09730,40278,0,0,EURCHF,Pepperstone MT5
2021.05.31,1.09671,1.09986,1.09540,1.09833,25182,0,0,EURCHF,Pepperstone MT5
2021.06.01,1.09720,1.10025,1.09558,1.09605,31977,0,0,EURCHF,Pepperstone MT5
2021.06.02,1.09502,1.09823,1.09452,1.09637,35972,0,0,EURCHF,Pepperstone MT5
2021.06.03,1.09579,1.09790,1.09523,1.09566,37173,0,0,EURCHF,Pepperstone MT5
2021.06.04,1.09548,1.09660,1.09341,1.09384,36411,0,0,EURCHF,Pepperstone MT5
2021.06.07,1.09174,1.09489,1.09153,1.09405,25649,0,0,EURCHF,Pepperstone MT5
2021.06.08,1.09388,1.09442,1.09107,1.09168,31755,0,0,EURCHF,Pepperstone MT5
2021.06.09,1.09107,1.09270,1.09048,1.09104,24508,0,0,EURCHF,Pepperstone MT5
2021.06.10,1.08886,1.09264,1.08886,1.08920,33775,0,0,EURCHF,Pepperstone MT5
2021.06.11,1.08906,1.09017,1.08723,1.08728,27092,0,0,EURCHF,Pepperstone MT5
2021.06.14,1.08700,1.09085,1.08700,1.09015,23505,0,0,EURCHF,Pepperstone MT5
2021.06.15,1.08942,1.09089,1.08872,1.08940,24445,0,0,EURCHF,Pepperstone MT5
2021.06.16,1.08805,1.09124,1.08804,1.08990,38640,0,0,EURCHF,Pepperstone MT5
2021.06.17,1.08920,1.09320,1.08901,1.09281,47839,0,0,EURCHF,Pepperstone MT5
2021.06.18,1.09144,1.09544,1.09112,1.09503,44911,0,0,EURCHF,Pepperstone MT5
2021.06.21,1.09315,1.09639,1.09313,1.09401,41852,0,0,EURCHF,Pepperstone MT5
2021.06.22,1.09338,1.09681,1.09338,1.09640,34147,0,0,EURCHF,Pepperstone MT5
2021.06.23,1.09489,1.09680,1.09467,1.09510,34794,0,0,EURCHF,Pepperstone MT5
2021.06.24,1.09458,1.09766,1.09458,1.09533,40265,0,0,EURCHF,Pepperstone MT5
2021.06.25,1.09520,1.09639,1.09418,1.09433,32342,0,0,EURCHF,Pepperstone MT5
2021.06.28,1.09457,1.09699,1.09402,1.09670,33548,0,0,EURCHF,Pepperstone MT5
2021.06.29,1.09599,1.09723,1.09518,1.09588,30586,0,0,EURCHF,Pepperstone MT5
2021.06.30,1.09543,1.09817,1.09515,1.09694,34885,0,0,EURCHF,Pepperstone MT5
2021.07.01,1.09503,1.09868,1.09503,1.09667,39184,0,0,EURCHF,Pepperstone MT5
2021.07.02,1.09623,1.09727,1.09216,1.09230,41574,0,0,EURCHF,Pepperstone MT5
2021.07.05,1.09316,1.09456,1.09188,1.09357,35757,0,0,EURCHF,Pepperstone MT5
2021.07.06,1.09341,1.09453,1.09218,1.09311,39331,0,0,EURCHF,Pepperstone MT5
2021.07.07,1.09178,1.09342,1.09106,1.09141,39306,0,0,EURCHF,Pepperstone MT5
2021.07.08,1.09154,1.09188,1.08245,1.08389,50326,0,0,EURCHF,Pepperstone MT5
2021.07.09,1.08330,1.08682,1.08315,1.08529,33062,0,0,EURCHF,Pepperstone MT5
2021.07.12,1.08476,1.08625,1.08447,1.08533,29802,0,0,EURCHF,Pepperstone MT5
2021.07.13,1.08511,1.08626,1.08187,1.08196,35413,0,0,EURCHF,Pepperstone MT5
2021.07.14,1.07966,1.08514,1.07961,1.08220,35752,0,0,EURCHF,Pepperstone MT5
2021.07.15,1.08214,1.08485,1.08046,1.08395,39033,0,0,EURCHF,Pepperstone MT5
2021.07.16,1.08306,1.08647,1.08305,1.08545,34883,0,0,EURCHF,Pepperstone MT5
2021.07.19,1.08532,1.08629,1.08261,1.08310,41195,0,0,EURCHF,Pepperstone MT5
2021.07.20,1.08180,1.08582,1.08180,1.08535,50025,0,0,EURCHF,Pepperstone MT5
2021.07.21,1.08399,1.08579,1.08212,1.08224,29795,0,0,EURCHF,Pepperstone MT5
2021.07.22,1.08237,1.08409,1.08132,1.08187,36944,0,0,EURCHF,Pepperstone MT5
2021.07.23,1.08168,1.08412,1.08102,1.08242,27541,0,0,EURCHF,Pepperstone MT5
2021.07.26,1.08194,1.08321,1.08066,1.08082,29482,0,0,EURCHF,Pepperstone MT5
2021.07.27,1.08128,1.08217,1.07974,1.08067,34114,0,0,EURCHF,Pepperstone MT5
2021.07.28,1.07992,1.08162,1.07779,1.07785,33351,0,0,EURCHF,Pepperstone MT5
2021.07.29,1.07732,1.07942,1.07649,1.07705,27010,0,0,EURCHF,Pepperstone MT5
2021.07.30,1.07649,1.07806,1.07420,1.07458,31773,0,0,EURCHF,Pepperstone MT5
2021.08.02,1.07437,1.07668,1.07402,1.07453,28995,0,0,EURCHF,Pepperstone MT5
2021.08.03,1.07403,1.07542,1.07215,1.07263,29783,0,0,EURCHF,Pepperstone MT5
2021.08.04,1.07093,1.07409,1.07055,1.07293,28463,0,0,EURCHF,Pepperstone MT5
2021.08.05,1.07298,1.07412,1.07142,1.07278,28259,0,0,EURCHF,Pepperstone MT5
2021.08.06,1.07239,1.07640,1.07198,1.07616,30920,0,0,EURCHF,Pepperstone MT5
2021.08.09,1.07400,1.08048,1.07366,1.08040,29332,0,0,EURCHF,Pepperstone MT5
2021.08.10,1.07843,1.08187,1.07762,1.08159,25452,0,0,EURCHF,Pepperstone MT5
2021.08.11,1.08122,1.08262,1.08047,1.08215,27870,0,0,EURCHF,Pepperstone MT5
2021.08.12,1.08051,1.08398,1.08051,1.08336,20702,0,0,EURCHF,Pepperstone MT5
2021.08.13,1.08167,1.08405,1.07959,1.07969,20724,0,0,EURCHF,Pepperstone MT5
2021.08.16,1.07963,1.08035,1.07361,1.07452,21263,0,0,EURCHF,Pepperstone MT5
2021.08.17,1.07392,1.07524,1.07007,1.07115,26808,0,0,EURCHF,Pepperstone MT5
2021.08.18,1.06932,1.07577,1.06901,1.07362,26237,0,0,EURCHF,Pepperstone MT5
2021.08.19,1.07389,1.07458,1.06965,1.07274,31467,0,0,EURCHF,Pepperstone MT5
2021.08.20,1.07069,1.07338,1.06999,1.07279,19957,0,0,EURCHF,Pepperstone MT5
2021.08.23,1.07069,1.07572,1.07069,1.07166,22735,0,0,EURCHF,Pepperstone MT5
2021.08.24,1.07162,1.07345,1.07003,1.07325,20283,0,0,EURCHF,Pepperstone MT5
2021.08.25,1.07124,1.07571,1.07122,1.07564,22609,0,0,EURCHF,Pepperstone MT5
2021.08.26,1.07481,1.08057,1.07461,1.07873,31955,0,0,EURCHF,Pepperstone MT5
2021.08.27,1.07783,1.07975,1.07416,1.07462,28698,0,0,EURCHF,Pepperstone MT5
2021.08.30,1.07396,1.08258,1.07395,1.08203,20212,0,0,EURCHF,Pepperstone MT5
2021.08.31,1.08125,1.08319,1.07823,1.08069,29873,0,0,EURCHF,Pepperstone MT5
2021.09.01,1.08022,1.08506,1.08019,1.08407,25828,0,0,EURCHF,Pepperstone MT5
2021.09.02,1.08193,1.08642,1.08193,1.08572,25869,0,0,EURCHF,Pepperstone MT5
2021.09.03,1.08535,1.08729,1.08434,1.08553,31615,0,0,EURCHF,Pepperstone MT5
2021.09.06,1.08359,1.08799,1.08359,1.08596,26082,0,0,EURCHF,Pepperstone MT5
2021.09.07,1.08505,1.08904,1.08450,1.08887,31862,0,0,EURCHF,Pepperstone MT5
2021.09.08,1.08651,1.09014,1.08646,1.08957,33597,0,0,EURCHF,Pepperstone MT5
2021.09.09,1.08920,1.08973,1.08351,1.08382,30480,0,0,EURCHF,Pepperstone MT5
2021.09.10,1.08368,1.08623,1.08341,1.08432,27330,0,0,EURCHF,Pepperstone MT5
2021.09.13,1.08325,1.08966,1.08325,1.08914,30189,0,0,EURCHF,Pepperstone MT5
2021.09.14,1.08771,1.09045,1.08545,1.08594,32384,0,0,EURCHF,Pepperstone MT5
2021.09.15,1.08520,1.08710,1.08400,1.08673,34806,0,0,EURCHF,Pepperstone MT5
2021.09.16,1.08620,1.09187,1.08546,1.09178,41220,0,0,EURCHF,Pepperstone MT5
2021.09.17,1.09055,1.09379,1.08980,1.09313,38919,0,0,EURCHF,Pepperstone MT5
2021.09.20,1.09056,1.09355,1.08752,1.08797,35677,0,0,EURCHF,Pepperstone MT5
2021.09.21,1.08738,1.08858,1.08157,1.08289,38433,0,0,EURCHF,Pepperstone MT5
2021.09.22,1.08251,1.08451,1.08131,1.08284,45138,0,0,EURCHF,Pepperstone MT5
2021.09.23,1.08235,1.08606,1.08137,1.08540,45643,0,0,EURCHF,Pepperstone MT5
2021.09.24,1.08320,1.08647,1.08209,1.08335,38565,0,0,EURCHF,Pepperstone MT5
2021.09.27,1.08293,1.08647,1.08159,1.08270,46313,0,0,EURCHF,Pepperstone MT5
2021.09.28,1.08184,1.08601,1.08184,1.08572,50336,0,0,EURCHF,Pepperstone MT5
2021.09.29,1.08426,1.08621,1.08212,1.08378,49107,0,0,EURCHF,Pepperstone MT5
2021.09.30,1.08222,1.08470,1.07836,1.07846,56128,0,0,EURCHF,Pepperstone MT5
2021.10.01,1.07843,1.08084,1.07720,1.07869,54620,0,0,EURCHF,Pepperstone MT5
2021.10.04,1.07791,1.08020,1.07331,1.07428,40901,0,0,EURCHF,Pepperstone MT5
2021.10.05,1.07414,1.07684,1.07377,1.07645,33123,0,0,EURCHF,Pepperstone MT5
2021.10.06,1.07559,1.07715,1.07078,1.07163,42633,0,0,EURCHF,Pepperstone MT5
2021.10.07,1.07122,1.07355,1.07023,1.07324,33213,0,0,EURCHF,Pepperstone MT5
2021.10.08,1.07120,1.07520,1.07120,1.07307,41882,0,0,EURCHF,Pepperstone MT5
2021.10.11,1.07202,1.07468,1.07096,1.07178,28013,0,0,EURCHF,Pepperstone MT5
2021.10.12,1.07137,1.07414,1.07087,1.07306,32703,0,0,EURCHF,Pepperstone MT5
2021.10.13,1.07256,1.07395,1.07091,1.07132,34532,0,0,EURCHF,Pepperstone MT5
2021.10.14,1.07003,1.07172,1.06804,1.07118,27724,0,0,EURCHF,Pepperstone MT5
2021.10.15,1.07024,1.07399,1.07017,1.07054,34056,0,0,EURCHF,Pepperstone MT5
2021.10.18,1.07105,1.07359,1.07006,1.07253,36402,0,0,EURCHF,Pepperstone MT5
2021.10.19,1.07138,1.07406,1.07096,1.07370,34471,0,0,EURCHF,Pepperstone MT5
2021.10.20,1.07190,1.07655,1.07053,1.07063,34227,0,0,EURCHF,Pepperstone MT5
2021.10.21,1.07056,1.07180,1.06713,1.06738,38316,0,0,EURCHF,Pepperstone MT5
2021.10.22,1.06640,1.06826,1.06588,1.06663,34375,0,0,EURCHF,Pepperstone MT5
2021.10.25,1.06580,1.06922,1.06580,1.06791,34061,0,0,EURCHF,Pepperstone MT5
2021.10.26,1.06630,1.07034,1.06592,1.06655,30362,0,0,EURCHF,Pepperstone MT5
2021.10.27,1.06586,1.06735,1.06365,1.06522,43781,0,0,EURCHF,Pepperstone MT5
2021.10.28,1.06409,1.06712,1.06354,1.06543,51823,0,0,EURCHF,Pepperstone MT5
2021.10.29,1.06489,1.06556,1.05698,1.05805,45687,0,0,EURCHF,Pepperstone MT5
2021.11.01,1.05771,1.06042,1.05475,1.05528,39029,0,0,EURCHF,Pepperstone MT5
2021.11.02,1.05521,1.06042,1.05365,1.05900,39526,0,0,EURCHF,Pepperstone MT5
2021.11.03,1.05890,1.05936,1.05523,1.05862,44158,0,0,EURCHF,Pepperstone MT5
2021.11.04,1.05816,1.05907,1.05360,1.05429,46404,0,0,EURCHF,Pepperstone MT5
2021.11.05,1.05340,1.05767,1.05309,1.05498,46558,0,0,EURCHF,Pepperstone MT5
2021.11.08,1.05371,1.05979,1.05357,1.05856,34626,0,0,EURCHF,Pepperstone MT5
2021.11.09,1.05707,1.05979,1.05538,1.05630,38781,0,0,EURCHF,Pepperstone MT5
2021.11.10,1.05553,1.05709,1.05379,1.05387,52649,0,0,EURCHF,Pepperstone MT5
2021.11.11,1.05368,1.05748,1.05237,1.05443,38298,0,0,EURCHF,Pepperstone MT5
2021.11.12,1.05389,1.05713,1.05348,1.05409,40611,0,0,EURCHF,Pepperstone MT5
2021.11.15,1.05327,1.05436,1.05108,1.05161,37964,0,0,EURCHF,Pepperstone MT5
2021.11.16,1.05152,1.05506,1.05102,1.05290,42109,0,0,EURCHF,Pepperstone MT5
2021.11.17,1.05289,1.05445,1.05033,1.05055,41360,0,0,EURCHF,Pepperstone MT5
2021.11.18,1.05094,1.05267,1.04979,1.05254,35350,0,0,EURCHF,Pepperstone MT5
2021.11.19,1.05204,1.05306,1.04480,1.04801,47768,0,0,EURCHF,Pepperstone MT5
2021.11.22,1.04718,1.04854,1.04481,1.04838,43425,0,0,EURCHF,Pepperstone MT5
2021.11.23,1.04520,1.05130,1.04520,1.04977,46838,0,0,EURCHF,Pepperstone MT5
2021.11.24,1.04893,1.05042,1.04559,1.04600,46663,0,0,EURCHF,Pepperstone MT5
2021.11.25,1.04564,1.04936,1.04529,1.04850,39777,0,0,EURCHF,Pepperstone MT5
2021.11.26,1.04826,1.04903,1.04204,1.04312,66421,0,0,EURCHF,Pepperstone MT5
2021.11.29,1.04276,1.04515,1.04149,1.04205,50706,0,0,EURCHF,Pepperstone MT5
2021.11.30,1.04112,1.04434,1.03900,1.04121,68781,0,0,EURCHF,Pepperstone MT5
2021.12.01,1.04131,1.04337,1.04037,1.04201,53600,0,0,EURCHF,Pepperstone MT5
2021.12.02,1.04000,1.04363,1.03999,1.04006,42058,0,0,EURCHF,Pepperstone MT5
2021.12.03,1.03896,1.04081,1.03758,1.03807,46312,0,0,EURCHF,Pepperstone MT5
2021.12.06,1.03730,1.04494,1.03718,1.04448,34092,0,0,EURCHF,Pepperstone MT5
2021.12.07,1.04257,1.04478,1.04030,1.04213,33387,0,0,EURCHF,Pepperstone MT5
2021.12.08,1.04144,1.04555,1.04063,1.04402,35637,0,0,EURCHF,Pepperstone MT5
2021.12.09,1.04333,1.04548,1.04203,1.04322,32498,0,0,EURCHF,Pepperstone MT5
2021.12.10,1.04249,1.04474,1.04095,1.04183,31468,0,0,EURCHF,Pepperstone MT5
2021.12.13,1.04096,1.04302,1.04027,1.04093,27524,0,0,EURCHF,Pepperstone MT5
2021.12.14,1.04094,1.04178,1.03897,1.04043,31346,0,0,EURCHF,Pepperstone MT5
2021.12.15,1.03885,1.04426,1.03885,1.04409,47214,0,0,EURCHF,Pepperstone MT5
2021.12.16,1.04285,1.04666,1.04099,1.04173,53310,0,0,EURCHF,Pepperstone MT5
2021.12.17,1.04102,1.04191,1.03850,1.03857,40880,0,0,EURCHF,Pepperstone MT5
2021.12.20,1.03790,1.04135,1.03766,1.03902,38771,0,0,EURCHF,Pepperstone MT5
2021.12.21,1.03810,1.04273,1.03810,1.04206,41713,0,0,EURCHF,Pepperstone MT5
2021.12.22,1.04082,1.04344,1.04058,1.04156,35360,0,0,EURCHF,Pepperstone MT5
2021.12.23,1.04126,1.04322,1.03916,1.03991,34133,0,0,EURCHF,Pepperstone MT5
2021.12.24,1.03843,1.04107,1.03843,1.03921,80112,0,0,EURCHF,Pepperstone MT5
2021.12.27,1.03838,1.04112,1.03838,1.03925,26008,0,0,EURCHF,Pepperstone MT5
2021.12.28,1.03852,1.03947,1.03697,1.03717,28214,0,0,EURCHF,Pepperstone MT5
2021.12.29,1.03697,1.03835,1.03625,1.03777,33742,0,0,EURCHF,Pepperstone MT5
2021.12.30,1.03693,1.03845,1.03449,1.03479,33472,0,0,EURCHF,Pepperstone MT5
2021.12.31,1.03384,1.03794,1.03264,1.03737,35173,0,0,EURCHF,Pepperstone MT5
2022.01.03,1.03525,1.03914,1.03491,1.03811,38360,0,0,EURCHF,Pepperstone MT5
2022.01.04,1.03764,1.03831,1.03350,1.03403,39723,0,0,EURCHF,Pepperstone MT5
2022.01.05,1.03375,1.03902,1.03240,1.03768,40905,0,0,EURCHF,Pepperstone MT5
2022.01.06,1.03749,1.04121,1.03664,1.04083,44401,0,0,EURCHF,Pepperstone MT5
2022.01.07,1.03918,1.04511,1.03916,1.04321,37860,0,0,EURCHF,Pepperstone MT5
2022.01.10,1.04272,1.05044,1.04251,1.05031,42345,0,0,EURCHF,Pepperstone MT5
2022.01.11,1.04875,1.05116,1.04833,1.05000,35106,0,0,EURCHF,Pepperstone MT5
2022.01.12,1.04796,1.05061,1.04377,1.04589,35813,0,0,EURCHF,Pepperstone MT5
2022.01.13,1.04530,1.04877,1.04250,1.04359,37338,0,0,EURCHF,Pepperstone MT5
2022.01.14,1.04297,1.04482,1.04188,1.04313,38963,0,0,EURCHF,Pepperstone MT5
2022.01.17,1.04177,1.04452,1.04150,1.04257,26324,0,0,EURCHF,Pepperstone MT5
2022.01.18,1.04227,1.04390,1.03806,1.03904,40032,0,0,EURCHF,Pepperstone MT5
2022.01.19,1.03792,1.04036,1.03748,1.03863,33380,0,0,EURCHF,Pepperstone MT5
2022.01.20,1.03824,1.03953,1.03723,1.03741,31067,0,0,EURCHF,Pepperstone MT5
2022.01.21,1.03637,1.03779,1.03349,1.03443,34990,0,0,EURCHF,Pepperstone MT5
2022.01.24,1.03328,1.03591,1.02999,1.03510,37611,0,0,EURCHF,Pepperstone MT5
2022.01.25,1.03299,1.03854,1.03293,1.03764,33696,0,0,EURCHF,Pepperstone MT5
2022.01.26,1.03566,1.03991,1.03540,1.03891,34115,0,0,EURCHF,Pepperstone MT5
2022.01.27,1.03856,1.03980,1.03612,1.03755,44633,0,0,EURCHF,Pepperstone MT5
2022.01.28,1.03674,1.03913,1.03587,1.03785,34812,0,0,EURCHF,Pepperstone MT5
2022.01.31,1.03719,1.04414,1.03677,1.04120,36475,0,0,EURCHF,Pepperstone MT5
2022.02.01,1.04074,1.04139,1.03631,1.03832,33914,0,0,EURCHF,Pepperstone MT5
2022.02.02,1.03780,1.04064,1.03704,1.03895,33391,0,0,EURCHF,Pepperstone MT5
2022.02.03,1.03876,1.05424,1.03722,1.05257,50528,0,0,EURCHF,Pepperstone MT5
2022.02.04,1.05193,1.06025,1.05148,1.05984,45052,0,0,EURCHF,Pepperstone MT5
2022.02.07,1.05931,1.06054,1.05504,1.05663,37937,0,0,EURCHF,Pepperstone MT5
2022.02.08,1.05564,1.05720,1.05297,1.05619,32887,0,0,EURCHF,Pepperstone MT5
2022.02.09,1.05521,1.05672,1.05431,1.05572,29945,0,0,EURCHF,Pepperstone MT5
2022.02.10,1.05489,1.06116,1.05489,1.05747,49626,0,0,EURCHF,Pepperstone MT5
2022.02.11,1.05478,1.05800,1.04816,1.04885,50384,0,0,EURCHF,Pepperstone MT5
2022.02.14,1.04733,1.05140,1.04374,1.04533,55968,0,0,EURCHF,Pepperstone MT5
2022.02.15,1.04421,1.05303,1.04421,1.05096,49113,0,0,EURCHF,Pepperstone MT5
2022.02.16,1.04995,1.05494,1.04833,1.04875,39574,0,0,EURCHF,Pepperstone MT5
2022.02.17,1.04833,1.04954,1.04476,1.04536,61671,0,0,EURCHF,Pepperstone MT5
2022.02.18,1.04446,1.04825,1.04257,1.04308,45576,0,0,EURCHF,Pepperstone MT5
2022.02.21,1.04174,1.04663,1.03553,1.03571,42133,0,0,EURCHF,Pepperstone MT5
2022.02.22,1.03465,1.04613,1.03381,1.04383,63606,0,0,EURCHF,Pepperstone MT5
2022.02.23,1.04271,1.04600,1.03761,1.03805,38963,0,0,EURCHF,Pepperstone MT5
2022.02.24,1.03693,1.03804,1.02789,1.03586,122625,0,0,EURCHF,Pepperstone MT5
2022.02.25,1.03519,1.04480,1.03314,1.04306,77640,0,0,EURCHF,Pepperstone MT5
2022.02.28,1.03137,1.03798,1.02759,1.02861,99854,0,0,EURCHF,Pepperstone MT5
2022.03.01,1.02752,1.02976,1.01989,1.02190,80178,0,0,EURCHF,Pepperstone MT5
2022.03.02,1.02198,1.02636,1.01592,1.02318,86576,0,0,EURCHF,Pepperstone MT5
2022.03.03,1.02253,1.02368,1.01515,1.01516,63242,0,0,EURCHF,Pepperstone MT5
2022.03.04,1.01493,1.01578,1.00182,1.00219,96598,0,0,EURCHF,Pepperstone MT5
2022.03.07,1.00171,1.00981,0.99719,1.00440,118354,0,0,EURCHF,Pepperstone MT5
2022.03.08,1.00407,1.01773,1.00377,1.01258,104875,0,0,EURCHF,Pepperstone MT5
2022.03.09,1.01103,1.02714,1.01075,1.02623,80294,0,0,EURCHF,Pepperstone MT5
2022.03.10,1.02463,1.03029,1.02056,1.02216,94292,0,0,EURCHF,Pepperstone MT5
2022.03.11,1.02067,1.02787,1.01864,1.02033,74011,0,0,EURCHF,Pepperstone MT5
2022.03.14,1.02023,1.02882,1.01742,1.02689,73990,0,0,EURCHF,Pepperstone MT5
2022.03.15,1.02635,1.03385,1.02573,1.03104,78036,0,0,EURCHF,Pepperstone MT5
2022.03.16,1.02988,1.03852,1.02988,1.03808,92843,0,0,EURCHF,Pepperstone MT5
2022.03.17,1.03641,1.04023,1.03598,1.03919,69964,0,0,EURCHF,Pepperstone MT5
2022.03.18,1.03846,1.04013,1.02927,1.02945,60797,0,0,EURCHF,Pepperstone MT5
2022.03.21,1.03001,1.03228,1.02647,1.02851,61228,0,0,EURCHF,Pepperstone MT5
2022.03.22,1.02809,1.03006,1.02645,1.02870,63779,0,0,EURCHF,Pepperstone MT5
2022.03.23,1.02768,1.03151,1.02381,1.02414,58823,0,0,EURCHF,Pepperstone MT5
2022.03.24,1.02321,1.02686,1.02132,1.02300,64895,0,0,EURCHF,Pepperstone MT5
2022.03.25,1.02237,1.02384,1.01946,1.02197,60824,0,0,EURCHF,Pepperstone MT5
2022.03.28,1.02176,1.03012,1.02142,1.02668,77769,0,0,EURCHF,Pepperstone MT5
2022.03.29,1.02471,1.03848,1.02399,1.03203,104325,0,0,EURCHF,Pepperstone MT5
2022.03.30,1.03126,1.03307,1.02898,1.03018,77647,0,0,EURCHF,Pepperstone MT5
2022.03.31,1.02963,1.03254,1.02073,1.02110,70845,0,0,EURCHF,Pepperstone MT5
2022.04.01,1.02067,1.02443,1.01894,1.02239,56710,0,0,EURCHF,Pepperstone MT5
2022.04.04,1.02083,1.02403,1.01553,1.01639,46328,0,0,EURCHF,Pepperstone MT5
2022.04.05,1.01567,1.01714,1.01316,1.01356,55198,0,0,EURCHF,Pepperstone MT5
2022.04.06,1.01290,1.02046,1.01272,1.01692,70511,0,0,EURCHF,Pepperstone MT5
2022.04.07,1.01524,1.01978,1.01459,1.01632,70732,0,0,EURCHF,Pepperstone MT5
2022.04.08,1.01436,1.01791,1.01387,1.01580,61261,0,0,EURCHF,Pepperstone MT5
2022.04.11,1.01724,1.02056,1.01221,1.01342,55107,0,0,EURCHF,Pepperstone MT5
2022.04.12,1.01200,1.01554,1.00892,1.00982,64362,0,0,EURCHF,Pepperstone MT5
2022.04.13,1.00867,1.01830,1.00867,1.01812,65556,0,0,EURCHF,Pepperstone MT5
2022.04.14,1.01473,1.02134,1.01395,1.02070,79214,0,0,EURCHF,Pepperstone MT5
2022.04.15,1.01860,1.02131,1.01714,1.01875,97151,0,0,EURCHF,Pepperstone MT5
2022.04.18,1.01752,1.02016,1.01653,1.01854,45893,0,0,EURCHF,Pepperstone MT5
2022.04.19,1.01842,1.02768,1.01630,1.02734,73175,0,0,EURCHF,Pepperstone MT5
2022.04.20,1.02564,1.03013,1.02478,1.02942,70913,0,0,EURCHF,Pepperstone MT5
2022.04.21,1.02902,1.03710,1.02797,1.03271,68745,0,0,EURCHF,Pepperstone MT5
2022.04.22,1.03225,1.03517,1.03075,1.03325,68790,0,0,EURCHF,Pepperstone MT5
2022.04.25,1.03222,1.03521,1.02444,1.02782,87238,0,0,EURCHF,Pepperstone MT5
2022.04.26,1.02727,1.02905,1.02113,1.02387,72586,0,0,EURCHF,Pepperstone MT5
2022.04.27,1.02344,1.02591,1.01980,1.02317,81061,0,0,EURCHF,Pepperstone MT5
2022.04.28,1.02267,1.02421,1.01884,1.02049,97023,0,0,EURCHF,Pepperstone MT5
2022.04.29,1.01948,1.02703,1.01888,1.02656,80509,0,0,EURCHF,Pepperstone MT5
2022.05.02,1.02487,1.02918,1.02279,1.02732,59585,0,0,EURCHF,Pepperstone MT5
2022.05.03,1.02637,1.03149,1.02547,1.02975,64105,0,0,EURCHF,Pepperstone MT5
2022.05.04,1.02919,1.03772,1.02776,1.03277,70357,0,0,EURCHF,Pepperstone MT5
2022.05.05,1.03233,1.03943,1.03172,1.03813,85811,0,0,EURCHF,Pepperstone MT5
2022.05.06,1.03752,1.04514,1.03330,1.04223,104740,0,0,EURCHF,Pepperstone MT5
2022.05.09,1.04013,1.04962,1.04010,1.04932,75631,0,0,EURCHF,Pepperstone MT5
2022.05.10,1.04873,1.05154,1.04566,1.04831,77803,0,0,EURCHF,Pepperstone MT5
2022.05.11,1.04761,1.04931,1.04316,1.04503,82859,0,0,EURCHF,Pepperstone MT5
2022.05.12,1.04483,1.04768,1.03622,1.04106,87811,0,0,EURCHF,Pepperstone MT5
2022.05.13,1.04082,1.04372,1.03801,1.04280,71257,0,0,EURCHF,Pepperstone MT5
2022.05.16,1.04101,1.04894,1.04042,1.04536,71851,0,0,EURCHF,Pepperstone MT5
2022.05.17,1.04478,1.04849,1.04307,1.04833,70827,0,0,EURCHF,Pepperstone MT5
2022.05.18,1.04645,1.04950,1.03313,1.03388,61871,0,0,EURCHF,Pepperstone MT5
2022.05.19,1.03317,1.03600,1.02292,1.02967,85018,0,0,EURCHF,Pepperstone MT5
2022.05.20,1.02753,1.03036,1.02554,1.02895,70169,0,0,EURCHF,Pepperstone MT5
2022.05.23,1.02784,1.03355,1.02612,1.03236,69930,0,0,EURCHF,Pepperstone MT5
2022.05.24,1.03124,1.03510,1.02862,1.03132,71488,0,0,EURCHF,Pepperstone MT5
2022.05.25,1.03069,1.03156,1.02389,1.02746,73376,0,0,EURCHF,Pepperstone MT5
2022.05.26,1.02584,1.03099,1.02483,1.02886,73837,0,0,EURCHF,Pepperstone MT5
2022.05.27,1.02896,1.03184,1.02330,1.02715,65332,0,0,EURCHF,Pepperstone MT5
2022.05.30,1.02661,1.03364,1.02467,1.03185,47292,0,0,EURCHF,Pepperstone MT5
2022.05.31,1.03103,1.03359,1.02551,1.02989,76225,0,0,EURCHF,Pepperstone MT5
2022.06.01,1.02852,1.03185,1.02443,1.02611,70271,0,0,EURCHF,Pepperstone MT5
2022.06.02,1.02410,1.03024,1.02185,1.02950,62656,0,0,EURCHF,Pepperstone MT5
2022.06.03,1.02844,1.03287,1.02659,1.03179,56774,0,0,EURCHF,Pepperstone MT5
2022.06.06,1.02905,1.03919,1.02876,1.03834,53074,0,0,EURCHF,Pepperstone MT5
2022.06.07,1.03697,1.04369,1.03647,1.04123,76595,0,0,EURCHF,Pepperstone MT5
2022.06.08,1.04047,1.04916,1.03960,1.04865,73880,0,0,EURCHF,Pepperstone MT5
2022.06.09,1.04816,1.05142,1.03734,1.04037,87248,0,0,EURCHF,Pepperstone MT5
2022.06.10,1.04035,1.04147,1.03760,1.03875,88331,0,0,EURCHF,Pepperstone MT5
2022.06.13,1.03817,1.04095,1.03624,1.03772,97813,0,0,EURCHF,Pepperstone MT5
2022.06.14,1.03708,1.04523,1.03403,1.04330,109792,0,0,EURCHF,Pepperstone MT5
2022.06.15,1.04311,1.04784,1.03815,1.03854,147384,0,0,EURCHF,Pepperstone MT5
2022.06.16,1.03771,1.04161,1.01302,1.01993,140837,0,0,EURCHF,Pepperstone MT5
2022.06.17,1.01932,1.02204,1.00983,1.01762,115982,0,0,EURCHF,Pepperstone MT5
2022.06.20,1.01633,1.01942,1.01357,1.01663,79822,0,0,EURCHF,Pepperstone MT5
2022.06.21,1.01689,1.02161,1.01618,1.01775,85471,0,0,EURCHF,Pepperstone MT5
2022.06.22,1.01692,1.01884,1.01321,1.01575,91415,0,0,EURCHF,Pepperstone MT5
2022.06.23,1.01537,1.01656,1.00687,1.01147,109673,0,0,EURCHF,Pepperstone MT5
2022.06.24,1.00919,1.01390,1.00502,1.01154,92926,0,0,EURCHF,Pepperstone MT5
2022.06.27,1.00872,1.01579,1.00870,1.01189,79659,0,0,EURCHF,Pepperstone MT5
2022.06.28,1.01202,1.01311,1.00558,1.00732,94520,0,0,EURCHF,Pepperstone MT5
2022.06.29,1.00552,1.00760,0.99653,0.99694,92194,0,0,EURCHF,Pepperstone MT5
2022.06.30,0.99697,1.00138,0.99445,1.00099,107128,0,0,EURCHF,Pepperstone MT5
2022.07.01,1.00103,1.00425,0.99779,1.00049,108698,0,0,EURCHF,Pepperstone MT5
2022.07.04,0.99975,1.00464,0.99762,1.00172,66452,0,0,EURCHF,Pepperstone MT5
2022.07.05,1.00147,1.00320,0.99247,0.99414,98568,0,0,EURCHF,Pepperstone MT5
2022.07.06,0.99398,0.99478,0.98753,0.98761,101372,0,0,EURCHF,Pepperstone MT5
2022.07.07,0.98751,0.99310,0.98683,0.98970,86049,0,0,EURCHF,Pepperstone MT5
2022.07.08,0.98970,0.99548,0.98663,0.99431,95086,0,0,EURCHF,Pepperstone MT5
2022.07.11,0.99291,0.99480,0.98555,0.98726,81320,0,0,EURCHF,Pepperstone MT5
2022.07.12,0.98628,0.98984,0.98355,0.98526,98921,0,0,EURCHF,Pepperstone MT5
2022.07.13,0.98580,0.98845,0.98061,0.98450,113969,0,0,EURCHF,Pepperstone MT5
2022.07.14,0.98347,0.98851,0.98260,0.98576,120795,0,0,EURCHF,Pepperstone MT5
2022.07.15,0.98443,0.98743,0.98264,0.98472,91383,0,0,EURCHF,Pepperstone MT5
2022.07.18,0.98353,0.99338,0.98353,0.99140,84187,0,0,EURCHF,Pepperstone MT5
2022.07.19,0.99090,0.99455,0.98979,0.99066,84167,0,0,EURCHF,Pepperstone MT5
2022.07.20,0.99010,0.99448,0.98773,0.98866,95949,0,0,EURCHF,Pepperstone MT5
2022.07.21,0.98767,0.99501,0.98629,0.98873,113071,0,0,EURCHF,Pepperstone MT5
2022.07.22,0.98844,0.98861,0.98110,0.98151,94276,0,0,EURCHF,Pepperstone MT5
2022.07.25,0.98282,0.98828,0.98042,0.98579,88035,0,0,EURCHF,Pepperstone MT5
2022.07.26,0.98342,0.98658,0.97389,0.97434,77243,0,0,EURCHF,Pepperstone MT5
2022.07.27,0.97309,0.97975,0.97281,0.97848,91477,0,0,EURCHF,Pepperstone MT5
2022.07.28,0.97578,0.98054,0.97077,0.97361,103928,0,0,EURCHF,Pepperstone MT5
2022.07.29,0.97265,0.97534,0.96993,0.97290,104109,0,0,EURCHF,Pepperstone MT5
2022.08.01,0.97082,0.97587,0.97082,0.97450,84633,0,0,EURCHF,Pepperstone MT5
2022.08.02,0.97361,0.97636,0.97202,0.97319,101364,0,0,EURCHF,Pepperstone MT5
2022.08.03,0.97320,0.97825,0.97174,0.97660,90543,0,0,EURCHF,Pepperstone MT5
2022.08.04,0.97642,0.97974,0.97583,0.97797,78194,0,0,EURCHF,Pepperstone MT5
2022.08.05,0.97749,0.98015,0.97599,0.97883,74049,0,0,EURCHF,Pepperstone MT5
2022.08.08,0.97736,0.97932,0.97180,0.97391,62058,0,0,EURCHF,Pepperstone MT5
2022.08.09,0.97341,0.97662,0.97261,0.97394,55727,0,0,EURCHF,Pepperstone MT5
2022.08.10,0.97363,0.97462,0.97047,0.97074,76703,0,0,EURCHF,Pepperstone MT5
2022.08.11,0.97085,0.97316,0.96944,0.97134,77296,0,0,EURCHF,Pepperstone MT5
2022.08.12,0.97142,0.97214,0.96549,0.96554,68885,0,0,EURCHF,Pepperstone MT5
2022.08.15,0.96526,0.96637,0.96123,0.96131,60791,0,0,EURCHF,Pepperstone MT5
2022.08.16,0.96089,0.96793,0.96042,0.96562,70844,0,0,EURCHF,Pepperstone MT5
2022.08.17,0.96546,0.97005,0.96462,0.96853,77335,0,0,EURCHF,Pepperstone MT5
2022.08.18,0.96785,0.96997,0.96451,0.96514,70612,0,0,EURCHF,Pepperstone MT5
2022.08.19,0.96497,0.96698,0.96125,0.96258,64208,0,0,EURCHF,Pepperstone MT5
2022.08.22,0.96155,0.96313,0.95713,0.95838,70379,0,0,EURCHF,Pepperstone MT5
2022.08.23,0.95696,0.96412,0.95528,0.96099,86487,0,0,EURCHF,Pepperstone MT5
2022.08.24,0.96096,0.96511,0.95580,0.96362,74850,0,0,EURCHF,Pepperstone MT5
2022.08.25,0.96221,0.96563,0.96015,0.96072,76341,0,0,EURCHF,Pepperstone MT5
2022.08.26,0.95973,0.96733,0.95947,0.96250,80818,0,0,EURCHF,Pepperstone MT5
2022.08.29,0.96206,0.96977,0.96121,0.96805,75208,0,0,EURCHF,Pepperstone MT5
2022.08.30,0.96795,0.97725,0.96654,0.97584,82932,0,0,EURCHF,Pepperstone MT5
2022.08.31,0.97440,0.98344,0.97382,0.98290,82499,0,0,EURCHF,Pepperstone MT5
2022.09.01,0.98045,0.98345,0.97599,0.97649,99471,0,0,EURCHF,Pepperstone MT5
2022.09.02,0.97605,0.98662,0.97586,0.97704,84291,0,0,EURCHF,Pepperstone MT5
2022.09.05,0.97557,0.97571,0.97114,0.97294,74641,0,0,EURCHF,Pepperstone MT5
2022.09.06,0.97206,0.97869,0.97203,0.97514,101959,0,0,EURCHF,Pepperstone MT5
2022.09.07,0.97253,0.97810,0.97179,0.97697,89560,0,0,EURCHF,Pepperstone MT5
2022.09.08,0.97716,0.97760,0.96606,0.97019,97315,0,0,EURCHF,Pepperstone MT5
2022.09.09,0.96996,0.97273,0.96329,0.96494,91324,0,0,EURCHF,Pepperstone MT5
2022.09.12,0.96691,0.97460,0.96349,0.96538,90516,0,0,EURCHF,Pepperstone MT5
2022.09.13,0.96470,0.96896,0.95842,0.95869,88428,0,0,EURCHF,Pepperstone MT5
2022.09.14,0.95872,0.96290,0.95812,0.96033,86072,0,0,EURCHF,Pepperstone MT5
2022.09.15,0.95951,0.96135,0.95315,0.96131,69161,0,0,EURCHF,Pepperstone MT5
2022.09.16,0.95989,0.96649,0.95782,0.96548,88721,0,0,EURCHF,Pepperstone MT5
2022.09.19,0.96459,0.96718,0.96341,0.96665,71619,0,0,EURCHF,Pepperstone MT5
2022.09.20,0.96526,0.96823,0.96026,0.96115,86824,0,0,EURCHF,Pepperstone MT5
2022.09.21,0.96145,0.96184,0.95044,0.95064,107534,0,0,EURCHF,Pepperstone MT5
2022.09.22,0.95070,0.97147,0.94654,0.96088,137915,0,0,EURCHF,Pepperstone MT5
2022.09.23,0.96058,0.96220,0.94984,0.95071,101943,0,0,EURCHF,Pepperstone MT5
2022.09.26,0.95072,0.95761,0.94069,0.95437,162857,0,0,EURCHF,Pepperstone MT5
2022.09.27,0.95312,0.95598,0.94833,0.95149,101577,0,0,EURCHF,Pepperstone MT5
2022.09.28,0.95142,0.95247,0.94346,0.95032,136662,0,0,EURCHF,Pepperstone MT5
2022.09.29,0.94913,0.95914,0.94687,0.95710,142569,0,0,EURCHF,Pepperstone MT5
2022.09.30,0.95611,0.96806,0.95464,0.96740,140948,0,0,EURCHF,Pepperstone MT5
2022.10.03,0.96470,0.97732,0.96370,0.97451,90588,0,0,EURCHF,Pepperstone MT5
2022.10.04,0.97351,0.98005,0.97351,0.97817,99686,0,0,EURCHF,Pepperstone MT5
2022.10.05,0.97809,0.97978,0.96986,0.97213,89751,0,0,EURCHF,Pepperstone MT5
2022.10.06,0.96958,0.97388,0.96919,0.96977,91138,0,0,EURCHF,Pepperstone MT5
2022.10.07,0.96899,0.97152,0.96768,0.96827,82806,0,0,EURCHF,Pepperstone MT5
2022.10.10,0.96706,0.97303,0.96603,0.97031,74280,0,0,EURCHF,Pepperstone MT5
2022.10.11,0.96886,0.97145,0.96679,0.96746,87946,0,0,EURCHF,Pepperstone MT5
2022.10.12,0.96650,0.96897,0.96432,0.96781,84276,0,0,EURCHF,Pepperstone MT5
2022.10.13,0.96658,0.97915,0.96658,0.97897,101448,0,0,EURCHF,Pepperstone MT5
2022.10.14,0.97653,0.97936,0.97414,0.97754,101657,0,0,EURCHF,Pepperstone MT5
2022.10.17,0.97632,0.98088,0.97420,0.98023,85414,0,0,EURCHF,Pepperstone MT5
2022.10.18,0.97786,0.98191,0.97786,0.98004,87969,0,0,EURCHF,Pepperstone MT5
2022.10.19,0.97968,0.98303,0.97901,0.98173,88128,0,0,EURCHF,Pepperstone MT5
2022.10.20,0.98000,0.98517,0.98000,0.98166,114816,0,0,EURCHF,Pepperstone MT5
2022.10.21,0.98069,0.98849,0.98069,0.98408,150541,0,0,EURCHF,Pepperstone MT5
2022.10.24,0.98320,0.98927,0.98163,0.98793,116264,0,0,EURCHF,Pepperstone MT5
2022.10.25,0.98801,0.99269,0.98646,0.99123,83618,0,0,EURCHF,Pepperstone MT5
2022.10.26,0.99073,0.99470,0.98941,0.99431,88251,0,0,EURCHF,Pepperstone MT5
2022.10.27,0.99267,0.99551,0.98690,0.98711,94639,0,0,EURCHF,Pepperstone MT5
2022.10.28,0.98668,0.99436,0.98637,0.99252,86888,0,0,EURCHF,Pepperstone MT5
2022.10.31,0.99176,0.99412,0.98800,0.98999,78797,0,0,EURCHF,Pepperstone MT5
2022.11.01,0.98819,0.99214,0.98509,0.98745,74783,0,0,EURCHF,Pepperstone MT5
2022.11.02,0.98671,0.98901,0.98447,0.98461,82057,0,0,EURCHF,Pepperstone MT5
2022.11.03,0.98442,0.98936,0.98294,0.98812,81930,0,0,EURCHF,Pepperstone MT5
2022.11.04,0.98759,0.99035,0.98432,0.99017,92277,0,0,EURCHF,Pepperstone MT5
2022.11.07,0.98827,0.99192,0.98637,0.99027,76363,0,0,EURCHF,Pepperstone MT5
2022.11.08,0.98966,0.99364,0.98811,0.99313,66897,0,0,EURCHF,Pepperstone MT5
2022.11.09,0.99131,0.99363,0.98500,0.98516,100766,0,0,EURCHF,Pepperstone MT5
2022.11.10,0.98421,0.98962,0.98207,0.98359,140169,0,0,EURCHF,Pepperstone MT5
2022.11.11,0.98291,0.98749,0.97323,0.97441,145256,0,0,EURCHF,Pepperstone MT5
2022.11.14,0.97246,0.97778,0.97044,0.97381,137536,0,0,EURCHF,Pepperstone MT5
2022.11.15,0.97396,0.98409,0.97232,0.97745,165179,0,0,EURCHF,Pepperstone MT5
2022.11.16,0.97614,0.98225,0.97465,0.98195,142704,0,0,EURCHF,Pepperstone MT5
2022.11.17,0.98111,0.98710,0.98072,0.98684,121357,0,0,EURCHF,Pepperstone MT5
2022.11.18,0.98584,0.98912,0.98447,0.98504,91060,0,0,EURCHF,Pepperstone MT5
2022.11.21,0.98384,0.98549,0.98000,0.98209,94201,0,0,EURCHF,Pepperstone MT5
2022.11.22,0.98063,0.98328,0.97636,0.98074,86275,0,0,EURCHF,Pepperstone MT5
2022.11.23,0.98037,0.98334,0.97656,0.97983,96296,0,0,EURCHF,Pepperstone MT5
2022.11.24,0.97950,0.98361,0.97861,0.98191,77042,0,0,EURCHF,Pepperstone MT5
2022.11.25,0.98141,0.98585,0.98079,0.98221,79950,0,0,EURCHF,Pepperstone MT5
2022.11.28,0.98081,0.98903,0.97912,0.98117,104176,0,0,EURCHF,Pepperstone MT5
2022.11.29,0.98079,0.98718,0.98076,0.98548,106295,0,0,EURCHF,Pepperstone MT5
2022.11.30,0.98270,0.98729,0.97884,0.98400,115657,2,0,EURCHF,Pepperstone MT5
2022.12.01,0.98381,0.98877,0.98210,0.98611,134051,2,0,EURCHF,Pepperstone MT5
2022.12.02,0.98454,0.98839,0.98231,0.98739,113964,2,0,EURCHF,Pepperstone MT5
2022.12.05,0.98790,0.99105,0.98507,0.98910,99580,2,0,EURCHF,Pepperstone MT5
2022.12.06,0.98721,0.99087,0.98558,0.98610,94149,2,0,EURCHF,Pepperstone MT5
2022.12.07,0.98481,0.98961,0.98384,0.98838,96135,2,0,EURCHF,Pepperstone MT5
2022.12.08,0.98787,0.99002,0.98631,0.98819,78603,2,0,EURCHF,Pepperstone MT5
2022.12.09,0.98770,0.98898,0.98259,0.98431,86036,2,0,EURCHF,Pepperstone MT5
2022.12.12,0.98276,0.98734,0.98172,0.98640,82365,2,0,EURCHF,Pepperstone MT5
2022.12.13,0.98526,0.99033,0.98334,0.98728,112665,2,0,EURCHF,Pepperstone MT5
2022.12.14,0.98479,0.98903,0.98311,0.98725,112637,2,0,EURCHF,Pepperstone MT5
2022.12.15,0.98488,0.99168,0.98366,0.98670,116282,2,0,EURCHF,Pepperstone MT5
2022.12.16,0.98552,0.99071,0.98531,0.98901,100587,2,0,EURCHF,Pepperstone MT5
2022.12.19,0.98702,0.99131,0.98500,0.98502,83970,2,0,EURCHF,Pepperstone MT5
2022.12.20,0.98413,0.98671,0.98260,0.98389,129177,2,0,EURCHF,Pepperstone MT5
2022.12.21,0.98373,0.98592,0.98219,0.98272,97523,2,0,EURCHF,Pepperstone MT5
2022.12.22,0.98214,0.98694,0.98168,0.98658,89050,2,0,EURCHF,Pepperstone MT5
2022.12.23,0.98626,0.99229,0.98625,0.99178,95304,2,0,EURCHF,Pepperstone MT5
2022.12.27,0.99043,0.99237,0.98755,0.98867,91422,2,0,EURCHF,Pepperstone MT5
2022.12.28,0.98717,0.99039,0.98433,0.98581,83006,2,0,EURCHF,Pepperstone MT5
2022.12.29,0.98432,0.98630,0.98244,0.98430,85831,2,0,EURCHF,Pepperstone MT5
2022.12.30,0.98391,0.98933,0.98301,0.98904,91683,2,0,EURCHF,Pepperstone MT5
2023.01.02,0.98646,0.98908,0.98395,0.98505,29209,4,0,EURCHF,Pepperstone MT5
2023.01.03,0.98594,0.99050,0.98400,0.98714,142067,2,0,EURCHF,Pepperstone MT5
2023.01.04,0.98787,0.98796,0.98339,0.98579,110665,2,0,EURCHF,Pepperstone MT5
2023.01.05,0.98509,0.98723,0.98336,0.98504,106876,2,0,EURCHF,Pepperstone MT5
2023.01.06,0.98475,0.98826,0.98388,0.98773,105157,2,0,EURCHF,Pepperstone MT5
2023.01.09,0.98676,0.98904,0.98532,0.98889,97286,2,0,EURCHF,Pepperstone MT5
2023.01.10,0.98823,0.99133,0.98750,0.99052,97384,0,0,EURCHF,Pepperstone MT5
2023.01.11,0.98996,1.00223,0.98933,1.00170,90492,2,0,EURCHF,Pepperstone MT5
2023.01.12,1.00070,1.00796,1.00005,1.00625,118367,2,0,EURCHF,Pepperstone MT5
2023.01.13,1.00482,1.00971,1.00194,1.00335,97747,2,0,EURCHF,Pepperstone MT5
2023.01.16,1.00316,1.00392,0.99998,1.00217,68786,2,0,EURCHF,Pepperstone MT5
2023.01.17,1.00132,1.00273,0.99351,0.99458,100478,2,0,EURCHF,Pepperstone MT5
2023.01.18,0.99439,0.99635,0.98751,0.98926,114455,2,0,EURCHF,Pepperstone MT5
2023.01.19,0.98833,0.99314,0.98749,0.99202,95491,2,0,EURCHF,Pepperstone MT5
2023.01.20,0.99170,0.99995,0.99131,0.99897,80109,2,0,EURCHF,Pepperstone MT5
2023.01.23,0.99857,1.00340,0.99725,1.00211,80545,2,0,EURCHF,Pepperstone MT5
2023.01.24,1.00205,1.00667,0.99940,1.00435,74572,2,0,EURCHF,Pepperstone MT5
2023.01.25,1.00422,1.00693,1.00120,1.00193,76010,2,0,EURCHF,Pepperstone MT5
2023.01.26,1.00147,1.00278,0.99882,1.00237,77127,2,0,EURCHF,Pepperstone MT5
2023.01.27,1.00061,1.00394,0.99964,1.00094,70704,2,0,EURCHF,Pepperstone MT5
2023.01.30,1.00026,1.00612,0.99978,1.00371,81004,2,0,EURCHF,Pepperstone MT5
2023.01.31,1.00217,1.00527,0.99437,0.99507,81681,2,0,EURCHF,Pepperstone MT5
2023.02.01,0.99425,1.00081,0.99391,0.99842,88537,2,0,EURCHF,Pepperstone MT5
2023.02.02,0.99806,1.00053,0.99341,0.99628,105004,2,0,EURCHF,Pepperstone MT5
2023.02.03,0.99512,1.00330,0.99456,0.99962,93186,2,0,EURCHF,Pepperstone MT5
2023.02.06,0.99997,1.00056,0.99406,0.99553,84288,2,0,EURCHF,Pepperstone MT5
2023.02.07,0.99431,0.99582,0.98720,0.98902,102047,2,0,EURCHF,Pepperstone MT5
2023.02.08,0.98856,0.98956,0.98632,0.98672,77500,2,0,EURCHF,Pepperstone MT5
2023.02.09,0.98649,0.99066,0.98510,0.99035,73492,2,0,EURCHF,Pepperstone MT5
2023.02.10,0.98927,0.99062,0.98612,0.98636,77095,2,0,EURCHF,Pepperstone MT5
2023.02.13,0.98596,0.98776,0.98463,0.98603,73280,2,0,EURCHF,Pepperstone MT5
2023.02.14,0.98620,0.98970,0.98483,0.98952,106372,2,0,EURCHF,Pepperstone MT5
2023.02.15,0.98807,0.99111,0.98639,0.98716,90363,2,0,EURCHF,Pepperstone MT5
2023.02.16,0.98722,0.98866,0.98639,0.98800,94650,2,0,EURCHF,Pepperstone MT5
2023.02.17,0.98713,0.99252,0.98713,0.98830,83332,2,0,EURCHF,Pepperstone MT5
2023.02.20,0.98861,0.98883,0.98552,0.98641,71923,2,0,EURCHF,Pepperstone MT5
2023.02.21,0.98582,0.99029,0.98476,0.98773,86524,2,0,EURCHF,Pepperstone MT5
2023.02.22,0.98705,0.98968,0.98596,0.98765,87966,2,0,EURCHF,Pepperstone MT5
2023.02.23,0.98644,0.99067,0.98606,0.98944,77865,2,0,EURCHF,Pepperstone MT5
2023.02.24,0.98796,0.99249,0.98778,0.99223,86447,2,0,EURCHF,Pepperstone MT5
2023.02.27,0.99123,0.99469,0.99075,0.99279,70737,2,0,EURCHF,Pepperstone MT5
2023.02.28,0.99186,0.99655,0.99150,0.99631,75693,2,0,EURCHF,Pepperstone MT5
2023.03.01,0.99578,1.00264,0.99516,1.00254,84186,2,0,EURCHF,Pepperstone MT5
2023.03.02,1.00119,1.00417,0.99738,0.99863,74546,2,0,EURCHF,Pepperstone MT5
2023.03.03,0.99725,0.99879,0.99467,0.99550,70207,2,0,EURCHF,Pepperstone MT5
2023.03.06,0.99432,0.99665,0.99234,0.99429,68170,2,0,EURCHF,Pepperstone MT5
2023.03.07,0.99275,0.99651,0.99252,0.99382,81534,2,0,EURCHF,Pepperstone MT5
2023.03.08,0.99217,0.99439,0.99091,0.99264,64303,2,0,EURCHF,Pepperstone MT5
2023.03.09,0.99226,0.99273,0.98649,0.98675,56483,2,0,EURCHF,Pepperstone MT5
2023.03.10,0.98574,0.98777,0.97950,0.98017,113926,2,0,EURCHF,Pepperstone MT5
2023.03.13,0.98123,0.98344,0.97137,0.97850,159288,2,0,EURCHF,Pepperstone MT5
2023.03.14,0.97709,0.98230,0.97472,0.98115,117959,0,0,EURCHF,Pepperstone MT5
2023.03.15,0.97962,0.98745,0.97062,0.98716,155910,2,0,EURCHF,Pepperstone MT5
2023.03.16,0.98664,0.98816,0.97992,0.98632,148541,2,0,EURCHF,Pepperstone MT5
2023.03.17,0.98561,0.99121,0.98393,0.98763,115663,2,0,EURCHF,Pepperstone MT5
2023.03.20,0.98850,0.99656,0.98581,0.99649,111974,2,0,EURCHF,Pepperstone MT5
2023.03.21,0.99424,0.99775,0.99258,0.99330,104427,2,0,EURCHF,Pepperstone MT5
2023.03.22,0.99244,0.99842,0.99227,0.99585,92047,2,0,EURCHF,Pepperstone MT5
2023.03.23,0.99571,0.99973,0.99197,0.99282,88165,2,0,EURCHF,Pepperstone MT5
2023.03.24,0.99156,0.99396,0.98488,0.98967,107886,2,0,EURCHF,Pepperstone MT5
2023.03.27,0.98911,0.99085,0.98591,0.98863,70489,2,0,EURCHF,Pepperstone MT5
2023.03.28,0.98811,0.99850,0.98799,0.99733,66851,2,0,EURCHF,Pepperstone MT5
2023.03.29,0.99666,0.99858,0.99465,0.99587,65728,2,0,EURCHF,Pepperstone MT5
2023.03.30,0.99563,0.99800,0.99328,0.99606,67107,0,0,EURCHF,Pepperstone MT5
2023.03.31,0.99541,0.99901,0.99068,0.99227,69497,2,0,EURCHF,Pepperstone MT5
2023.04.03,0.99272,0.99624,0.99039,0.99488,69949,2,0,EURCHF,Pepperstone MT5
2023.04.04,0.99435,0.99710,0.99133,0.99273,72090,2,0,EURCHF,Pepperstone MT5
2023.04.05,0.99180,0.99320,0.98692,0.98884,64951,2,0,EURCHF,Pepperstone MT5
2023.04.06,0.98769,0.98897,0.98509,0.98791,55181,2,0,EURCHF,Pepperstone MT5
2023.04.07,0.98774,0.98910,0.98515,0.98586,39955,2,0,EURCHF,Pepperstone MT5
2023.04.10,0.98573,0.98880,0.98573,0.98768,57929,2,0,EURCHF,Pepperstone MT5
2023.04.11,0.98655,0.98908,0.98494,0.98574,56258,2,0,EURCHF,Pepperstone MT5
2023.04.12,0.98538,0.98704,0.98318,0.98512,60338,2,0,EURCHF,Pepperstone MT5
2023.04.13,0.98404,0.98588,0.97996,0.98266,63429,2,0,EURCHF,Pepperstone MT5
2023.04.14,0.98172,0.98451,0.98106,0.98286,62299,2,0,EURCHF,Pepperstone MT5
2023.04.17,0.98278,0.98339,0.98037,0.98201,59801,2,0,EURCHF,Pepperstone MT5
2023.04.18,0.98060,0.98444,0.98060,0.98340,58525,2,0,EURCHF,Pepperstone MT5
2023.04.19,0.98300,0.98480,0.98249,0.98323,61646,2,0,EURCHF,Pepperstone MT5
2023.04.20,0.98318,0.98385,0.97885,0.97894,58810,2,0,EURCHF,Pepperstone MT5
2023.04.21,0.97784,0.98081,0.97783,0.98040,59488,2,0,EURCHF,Pepperstone MT5
2023.04.24,0.98072,0.98101,0.97793,0.98050,55122,2,0,EURCHF,Pepperstone MT5
2023.04.25,0.98041,0.98154,0.97766,0.97883,65840,2,0,EURCHF,Pepperstone MT5
2023.04.26,0.97712,0.98452,0.97701,0.98390,75015,2,0,EURCHF,Pepperstone MT5
2023.04.27,0.98367,0.98801,0.98253,0.98633,73537,2,0,EURCHF,Pepperstone MT5
2023.04.28,0.98562,0.98631,0.98152,0.98551,87281,2,0,EURCHF,Pepperstone MT5
2023.05.01,0.98362,0.98557,0.98227,0.98305,55613,2,0,EURCHF,Pepperstone MT5
2023.05.02,0.98189,0.98661,0.98150,0.98255,70437,2,0,EURCHF,Pepperstone MT5
2023.05.03,0.98157,0.98290,0.97797,0.97805,77269,2,0,EURCHF,Pepperstone MT5
2023.05.04,0.97859,0.98130,0.97446,0.97555,92319,0,0,EURCHF,Pepperstone MT5
2023.05.05,0.97419,0.98494,0.97410,0.98120,67473,2,0,EURCHF,Pepperstone MT5
2023.05.08,0.98040,0.98219,0.97859,0.97875,49195,2,0,EURCHF,Pepperstone MT5
2023.05.09,0.97828,0.98005,0.97589,0.97603,54691,2,0,EURCHF,Pepperstone MT5
2023.05.10,0.97591,0.97764,0.97432,0.97709,67268,2,0,EURCHF,Pepperstone MT5
2023.05.11,0.97555,0.97822,0.97465,0.97610,67966,2,0,EURCHF,Pepperstone MT5
2023.05.12,0.97547,0.97615,0.97242,0.97455,59118,2,0,EURCHF,Pepperstone MT5
2023.05.15,0.97350,0.97540,0.97264,0.97396,57343,2,0,EURCHF,Pepperstone MT5
2023.05.16,0.97305,0.97431,0.97193,0.97366,57626,2,0,EURCHF,Pepperstone MT5
2023.05.17,0.97288,0.97625,0.97265,0.97390,55203,2,0,EURCHF,Pepperstone MT5
2023.05.18,0.97302,0.97595,0.97255,0.97474,53143,2,0,EURCHF,Pepperstone MT5
2023.05.19,0.97410,0.97513,0.97131,0.97166,61177,2,0,EURCHF,Pepperstone MT5
2023.05.22,0.97096,0.97225,0.96770,0.97067,63124,2,0,EURCHF,Pepperstone MT5
2023.05.23,0.97043,0.97211,0.96996,0.97079,59873,2,0,EURCHF,Pepperstone MT5
2023.05.24,0.97080,0.97510,0.96971,0.97290,56090,2,0,EURCHF,Pepperstone MT5
2023.05.25,0.97232,0.97328,0.97014,0.97131,57828,2,0,EURCHF,Pepperstone MT5
2023.05.26,0.97087,0.97171,0.96877,0.97057,59406,2,0,EURCHF,Pepperstone MT5
2023.05.29,0.96977,0.97174,0.96753,0.96854,36974,2,0,EURCHF,Pepperstone MT5
2023.05.30,0.96712,0.97242,0.96712,0.97234,58513,2,0,EURCHF,Pepperstone MT5
2023.05.31,0.97213,0.97517,0.97092,0.97335,62590,2,0,EURCHF,Pepperstone MT5
2023.06.01,0.97316,0.97620,0.97122,0.97455,60310,2,0,EURCHF,Pepperstone MT5
2023.06.02,0.97487,0.97607,0.97282,0.97308,57666,2,0,EURCHF,Pepperstone MT5
2023.06.05,0.97230,0.97515,0.96961,0.97068,63893,2,0,EURCHF,Pepperstone MT5
2023.06.06,0.96942,0.97144,0.96884,0.97044,54053,2,0,EURCHF,Pepperstone MT5
2023.06.07,0.97023,0.97396,0.96903,0.97374,52712,2,0,EURCHF,Pepperstone MT5
2023.06.08,0.97313,0.97614,0.96887,0.96943,62291,2,0,EURCHF,Pepperstone MT5
2023.06.09,0.96819,0.97182,0.96801,0.97048,59703,2,0,EURCHF,Pepperstone MT5
2023.06.12,0.96956,0.97874,0.96935,0.97769,52601,2,0,EURCHF,Pepperstone MT5
2023.06.13,0.97673,0.97950,0.97536,0.97687,67669,2,0,EURCHF,Pepperstone MT5
2023.06.14,0.97659,0.97692,0.97300,0.97592,56129,2,0,EURCHF,Pepperstone MT5
2023.06.15,0.97397,0.97895,0.97397,0.97602,57193,2,0,EURCHF,Pepperstone MT5
2023.06.16,0.97617,0.97842,0.97467,0.97793,57929,2,0,EURCHF,Pepperstone MT5
2023.06.19,0.97731,0.98003,0.97590,0.97813,48260,2,0,EURCHF,Pepperstone MT5
2023.06.20,0.97767,0.98142,0.97767,0.98009,64265,2,0,EURCHF,Pepperstone MT5
2023.06.21,0.97899,0.98209,0.97899,0.98117,59935,2,0,EURCHF,Pepperstone MT5
2023.06.22,0.98110,0.98421,0.97894,0.98033,66660,2,0,EURCHF,Pepperstone MT5
2023.06.23,0.97963,0.98150,0.97498,0.97684,75299,2,0,EURCHF,Pepperstone MT5
2023.06.26,0.97763,0.97763,0.97230,0.97676,55660,2,0,EURCHF,Pepperstone MT5
2023.06.27,0.97472,0.98223,0.97472,0.97953,57605,2,0,EURCHF,Pepperstone MT5
2023.06.28,0.97929,0.98230,0.97794,0.97880,62328,2,0,EURCHF,Pepperstone MT5
2023.06.29,0.97881,0.98061,0.97661,0.97722,56948,2,0,EURCHF,Pepperstone MT5
2023.06.30,0.97633,0.97897,0.97558,0.97645,62119,2,0,EURCHF,Pepperstone MT5
2023.07.03,0.97529,0.98047,0.97527,0.97793,51523,2,0,EURCHF,Pepperstone MT5
2023.07.04,0.97727,0.97874,0.97523,0.97604,40113,2,0,EURCHF,Pepperstone MT5
2023.07.05,0.97565,0.97898,0.97523,0.97554,50058,2,0,EURCHF,Pepperstone MT5
2023.07.06,0.97539,0.97664,0.97380,0.97513,62879,2,0,EURCHF,Pepperstone MT5
2023.07.07,0.97434,0.97598,0.97364,0.97502,58769,2,0,EURCHF,Pepperstone MT5
2023.07.10,0.97350,0.97620,0.97308,0.97394,46881,2,0,EURCHF,Pepperstone MT5
2023.07.11,0.97392,0.97454,0.96766,0.96819,47140,2,0,EURCHF,Pepperstone MT5
2023.07.12,0.96803,0.96946,0.96285,0.96577,61558,2,0,EURCHF,Pepperstone MT5
2023.07.13,0.96429,0.96567,0.96079,0.96408,57008,2,0,EURCHF,Pepperstone MT5
2023.07.14,0.96304,0.96868,0.96206,0.96774,61438,2,0,EURCHF,Pepperstone MT5
2023.07.17,0.96713,0.96828,0.96430,0.96675,45284,2,0,EURCHF,Pepperstone MT5
2023.07.18,0.96637,0.96723,0.96256,0.96286,60765,2,0,EURCHF,Pepperstone MT5
2023.07.19,0.96263,0.96500,0.96148,0.96163,57581,2,0,EURCHF,Pepperstone MT5
2023.07.20,0.96172,0.96601,0.96032,0.96450,60510,2,0,EURCHF,Pepperstone MT5
2023.07.21,0.96476,0.96508,0.96185,0.96329,50426,2,0,EURCHF,Pepperstone MT5
2023.07.24,0.96161,0.96467,0.95880,0.96217,57950,2,0,EURCHF,Pepperstone MT5
2023.07.25,0.96184,0.96308,0.95469,0.95498,53238,2,0,EURCHF,Pepperstone MT5
2023.07.26,0.95414,0.95617,0.95359,0.95427,62075,2,0,EURCHF,Pepperstone MT5
2023.07.27,0.95460,0.95565,0.95222,0.95416,82174,2,0,EURCHF,Pepperstone MT5
2023.07.28,0.95281,0.95929,0.95247,0.95909,92278,2,0,EURCHF,Pepperstone MT5
2023.07.31,0.95719,0.96230,0.95552,0.95869,67515,2,0,EURCHF,Pepperstone MT5
2023.08.01,0.95701,0.96242,0.95689,0.96112,60998,2,0,EURCHF,Pepperstone MT5
2023.08.02,0.96131,0.96496,0.95861,0.95976,81406,2,0,EURCHF,Pepperstone MT5
2023.08.03,0.95964,0.96127,0.95601,0.95708,79247,2,0,EURCHF,Pepperstone MT5
2023.08.04,0.95681,0.96234,0.95681,0.96086,66094,2,0,EURCHF,Pepperstone MT5
2023.08.07,0.95931,0.96279,0.95931,0.96041,49804,2,0,EURCHF,Pepperstone MT5
2023.08.08,0.96007,0.96091,0.95850,0.95936,71421,2,0,EURCHF,Pepperstone MT5
2023.08.09,0.95890,0.96324,0.95849,0.96256,59636,2,0,EURCHF,Pepperstone MT5
2023.08.10,0.96119,0.96374,0.96119,0.96282,64270,2,0,EURCHF,Pepperstone MT5
2023.08.11,0.96142,0.96486,0.95917,0.95955,59210,2,0,EURCHF,Pepperstone MT5
2023.08.14,0.95896,0.96133,0.95755,0.95777,55765,2,0,EURCHF,Pepperstone MT5
2023.08.15,0.95781,0.95960,0.95667,0.95794,69942,2,0,EURCHF,Pepperstone MT5
2023.08.16,0.95710,0.96113,0.95666,0.95729,62563,2,0,EURCHF,Pepperstone MT5
2023.08.17,0.95773,0.95773,0.95474,0.95504,63247,2,0,EURCHF,Pepperstone MT5
2023.08.18,0.95337,0.95979,0.95259,0.95962,57632,2,0,EURCHF,Pepperstone MT5
2023.08.21,0.95831,0.96016,0.95686,0.95717,55852,2,0,EURCHF,Pepperstone MT5
2023.08.22,0.95712,0.95919,0.95371,0.95496,58663,2,0,EURCHF,Pepperstone MT5
2023.08.23,0.95421,0.95558,0.95154,0.95365,68450,2,0,EURCHF,Pepperstone MT5
2023.08.24,0.95288,0.95669,0.95220,0.95606,65079,2,0,EURCHF,Pepperstone MT5
2023.08.25,0.95427,0.95694,0.95427,0.95475,61842,2,0,EURCHF,Pepperstone MT5
2023.08.28,0.95481,0.95635,0.95350,0.95624,48718,2,0,EURCHF,Pepperstone MT5
2023.08.29,0.95492,0.95686,0.95419,0.95563,60468,2,0,EURCHF,Pepperstone MT5
2023.08.30,0.95470,0.95977,0.95430,0.95956,68279,2,0,EURCHF,Pepperstone MT5
2023.08.31,0.95934,0.96030,0.95685,0.95785,56490,2,0,EURCHF,Pepperstone MT5
2023.09.01,0.95736,0.95821,0.95417,0.95425,54178,2,0,EURCHF,Pepperstone MT5
2023.09.04,0.95419,0.95563,0.95358,0.95475,33449,2,0,EURCHF,Pepperstone MT5
2023.09.05,0.95403,0.95517,0.95209,0.95361,50520,2,0,EURCHF,Pepperstone MT5
2023.09.06,0.95305,0.95756,0.95245,0.95574,46567,2,0,EURCHF,Pepperstone MT5
2023.09.07,0.95568,0.95633,0.95460,0.95480,47577,2,0,EURCHF,Pepperstone MT5
2023.09.08,0.95475,0.95645,0.95349,0.95542,51031,2,0,EURCHF,Pepperstone MT5
2023.09.11,0.95522,0.95852,0.95475,0.95767,50616,2,0,EURCHF,Pepperstone MT5
2023.09.12,0.95645,0.95909,0.95444,0.95861,46943,2,0,EURCHF,Pepperstone MT5
2023.09.13,0.95699,0.95939,0.95699,0.95882,52616,2,0,EURCHF,Pepperstone MT5
2023.09.14,0.95794,0.95979,0.95299,0.95331,58476,2,0,EURCHF,Pepperstone MT5
2023.09.15,0.95286,0.95723,0.95274,0.95683,48156,2,0,EURCHF,Pepperstone MT5
2023.09.18,0.95449,0.95923,0.95443,0.95907,34244,2,0,EURCHF,Pepperstone MT5
2023.09.19,0.95774,0.95987,0.95694,0.95868,41013,2,0,EURCHF,Pepperstone MT5
2023.09.20,0.95828,0.96048,0.95793,0.95797,48210,2,0,EURCHF,Pepperstone MT5
2023.09.21,0.95749,0.96772,0.95629,0.96430,69306,2,0,EURCHF,Pepperstone MT5
2023.09.22,0.96328,0.96663,0.96237,0.96543,46516,2,0,EURCHF,Pepperstone MT5
2023.09.25,0.96467,0.96857,0.96444,0.96601,47243,2,0,EURCHF,Pepperstone MT5
2023.09.26,0.96571,0.96818,0.96533,0.96809,45907,2,0,EURCHF,Pepperstone MT5
2023.09.27,0.96614,0.96938,0.96576,0.96752,53909,2,0,EURCHF,Pepperstone MT5
2023.09.28,0.96706,0.96858,0.96587,0.96665,56481,2,0,EURCHF,Pepperstone MT5
2023.09.29,0.96672,0.96932,0.96449,0.96761,58370,2,0,EURCHF,Pepperstone MT5
2023.10.02,0.96620,0.96831,0.96151,0.96215,51663,2,0,EURCHF,Pepperstone MT5
2023.10.03,0.96172,0.96756,0.96135,0.96395,60482,2,0,EURCHF,Pepperstone MT5
2023.10.04,0.96405,0.96537,0.96183,0.96336,61581,2,0,EURCHF,Pepperstone MT5
2023.10.05,0.96289,0.96475,0.96129,0.96251,59157,2,0,EURCHF,Pepperstone MT5
2023.10.06,0.96230,0.96379,0.96069,0.96306,63158,2,0,EURCHF,Pepperstone MT5
2023.10.09,0.95924,0.96090,0.95588,0.95792,54279,2,0,EURCHF,Pepperstone MT5
2023.10.10,0.95637,0.96143,0.95601,0.95939,61640,2,0,EURCHF,Pepperstone MT5
2023.10.11,0.95938,0.96013,0.95632,0.95775,56476,2,0,EURCHF,Pepperstone MT5
2023.10.12,0.95647,0.95774,0.95444,0.95635,52295,2,0,EURCHF,Pepperstone MT5
2023.10.13,0.95631,0.95725,0.94568,0.94822,53756,2,0,EURCHF,Pepperstone MT5
2023.10.16,0.94678,0.95228,0.94670,0.95047,46300,2,0,EURCHF,Pepperstone MT5
2023.10.17,0.94981,0.95339,0.94964,0.95208,47229,2,0,EURCHF,Pepperstone MT5
2023.10.18,0.95110,0.95233,0.94493,0.94724,57939,2,0,EURCHF,Pepperstone MT5
2023.10.19,0.94608,0.94847,0.94274,0.94331,60962,2,0,EURCHF,Pepperstone MT5
2023.10.20,0.94273,0.94561,0.94172,0.94542,54894,2,0,EURCHF,Pepperstone MT5
2023.10.23,0.94292,0.95123,0.94292,0.95066,50101,2,0,EURCHF,Pepperstone MT5
2023.10.24,0.95031,0.95155,0.94569,0.94575,47828,2,0,EURCHF,Pepperstone MT5
2023.10.25,0.94602,0.94893,0.94553,0.94758,47085,2,0,EURCHF,Pepperstone MT5
2023.10.26,0.94649,0.94997,0.94592,0.94950,56589,2,0,EURCHF,Pepperstone MT5
2023.10.27,0.94763,0.95651,0.94734,0.95308,62252,2,0,EURCHF,Pepperstone MT5
2023.10.30,0.95209,0.95842,0.95188,0.95738,50393,2,0,EURCHF,Pepperstone MT5
2023.10.31,0.95701,0.96287,0.95565,0.96268,56888,2,0,EURCHF,Pepperstone MT5
2023.11.01,0.95995,0.96281,0.95635,0.95955,65166,2,0,EURCHF,Pepperstone MT5
2023.11.02,0.95814,0.96310,0.95657,0.96226,56534,2,0,EURCHF,Pepperstone MT5
2023.11.03,0.96175,0.96497,0.96149,0.96486,60037,2,0,EURCHF,Pepperstone MT5
2023.11.06,0.96406,0.96530,0.96257,0.96386,45798,2,0,EURCHF,Pepperstone MT5
2023.11.07,0.96334,0.96476,0.96096,0.96310,50939,2,0,EURCHF,Pepperstone MT5
2023.11.08,0.96243,0.96343,0.95967,0.96304,49473,2,0,EURCHF,Pepperstone MT5
2023.11.09,0.96106,0.96487,0.96092,0.96321,60327,2,0,EURCHF,Pepperstone MT5
2023.11.10,0.96305,0.96447,0.96191,0.96425,46546,2,0,EURCHF,Pepperstone MT5
2023.11.13,0.96436,0.96603,0.96346,0.96456,41913,2,0,EURCHF,Pepperstone MT5
2023.11.14,0.96462,0.96809,0.96416,0.96717,52996,2,0,EURCHF,Pepperstone MT5
2023.11.15,0.96620,0.96751,0.96235,0.96320,53115,2,0,EURCHF,Pepperstone MT5
2023.11.16,0.96285,0.96557,0.96227,0.96438,49506,2,0,EURCHF,Pepperstone MT5
2023.11.17,0.96417,0.96659,0.96228,0.96648,53446,2,0,EURCHF,Pepperstone MT5
2023.11.20,0.96520,0.96838,0.96486,0.96822,47328,2,0,EURCHF,Pepperstone MT5
2023.11.21,0.96785,0.96848,0.96403,0.96405,46019,2,0,EURCHF,Pepperstone MT5
2023.11.22,0.96398,0.96485,0.96187,0.96233,50226,2,0,EURCHF,Pepperstone MT5
2023.11.23,0.96181,0.96489,0.96171,0.96412,36724,2,0,EURCHF,Pepperstone MT5
2023.11.24,0.96364,0.96554,0.96234,0.96399,54269,2,0,EURCHF,Pepperstone MT5
2023.11.27,0.96428,0.96591,0.96223,0.96427,53892,2,0,EURCHF,Pepperstone MT5
2023.11.28,0.96408,0.96557,0.96304,0.96530,64621,2,0,EURCHF,Pepperstone MT5
2023.11.29,0.96470,0.96530,0.95848,0.95850,68351,2,0,EURCHF,Pepperstone MT5
2023.11.30,0.95880,0.95900,0.94712,0.95291,80673,2,0,EURCHF,Pepperstone MT5
2023.12.01,0.95162,0.95451,0.94498,0.94586,76884,2,0,EURCHF,Pepperstone MT5
2023.12.04,0.94544,0.95057,0.94377,0.94570,75235,2,0,EURCHF,Pepperstone MT5
2023.12.05,0.94510,0.94694,0.94379,0.94473,64001,2,0,EURCHF,Pepperstone MT5
2023.12.06,0.94424,0.94472,0.94149,0.94156,60494,2,0,EURCHF,Pepperstone MT5
2023.12.07,0.94160,0.94622,0.94033,0.94460,71059,2,0,EURCHF,Pepperstone MT5
2023.12.08,0.94420,0.94760,0.94284,0.94718,82410,2,0,EURCHF,Pepperstone MT5
2023.12.11,0.94717,0.94875,0.94452,0.94552,56190,2,0,EURCHF,Pepperstone MT5
2023.12.12,0.94519,0.94798,0.94344,0.94484,59323,2,0,EURCHF,Pepperstone MT5
2023.12.13,0.94459,0.94918,0.94357,0.94787,83253,2,0,EURCHF,Pepperstone MT5
2023.12.14,0.94740,0.95451,0.94541,0.95365,106859,2,0,EURCHF,Pepperstone MT5
2023.12.15,0.95300,0.95417,0.94552,0.94808,84070,2,0,EURCHF,Pepperstone MT5
2023.12.18,0.94783,0.94991,0.94588,0.94718,59517,2,0,EURCHF,Pepperstone MT5
2023.12.19,0.94724,0.94888,0.94388,0.94536,65936,2,0,EURCHF,Pepperstone MT5
2023.12.20,0.94399,0.94621,0.94258,0.94400,60035,2,0,EURCHF,Pepperstone MT5
2023.12.21,0.94400,0.94501,0.94108,0.94273,70848,2,0,EURCHF,Pepperstone MT5
2023.12.22,0.94227,0.94330,0.93973,0.94211,65817,2,0,EURCHF,Pepperstone MT5
2023.12.26,0.94113,0.94479,0.94111,0.94263,46427,2,0,EURCHF,Pepperstone MT5
2023.12.27,0.94205,0.94442,0.93521,0.93625,55450,2,0,EURCHF,Pepperstone MT5
2023.12.28,0.93593,0.93650,0.92580,0.93452,73311,2,0,EURCHF,Pepperstone MT5
2023.12.29,0.93393,0.93461,0.92537,0.92827,84421,2,0,EURCHF,Pepperstone MT5
2024.01.02,0.92754,0.93393,0.92629,0.93025,72759,2,0,EURCHF,Pepperstone MT5
2024.01.03,0.92877,0.93403,0.92725,0.92732,82381,2,0,EURCHF,Pepperstone MT5
2024.01.04,0.92707,0.93309,0.92697,0.93061,75515,2,0,EURCHF,Pepperstone MT5
2024.01.05,0.93070,0.93312,0.92874,0.93052,83090,2,0,EURCHF,Pepperstone MT5
2024.01.08,0.92917,0.93181,0.92826,0.92860,62608,2,0,EURCHF,Pepperstone MT5
2024.01.09,0.92788,0.93210,0.92783,0.93169,63285,2,0,EURCHF,Pepperstone MT5
2024.01.10,0.93157,0.93433,0.93083,0.93356,53734,2,0,EURCHF,Pepperstone MT5
2024.01.11,0.93325,0.93741,0.93198,0.93483,73946,2,0,EURCHF,Pepperstone MT5
2024.01.12,0.93416,0.93646,0.93244,0.93365,74121,2,0,EURCHF,Pepperstone MT5
2024.01.15,0.93205,0.93748,0.93176,0.93702,40939,2,0,EURCHF,Pepperstone MT5
2024.01.16,0.93693,0.93886,0.93504,0.93693,73973,2,0,EURCHF,Pepperstone MT5
2024.01.17,0.93619,0.94218,0.93583,0.94054,73935,2,0,EURCHF,Pepperstone MT5
2024.01.18,0.94051,0.94442,0.94022,0.94402,78731,2,0,EURCHF,Pepperstone MT5
2024.01.19,0.94383,0.94709,0.94316,0.94595,63696,2,0,EURCHF,Pepperstone MT5
2024.01.22,0.94508,0.94730,0.94467,0.94572,67689,2,0,EURCHF,Pepperstone MT5
2024.01.23,0.94549,0.94612,0.94362,0.94448,66112,2,0,EURCHF,Pepperstone MT5
2024.01.24,0.94348,0.94478,0.93897,0.93913,75137,2,0,EURCHF,Pepperstone MT5
2024.01.25,0.93893,0.94268,0.93859,0.94042,77132,2,0,EURCHF,Pepperstone MT5
2024.01.26,0.93955,0.94059,0.93628,0.93762,68519,2,0,EURCHF,Pepperstone MT5
2024.01.29,0.93793,0.93793,0.93213,0.93305,65764,2,0,EURCHF,Pepperstone MT5
2024.01.30,0.93272,0.93651,0.93146,0.93460,67367,2,0,EURCHF,Pepperstone MT5
2024.01.31,0.93407,0.93614,0.93052,0.93173,103657,2,0,EURCHF,Pepperstone MT5
2024.02.01,0.93111,0.93401,0.93072,0.93251,78172,2,0,EURCHF,Pepperstone MT5
2024.02.02,0.93127,0.93611,0.93088,0.93514,76783,2,0,EURCHF,Pepperstone MT5
2024.02.05,0.93360,0.93633,0.93314,0.93525,68543,2,0,EURCHF,Pepperstone MT5
2024.02.06,0.93486,0.93817,0.93462,0.93530,64959,2,0,EURCHF,Pepperstone MT5
2024.02.07,0.93506,0.94240,0.93487,0.94225,67632,2,0,EURCHF,Pepperstone MT5
2024.02.08,0.94135,0.94233,0.93964,0.94167,57714,2,0,EURCHF,Pepperstone MT5
2024.02.09,0.93917,0.94401,0.93917,0.94315,54339,2,0,EURCHF,Pepperstone MT5
2024.02.12,0.94237,0.94426,0.94143,0.94332,51948,2,0,EURCHF,Pepperstone MT5
2024.02.13,0.94266,0.95117,0.94236,0.94998,76953,2,0,EURCHF,Pepperstone MT5
2024.02.14,0.94951,0.95104,0.94908,0.95016,66342,2,0,EURCHF,Pepperstone MT5
2024.02.15,0.95012,0.95057,0.94681,0.94788,64745,2,0,EURCHF,Pepperstone MT5
2024.02.16,0.94689,0.94975,0.94681,0.94927,59834,2,0,EURCHF,Pepperstone MT5
2024.02.19,0.94815,0.95141,0.94754,0.95106,40882,2,0,EURCHF,Pepperstone MT5
2024.02.20,0.95089,0.95331,0.95045,0.95315,55066,2,0,EURCHF,Pepperstone MT5
2024.02.21,0.95250,0.95347,0.95005,0.95164,45991,2,0,EURCHF,Pepperstone MT5
2024.02.22,0.95088,0.95396,0.94966,0.95265,54865,2,0,EURCHF,Pepperstone MT5
2024.02.23,0.95203,0.95434,0.95158,0.95357,40327,2,0,EURCHF,Pepperstone MT5
2024.02.26,0.95297,0.95564,0.95206,0.95489,38796,2,0,EURCHF,Pepperstone MT5
2024.02.27,0.95458,0.95574,0.95264,0.95274,46286,2,0,EURCHF,Pepperstone MT5
2024.02.28,0.95335,0.95382,0.95117,0.95243,44300,2,0,EURCHF,Pepperstone MT5
2024.02.29,0.95209,0.95592,0.95148,0.95580,61150,2,0,EURCHF,Pepperstone MT5
2024.03.01,0.95459,0.96045,0.95455,0.95721,58382,2,0,EURCHF,Pepperstone MT5
2024.03.04,0.95699,0.96216,0.95551,0.96061,40915,2,0,EURCHF,Pepperstone MT5
2024.03.05,0.95977,0.96176,0.95847,0.95899,48304,2,0,EURCHF,Pepperstone MT5
2024.03.06,0.95837,0.96318,0.95795,0.96126,48530,2,0,EURCHF,Pepperstone MT5
2024.03.07,0.96066,0.96193,0.95584,0.96086,56104,2,0,EURCHF,Pepperstone MT5
2024.03.08,0.96028,0.96084,0.95749,0.95975,53408,2,0,EURCHF,Pepperstone MT5
2024.03.11,0.95809,0.96040,0.95754,0.95860,45512,2,0,EURCHF,Pepperstone MT5
2024.03.12,0.95864,0.95973,0.95702,0.95849,50704,2,0,EURCHF,Pepperstone MT5
2024.03.13,0.95816,0.96224,0.95806,0.96211,39570,2,0,EURCHF,Pepperstone MT5
2024.03.14,0.96145,0.96284,0.96081,0.96183,45811,2,0,EURCHF,Pepperstone MT5
2024.03.15,0.96098,0.96302,0.96054,0.96200,46946,2,0,EURCHF,Pepperstone MT5
2024.03.18,0.96118,0.96571,0.96080,0.96523,36695,2,0,EURCHF,Pepperstone MT5
2024.03.19,0.96497,0.96641,0.96203,0.96492,48242,2,0,EURCHF,Pepperstone MT5
2024.03.20,0.96400,0.96887,0.96377,0.96852,48045,2,0,EURCHF,Pepperstone MT5
2024.03.21,0.96737,0.97876,0.96662,0.97465,72718,2,0,EURCHF,Pepperstone MT5
2024.03.22,0.97400,0.97569,0.96909,0.96971,48641,2,0,EURCHF,Pepperstone MT5
2024.03.25,0.96915,0.97476,0.96899,0.97469,39692,2,0,EURCHF,Pepperstone MT5
2024.03.26,0.97396,0.98135,0.97316,0.97907,56899,2,0,EURCHF,Pepperstone MT5
2024.03.27,0.97849,0.98200,0.97791,0.97855,52835,2,0,EURCHF,Pepperstone MT5
2024.03.28,0.97801,0.98002,0.97229,0.97266,71035,2,0,EURCHF,Pepperstone MT5
2024.03.29,0.97180,0.97371,0.97064,0.97303,87279,2,0,EURCHF,Pepperstone MT5
2024.04.01,0.97213,0.97367,0.97135,0.97141,49798,2,0,EURCHF,Pepperstone MT5
2024.04.02,0.97127,0.97787,0.97069,0.97781,58740,2,0,EURCHF,Pepperstone MT5
2024.04.03,0.97704,0.98056,0.97672,0.97831,61861,2,0,EURCHF,Pepperstone MT5
2024.04.04,0.97754,0.98485,0.97613,0.97673,53571,2,0,EURCHF,Pepperstone MT5
2024.04.05,0.97532,0.98047,0.97456,0.97771,59636,2,0,EURCHF,Pepperstone MT5
2024.04.08,0.97557,0.98346,0.97536,0.98313,75646,2,0,EURCHF,Pepperstone MT5
2024.04.09,0.98248,0.98353,0.98036,0.98093,54016,2,0,EURCHF,Pepperstone MT5
2024.04.10,0.97972,0.98207,0.97918,0.98058,67203,2,0,EURCHF,Pepperstone MT5
2024.04.11,0.97991,0.98207,0.97474,0.97599,64829,2,0,EURCHF,Pepperstone MT5
2024.04.12,0.97428,0.97635,0.96776,0.97299,64395,2,0,EURCHF,Pepperstone MT5
2024.04.15,0.96843,0.97404,0.96825,0.96837,66949,2,0,EURCHF,Pepperstone MT5
2024.04.16,0.96829,0.97225,0.96801,0.96946,78206,2,0,EURCHF,Pepperstone MT5
2024.04.17,0.96926,0.97209,0.96761,0.97199,79010,2,0,EURCHF,Pepperstone MT5
2024.04.18,0.97147,0.97229,0.96936,0.97103,50071,2,0,EURCHF,Pepperstone MT5
2024.04.19,0.97016,0.97156,0.95655,0.96996,88298,2,0,EURCHF,Pepperstone MT5
2024.04.22,0.96910,0.97264,0.96864,0.97162,79803,4,0,EURCHF,Pepperstone MT5
2024.04.23,0.97099,0.97609,0.97051,0.97590,88632,4,0,EURCHF,Pepperstone MT5
2024.04.24,0.97555,0.97921,0.97479,0.97911,85589,4,0,EURCHF,Pepperstone MT5
2024.04.25,0.97724,0.97992,0.97707,0.97875,67960,4,0,EURCHF,Pepperstone MT5
2024.04.26,0.97826,0.97979,0.97623,0.97788,69251,4,0,EURCHF,Pepperstone MT5
2024.04.29,0.97603,0.98030,0.97494,0.97608,141293,50,0,EURCHF,Pepperstone MT5
2024.04.30,0.97595,0.98165,0.97518,0.98063,73951,4,0,EURCHF,Pepperstone MT5
2024.05.01,0.97999,0.98367,0.97890,0.98115,67262,4,0,EURCHF,Pepperstone MT5
2024.05.02,0.97991,0.98262,0.97453,0.97666,73807,4,0,EURCHF,Pepperstone MT5
2024.05.03,0.97588,0.97667,0.97273,0.97398,71308,4,0,EURCHF,Pepperstone MT5
2024.05.06,0.97332,0.97650,0.97266,0.97604,46104,4,0,EURCHF,Pepperstone MT5
2024.05.07,0.97498,0.97790,0.97451,0.97697,45311,4,0,EURCHF,Pepperstone MT5
2024.05.08,0.97672,0.97714,0.97526,0.97599,37660,4,0,EURCHF,Pepperstone MT5
2024.05.09,0.97530,0.97742,0.97498,0.97672,41830,4,0,EURCHF,Pepperstone MT5
2024.05.10,0.97574,0.97795,0.97570,0.97619,40033,4,0,EURCHF,Pepperstone MT5
2024.05.13,0.97489,0.98027,0.97432,0.98001,46378,4,0,EURCHF,Pepperstone MT5
2024.05.14,0.97963,0.98129,0.97856,0.98077,41498,4,0,EURCHF,Pepperstone MT5
2024.05.15,0.98038,0.98250,0.97887,0.98190,51365,4,0,EURCHF,Pepperstone MT5
2024.05.16,0.98166,0.98483,0.97860,0.98470,51107,4,0,EURCHF,Pepperstone MT5
2024.05.17,0.98431,0.98826,0.98336,0.98820,41291,4,0,EURCHF,Pepperstone MT5
2024.05.20,0.98744,0.98938,0.98613,0.98859,41580,4,0,EURCHF,Pepperstone MT5
2024.05.21,0.98823,0.98936,0.98720,0.98872,45650,4,0,EURCHF,Pepperstone MT5
2024.05.22,0.98868,0.99152,0.98818,0.99100,48436,4,0,EURCHF,Pepperstone MT5
2024.05.23,0.99065,0.99156,0.98812,0.98888,58561,4,0,EURCHF,Pepperstone MT5
2024.05.24,0.98848,0.99288,0.98806,0.99208,52400,4,0,EURCHF,Pepperstone MT5
2024.05.27,0.99032,0.99301,0.99032,0.99195,31533,4,0,EURCHF,Pepperstone MT5
2024.05.28,0.99166,0.99257,0.98828,0.99058,54554,4,0,EURCHF,Pepperstone MT5
2024.05.29,0.99024,0.99093,0.98625,0.98635,57379,4,0,EURCHF,Pepperstone MT5
2024.05.30,0.98626,0.98703,0.97815,0.97847,61032,4,0,EURCHF,Pepperstone MT5
2024.05.31,0.97824,0.98365,0.97701,0.97898,66310,4,0,EURCHF,Pepperstone MT5
2024.06.03,0.98012,0.98025,0.97420,0.97672,60568,4,0,EURCHF,Pepperstone MT5
2024.06.04,0.97626,0.97804,0.96692,0.96840,68327,4,0,EURCHF,Pepperstone MT5
2024.06.05,0.96800,0.97221,0.96746,0.97111,50373,4,0,EURCHF,Pepperstone MT5
2024.06.06,0.97047,0.97157,0.96834,0.96834,47091,4,0,EURCHF,Pepperstone MT5
2024.06.07,0.96826,0.97081,0.96772,0.96847,53985,4,0,EURCHF,Pepperstone MT5
2024.06.10,0.96501,0.96712,0.96255,0.96512,55072,4,0,EURCHF,Pepperstone MT5
2024.06.11,0.96445,0.96578,0.96153,0.96408,47065,4,0,EURCHF,Pepperstone MT5
2024.06.12,0.96373,0.96754,0.96152,0.96672,58472,4,0,EURCHF,Pepperstone MT5
2024.06.13,0.96579,0.96846,0.95951,0.95976,54462,4,0,EURCHF,Pepperstone MT5
2024.06.14,0.95959,0.96048,0.95090,0.95310,68283,4,0,EURCHF,Pepperstone MT5
2024.06.17,0.95221,0.95679,0.95153,0.95482,58480,4,0,EURCHF,Pepperstone MT5
2024.06.18,0.95446,0.95502,0.94818,0.94951,58512,4,0,EURCHF,Pepperstone MT5
2024.06.19,0.94923,0.95150,0.94780,0.95014,42101,4,0,EURCHF,Pepperstone MT5
2024.06.20,0.94949,0.95728,0.94812,0.95395,60122,4,0,EURCHF,Pepperstone MT5
2024.06.21,0.95347,0.95655,0.95065,0.95618,56859,4,0,EURCHF,Pepperstone MT5
2024.06.24,0.95368,0.95952,0.95333,0.95840,52704,4,0,EURCHF,Pepperstone MT5
2024.06.25,0.95826,0.95948,0.95638,0.95865,44887,4,0,EURCHF,Pepperstone MT5
2024.06.26,0.95829,0.96001,0.95610,0.95842,51640,4,0,EURCHF,Pepperstone MT5
2024.06.27,0.95797,0.96212,0.95754,0.96206,53786,4,0,EURCHF,Pepperstone MT5
2024.06.28,0.96138,0.96392,0.96094,0.96268,57260,4,0,EURCHF,Pepperstone MT5
2024.07.01,0.96443,0.97104,0.96283,0.96953,55408,4,0,EURCHF,Pepperstone MT5
2024.07.02,0.96930,0.97148,0.96811,0.97127,50612,4,0,EURCHF,Pepperstone MT5
2024.07.03,0.97049,0.97377,0.97025,0.97244,44164,4,0,EURCHF,Pepperstone MT5
2024.07.04,0.97150,0.97553,0.97113,0.97300,42047,4,0,EURCHF,Pepperstone MT5
2024.07.05,0.97281,0.97421,0.97033,0.97089,65641,4,0,EURCHF,Pepperstone MT5
2024.07.08,0.96692,0.97204,0.96692,0.97162,62366,4,0,EURCHF,Pepperstone MT5
2024.07.09,0.97143,0.97312,0.97005,0.97084,52777,4,0,EURCHF,Pepperstone MT5
2024.07.10,0.97051,0.97425,0.96998,0.97423,45980,4,0,EURCHF,Pepperstone MT5
2024.07.11,0.97393,0.97505,0.97083,0.97424,65185,4,0,EURCHF,Pepperstone MT5
2024.07.12,0.97286,0.97591,0.97235,0.97537,63813,4,0,EURCHF,Pepperstone MT5
2024.07.15,0.97284,0.97737,0.97255,0.97587,59351,4,0,EURCHF,Pepperstone MT5
2024.07.16,0.97540,0.97691,0.97405,0.97412,50282,4,0,EURCHF,Pepperstone MT5
2024.07.17,0.97379,0.97491,0.96562,0.96634,68493,4,0,EURCHF,Pepperstone MT5
2024.07.18,0.96596,0.96744,0.96425,0.96730,72994,4,0,EURCHF,Pepperstone MT5
2024.07.19,0.96499,0.96910,0.96498,0.96733,63115,4,0,EURCHF,Pepperstone MT5
2024.07.22,0.96581,0.96898,0.96562,0.96883,65900,4,0,EURCHF,Pepperstone MT5
2024.07.23,0.96862,0.96916,0.96678,0.96738,64412,4,0,EURCHF,Pepperstone MT5
2024.07.24,0.96717,0.96764,0.95879,0.95943,75342,4,0,EURCHF,Pepperstone MT5
2024.07.25,0.95926,0.95956,0.95209,0.95607,108959,4,0,EURCHF,Pepperstone MT5
2024.07.26,0.95537,0.95993,0.95461,0.95939,68317,4,0,EURCHF,Pepperstone MT5
2024.07.29,0.95848,0.96038,0.95661,0.95888,64450,4,0,EURCHF,Pepperstone MT5
2024.07.30,0.95859,0.96059,0.95446,0.95459,74166,4,0,EURCHF,Pepperstone MT5
2024.07.31,0.95449,0.95571,0.94956,0.95062,109180,4,0,EURCHF,Pepperstone MT5
2024.08.01,0.94968,0.95077,0.94116,0.94199,100529,4,0,EURCHF,Pepperstone MT5
2024.08.02,0.94117,0.94395,0.93536,0.93607,118753,4,0,EURCHF,Pepperstone MT5
2024.08.05,0.93663,0.93811,0.92101,0.93335,210250,4,0,EURCHF,Pepperstone MT5
2024.08.06,0.93072,0.93845,0.92856,0.93051,157955,4,0,EURCHF,Pepperstone MT5
2024.08.07,0.93007,0.94701,0.92949,0.94120,140431,4,0,EURCHF,Pepperstone MT5
2024.08.08,0.94052,0.94641,0.93549,0.94631,137268,4,0,EURCHF,Pepperstone MT5
2024.08.09,0.94499,0.94755,0.94239,0.94442,85685,4,0,EURCHF,Pepperstone MT5
2024.08.12,0.93649,0.95186,0.93649,0.94579,85113,4,0,EURCHF,Pepperstone MT5
2024.08.13,0.94524,0.95140,0.94458,0.95061,82867,4,0,EURCHF,Pepperstone MT5
2024.08.14,0.95011,0.95453,0.94916,0.95268,94761,4,0,EURCHF,Pepperstone MT5
2024.08.15,0.95235,0.95811,0.95221,0.95727,81576,4,0,EURCHF,Pepperstone MT5
2024.08.16,0.95683,0.95760,0.95259,0.95513,71422,4,0,EURCHF,Pepperstone MT5
2024.08.19,0.95491,0.95679,0.95202,0.95649,77106,4,0,EURCHF,Pepperstone MT5
2024.08.20,0.95598,0.95664,0.95040,0.95051,85970,4,0,EURCHF,Pepperstone MT5
2024.08.21,0.94909,0.95176,0.94773,0.94963,90027,4,0,EURCHF,Pepperstone MT5
2024.08.22,0.94857,0.94991,0.94567,0.94689,75873,4,0,EURCHF,Pepperstone MT5
2024.08.23,0.94537,0.94983,0.94535,0.94883,78694,4,0,EURCHF,Pepperstone MT5
2024.08.26,0.94681,0.94897,0.94519,0.94564,75576,4,0,EURCHF,Pepperstone MT5
2024.08.27,0.94269,0.94741,0.94071,0.94119,64424,4,0,EURCHF,Pepperstone MT5
2024.08.28,0.94059,0.94197,0.93526,0.93642,83397,4,0,EURCHF,Pepperstone MT5
2024.08.29,0.93621,0.93996,0.93533,0.93871,88462,4,0,EURCHF,Pepperstone MT5
2024.08.30,0.93680,0.94173,0.93680,0.93901,85419,4,0,EURCHF,Pepperstone MT5
2024.09.02,0.93766,0.94454,0.93725,0.94291,52284,4,0,EURCHF,Pepperstone MT5
2024.09.03,0.94183,0.94436,0.93753,0.93905,87832,4,0,EURCHF,Pepperstone MT5
2024.09.04,0.93761,0.94102,0.93689,0.93814,91609,4,0,EURCHF,Pepperstone MT5
2024.09.05,0.93780,0.94069,0.93714,0.93773,92016,4,0,EURCHF,Pepperstone MT5
2024.09.06,0.93700,0.93922,0.93374,0.93477,117199,4,0,EURCHF,Pepperstone MT5
2024.09.09,0.93531,0.93798,0.93338,0.93721,78333,4,0,EURCHF,Pepperstone MT5
2024.09.10,0.93639,0.93773,0.93246,0.93323,67432,4,0,EURCHF,Pepperstone MT5
2024.09.11,0.93289,0.93969,0.93068,0.93841,98328,4,0,EURCHF,Pepperstone MT5
2024.09.12,0.93784,0.94335,0.93773,0.94260,90248,4,0,EURCHF,Pepperstone MT5
2024.09.13,0.94147,0.94259,0.93697,0.94018,82618,4,0,EURCHF,Pepperstone MT5
2024.09.16,0.93854,0.94077,0.93790,0.94043,80442,4,0,EURCHF,Pepperstone MT5
2024.09.17,0.93990,0.94220,0.93828,0.94158,85031,4,0,EURCHF,Pepperstone MT5
2024.09.18,0.94022,0.94166,0.93814,0.94081,102624,4,0,EURCHF,Pepperstone MT5
2024.09.19,0.94000,0.94655,0.93956,0.94619,116358,4,0,EURCHF,Pepperstone MT5
2024.09.20,0.94538,0.95038,0.94460,0.94916,95461,4,0,EURCHF,Pepperstone MT5
2024.09.23,0.94732,0.95011,0.94097,0.94170,86898,4,0,EURCHF,Pepperstone MT5
2024.09.24,0.94115,0.94564,0.94018,0.94279,94548,4,0,EURCHF,Pepperstone MT5
2024.09.25,0.94240,0.95082,0.94176,0.94666,94757,4,0,EURCHF,Pepperstone MT5
2024.09.26,0.94658,0.94983,0.94319,0.94568,123179,4,0,EURCHF,Pepperstone MT5
2024.09.27,0.94508,0.94790,0.93769,0.93778,117955,4,0,EURCHF,Pepperstone MT5
2024.09.30,0.93815,0.94504,0.93754,0.94152,114207,4,0,EURCHF,Pepperstone MT5
2024.10.01,0.93968,0.94335,0.93331,0.93693,117617,4,0,EURCHF,Pepperstone MT5
2024.10.02,0.93509,0.94025,0.93418,0.93857,83586,4,0,EURCHF,Pepperstone MT5
2024.10.03,0.93792,0.94226,0.93678,0.94066,105373,4,0,EURCHF,Pepperstone MT5
2024.10.04,0.94016,0.94383,0.93768,0.94182,65105,4,0,EURCHF,Pepperstone MT5
2024.10.07,0.94072,0.94293,0.93659,0.93759,65862,4,0,EURCHF,Pepperstone MT5
2024.10.08,0.93734,0.94180,0.93649,0.94132,68109,4,0,EURCHF,Pepperstone MT5
2024.10.09,0.94059,0.94179,0.93894,0.94166,64518,4,0,EURCHF,Pepperstone MT5
2024.10.10,0.94066,0.94192,0.93446,0.93641,68524,4,0,EURCHF,Pepperstone MT5
2024.10.11,0.93568,0.93878,0.93507,0.93741,51399,4,0,EURCHF,Pepperstone MT5
2024.10.14,0.93665,0.94274,0.93661,0.94084,44076,4,0,EURCHF,Pepperstone MT5
2024.10.15,0.93988,0.94105,0.93815,0.93898,52395,4,0,EURCHF,Pepperstone MT5
2024.10.16,0.93839,0.94127,0.93780,0.94003,53409,4,0,EURCHF,Pepperstone MT5
2024.10.17,0.93849,0.94101,0.93532,0.93794,56109,4,0,EURCHF,Pepperstone MT5
2024.10.18,0.93734,0.94062,0.93670,0.93976,46889,4,0,EURCHF,Pepperstone MT5
2024.10.21,0.93850,0.94026,0.93613,0.93667,61363,4,0,EURCHF,Pepperstone MT5
2024.10.22,0.93604,0.93763,0.93433,0.93443,60035,4,0,EURCHF,Pepperstone MT5
2024.10.23,0.93399,0.93734,0.93360,0.93419,67562,4,0,EURCHF,Pepperstone MT5
2024.10.24,0.93350,0.93764,0.93323,0.93738,74412,4,0,EURCHF,Pepperstone MT5
2024.10.25,0.93686,0.93877,0.93504,0.93563,59415,4,0,EURCHF,Pepperstone MT5
2024.10.28,0.93615,0.93898,0.93528,0.93551,56247,4,0,EURCHF,Pepperstone MT5
2024.10.29,0.93527,0.93876,0.93488,0.93828,59151,4,0,EURCHF,Pepperstone MT5
2024.10.30,0.93769,0.94166,0.93708,0.94074,65017,4,0,EURCHF,Pepperstone MT5
2024.10.31,0.94068,0.94180,0.93803,0.93971,68863,4,0,EURCHF,Pepperstone MT5
2024.11.01,0.93965,0.94461,0.93922,0.94229,65834,4,0,EURCHF,Pepperstone MT5
2024.11.04,0.94319,0.94415,0.93947,0.93990,60842,4,0,EURCHF,Pepperstone MT5
2024.11.05,0.93917,0.94356,0.93858,0.94346,47117,4,0,EURCHF,Pepperstone MT5
2024.11.06,0.94272,0.94322,0.93553,0.94045,133963,4,0,EURCHF,Pepperstone MT5
2024.11.07,0.93951,0.94427,0.93906,0.94239,71467,4,0,EURCHF,Pepperstone MT5
2024.11.08,0.94145,0.94252,0.93669,0.93832,60223,4,0,EURCHF,Pepperstone MT5
2024.11.11,0.93701,0.94002,0.93612,0.93862,51070,4,0,EURCHF,Pepperstone MT5
2024.11.12,0.93662,0.93888,0.93467,0.93665,60461,4,0,EURCHF,Pepperstone MT5
2024.11.13,0.93550,0.93865,0.93393,0.93598,62654,4,0,EURCHF,Pepperstone MT5
2024.11.14,0.93454,0.93881,0.93404,0.93759,66191,4,0,EURCHF,Pepperstone MT5
2024.11.15,0.93626,0.93937,0.93462,0.93577,66644,4,0,EURCHF,Pepperstone MT5
2024.11.18,0.93487,0.93700,0.93450,0.93598,49443,4,0,EURCHF,Pepperstone MT5
2024.11.19,0.93535,0.93638,0.93046,0.93492,66148,4,0,EURCHF,Pepperstone MT5
2024.11.20,0.93340,0.93656,0.93050,0.93223,48280,4,0,EURCHF,Pepperstone MT5
2024.11.21,0.93166,0.93209,0.92793,0.92874,61960,4,0,EURCHF,Pepperstone MT5
2024.11.22,0.92843,0.93239,0.92047,0.93160,69886,4,0,EURCHF,Pepperstone MT5
2024.11.25,0.93185,0.93444,0.92915,0.93010,63048,4,0,EURCHF,Pepperstone MT5
2024.11.26,0.92972,0.93267,0.92699,0.92987,69717,4,0,EURCHF,Pepperstone MT5
2024.11.27,0.92914,0.93236,0.92771,0.93185,60700,4,0,EURCHF,Pepperstone MT5
2024.11.28,0.93020,0.93299,0.93005,0.93183,35520,4,0,EURCHF,Pepperstone MT5
2024.11.29,0.93110,0.93258,0.92926,0.93219,62032,4,0,EURCHF,Pepperstone MT5
2024.12.02,0.92910,0.93242,0.92888,0.93057,64216,4,0,EURCHF,Pepperstone MT5
2024.12.03,0.92923,0.93248,0.92915,0.93154,50913,4,0,EURCHF,Pepperstone MT5
2024.12.04,0.93078,0.93267,0.92911,0.92946,59389,4,0,EURCHF,Pepperstone MT5
2024.12.05,0.92895,0.93225,0.92888,0.93010,49059,4,0,EURCHF,Pepperstone MT5
2024.12.06,0.92953,0.93034,0.92589,0.92845,49785,4,0,EURCHF,Pepperstone MT5
2024.12.09,0.92722,0.93025,0.92702,0.92740,47858,4,0,EURCHF,Pepperstone MT5
2024.12.10,0.92680,0.92964,0.92558,0.92945,48108,4,0,EURCHF,Pepperstone MT5
2024.12.11,0.92869,0.93036,0.92712,0.92803,51828,4,0,EURCHF,Pepperstone MT5
2024.12.12,0.92726,0.93439,0.92726,0.93390,63012,4,0,EURCHF,Pepperstone MT5
2024.12.13,0.93299,0.93867,0.93294,0.93763,49425,4,0,EURCHF,Pepperstone MT5
2024.12.16,0.93584,0.94042,0.93510,0.94019,49465,4,0,EURCHF,Pepperstone MT5
2024.12.17,0.93939,0.94179,0.93558,0.93657,48591,4,0,EURCHF,Pepperstone MT5
2024.12.18,0.93571,0.93882,0.93227,0.93259,56623,4,0,EURCHF,Pepperstone MT5
2024.12.19,0.93272,0.93553,0.93066,0.93135,71907,4,0,EURCHF,Pepperstone MT5
2024.12.20,0.93058,0.93195,0.92863,0.93142,58103,4,0,EURCHF,Pepperstone MT5
2024.12.23,0.92959,0.93622,0.92919,0.93507,45044,4,0,EURCHF,Pepperstone MT5
2024.12.24,0.93370,0.93668,0.93355,0.93599,30840,4,0,EURCHF,Pepperstone MT5
2024.12.26,0.93499,0.93813,0.93470,0.93666,31309,4,0,EURCHF,Pepperstone MT5
2024.12.27,0.93552,0.94098,0.93552,0.94050,40587,4,0,EURCHF,Pepperstone MT5
2024.12.30,0.93862,0.94410,0.93861,0.94038,42849,4,0,EURCHF,Pepperstone MT5
2024.12.31,0.93936,0.94282,0.93787,0.94000,40214,4,0,EURCHF,Pepperstone MT5
2025.01.02,0.93814,0.94018,0.93301,0.93659,53165,4,0,EURCHF,Pepperstone MT5
2025.01.03,0.93471,0.93720,0.93464,0.93671,40597,4,0,EURCHF,Pepperstone MT5
2025.01.06,0.93718,0.94097,0.93419,0.93981,58764,4,0,EURCHF,Pepperstone MT5
2025.01.07,0.93944,0.94400,0.93837,0.94063,52312,4,0,EURCHF,Pepperstone MT5
2025.01.08,0.94017,0.94196,0.93720,0.94028,53461,4,0,EURCHF,Pepperstone MT5
2025.01.09,0.93889,0.94026,0.93832,0.93960,43550,4,0,EURCHF,Pepperstone MT5
2025.01.10,0.93915,0.94191,0.93848,0.93886,51206,4,0,EURCHF,Pepperstone MT5
2025.01.13,0.93793,0.93953,0.93372,0.93934,53434,4,0,EURCHF,Pepperstone MT5
2025.01.14,0.93835,0.94161,0.93770,0.94037,54233,4,0,EURCHF,Pepperstone MT5
2025.01.15,0.93928,0.94127,0.93830,0.93910,49518,4,0,EURCHF,Pepperstone MT5
2025.01.16,0.93858,0.93946,0.93704,0.93818,50992,4,0,EURCHF,Pepperstone MT5
2025.01.17,0.93740,0.94144,0.93665,0.93958,47614,4,0,EURCHF,Pepperstone MT5
2025.01.20,0.93864,0.94602,0.93864,0.94438,53728,4,0,EURCHF,Pepperstone MT5
2025.01.21,0.94308,0.94576,0.94122,0.94428,63559,4,0,EURCHF,Pepperstone MT5
2025.01.22,0.94427,0.94547,0.94292,0.94370,49003,4,0,EURCHF,Pepperstone MT5
2025.01.23,0.94294,0.94585,0.94251,0.94500,62836,4,0,EURCHF,Pepperstone MT5
2025.01.24,0.94440,0.95176,0.94363,0.95074,55913,4,0,EURCHF,Pepperstone MT5
2025.01.27,0.94955,0.95006,0.94272,0.94633,61519,4,0,EURCHF,Pepperstone MT5
2025.01.28,0.94460,0.94632,0.94291,0.94299,53536,4,0,EURCHF,Pepperstone MT5
2025.01.29,0.94277,0.94608,0.94228,0.94488,52423,4,0,EURCHF,Pepperstone MT5
2025.01.30,0.94442,0.94851,0.94379,0.94535,58605,4,0,EURCHF,Pepperstone MT5
2025.01.31,0.94437,0.94682,0.94274,0.94376,62261,4,0,EURCHF,Pepperstone MT5
2025.02.03,0.93691,0.94202,0.93607,0.94145,90953,4,0,EURCHF,Pepperstone MT5
2025.02.04,0.94053,0.94194,0.93762,0.93935,58641,4,0,EURCHF,Pepperstone MT5
2025.02.05,0.93849,0.94065,0.93749,0.93791,54732,4,0,EURCHF,Pepperstone MT5
2025.02.06,0.93736,0.94035,0.93671,0.93958,49207,4,0,EURCHF,Pepperstone MT5
2025.02.07,0.93897,0.94294,0.93829,0.93965,56061,4,0,EURCHF,Pepperstone MT5
2025.02.10,0.93611,0.94051,0.93574,0.93932,45218,4,0,EURCHF,Pepperstone MT5
2025.02.11,0.93815,0.94709,0.93813,0.94623,42819,4,0,EURCHF,Pepperstone MT5
2025.02.12,0.94461,0.95075,0.94419,0.94858,57611,4,0,EURCHF,Pepperstone MT5
2025.02.13,0.94734,0.95133,0.94006,0.94507,65708,4,0,EURCHF,Pepperstone MT5
2025.02.14,0.94455,0.94726,0.94252,0.94371,52098,4,0,EURCHF,Pepperstone MT5
2025.02.17,0.94385,0.94503,0.94094,0.94428,38742,4,0,EURCHF,Pepperstone MT5
2025.02.18,0.94331,0.94461,0.94151,0.94359,42109,4,0,EURCHF,Pepperstone MT5
2025.02.19,0.94309,0.94548,0.94129,0.94278,45933,4,0,EURCHF,Pepperstone MT5
2025.02.20,0.94108,0.94349,0.94083,0.94287,47979,4,0,EURCHF,Pepperstone MT5
2025.02.21,0.94235,0.94350,0.93804,0.93922,53263,4,0,EURCHF,Pepperstone MT5
2025.02.24,0.93920,0.94279,0.93809,0.93912,57000,4,0,EURCHF,Pepperstone MT5
2025.02.25,0.93864,0.93999,0.93663,0.93886,52922,4,0,EURCHF,Pepperstone MT5
2025.02.26,0.93811,0.94004,0.93702,0.93794,52112,4,0,EURCHF,Pepperstone MT5
2025.02.27,0.93716,0.94159,0.93504,0.93547,53978,4,0,EURCHF,Pepperstone MT5
2025.02.28,0.93488,0.94039,0.93325,0.93677,60769,4,0,EURCHF,Pepperstone MT5
2025.03.03,0.93818,0.94353,0.93656,0.94053,64506,4,0,EURCHF,Pepperstone MT5
2025.03.04,0.94039,0.94531,0.93457,0.94511,84901,4,0,EURCHF,Pepperstone MT5
2025.03.05,0.94418,0.96233,0.94359,0.96109,86561,4,0,EURCHF,Pepperstone MT5
2025.03.06,0.96100,0.96358,0.95149,0.95289,89845,4,0,EURCHF,Pepperstone MT5
2025.03.07,0.95268,0.95740,0.95148,0.95332,83671,4,0,EURCHF,Pepperstone MT5
2025.03.10,0.95507,0.95565,0.94908,0.95442,76439,4,0,EURCHF,Pepperstone MT5
2025.03.11,0.95344,0.96494,0.95197,0.96375,86364,4,0,EURCHF,Pepperstone MT5
2025.03.12,0.96370,0.96497,0.95994,0.95997,66907,4,0,EURCHF,Pepperstone MT5
2025.03.13,0.95991,0.96219,0.95637,0.95717,65215,4,0,EURCHF,Pepperstone MT5
2025.03.14,0.95676,0.96621,0.95582,0.96314,59927,4,0,EURCHF,Pepperstone MT5
2025.03.17,0.96181,0.96323,0.96075,0.96198,48605,4,0,EURCHF,Pepperstone MT5
2025.03.18,0.96181,0.96371,0.95771,0.95951,46978,4,0,EURCHF,Pepperstone MT5
2025.03.19,0.95893,0.95983,0.95415,0.95666,51309,4,0,EURCHF,Pepperstone MT5
2025.03.20,0.95618,0.95832,0.95301,0.95702,56966,4,0,EURCHF,Pepperstone MT5
2025.03.21,0.95591,0.95788,0.95403,0.95515,49301,4,0,EURCHF,Pepperstone MT5
2025.03.24,0.95435,0.95773,0.95288,0.95361,48308,4,0,EURCHF,Pepperstone MT5
2025.03.25,0.95331,0.95538,0.95126,0.95243,44646,4,0,EURCHF,Pepperstone MT5
2025.03.26,0.95191,0.95460,0.95009,0.95017,46861,4,0,EURCHF,Pepperstone MT5
2025.03.27,0.94993,0.95418,0.94886,0.95235,51362,4,0,EURCHF,Pepperstone MT5
2025.03.28,0.95163,0.95499,0.95027,0.95408,45992,4,0,EURCHF,Pepperstone MT5
2025.03.31,0.95185,0.95727,0.95134,0.95631,56427,4,0,EURCHF,Pepperstone MT5
2025.04.01,0.95618,0.95677,0.95121,0.95359,51568,4,0,EURCHF,Pepperstone MT5
2025.04.02,0.95234,0.96325,0.95195,0.95766,53073,4,0,EURCHF,Pepperstone MT5
2025.04.03,0.95601,0.95797,0.94675,0.94945,117220,4,0,EURCHF,Pepperstone MT5
2025.04.04,0.94849,0.94962,0.93630,0.94342,135663,4,0,EURCHF,Pepperstone MT5
2025.04.07,0.93048,0.95002,0.92980,0.93827,174003,4,0,EURCHF,Pepperstone MT5
2025.04.08,0.93735,0.94101,0.92784,0.92877,114770,4,0,EURCHF,Pepperstone MT5
2025.04.09,0.92730,0.93933,0.92535,0.93897,160107,4,0,EURCHF,Pepperstone MT5
2025.04.10,0.93668,0.94093,0.92257,0.92278,142290,4,0,EURCHF,Pepperstone MT5
2025.04.11,0.92189,0.93205,0.92138,0.92526,156908,4,0,EURCHF,Pepperstone MT5
2025.04.14,0.92546,0.93534,0.92328,0.92483,108022,4,0,EURCHF,Pepperstone MT5
2025.04.15,0.92418,0.92961,0.92296,0.92885,77774,4,0,EURCHF,Pepperstone MT5
2025.04.16,0.92126,0.93004,0.92126,0.92709,91064,4,0,EURCHF,Pepperstone MT5
2025.04.17,0.92641,0.93383,0.92533,0.93122,79965,4,0,EURCHF,Pepperstone MT5
2025.04.18,0.93024,0.93210,0.92992,0.93060,185231,5,0,EURCHF,Pepperstone MT5
2025.04.21,0.92976,0.93222,0.92755,0.93131,88091,4,0,EURCHF,Pepperstone MT5
2025.04.22,0.93117,0.93621,0.92885,0.93524,90261,4,0,EURCHF,Pepperstone MT5
2025.04.23,0.93347,0.94105,0.93284,0.93981,100577,4,0,EURCHF,Pepperstone MT5
2025.04.24,0.93806,0.94262,0.93805,0.94169,68844,4,0,EURCHF,Pepperstone MT5
2025.04.25,0.94052,0.94468,0.94014,0.94109,65867,4,0,EURCHF,Pepperstone MT5
2025.04.28,0.94197,0.94373,0.93618,0.93643,62561,4,0,EURCHF,Pepperstone MT5
2025.04.29,0.93593,0.94070,0.93591,0.93801,64529,4,0,EURCHF,Pepperstone MT5
2025.04.30,0.93753,0.93945,0.93295,0.93619,69962,4,0,EURCHF,Pepperstone MT5
2025.05.01,0.93409,0.93953,0.93365,0.93629,59524,4,0,EURCHF,Pepperstone MT5
2025.05.02,0.93605,0.93832,0.93117,0.93402,72583,4,0,EURCHF,Pepperstone MT5
2025.05.05,0.93256,0.93697,0.93003,0.93033,55154,4,0,EURCHF,Pepperstone MT5
2025.05.06,0.92959,0.93588,0.92936,0.93434,59483,4,0,EURCHF,Pepperstone MT5
2025.05.07,0.93361,0.93882,0.93014,0.93080,73102,4,0,EURCHF,Pepperstone MT5
2025.05.08,0.92998,0.93478,0.92973,0.93376,71960,4,0,EURCHF,Pepperstone MT5
2025.05.09,0.93212,0.93605,0.93175,0.93531,60280,4,0,EURCHF,Pepperstone MT5
2025.05.12,0.93380,0.93944,0.93346,0.93746,86075,4,0,EURCHF,Pepperstone MT5
2025.05.13,0.93697,0.94087,0.93304,0.93895,66304,4,0,EURCHF,Pepperstone MT5
2025.05.14,0.93779,0.94211,0.93739,0.94101,71640,4,0,EURCHF,Pepperstone MT5
2025.05.15,0.94031,0.94110,0.93394,0.93456,64866,4,0,EURCHF,Pepperstone MT5
2025.05.16,0.93454,0.93823,0.93336,0.93457,55718,4,0,EURCHF,Pepperstone MT5
2025.05.19,0.93392,0.93964,0.93348,0.93823,71923,4,0,EURCHF,Pepperstone MT5
2025.05.20,0.93662,0.93853,0.93469,0.93471,59385,4,0,EURCHF,Pepperstone MT5
2025.05.21,0.93408,0.93636,0.93136,0.93497,69397,4,0,EURCHF,Pepperstone MT5
2025.05.22,0.93376,0.93552,0.93302,0.93487,66055,4,0,EURCHF,Pepperstone MT5
2025.05.23,0.93454,0.93805,0.92946,0.93320,64578,2,0,EURCHF,Pepperstone MT5
2025.05.26,0.93184,0.93677,0.93180,0.93474,46827,4,0,EURCHF,Pepperstone MT5
2025.05.27,0.93344,0.93910,0.93337,0.93713,58926,4,0,EURCHF,Pepperstone MT5
2025.05.28,0.93591,0.93839,0.93354,0.93405,55616,4,0,EURCHF,Pepperstone MT5
2025.05.29,0.93284,0.93723,0.93283,0.93529,71782,4,0,EURCHF,Pepperstone MT5
2025.05.30,0.93378,0.93577,0.93203,0.93404,65765,4,0,EURCHF,Pepperstone MT5
2025.06.02,0.93369,0.93540,0.93236,0.93491,63473,4,0,EURCHF,Pepperstone MT5
2025.06.03,0.93414,0.93816,0.93333,0.93700,57162,4,0,EURCHF,Pepperstone MT5
2025.06.04,0.93668,0.93801,0.93381,0.93458,57084,4,0,EURCHF,Pepperstone MT5
2025.06.05,0.93358,0.93993,0.93126,0.93805,65536,0,0,EURCHF,Pepperstone MT5
2025.06.06,0.93700,0.93971,0.93642,0.93682,55931,4,0,EURCHF,Pepperstone MT5
2025.06.09,0.93553,0.93867,0.93553,0.93827,42249,4,0,EURCHF,Pepperstone MT5
2025.06.10,0.93774,0.94039,0.93633,0.93998,54832,4,0,EURCHF,Pepperstone MT5
2025.06.11,0.93911,0.94291,0.93878,0.94256,54848,4,0,EURCHF,Pepperstone MT5
2025.06.12,0.94110,0.94294,0.93863,0.93871,67428,4,0,EURCHF,Pepperstone MT5
2025.06.13,0.93788,0.93918,0.93074,0.93705,80760,4,0,EURCHF,Pepperstone MT5
2025.06.16,0.93436,0.94191,0.93401,0.94080,66268,4,0,EURCHF,Pepperstone MT5
2025.06.17,0.93994,0.94185,0.93599,0.93737,66034,4,0,EURCHF,Pepperstone MT5
2025.06.18,0.93587,0.94226,0.93489,0.94006,67217,4,0,EURCHF,Pepperstone MT5
2025.06.19,0.93887,0.94187,0.93612,0.93868,57113,4,0,EURCHF,Pepperstone MT5
2025.06.20,0.93727,0.94261,0.93726,0.94254,53161,4,0,EURCHF,Pepperstone MT5
2025.06.23,0.93538,0.94105,0.93535,0.94086,78140,4,0,EURCHF,Pepperstone MT5
2025.06.24,0.93971,0.94279,0.93398,0.93475,65489,4,0,EURCHF,Pepperstone MT5
2025.06.25,0.93463,0.93848,0.93328,0.93835,54170,4,0,EURCHF,Pepperstone MT5
2025.06.26,0.93757,0.94017,0.93559,0.93635,62847,4,0,EURCHF,Pepperstone MT5
2025.06.27,0.93515,0.93807,0.93415,0.93585,57547,4,0,EURCHF,Pepperstone MT5
2025.06.30,0.93640,0.93734,0.93352,0.93491,59594,4,0,EURCHF,Pepperstone MT5
2025.07.01,0.93401,0.93478,0.93063,0.93399,56741,4,0,EURCHF,Pepperstone MT5
2025.07.02,0.93294,0.93450,0.93141,0.93441,50002,4,0,EURCHF,Pepperstone MT5
2025.07.03,0.93336,0.93644,0.93222,0.93501,50691,4,0,EURCHF,Pepperstone MT5
2025.07.04,0.93370,0.93629,0.93340,0.93558,62110,4,0,EURCHF,Pepperstone MT5
2025.07.07,0.93429,0.93589,0.93350,0.93459,51717,4,0,EURCHF,Pepperstone MT5
2025.07.08,0.93363,0.93668,0.93250,0.93300,53441,4,0,EURCHF,Pepperstone MT5
2025.07.09,0.93310,0.93410,0.93041,0.93101,47646,4,0,EURCHF,Pepperstone MT5
2025.07.10,0.92929,0.93279,0.92929,0.93244,40985,4,0,EURCHF,Pepperstone MT5
2025.07.11,0.93253,0.93265,0.93022,0.93142,45483,4,0,EURCHF,Pepperstone MT5
2025.07.14,0.92945,0.93211,0.92915,0.93076,44839,4,0,EURCHF,Pepperstone MT5
2025.07.15,0.93013,0.93116,0.92937,0.92990,47542,4,0,EURCHF,Pepperstone MT5
2025.07.16,0.92904,0.93343,0.92882,0.93228,62186,4,0,EURCHF,Pepperstone MT5
2025.07.17,0.93102,0.93356,0.93102,0.93288,49170,4,0,EURCHF,Pepperstone MT5
2025.07.18,0.93254,0.93402,0.93106,0.93159,45952,4,0,EURCHF,Pepperstone MT5
2025.07.21,0.92952,0.93341,0.92929,0.93313,44988,4,0,EURCHF,Pepperstone MT5
2025.07.22,0.93183,0.93380,0.93076,0.93111,46149,4,0,EURCHF,Pepperstone MT5
2025.07.23,0.93090,0.93433,0.92934,0.93299,53648,4,0,EURCHF,Pepperstone MT5
2025.07.24,0.93233,0.93629,0.93200,0.93450,52098,4,0,EURCHF,Pepperstone MT5
2025.07.25,0.93300,0.93539,0.93224,0.93365,48806,4,0,EURCHF,Pepperstone MT5
2025.07.28,0.93532,0.93580,0.93034,0.93113,54556,4,0,EURCHF,Pepperstone MT5
2025.07.29,0.92979,0.93241,0.92948,0.93058,55829,4,0,EURCHF,Pepperstone MT5
2025.07.30,0.93016,0.93150,0.92906,0.92950,61326,4,0,EURCHF,Pepperstone MT5
2025.07.31,0.92837,0.93078,0.92674,0.92724,56568,4,0,EURCHF,Pepperstone MT5
2025.08.01,0.92663,0.93244,0.92659,0.93177,75928,4,0,EURCHF,Pepperstone MT5
2025.08.04,0.93069,0.93590,0.93033,0.93529,59020,4,0,EURCHF,Pepperstone MT5
2025.08.05,0.93358,0.93602,0.93274,0.93452,51972,4,0,EURCHF,Pepperstone MT5
2025.08.06,0.93406,0.94071,0.93363,0.94017,50184,4,0,EURCHF,Pepperstone MT5
2025.08.07,0.93929,0.94282,0.93892,0.94063,59026,4,0,EURCHF,Pepperstone MT5
2025.08.08,0.94050,0.94201,0.93913,0.94085,49351,4,0,EURCHF,Pepperstone MT5
2025.08.11,0.94246,0.94382,0.93897,0.94366,42908,4,0,EURCHF,Pepperstone MT5
2025.08.12,0.94200,0.94398,0.94009,0.94133,57252,4,0,EURCHF,Pepperstone MT5
2025.08.13,0.94092,0.94291,0.94048,0.94280,49193,4,0,EURCHF,Pepperstone MT5
2025.08.14,0.94101,0.94318,0.94036,0.94063,54196,4,0,EURCHF,Pepperstone MT5
2025.08.15,0.93939,0.94428,0.93938,0.94415,44920,4,0,EURCHF,Pepperstone MT5
2025.08.18,0.94219,0.94457,0.94100,0.94152,40576,4,0,EURCHF,Pepperstone MT5
2025.08.19,0.94087,0.94217,0.94015,0.94064,41362,4,0,EURCHF,Pepperstone MT5
2025.08.20,0.93910,0.94134,0.93645,0.93681,45458,4,0,EURCHF,Pepperstone MT5
2025.08.21,0.93593,0.93946,0.93592,0.93865,47184,4,0,EURCHF,Pepperstone MT5
2025.08.22,0.93679,0.94016,0.93678,0.93941,50388,4,0,EURCHF,Pepperstone MT5
2025.08.25,0.93826,0.94047,0.93628,0.93630,41703,4,0,EURCHF,Pepperstone MT5
2025.08.26,0.93540,0.93866,0.93473,0.93517,51161,4,0,EURCHF,Pepperstone MT5
2025.08.27,0.93520,0.93593,0.93182,0.93363,44765,4,0,EURCHF,Pepperstone MT5
2025.08.28,0.93268,0.93670,0.93227,0.93614,46927,4,0,EURCHF,Pepperstone MT5
2025.08.29,0.93463,0.93686,0.93408,0.93572,48494,4,0,EURCHF,Pepperstone MT5
2025.09.01,0.93369,0.93836,0.93358,0.93741,37119,4,0,EURCHF,Pepperstone MT5
2025.09.02,0.93665,0.93813,0.93538,0.93663,59679,4,0,EURCHF,Pepperstone MT5
2025.09.03,0.93548,0.93804,0.93531,0.93778,46611,4,0,EURCHF,Pepperstone MT5
2025.09.04,0.93683,0.93936,0.93629,0.93860,47041,4,0,EURCHF,Pepperstone MT5
2025.09.05,0.93737,0.93956,0.93521,0.93543,51922,4,0,EURCHF,Pepperstone MT5
2025.09.08,0.93368,0.93622,0.92834,0.93310,51082,4,0,EURCHF,Pepperstone MT5
2025.09.09,0.93236,0.93417,0.93142,0.93369,49032,4,0,EURCHF,Pepperstone MT5
2025.09.10,0.93233,0.93543,0.93076,0.93467,48985,4,0,EURCHF,Pepperstone MT5
2025.09.11,0.93387,0.93542,0.93336,0.93386,53716,4,0,EURCHF,Pepperstone MT5
2025.09.12,0.93259,0.93500,0.93257,0.93459,43493,4,0,EURCHF,Pepperstone MT5
2025.09.15,0.93383,0.93560,0.93312,0.93449,36247,4,0,EURCHF,Pepperstone MT5
2025.09.16,0.93386,0.93500,0.93243,0.93255,52780,4,0,EURCHF,Pepperstone MT5
2025.09.17,0.93213,0.93345,0.93126,0.93184,53144,4,0,EURCHF,Pepperstone MT5
2025.09.18,0.93104,0.93434,0.93054,0.93399,57549,4,0,EURCHF,Pepperstone MT5
2025.09.19,0.93282,0.93558,0.93271,0.93440,57180,4,0,EURCHF,Pepperstone MT5
2025.09.22,0.93221,0.93550,0.93165,0.93519,46880,4,0,EURCHF,Pepperstone MT5
2025.09.23,0.93424,0.93559,0.93405,0.93486,48830,4,0,EURCHF,Pepperstone MT5
2025.09.24,0.93336,0.93517,0.93236,0.93325,51588,4,0,EURCHF,Pepperstone MT5
2025.09.25,0.93238,0.93510,0.93233,0.93266,53857,4,0,EURCHF,Pepperstone MT5
2025.09.26,0.93199,0.93406,0.93175,0.93383,49269,4,0,EURCHF,Pepperstone MT5
2025.09.29,0.93259,0.93650,0.93246,0.93541,48910,4,0,EURCHF,Pepperstone MT5
2025.09.30,0.93468,0.93709,0.93361,0.93437,49777,4,0,EURCHF,Pepperstone MT5
2025.10.01,0.93409,0.93728,0.93296,0.93495,60429,4,0,EURCHF,Pepperstone MT5
2025.10.02,0.93392,0.93633,0.93392,0.93480,49918,4,0,EURCHF,Pepperstone MT5
2025.10.03,0.93402,0.93577,0.93349,0.93375,40579,4,0,EURCHF,Pepperstone MT5
2025.10.06,0.93274,0.93470,0.93079,0.93101,57483,4,0,EURCHF,Pepperstone MT5
2025.10.07,0.93061,0.93157,0.92996,0.93052,49904,4,0,EURCHF,Pepperstone MT5
2025.10.08,0.92949,0.93267,0.92949,0.93254,50930,4,0,EURCHF,Pepperstone MT5
2025.10.09,0.93171,0.93296,0.93007,0.93243,53721,4,0,EURCHF,Pepperstone MT5
2025.10.10,0.93104,0.93314,0.92924,0.92954,54139,4,0,EURCHF,Pepperstone MT5
2025.10.13,0.92929,0.93195,0.92854,0.93031,51969,4,0,EURCHF,Pepperstone MT5
2025.10.14,0.92960,0.93087,0.92819,0.92978,57855,4,0,EURCHF,Pepperstone MT5
2025.10.15,0.92817,0.93106,0.92660,0.92799,53247,4,0,EURCHF,Pepperstone MT5
2025.10.16,0.92711,0.93048,0.92612,0.92652,60638,4,0,EURCHF,Pepperstone MT5
2025.10.17,0.92611,0.92681,0.92185,0.92465,68701,4,0,EURCHF,Pepperstone MT5
2025.10.20,0.92285,0.92586,0.92143,0.92262,48023,4,0,EURCHF,Pepperstone MT5
2025.10.21,0.92156,0.92451,0.92100,0.92378,58035,4,0,EURCHF,Pepperstone MT5
2025.10.22,0.92276,0.92452,0.92214,0.92416,50139,4,0,EURCHF,Pepperstone MT5
2025.10.23,0.92284,0.92539,0.92283,0.92377,38838,4,0,EURCHF,Pepperstone MT5
2025.10.24,0.92332,0.92544,0.92304,0.92500,43280,4,0,EURCHF,Pepperstone MT5
2025.10.27,0.92633,0.92707,0.92505,0.92616,40353,4,0,EURCHF,Pepperstone MT5
2025.10.28,0.92564,0.92669,0.92408,0.92435,43872,4,0,EURCHF,Pepperstone MT5
2025.10.29,0.92414,0.92890,0.92378,0.92813,55929,4,0,EURCHF,Pepperstone MT5
2025.10.30,0.92728,0.92890,0.92683,0.92734,54521,4,0,EURCHF,Pepperstone MT5
2025.10.31,0.92688,0.92917,0.92586,0.92842,47314,4,0,EURCHF,Pepperstone MT5
2025.11.03,0.92615,0.93111,0.92608,0.93080,44513,4,0,EURCHF,Pepperstone MT5
2025.11.04,0.92993,0.93167,0.92899,0.93067,48357,4,0,EURCHF,Pepperstone MT5
2025.11.05,0.92947,0.93196,0.92844,0.93124,47161,4,0,EURCHF,Pepperstone MT5
2025.11.06,0.93051,0.93209,0.93037,0.93098,43891,4,0,EURCHF,Pepperstone MT5
2025.11.07,0.93053,0.93263,0.93017,0.93108,41189,4,0,EURCHF,Pepperstone MT5
2025.11.10,0.93019,0.93257,0.92998,0.93032,45006,4,0,EURCHF,Pepperstone MT5
2025.11.11,0.92972,0.93099,0.92660,0.92718,36638,4,0,EURCHF,Pepperstone MT5
2025.11.12,0.92622,0.92748,0.92327,0.92482,36253,4,0,EURCHF,Pepperstone MT5
2025.11.13,0.92409,0.92583,0.92142,0.92231,44865,4,0,EURCHF,Pepperstone MT5
2025.11.14,0.92108,0.92303,0.91793,0.92287,53478,4,0,EURCHF,Pepperstone MT5
2025.11.17,0.92083,0.92310,0.92083,0.92285,46810,4,0,EURCHF,Pepperstone MT5
2025.11.18,0.92171,0.92642,0.92072,0.92608,52131,4,0,EURCHF,Pepperstone MT5
2025.11.19,0.92457,0.92957,0.92454,0.92945,53078,4,0,EURCHF,Pepperstone MT5
2025.11.20,0.92862,0.93052,0.92825,0.92894,53606,4,0,EURCHF,Pepperstone MT5
2025.11.21,0.92795,0.93100,0.92758,0.93082,56908,4,0,EURCHF,Pepperstone MT5
2025.11.24,0.92911,0.93250,0.92908,0.93130,43028,4,0,EURCHF,Pepperstone MT5
2025.11.25,0.93080,0.93505,0.93055,0.93444,47153,4,0,EURCHF,Pepperstone MT5
2025.11.26,0.93345,0.93469,0.93212,0.93258,53587,4,0,EURCHF,Pepperstone MT5
2025.11.27,0.93205,0.93451,0.93161,0.93327,31580,4,0,EURCHF,Pepperstone MT5
2025.11.28,0.93239,0.93373,0.93121,0.93196,99970,4,0,EURCHF,Pepperstone MT5
2025.12.01,0.93134,0.93446,0.93134,0.93422,58103,4,0,EURCHF,Pepperstone MT5
2025.12.02,0.93263,0.93489,0.93262,0.93330,43361,4,0,EURCHF,Pepperstone MT5
2025.12.03,0.93277,0.93436,0.93277,0.93315,45916,4,0,EURCHF,Pepperstone MT5
2025.12.04,0.93226,0.93601,0.93224,0.93588,44470,4,0,EURCHF,Pepperstone MT5
2025.12.05,0.93467,0.93717,0.93464,0.93675,44089,4,0,EURCHF,Pepperstone MT5
2025.12.08,0.93518,0.93957,0.93518,0.93890,48944,3,0,EURCHF,Pepperstone MT5
2025.12.09,0.93802,0.93927,0.93702,0.93730,41820,4,0,EURCHF,Pepperstone MT5
2025.12.10,0.93725,0.93790,0.93439,0.93562,46529,4,0,EURCHF,Pepperstone MT5
2025.12.11,0.93501,0.93571,0.93203,0.93358,49701,4,0,EURCHF,Pepperstone MT5
2025.12.12,0.93337,0.93474,0.93206,0.93460,46145,4,0,EURCHF,Pepperstone MT5
2025.12.15,0.93653,0.93653,0.93224,0.93584,46016,4,0,EURCHF,Pepperstone MT5
2025.12.16,0.93422,0.93678,0.93397,0.93403,53923,4,0,EURCHF,Pepperstone MT5
2025.12.17,0.93309,0.93561,0.93253,0.93406,50413,4,0,EURCHF,Pepperstone MT5
2025.12.18,0.93267,0.93399,0.93073,0.93093,48831,4,0,EURCHF,Pepperstone MT5
2025.12.19,0.93049,0.93281,0.93026,0.93155,44008,4,0,EURCHF,Pepperstone MT5
2025.12.22,0.93055,0.93242,0.93007,0.93127,43690,4,0,EURCHF,Pepperstone MT5
2025.12.23,0.93057,0.93160,0.92830,0.92875,43356,4,0,EURCHF,Pepperstone MT5
2025.12.24,0.92748,0.92980,0.92739,0.92839,33564,4,0,EURCHF,Pepperstone MT5
2025.12.26,0.92616,0.93030,0.92609,0.92921,46863,4,0,EURCHF,Pepperstone MT5
2025.12.29,0.92701,0.93082,0.92701,0.92894,52931,4,0,EURCHF,Pepperstone MT5
2025.12.30,0.92794,0.93073,0.92759,0.93028,38753,4,0,EURCHF,Pepperstone MT5
2025.12.31,0.92950,0.93169,0.92949,0.93103,37753,4,0,EURCHF,Pepperstone MT5
2026.01.02,0.93052,0.93161,0.92808,0.92881,37562,4,0,EURCHF,Pepperstone MT5
2026.01.05,0.92691,0.93064,0.92689,0.92778,52190,4,0,EURCHF,Pepperstone MT5
2026.01.06,0.92717,0.93027,0.92717,0.92999,40286,4,0,EURCHF,Pepperstone MT5
2026.01.07,0.92906,0.93187,0.92900,0.93153,42111,4,0,EURCHF,Pepperstone MT5
2026.01.08,0.92966,0.93193,0.92966,0.93123,40009,4,0,EURCHF,Pepperstone MT5
2026.01.09,0.93086,0.93261,0.93032,0.93175,44794,4,0,EURCHF,Pepperstone MT5
2026.01.12,0.93074,0.93225,0.92976,0.93034,52242,4,0,EURCHF,Pepperstone MT5
2026.01.13,0.92963,0.93289,0.92938,0.93258,48393,4,0,EURCHF,Pepperstone MT5
2026.01.14,0.93215,0.93496,0.93081,0.93151,44565,4,0,EURCHF,Pepperstone MT5
2026.01.15,0.93009,0.93285,0.93006,0.93258,43414,4,0,EURCHF,Pepperstone MT5
2026.01.16,0.93150,0.93284,0.93048,0.93155,41754,4,0,EURCHF,Pepperstone MT5
2026.01.19,0.92759,0.92974,0.92685,0.92853,46214,4,0,EURCHF,Pepperstone MT5
2026.01.20,0.92762,0.92916,0.92548,0.92610,58885,4,0,EURCHF,Pepperstone MT5
2026.01.21,0.92508,0.93077,0.92506,0.92960,53411,4,0,EURCHF,Pepperstone MT5
2026.01.22,0.92877,0.93008,0.92728,0.92744,42487,4,0,EURCHF,Pepperstone MT5
2026.01.23,0.92668,0.92870,0.92156,0.92298,49982,4,0,EURCHF,Pepperstone MT5
2026.01.26,0.91915,0.92320,0.91873,0.92309,72237,4,0,EURCHF,Pepperstone MT5
2026.01.27,0.92108,0.92358,0.91647,0.91659,68245,4,0,EURCHF,Pepperstone MT5
2026.01.28,0.91595,0.92116,0.91578,0.91841,77641,4,0,EURCHF,Pepperstone MT5
2026.01.29,0.91784,0.91870,0.91459,0.91492,74317,4,0,EURCHF,Pepperstone MT5
2026.01.30,0.91401,0.91740,0.91400,0.91609,83526,4,0,EURCHF,Pepperstone MT5
2026.02.02,0.91505,0.92174,0.91505,0.91929,81944,4,0,EURCHF,Pepperstone MT5
2026.02.03,0.91829,0.91948,0.91491,0.91618,58561,4,0,EURCHF,Pepperstone MT5
2026.02.04,0.91458,0.91833,0.91458,0.91774,56686,4,0,EURCHF,Pepperstone MT5
2026.02.05,0.91626,0.91812,0.91447,0.91653,58650,4,0,EURCHF,Pepperstone MT5
2026.02.06,0.91587,0.91812,0.91541,0.91655,44101,4,0,EURCHF,Pepperstone MT5
2026.02.09,0.91235,0.91791,0.91235,0.91296,55177,4,0,EURCHF,Pepperstone MT5
2026.02.10,0.91205,0.91396,0.90949,0.91348,47207,4,0,EURCHF,Pepperstone MT5
2026.02.11,0.91178,0.91692,0.91177,0.91608,53425,4,0,EURCHF,Pepperstone MT5
2026.02.12,0.91357,0.91611,0.91127,0.91327,52483,4,0,EURCHF,Pepperstone MT5
2026.02.13,0.91183,0.91452,0.91099,0.91102,46526,4,0,EURCHF,Pepperstone MT5
2026.02.16,0.91184,0.91363,0.91081,0.91202,25719,4,0,EURCHF,Pepperstone MT5
2026.02.17,0.91137,0.91403,0.91060,0.91281,40624,4,0,EURCHF,Pepperstone MT5
2026.02.18,0.91199,0.91351,0.91058,0.91093,37638,4,0,EURCHF,Pepperstone MT5
2026.02.19,0.90746,0.91297,0.90603,0.91249,40914,4,0,EURCHF,Pepperstone MT5
2026.02.20,0.91217,0.91427,0.91157,0.91353,49052,4,0,EURCHF,Pepperstone MT5
2026.02.23,0.91224,0.91493,0.91195,0.91305,50053,4,0,EURCHF,Pepperstone MT5
2026.02.24,0.91229,0.91418,0.91099,0.91129,46432,4,0,EURCHF,Pepperstone MT5
2026.02.25,0.91091,0.91327,0.91090,0.91254,43237,4,0,EURCHF,Pepperstone MT5
2026.02.26,0.91150,0.91511,0.91150,0.91311,46523,4,0,EURCHF,Pepperstone MT5
2026.02.27,0.91294,0.91352,0.90608,0.90900,48790,4,0,EURCHF,Pepperstone MT5
2026.03.02,0.90278,0.91308,0.90239,0.91110,75648,4,0,EURCHF,Pepperstone MT5
2026.03.03,0.91021,0.91275,0.90666,0.90797,90837,4,0,EURCHF,Pepperstone MT5
2026.03.04,0.90760,0.90986,0.90560,0.90659,74974,4,0,EURCHF,Pepperstone MT5
2026.03.05,0.90552,0.90720,0.90495,0.90648,76657,4,0,EURCHF,Pepperstone MT5
2026.03.06,0.90616,0.90674,0.90086,0.90122,70823,4,0,EURCHF,Pepperstone MT5
2026.03.09,0.89962,0.90455,0.89806,0.90439,86168,4,0,EURCHF,Pepperstone MT5
2026.03.10,0.90406,0.90503,0.90231,0.90379,67901,4,0,EURCHF,Pepperstone MT5
2026.03.11,0.90314,0.90470,0.90092,0.90283,59387,4,0,EURCHF,Pepperstone MT5
2026.03.12,0.90178,0.90517,0.90175,0.90482,59726,4,0,EURCHF,Pepperstone MT5
2026.03.13,0.90414,0.90548,0.90219,0.90339,57599,4,0,EURCHF,Pepperstone MT5
2026.03.16,0.90266,0.90657,0.90189,0.90624,57450,4,0,EURCHF,Pepperstone MT5
2026.03.17,0.90554,0.90714,0.90489,0.90560,44505,4,0,EURCHF,Pepperstone MT5
2026.03.18,0.90492,0.91021,0.90483,0.90837,50817,4,0,EURCHF,Pepperstone MT5
2026.03.19,0.90781,0.91412,0.90688,0.91336,75013,2,0,EURCHF,Pepperstone MT5
2026.03.20,0.91305,0.91344,0.90913,0.91166,59280,4,0,EURCHF,Pepperstone MT5
2026.03.23,0.90918,0.91460,0.90888,0.91307,88046,2,0,EURCHF,Pepperstone MT5
2026.03.24,0.91301,0.91678,0.91170,0.91483,76936,4,0,EURCHF,Pepperstone MT5
2026.03.25,0.91452,0.91689,0.91444,0.91506,64957,4,0,EURCHF,Pepperstone MT5
2026.03.26,0.91440,0.91703,0.91433,0.91659,53589,4,0,EURCHF,Pepperstone MT5
2026.03.27,0.91625,0.92000,0.91556,0.91971,56706,4,0,EURCHF,Pepperstone MT5
2026.03.30,0.91783,0.92003,0.91605,0.91633,76104,4,0,EURCHF,Pepperstone MT5
2026.03.31,0.91439,0.92667,0.91439,0.92356,89032,4,0,EURCHF,Pepperstone MT5
2026.04.01,0.92298,0.92377,0.91817,0.92054,83230,4,0,EURCHF,Pepperstone MT5
2026.04.02,0.92000,0.92289,0.91948,0.92162,83748,4,0,EURCHF,Pepperstone MT5
2026.04.03,0.92042,0.92278,0.92000,0.92070,41491,4,0,EURCHF,Pepperstone MT5
2026.04.06,0.92029,0.92315,0.92028,0.92116,55796,4,0,EURCHF,Pepperstone MT5
2026.04.07,0.92039,0.92655,0.92039,0.92501,68935,4,0,EURCHF,Pepperstone MT5
2026.04.08,0.92440,0.92568,0.92060,0.92284,99623,4,0,EURCHF,Pepperstone MT5
2026.04.09,0.92216,0.92496,0.92175,0.92470,60951,4,0,EURCHF,Pepperstone MT5
2026.04.10,0.92386,0.92606,0.92189,0.92560,56699,4,0,EURCHF,Pepperstone MT5
2026.04.13,0.92202,0.92631,0.92078,0.92172,78303,4,0,EURCHF,Pepperstone MT5
2026.04.14,0.92039,0.92184,0.91944,0.92112,65540,4,0,EURCHF,Pepperstone MT5
2026.04.15,0.92048,0.92272,0.91973,0.92254,65949,4,0,EURCHF,Pepperstone MT5
2026.04.16,0.92238,0.92361,0.92147,0.92319,62144,4,0,EURCHF,Pepperstone MT5
2026.04.17,0.92232,0.92328,0.91924,0.91967,67447,4,0,EURCHF,Pepperstone MT5
2026.04.20,0.91647,0.92057,0.91630,0.91738,80073,4,0,EURCHF,Pepperstone MT5
2026.04.21,0.91638,0.91813,0.91600,0.91682,73858,4,0,EURCHF,Pepperstone MT5
2026.04.22,0.91585,0.91888,0.91573,0.91862,63919,4,0,EURCHF,Pepperstone MT5
2026.04.23,0.91752,0.91921,0.91703,0.91871,76596,4,0,EURCHF,Pepperstone MT5
2026.04.24,0.91704,0.92152,0.91703,0.91983,63332,4,0,EURCHF,Pepperstone MT5
2026.04.27,0.91990,0.92169,0.91911,0.92069,71810,4,0,EURCHF,Pepperstone MT5
2026.04.28,0.91941,0.92502,0.91940,0.92441,81487,4,0,EURCHF,Pepperstone MT5
2026.04.29,0.92364,0.92507,0.92303,0.92410,84771,4,0,EURCHF,Pepperstone MT5
2026.04.30,0.92309,0.92413,0.91500,0.91656,109825,4,0,EURCHF,Pepperstone MT5
2026.05.01,0.91581,0.91780,0.91560,0.91608,85235,4,0,EURCHF,Pepperstone MT5
2026.05.04,0.91562,0.91784,0.91552,0.91645,89792,4,0,EURCHF,Pepperstone MT5
2026.05.05,0.91541,0.91681,0.91493,0.91564,64820,4,0,EURCHF,Pepperstone MT5
2026.05.06,0.91471,0.91760,0.91456,0.91497,82080,4,0,EURCHF,Pepperstone MT5
2026.05.07,0.91399,0.91578,0.91375,0.91520,82147,4,0,EURCHF,Pepperstone MT5
2026.05.08,0.91406,0.91611,0.91406,0.91500,67242,4,0,EURCHF,Pepperstone MT5
2026.05.11,0.91311,0.91675,0.91285,0.91667,59479,4,0,EURCHF,Pepperstone MT5
2026.05.12,0.91536,0.91751,0.91536,0.91635,69022,4,0,EURCHF,Pepperstone MT5
2026.05.13,0.91588,0.91664,0.91501,0.91576,58049,4,0,EURCHF,Pepperstone MT5
2026.05.14,0.91501,0.91599,0.91424,0.91458,62294,4,0,EURCHF,Pepperstone MT5
2026.05.15,0.91346,0.91521,0.91345,0.91453,74555,4,0,EURCHF,Pepperstone MT5
2026.05.18,0.91314,0.91536,0.91297,0.91427,74513,4,0,EURCHF,Pepperstone MT5
2026.05.19,0.91411,0.91691,0.91326,0.91561,70649,4,0,EURCHF,Pepperstone MT5
2026.05.20,0.91488,0.91699,0.91454,0.91512,74681,4,0,EURCHF,Pepperstone MT5
2026.05.21,0.91402,0.91532,0.91358,0.91384,74087,4,0,EURCHF,Pepperstone MT5
2026.05.22,0.91323,0.91416,0.91045,0.91076,56473,4,0,EURCHF,Pepperstone MT5
2026.05.25,0.91231,0.91240,0.90965,0.91122,41386,4,0,EURCHF,Pepperstone MT5
2026.05.26,0.90996,0.91405,0.90996,0.91388,56648,4,0,EURCHF,Pepperstone MT5
2026.05.27,0.91323,0.91561,0.91314,0.91503,59147,4,0,EURCHF,Pepperstone MT5
2026.05.28,0.91460,0.91694,0.91292,0.91328,67851,4,0,EURCHF,Pepperstone MT5
2026.05.29,0.91276,0.91342,0.90972,0.91076,66496,4,0,EURCHF,Pepperstone MT5
2026.06.01,0.90971,0.91547,0.90970,0.91500,76715,4,0,EURCHF,Pepperstone MT5
2026.06.02,0.91411,0.91602,0.91385,0.91565,64201,4,0,EURCHF,Pepperstone MT5
2026.06.03,0.91489,0.91922,0.91488,0.91871,77197,4,0,EURCHF,Pepperstone MT5
2026.06.04,0.91810,0.91903,0.91617,0.91670,55817,4,0,EURCHF,Pepperstone MT5
2026.06.05,0.91589,0.91909,0.91569,0.91757,70459,4,0,EURCHF,Pepperstone MT5
2026.06.08,0.91576,0.92050,0.91576,0.92011,77575,4,0,EURCHF,Pepperstone MT5
2026.06.09,0.91978,0.92182,0.91922,0.92145,73740,4,0,EURCHF,Pepperstone MT5
2026.06.10,0.92074,0.92346,0.92050,0.92288,73003,4,0,EURCHF,Pepperstone MT5
2026.06.11,0.92122,0.92291,0.91973,0.92024,76788,4,0,EURCHF,Pepperstone MT5
2026.06.12,0.91944,0.92256,0.91894,0.92197,83088,4,0,EURCHF,Pepperstone MT5
2026.06.15,0.92087,0.92280,0.92002,0.92100,63943,4,0,EURCHF,Pepperstone MT5
2026.06.16,0.91995,0.92265,0.91995,0.92074,64881,4,0,EURCHF,Pepperstone MT5
2026.06.17,0.92043,0.92092,0.91806,0.91983,70538,3,0,EURCHF,Pepperstone MT5
2026.06.18,0.91945,0.92325,0.91918,0.92184,71420,4,0,EURCHF,Pepperstone MT5
2026.06.19,0.92121,0.92645,0.92083,0.92559,57690,4,0,EURCHF,Pepperstone MT5
2026.06.22,0.92503,0.92663,0.92375,0.92406,77860,4,0,EURCHF,Pepperstone MT5
2026.06.23,0.92354,0.92436,0.92051,0.92140,77367,4,0,EURCHF,Pepperstone MT5
2026.06.24,0.92146,0.92296,0.92078,0.92260,86228,4,0,EURCHF,Pepperstone MT5
2026.06.25,0.92143,0.92271,0.92081,0.92110,77909,4,0,EURCHF,Pepperstone MT5
2026.06.26,0.92015,0.92279,0.91975,0.92204,79059,4,0,EURCHF,Pepperstone MT5
2026.06.29,0.92147,0.92353,0.92137,0.92249,61858,4,0,EURCHF,Pepperstone MT5
2026.06.30,0.92201,0.92331,0.92158,0.92325,64575,4,0,EURCHF,Pepperstone MT5
2026.07.01,0.92248,0.92351,0.92017,0.92108,66168,4,0,EURCHF,Pepperstone MT5
2026.07.02,0.92013,0.92110,0.91774,0.91859,78912,4,0,EURCHF,Pepperstone MT5
2026.07.03,0.91767,0.91969,0.91766,0.91885,73667,4,0,EURCHF,Pepperstone MT5
2026.07.06,0.91805,0.92147,0.91776,0.92122,58283,4,0,EURCHF,Pepperstone MT5
2026.07.07,0.92050,0.92278,0.92050,0.92256,64731,4,0,EURCHF,Pepperstone MT5
2026.07.08,0.92058,0.92375,0.92058,0.92296,77913,4,0,EURCHF,Pepperstone MT5
2026.07.09,0.92182,0.92324,0.92167,0.92234,60318,4,0,EURCHF,Pepperstone MT5
2026.07.10,0.92113,0.92323,0.92020,0.92309,66792,4,0,EURCHF,Pepperstone MT5
2026.07.13,0.92098,0.92749,0.92083,0.92719,75021,4,0,EURCHF,Pepperstone MT5
2026.07.14,0.92657,0.92789,0.92358,0.92416,77951,4,0,EURCHF,Pepperstone MT5
2026.07.15,0.92275,0.92596,0.92211,0.92313,65715,4,0,EURCHF,Pepperstone MT5
2026.07.16,0.92233,0.92566,0.92217,0.92530,55024,4,0,EURCHF,Pepperstone MT5
2026.07.17,0.92402,0.92549,0.92242,0.92348,54504,4,0,EURCHF,Pepperstone MT5
2026.07.20,0.92277,0.92487,0.92223,0.92483,51943,4,0,EURCHF,Pepperstone MT5
2026.07.21,0.92364,0.92699,0.92364,0.92648,52291,4,0,EURCHF,Pepperstone MT5
2026.07.22,0.92564,0.92969,0.92564,0.92936,53970,4,0,EURCHF,Pepperstone MT5
2026.07.23,0.92900,0.93156,0.92813,0.92935,61560,4,0,EURCHF,Pepperstone MT5
2026.07.24,0.92845,0.93056,0.92835,0.93044,60976,4,0,EURCHF,Pepperstone MT5
2026.07.27,0.92907,0.93154,0.92795,0.93138,70738,4,0,EURCHF,Pepperstone MT5
2026.07.28,0.93059,0.93307,0.93004,0.93290,59592,4,0,EURCHF,Pepperstone MT5
2026.07.29,0.93152,0.93450,0.93125,0.93289,78324,4,0,EURCHF,Pepperstone MT5
2026.07.30,0.93210,0.93491,0.92717,0.92803,92503,4,0,EURCHF,Pepperstone MT5
2026.07.31,0.92787,0.93271,0.92729,0.93157,91315,4,0,EURCHF,Pepperstone MT5
2026.08.03,0.93076,0.93346,0.93020,0.93264,73783,2,0,EURCHF,Pepperstone MT5
2026.08.04,0.93198,0.93360,0.93109,0.93296,64916,2,0,EURCHF,Pepperstone MT5
2026.08.05,0.93276,0.93456,0.93176,0.93250,69403,2,0,EURCHF,Pepperstone MT5
2026.08.06,0.93164,0.93722,0.93151,0.93611,66879,2,0,EURCHF,Pepperstone MT5
2026.08.07,0.93575,0.93653,0.93298,0.93384,65507,2,0,EURCHF,Pepperstone MT5
2026.08.10,0.93281,0.93543,0.93257,0.93527,54212,2,0,EURCHF,Pepperstone MT5
2026.08.11,0.93439,0.93680,0.93439,0.93603,50857,2,0,EURCHF,Pepperstone MT5
2026.08.12,0.93524,0.93798,0.93524,0.93767,61432,2,0,EURCHF,Pepperstone MT5
2026.08.13,0.93627,0.93920,0.93583,0.93862,57089,2,0,EURCHF,Pepperstone MT5
2026.08.14,0.93704,0.94112,0.93702,0.94101,55164,2,0,EURCHF,Pepperstone MT5
2026.08.17,0.93895,0.94092,0.93734,0.93896,68621,2,0,EURCHF,Pepperstone MT5
2026.08.18,0.93801,0.94098,0.93737,0.94042,65027,2,0,EURCHF,Pepperstone MT5
2026.08.19,0.94011,0.94074,0.93074,0.93099,90134,2,0,EURCHF,Pepperstone MT5
2026.08.20,0.93079,0.93503,0.93046,0.93482,89116,2,0,EURCHF,Pepperstone MT5
2026.08.21,0.93436,0.93633,0.93413,0.93571,82252,2,0,EURCHF,Pepperstone MT5
2026.08.24,0.93539,0.93661,0.93448,0.93601,76764,2,0,EURCHF,Pepperstone MT5
2026.08.25,0.93462,0.93754,0.93462,0.93563,73012,2,0,EURCHF,Pepperstone MT5
2026.08.26,0.93482,0.93897,0.93446,0.93839,73024,2,0,EURCHF,Pepperstone MT5
2026.08.27,0.93818,0.93941,0.93591,0.93704,76420,2,0,EURCHF,Pepperstone MT5
2026.08.28,0.93594,0.93814,0.93548,0.93737,82129,2,0,EURCHF,Pepperstone MT5
2026.08.31,0.93609,0.93939,0.93592,0.93906,75176,2,0,EURCHF,Pepperstone MT5
2026.09.01,0.93843,0.94183,0.93805,0.94089,79915,2,0,EURCHF,Pepperstone MT5
2026.09.02,0.94042,0.94354,0.94015,0.94207,92090,2,0,EURCHF,Pepperstone MT5
2026.09.03,0.94161,0.94221,0.93728,0.93888,105851,2,0,EURCHF,Pepperstone MT5
2026.09.04,0.93740,0.94177,0.93740,0.94063,92252,2,0,EURCHF,Pepperstone MT5
2026.09.07,0.93986,0.94171,0.93931,0.94090,57794,2,0,EURCHF,Pepperstone MT5
2026.09.08,0.94050,0.94280,0.93982,0.94103,82441,2,0,EURCHF,Pepperstone MT5
2026.09.09,0.93968,0.94274,0.93968,0.94250,74745,2,0,EURCHF,Pepperstone MT5
2026.09.10,0.94037,0.94455,0.94037,0.94391,80182,2,0,EURCHF,Pepperstone MT5
2026.09.11,0.94359,0.94526,0.94345,0.94514,43066,3,0,EURCHF,Pepperstone MT5
